SaleID,CustomerID,ProductID,DateID,Quantity,SalesAmount
c0078cd1-3ddc-439a-b41d-7498e8e75e62,C0460,1020,1,18.0,1639.1
be8532af-16b7-432c-a13d-4c6e6836d12d,C0198,1029,2,42.0,186.11
8666f277-cc58-4fde-9d58-697da9e040f2,C0524,1012,3,49.0,1712.72
383e0a2b-7e00-454e-a269-b2f73ecd33f2,C0285,1016,4,50.0,1015.07
d9a7f974-9572-48dd-aa36-3f96b280dfc7,C0369,1021,5,21.0,66.36
d71733ac-4fc4-42e6-ae48-c2150c8a92ae,C0709,1016,6,31.0,1705.51
b7475afb-27f7-46fe-8bcd-c099c178d17f,C0929,1047,7,3.0,1509.94
f5953c0c-e9bc-489a-9333-1e0c0a81d873,C0019,1027,8,25.0,1635.15
427c33bb-dff7-4332-8d29-954728c713b1,C0983,1020,9,31.0,1070.59
812ad61f-2e80-4b95-ae02-a91976bd2baa,C0536,1006,10,2.0,1097.0
a18dadb3-b2e6-476e-b2fb-b4a477721bf0,C0164,1005,6,38.0,683.83
fb7031b8-6ea9-48f1-9a00-9bc178359f8d,C0955,1017,11,26.0,1187.22
16380106-881a-4b17-b7a6-cdb1cb7b0310,C0102,1046,12,37.0,1660.55
3b8b6be3-3531-4e99-bb88-f690abf80831,C0246,1039,13,12.0,1285.76
1c2ea051-0ea9-4464-9328-f005529e49b0,C0231,1044,14,2.0,580.56
385f4dc3-93d8-4aea-9448-9ae392f1c70f,C0266,1012,15,38.0,1729.19
65286b1d-53a6-4935-a98a-1cb1876e571e,C0558,1018,16,44.0,1700.77
a71af1cd-5827-45bc-9819-7b822084b056,C0267,1004,17,20.0,1685.47
fc2fbc9b-7dd9-47f9-8c88-f4657b809fda,C0647,1023,18,37.0,960.8
d5ffcbb0-4af7-471e-a978-8d26a139e065,C0099,1030,19,5.0,1220.63
0ca44dee-070d-4ba5-92f5-4294061c1b6a,C0152,1002,20,29.0,415.25
f97142ca-80a7-4ab5-8c96-7b0469fb88a5,C0036,1027,21,42.0,1493.54
58c1a7e8-29f1-4d4c-9888-cd673ceba8e6,C0023,1027,22,15.0,1433.8
eb6df0f0-19b3-4275-b39a-c35781dfdb4e,C0362,1043,23,39.0,426.93
ea120dd2-45d7-4ad7-8368-b0467279d9d9,C0422,1003,24,35.0,1015.07
3641c1a6-0bdb-4aaf-a3b0-458602903485,C0709,1040,25,2.0,312.35
136ab78d-42f8-4a6e-8943-2094d42bdd3f,C0743,1003,26,4.0,416.27
66bc9a58-2e6d-4348-92f8-f57474dc0de4,C0308,1029,27,38.0,1679.89
1268b62d-b2d7-4b7c-9b18-5560c7ebaa04,C0523,1041,28,5.0,1660.59
18014131-342b-49b5-907d-48a526417144,C0736,1023,29,6.0,1314.46
eb5a95a7-ce17-470a-b427-aa4c664392de,C0835,1025,30,12.0,1298.54
30b84bb4-7e58-4ca5-8fa2-1f623f55b3b5,C0140,1005,6,22.0,318.78
5f8bb866-d86e-4395-b3a5-58bf7600d3e6,C0355,1011,31,12.0,407.13
8268a6e7-968a-4445-80c5-b59d37e7e3b4,C0408,1023,32,38.0,149.62
d02bc4a1-62de-4e8b-8f8a-9e24face51cd,C0067,1011,33,43.0,117.33
7558e674-3185-4e8b-aac7-b69f696ff520,C0581,1049,34,24.0,566.6
4afa45a3-75ba-4560-b54b-2ecd125c7035,C0010,1000,35,39.0,63.47
bf9aa06a-da36-4664-83cd-7dfc777e6eb2,C0527,1026,36,3.0,1116.63
a92bb4e9-3082-4299-bee5-8027fe2d403a,C0811,1030,37,26.0,1475.13
bf55606a-74d3-41c4-8cef-0ca72e4a274e,C0755,1006,38,33.0,1330.2
a7df02f3-4b9a-4e9b-9113-9c9a5da29e37,C0219,1015,39,26.0,327.25
88fa37b6-09fd-4184-9721-208d5b212866,C0672,1006,40,39.0,1828.59
e0cc0f71-11f2-471b-a9b1-5d5124a9d96c,C0815,1014,41,10.0,1601.49
a256770c-db66-437d-9db8-6346f9d8d8ee,C0710,1026,42,23.0,1803.84
59329e7d-8f3b-46ba-9942-320f5da6f2d3,C0199,1017,43,23.0,454.09
eadd19f2-3559-4a99-ad07-393bc6bac4f5,C0750,1045,6,24.0,920.92
4e737a78-aeff-4adf-94a0-fef9dde62658,C0669,1027,44,49.0,1173.01
f19231fe-3de1-48b9-9efa-dc2884f65eec,C0705,1022,45,46.0,70.83
1c7278b6-d1be-4426-822a-0ef8039e013a,C0349,1026,28,4.0,438.13
a7073ff5-3730-4d09-a663-9d9901468c8f,C0519,1044,29,12.0,187.88
949dd381-1374-4c88-b015-203191c45582,C0255,1028,46,10.0,1430.55
7e2ee1e6-7d6e-4919-b4bf-513c9f1a5c3a,C0242,1011,47,4.0,87.0
182d4630-5e13-47ca-8047-172d8bb80d9b,C0484,1036,48,44.0,1015.07
1a53d0e8-0170-46b2-aa74-73a36f97db21,C0988,1034,49,13.0,1369.19
197d12b4-c030-4270-85c9-107b1400cdfa,C0719,1046,50,34.0,547.12
e63c465b-1899-4c98-9b0c-4418336d6bfd,C0300,1009,51,38.0,630.2
bc361bb9-cfab-4a32-8860-13d68c1e447d,C0232,1017,52,24.0,534.62
efd718d4-54bc-4be5-ba44-b7f8e84b488f,C0256,1044,17,26.0,184.42
9a14c492-be52-4068-90e0-67e2048aadb1,C0735,1017,53,34.0,1107.99
e574a566-b13b-40d4-962f-ef3b667e1e8f,C0292,1034,54,11.0,111.07
b9ffb5d6-253b-4d59-a363-02a6a51aaa22,C0064,1009,55,50.0,1685.41
b3a786d3-7ed0-4087-969b-d20c8a9c310f,C0749,1040,13,8.0,1453.5
0fb893e1-62a4-4668-88f8-eb5fc955dc37,C0390,1015,56,21.0,1379.18
d29c7619-8515-457d-b638-095a0360cfee,C0598,1017,39,14.0,1897.31
4ddf28d3-014d-4ae9-be7c-4f3b338a92c2,C0172,1049,57,15.0,209.86
023fab01-4ef7-462a-b12b-7eb26b6d301b,C0643,1009,58,8.0,1125.76
a022602d-50f9-438b-819e-6efb98149b43,C0265,1037,59,3.0,74.77
cfc48ad9-4630-44e4-8348-b6651673df95,C0482,1007,60,10.0,1015.07
88de872f-a99a-4049-a5b9-ab2486c61260,C0854,1033,47,3.0,321.19
c03f2b6a-26b6-42bb-b8a2-256e2b359312,C0804,1021,61,30.0,178.51
446934cb-7db4-4452-8628-b1da6bc94992,C0490,1049,62,35.0,706.35
cc81a00e-42ee-4d00-b7bc-ff49f7ab5ebf,C0920,1026,63,26.0,1499.29
4d0dd941-70f4-4131-94c8-989e198f9555,C0668,1008,64,7.0,1482.66
5d76d2b3-7ccc-4236-9ec2-7afb2fab57a8,C0853,1036,48,46.0,1681.72
c20dbbdd-653d-47ca-88cf-968afaf87907,C0566,1009,65,17.0,1680.94
fc0e8cc9-73da-437a-92c6-012ca8ae0298,C0736,1027,66,10.0,858.03
1561b6c7-e70b-4a8a-b7b2-7f286d1d89b6,C0363,1027,33,20.0,1395.9
ac24fdb7-3dd3-4314-9b8f-c00d609fba9c,C0189,1032,10,17.0,999.8
547b1ca9-b13d-44c0-b035-b67e898ec083,C0267,1048,67,25.0,109.49
17712153-2a14-4934-8fb4-e96620512eda,C0760,1015,46,2.0,1842.46
76336300-e9cf-40aa-9ca2-2584acb6c756,C0261,1005,68,39.0,1823.12
3e15cf20-9455-4c7f-8f96-74c2cb314d0c,C0983,1044,69,48.0,1704.28
2b513981-aefe-4fdd-8e8c-e5162ffa3302,C0198,1018,70,47.0,493.34
43820e30-b97a-465e-ac58-224b28d47db5,C0856,1025,71,27.0,1363.31
9b021985-b81f-4247-b3f8-ed46c1889788,C0176,1037,22,25.0,856.0
e4e1c6ee-010c-4e8b-b537-c6c5e6d9ce72,C0400,1003,71,5.0,1893.26
60f762f9-080a-43ba-80e7-c999aea4d32c,C0261,1010,25,13.0,1819.99
1c428051-2b97-4fe5-a40b-161d41ab8e1e,C0134,1019,48,17.0,724.72
1eacc82d-1c09-43fd-8919-f561c55318ba,C0367,1046,72,24.0,956.12
922f3693-6f51-4b00-b592-5fe7a3b29b66,C0078,1003,73,6.0,614.64
f19345ff-66b2-479b-8911-f224d6ada62a,C0735,1005,32,38.0,1185.03
ce462655-3852-4898-b927-c018b4b9dac1,C0958,1041,74,29.0,581.96
9d4c49dd-26c2-49ad-b6c5-5625a8b53857,C0432,1005,75,30.0,1525.73
b805b1aa-734c-4f43-b043-b962119d23ea,C0790,1016,6,44.0,148.59
f2237e29-a380-4b52-bb2d-c4699d333b91,C0390,1000,75,24.0,190.84
6654b1f5-1650-44d9-b576-137dc0d710a0,C0816,1038,76,9.0,810.3
7e9f0322-ab86-47f5-a766-3ca0eac9e622,C0798,1047,31,7.0,1015.07
efe2b0fd-ff42-47e0-a3d3-596f40e57e07,C0955,1012,77,45.0,1921.64
9fd6592e-51d2-47aa-b5a2-6a779db2b3d2,C0673,1029,78,13.0,810.58
e2c34c5a-18e0-44c6-87b9-3026a1d56f61,C0225,1018,62,43.0,944.71
d8e236b8-4bbf-4e63-8544-54e21526aabb,C0178,1026,76,12.0,1621.67
56033c89-94ce-4b8a-bf22-05f5313541e9,C0992,1031,36,16.0,725.72
f8d89e28-07af-4f44-9e07-a83ab7228db8,C0838,1005,48,50.0,170.53
a6a7dd47-2c55-454f-8f8f-e7890d729811,C0197,1018,37,1.0,847.78
15236e7e-041e-4f43-95b3-22691485bc33,C0910,1001,72,7.0,586.63
91e7fc59-4a3a-4f52-93d5-8b04337f6349,C0595,1009,79,47.0,1290.08
884f702a-5c9c-426d-ac2c-2cbf43a816ff,C0502,1006,29,32.0,1027.42
f8e716bc-35eb-4fda-96c2-5a13e3afb336,C0219,1020,1,9.0,1275.15
3852c8ce-e757-4545-a2f9-116c5c044bbd,C0990,1000,80,6.0,91.38
b2ec0db6-9331-49d0-b739-3e369d972e9e,C0060,1045,81,39.0,265.11
ea39ef04-cd4a-47f2-8edf-2cad7d3f6a45,C0219,1009,82,8.0,1969.99
d2f5c3e9-4841-40a8-a165-239230c0c669,C0655,1031,48,17.0,1649.13
bf761c0f-9232-4dbb-8351-9c4b5b365ad4,C0513,1024,83,50.0,691.78
d12e6731-7d9f-4325-a650-31a1d446bc63,C0463,1014,84,43.0,1052.68
a189e19b-e0ae-4252-8729-7a9ac98e7fb5,C0587,1040,85,24.0,1556.93
6bc4588c-5a1a-4769-9f3e-f51464b4fb2f,C0034,1010,86,19.0,1590.88
e0c729a2-b666-453f-a413-9f85ddffc783,C0063,1016,59,37.0,778.67
aa2e0734-2692-4443-89c5-7d70356ba9ac,C0660,1030,87,22.0,1850.28
0e9322f8-92b7-4471-b675-ee7572540df3,C0538,1049,39,50.0,1669.96
4a60a347-0508-4a6e-bc84-e42164801d68,C0172,1015,46,46.0,76.93
f7cbffc2-3938-4609-aab6-de2dd6b6bb86,C0166,1003,88,28.0,1629.51
21a59756-e74f-4b40-bc17-754ff2965175,C0555,1010,89,1.0,1502.15
2ff79432-7fad-44f2-9634-c2bf7da8e9d7,C0367,1042,90,9.0,1304.7
64dedfbe-0c26-4f3f-8906-77b12bd33ece,C0477,1014,91,41.0,141.84
58475ef3-15ef-4fd6-b2e0-a7c6db4fcce4,C1000,1023,20,25.0,620.28
57931de4-bf64-40bc-8c07-a8afded16c66,C0038,1035,92,27.0,1813.16
09fa18e4-3351-49f1-9805-f5f748e57ae5,C0547,1022,18,37.0,1263.16
586839dd-7280-48c3-b809-f749c20f45b2,C0423,1000,93,27.0,1456.14
01250bfc-81d0-475a-858e-2f866db1bffb,C0840,1014,94,32.0,508.76
d9aa118d-4400-4c8e-9e8f-fd58402d4c58,C0393,1023,26,43.0,1885.0
d45c238b-30e5-4236-a071-9a0c646443d8,C0395,1008,95,40.0,1396.4
fd7d93cd-4fdf-4f65-ba17-9403b7edbeeb,C0285,1001,83,19.0,844.56
585627b3-5e92-4b5c-8f0c-5638024c3776,C0255,1006,96,39.0,1755.93
dfb99330-e676-4823-a27f-d44b955a61e6,C0206,1039,39,9.0,1999.04
c28dbfef-ed78-4b06-921a-2ae4a92c4653,C0591,1003,97,30.0,711.2
a83acee6-69dc-4b97-a00e-ffd593568c3e,C0338,1038,34,24.0,524.49
9bc4059c-aa4a-4e3d-ad29-22e0cee86645,C0058,1021,30,9.0,757.79
a09ecc0c-42cc-43e0-9c8f-2ddf9622f6a8,C0531,1032,47,43.0,1764.41
eaf7b86e-d4b1-4953-ae14-c136b0596d15,C0499,1022,98,13.0,1762.96
7682ec16-e3b0-4f0f-8068-4baf638ea442,C0844,1031,99,42.0,1242.79
d6e2c67e-bfd4-4568-a34f-4358c215b1c6,C0878,1045,19,5.0,887.35
2cdbc4be-721f-4cd6-879a-50eba74136f6,C0749,1025,19,5.0,732.2
cd2872d6-0fe9-41ea-8e1c-5832f745d973,C0365,1025,100,6.0,317.1
37b024bc-b9af-416b-82cc-1a69dc0b81de,C0065,1004,101,5.0,791.08
1d2c932a-869b-4d85-be79-c699c822f424,C0854,1047,102,44.0,1576.27
ce55edbf-a2bd-4297-866d-3f9102989244,C0283,1006,36,4.0,1360.31
e2825d09-285d-4852-a11e-786cc5a67706,C0763,1033,7,32.0,1328.52
6a3ad7d0-054c-4f34-945f-9984979c83c8,C0583,1040,95,49.0,274.27
bb7d478c-7cdf-4683-b18b-70fe1ffec914,C0808,1002,15,14.0,931.07
78be1d0c-1374-44f0-ad5c-c4e81cbfcde4,C0139,1034,103,36.0,1265.97
58535162-81e9-4161-ab73-8959314ac916,C0830,1047,73,48.0,730.26
114f69b7-0557-45e1-a8b6-bd574278fead,C0310,1010,31,38.0,467.04
b3c36b2d-16d7-4e82-85d2-be47b7ef5766,C0430,1012,104,7.0,1825.56
9d02314b-f157-4897-baa2-d7c793f71192,C0396,1028,4,6.0,1128.17
f1823964-ed68-43b2-83ee-8e0422b676fb,C0736,1008,63,11.0,1507.65
d362f521-2707-4116-9d06-c788698dc79e,C0285,1048,20,48.0,195.98
2d105c6f-9656-4b17-890d-c78b6e570e1b,C0173,1013,51,37.0,648.23
8338ade6-9a74-4c53-857c-2ed3dc4d05b9,C0240,1039,12,47.0,454.5
02c1dbe9-adf9-4200-9e7f-8a0b0b5bd277,C0738,1020,105,33.0,158.38
dac478c6-6146-435d-a4f4-a375c59fa7e3,C0753,1019,9,43.0,895.42
ddc672ec-3ddb-4956-896e-928100df5f59,C0054,1036,106,48.0,756.11
7be369be-0aa7-47a2-9289-97ad39cc1c75,C0544,1005,16,24.0,440.47
352127bd-9c03-497c-819c-d7b382dcabba,C0468,1016,33,29.0,302.41
afe199ac-260a-4606-bd4f-be237e078555,C0966,1011,80,46.0,346.42
54dc2680-5e4f-42cd-a066-cc57cdf04bd0,C0581,1029,107,7.0,1154.3
0b30d468-14fd-48c6-8ab5-462ea67c4541,C0471,1024,52,5.0,1684.02
8ea2232b-a1a1-4ac4-a085-651616aaf6df,C0453,1002,108,10.0,390.2
f08c1f1d-6882-4118-b3cd-c077c2e51943,C0424,1001,109,14.0,391.97
b334b53a-344e-4d4a-a5d2-9b04c60a4665,C0181,1027,46,22.0,1296.95
8bc6e0c8-a2a4-4cf2-b8a7-abb49f7426b2,C0143,1039,110,23.0,1931.63
c635140b-bbdd-4aa0-b12d-5f278c9d78b5,C0082,1037,107,2.0,1000.84
8c253e60-c403-4c13-b745-ada6820b506a,C0959,1024,8,10.0,1994.26
0bc293f7-758a-46bd-8276-1a9cf31ff9b5,C0199,1001,108,22.0,1951.98
edcf9398-e7a0-44be-b5c8-714e453c480c,C0698,1029,85,5.0,1342.2
32a2d11b-df32-4af2-981d-4667ab7792f6,C0969,1034,111,23.0,979.41
863ae4b9-f5b7-4296-ac9b-3ca2a77220c1,C0253,1047,26,5.0,1261.43
d718b309-bad6-4c80-ac62-09ce91fe7c2b,C0562,1004,44,20.0,212.05
0d7ec861-2883-4692-a2f4-a0b4967fed4f,C0318,1018,103,5.0,461.93
2e7eb9b7-2cd9-48e5-b12c-840965705ff4,C0964,1032,31,26.0,1659.99
f88e997a-65bc-4e3c-966f-7d8796f83c5d,C0256,1029,112,26.0,40458.92
2888170c-711a-44e4-b080-600e8faf1b55,C0067,1020,57,4.0,184.41
ab6ba852-c218-43ff-bc0b-f88ae7f539ff,C0840,1043,48,4.0,1670.53
877880e2-a8d3-4e5f-ad91-d02000170bc9,C0552,1048,106,17.0,952.0
f3ba2ce9-41e9-46db-b839-bb82a031d39f,C0107,1032,109,24.0,404.8
d129ccfe-a386-46f4-a9c4-b8ff297b560f,C0080,1023,113,1.0,1702.72
8befea8f-43be-41cb-9618-c537a0497963,C0640,1012,83,27.0,1480.24
2fe49708-a52e-401d-b5c2-eb7975b2983c,C0143,1001,114,42.0,1214.65
a90112aa-d3f3-4064-b9bd-8d391b528201,C0228,1039,45,4.0,1725.87
e6831d6a-e923-4018-8319-27135c981a0b,C0203,1007,91,10.0,1578.34
cbea1c75-8657-4e4d-bf0e-4208457fef72,C0408,1029,6,48.0,285.35
40ea2216-7874-4a56-b703-37295861e5af,C0136,1024,115,25.0,1862.32
85109b7e-9353-4e89-957d-89bb5e9aee53,C0306,1028,49,27.0,1291.35
17d610fc-eec2-4196-b145-f57fc7d9cf66,C0461,1019,87,45.0,1889.53
7b9deb16-b292-490f-8dc9-7fe9ff1b2c62,C0809,1029,13,5.0,553.57
1d5cb073-1956-40a6-ba94-1ba3923d5975,C0132,1021,116,5.0,1605.14
27a88424-0422-49c4-83e9-abb4d943e364,C0632,1015,97,3.0,224.59
33fe3b6b-dbee-43cf-86ca-a52f363eb7d5,C0915,1033,52,3.0,1774.32
6d64fddc-b727-44cb-a7f9-7b179c596236,C0435,1016,117,34.0,1205.8
56ada645-5362-4538-9627-05ab38d064ae,C0756,1033,118,15.0,1416.84
648b64ea-69bd-407f-97db-643411d845d7,C0509,1009,101,14.0,456.16
a6043489-da97-47ad-8ea7-4b1375b8005b,C0283,1028,119,46.0,1948.54
9df3d54e-5b5b-4255-99d1-0d390c3677b7,C0472,1032,57,20.0,269.89
b763001f-a050-4e85-accd-84f271b4e686,C0686,1003,105,4.0,610.38
6ef6e83c-a8bd-4dcb-b622-8124ef33b6e5,C0653,1019,21,10.0,77.91
6e1573c8-e276-47df-919c-6f2d8e1349e7,C0467,1041,48,26.0,1705.25
ddb64cd6-ef7b-4497-ab7e-b249da02a85c,C0755,1034,120,49.0,1825.9
9e60a222-c32e-4472-be4e-eb9d47cea01f,C0010,1037,18,11.0,812.31
a4b3ade5-30ef-4d3b-9809-79f109e21334,C0445,1034,91,7.0,385.25
f33a4278-f58a-4912-bd8f-c2700287ac0c,C0634,1040,118,18.0,1193.95
95b148fe-4bc0-465a-951e-648777bfd3c3,C0843,1031,121,14.0,1542.34
28ce5b3f-e543-48a7-9e6a-c766a756307e,C0857,1049,86,20.0,576.87
195eb497-20b3-47c2-bf7b-1fe94a1c89d5,C0844,1016,29,26.0,1109.66
bf58531f-a85b-49fc-ba64-fea2be47963f,C0611,1020,108,25.0,1508.14
7951ab3e-2563-47a3-ab7a-b3b9398a3217,C0468,1029,99,43.0,1467.72
337f4ebf-6fc0-475a-856d-8c22f2606679,C0068,1045,36,23.0,495.71
ffbbb1d8-599a-4aab-b582-86d3d3ee5037,C0878,1029,122,28.0,1015.07
093ee9bc-25b1-428f-8bb1-9362e9821897,C0399,1003,123,37.0,188.21
9f14da72-376c-4492-8772-e1ec137cd219,C0349,1006,124,8.0,1093.79
2213a992-c7d1-4a3c-9160-a33aef487964,C0187,1034,125,1.0,122.27
5ef71f30-a49d-4a44-94ad-3d4b302229ff,C0468,1038,126,37.0,408.0
84eb29bf-5922-4587-9765-66c9b750a5f6,C0650,1014,37,19.0,1705.99
768aab16-ea10-4d74-aa66-d585e5c0850b,C0682,1049,127,9.0,324.91
e1a6d311-4ca2-48de-b603-13aacfd56538,C0749,1026,66,12.0,1948.75
1ab5b7b6-146a-410d-adb9-33761ffbf91b,C0335,1041,128,43.0,1641.06
50482f93-76d0-4d4f-b8bc-e9c0a27905bf,C0267,1039,61,1.0,1552.1
fa171b13-bdb8-426b-a555-b44e6adf39ad,C0858,1041,49,45.0,1015.07
fd5a7567-f749-4c0a-bb29-4aceb197c5d0,C0590,1011,129,26.0,1110.42
ef21cf3b-411c-45d6-bd4c-0119bd25e1bf,C0238,1040,52,12.0,1932.05
838f8e79-4646-4c30-8952-28c1a9a56881,C0446,1025,32,41.0,427.15
f5ebdeec-dbb8-4c9e-8f60-0a8c334a85ff,C1000,1038,53,26.0,1126.75
df59422d-5b39-4b43-a1b2-667169bc4d06,C0677,1017,16,24.0,1832.12
8cf8ff1b-46e2-4027-a8cb-8c834d4ce1f4,C0633,1049,50,24.0,1128.3
7b759b14-df58-4ba7-b3a2-0ab78f74e972,C0019,1014,116,4.0,1509.9
adaf7f82-79d8-4b2f-afa5-d7ec7df32a14,C0408,1000,130,4.0,97.51
7421f947-44ac-430e-83d9-b48a709045d4,C0934,1015,29,30.0,648.29
d145674f-5238-4068-80d7-0e7ea7332942,C0037,1028,131,43.0,411.33
c91dc519-cd34-4a52-9ed5-79ca7118b945,C0680,1010,64,1.0,687.33
8e28d7bf-7093-4818-8c7a-47899615d6b1,C0715,1022,86,15.0,782.01
ab5d7adb-cede-4dd5-b830-4a8d1e58a604,C0307,1041,120,25.0,1424.05
8b3a2761-7f0f-4597-bfd4-4f9ef53562ae,C0967,1030,115,48.0,137.99
ae16fd36-9da0-498d-b5c3-08b830c98d62,C0088,1035,101,35.0,1969.76
4397e9df-6c81-4cb6-a02a-a17bd2dd03fd,C0140,1020,108,16.0,1160.94
625f9ab4-53a0-45b7-9e88-9f13127e8db7,C0205,1031,125,45.0,1015.07
a59f958c-5d7d-484e-857d-2a89c1182c00,C0607,1022,22,22.0,1149.25
880ec322-0414-4fac-9c82-140735c7e93d,C0571,1015,46,21.0,132.12
9b215165-e918-4380-98be-991513283a9e,C0948,1017,57,44.0,1483.7
256458d9-a142-4b9b-bad1-43b7c5b6b496,C0650,1028,86,6.0,100.83
44847d69-0c78-4ad0-bff4-61f01f36e64c,C0886,1020,132,5.0,159.84
b53e0159-6e4a-4226-9d87-d072e2afa1cc,C0420,1037,103,50.0,1263.84
97b2782f-0409-4657-a048-effc0f1f9199,C0612,1008,113,40.0,1260.57
076c3c62-4034-4cec-b7a1-b853581d874d,C0726,1030,4,23.0,1786.72
41b6da58-fc54-4401-ad67-844c9ea50dbf,C0153,1032,69,16.0,1985.11
1b130601-b2db-4b33-93e1-e2f788c6f783,C0100,1026,87,2.0,1826.23
bfcad844-0b2b-44d5-bdc9-025e1440b8c9,C0904,1047,73,33.0,1977.55
b1b07535-f371-41f4-ae03-beed5a72ef73,C0895,1005,93,1.0,213.28
6f95713d-b62c-4c90-9047-110e1e5c2a18,C0342,1049,31,42.0,1989.24
0f09d125-c84a-4f9a-87e9-fcac329ac634,C0364,1040,68,25.0,888.29
17033d42-a197-41a9-9956-644111a9548e,C0653,1049,115,5.0,1854.3
b3293f8e-826d-426f-a3c8-67af558b507b,C0070,1006,53,17.0,330.41
7780dd89-1e6e-4ce2-a914-1f79bbfa5b8a,C0210,1045,113,37.0,1506.29
51d47914-a72f-4718-948e-b9ac6af5b19a,C0220,1046,133,23.0,792.14
815c4d88-a254-44c8-afec-67573870eeee,C0125,1033,18,22.0,1015.07
7109e849-1d15-49a2-bb45-c3bdb8ca3d37,C0647,1017,105,1.0,1111.11
24cf1b21-eab8-4a16-9743-f03962dda3a8,C0162,1001,30,45.0,1065.44
0f3da216-a35e-4bf3-a75d-0fd672945676,C0357,1016,90,28.0,410.85
35f03955-d055-4b65-be92-3513cbb0f74a,C0756,1030,65,15.0,611.46
4f8f8e6d-7b72-4c42-b7e5-2b03a7bf8b22,C0838,1032,27,37.0,800.48
f401a41e-1e1e-4d68-9667-b13223b21d35,C0224,1046,24,25.0,834.29
2882abb7-6311-476d-827d-1e2a949cf69f,C0416,1010,134,27.0,1507.34
b5aa4274-6f13-4230-b8d9-46348ccc271b,C0984,1039,135,1.0,1260.38
99420d30-b914-46da-908a-fba5036f8d5d,C0940,1010,136,48.0,1751.49
e99c9bd5-0e90-4dba-a534-54d0042ee1df,C0840,1013,83,47.0,1064.16
71e2d174-90ab-435c-b0e5-d06ed70b4d71,C0071,1044,61,7.0,337.62
a98078dc-d959-43f3-abbc-1b761fc69cf6,C0213,1022,92,40.0,142.59
10005492-7fd8-47ef-8e0d-1aed62485156,C0806,1013,89,2.0,283.5
dc8b7d00-98f9-4f4e-99c9-7c652387674a,C0668,1012,136,28.0,1015.07
68bdd0e5-d939-4692-a54a-f7d27ce1a851,C0658,1039,48,28.0,972.39
d201fee5-b746-470b-99d6-a57ace2b0076,C0690,1046,24,43.0,991.88
bb673bc0-4ab2-4a3f-b2d8-628a9808f607,C0024,1002,137,5.0,359.55
0024fb7e-3fce-42c6-b4e9-181e63b3b577,C0494,1023,106,27.0,997.67
8ee802bb-52eb-4c19-951e-d54680a6300e,C0377,1041,3,25.0,1333.88
271d7efa-c09c-4aef-b9f6-653d276c5a63,C0515,1016,138,34.0,1015.07
d38bdec6-c28b-49b0-8819-bcd17485e108,C0525,1035,23,25.0,1443.56
d5b82c13-f205-4093-bcee-795b7947de30,C0578,1002,68,20.0,1762.83
57fdcdfe-e503-4060-8622-13475dbfc25e,C0595,1019,139,16.0,657.18
5b4aa2df-5bb3-4245-9e3d-55691f5c21b6,C0410,1025,140,21.0,1637.85
3bf10154-9df0-4aa4-ae2e-ba7539e33f6d,C0651,1007,66,21.0,432.19
51dc712b-972e-47b0-9aaf-aca6a26aaa44,C0729,1001,19,8.0,1575.75
9775e12a-c922-4f3e-a50d-12a02531f1c0,C0826,1016,51,23.0,760.7
0eecd196-3f6b-48b5-90ae-9505648d395f,C0828,1001,49,3.0,416.38
7af90bfb-995d-4151-a0df-ac0b9df51180,C0048,1012,53,37.0,298.28
c3a59211-df2b-4cb8-977a-670b6c846c7f,C0517,1037,141,1.0,997.36
4ab1963f-aeb6-4045-b663-0fa0c439fb10,C0125,1003,142,9.0,326.09
ec79086b-7f25-470b-9f2e-13bdad25c548,C0369,1025,133,23.0,174.36
4f82312b-4a08-4657-88ac-35e84bb9f2a9,C0812,1009,143,41.0,1766.71
c3d80a3d-844e-410d-9f56-7a864f330fd7,C0690,1043,85,27.0,1015.07
d22273cb-1282-496c-afc2-81aa1181a10e,C0821,1034,19,25.0,1492.62
f637d016-3066-4827-83bc-3f2bf5188401,C0941,1025,53,45.0,1319.48
5171a653-7ab1-4711-9dfe-c0a8978c2141,C0890,1039,67,18.0,1759.71
36b07bfc-641e-4ec5-954a-fec4440f6d16,C0450,1007,69,47.0,438.69
144c45e7-9aae-4d79-93ea-253ae9b549b1,C0845,1012,85,41.0,773.84
11adf581-aa56-4c21-a4f3-2bc0ecf69f9f,C0223,1048,118,8.0,881.14
bc960540-41d0-4d4d-be1f-76238266423f,C0981,1046,46,8.0,586.87
8913bc70-9211-4362-8300-a0b1be388804,C0540,1017,109,13.0,1952.6
99b59fe6-07e3-4890-ae1f-1eda0b96dfa6,C0014,1014,94,4.0,1044.16
47946550-d226-4487-bbe9-5618127ef193,C0153,1041,50,44.0,615.94
8cd03cee-edd1-4dc5-bf81-f4f86be7a8dc,C0342,1032,59,9.0,997.18
5eed85a3-05f7-467f-953a-fef5811ea2c1,C0034,1015,9,19.0,1981.83
f1ec0abe-dd75-4e8f-a967-cc5fc8ef533e,C0910,1028,144,49.0,144.75
ef5b79ed-e8d5-447c-85a8-0c0e585bdd6e,C0910,1049,101,31.0,267.82
f93ca157-278a-4dd6-910a-736099f159ef,C0949,1043,81,33.0,171.11
0b86c429-5f0a-476e-8682-b06a4e18fecf,C0324,1027,45,49.0,1045.39
56cc6ef4-76c2-4174-854a-bac1845e43a5,C0107,1037,140,35.0,149.24
b80b4bbf-9028-4d30-b49c-b9019cfb69e7,C0554,1018,38,28.0,1323.79
58426c02-00d2-4413-8324-383a0469358d,C0425,1035,121,19.0,1127.99
104e8750-e893-46d2-8f6d-55a9869023dd,C0393,1000,88,20.0,721.18
1dcd719e-1541-47fe-b08c-7103a777400c,C0533,1031,90,25.0,1015.07
b4ba3c53-f463-4f13-b833-d7d3422cf10a,C0526,1022,13,27.0,1197.85
5f5efcb8-f47c-4db3-847d-8a357ab089a3,C0395,1026,45,31.0,1307.63
669962a6-8843-4f78-a3b3-a8c944d185a9,C0685,1002,89,16.0,1359.2
0e529fe1-1953-4514-8be5-4027391e4d40,C0622,1043,34,37.0,788.89
cadf26a2-3033-4ace-9416-249d457fbddf,C0370,1030,80,27.0,1946.67
9d24b8b0-6649-4d3a-bd3b-6d219697e449,C0721,1033,106,13.0,304.3
62466f7b-dd8c-46f2-9502-eb0b4a9f2656,C0199,1038,21,13.0,1721.94
e5779392-6d4b-463e-98a5-38aaceb53f77,C0057,1044,145,43.0,1538.57
ececf65a-6dcd-47b8-8c88-172f06a3a093,C0434,1048,87,49.0,749.11
fb55e66e-9556-4c41-b9b8-b871f8569ea1,C0362,1033,95,15.0,256.71
c2556e78-364a-4006-bac3-1c66de5515e9,C0214,1024,6,21.0,1986.46
8dd707a7-5a84-4e50-b005-af79080a9796,C0206,1030,84,15.0,1616.71
a91090df-c6c7-4008-a4bb-103a0c16e44c,C0355,1007,146,22.0,346.83
79f9e33d-ed98-4e8a-be80-dc53f2aaa503,C0451,1009,42,24.0,126.5
65e74ff8-9b6f-4c5b-9642-73fd526e227e,C0141,1024,26,19.0,1121.56
d5c78739-6c46-4394-8217-7daf8d055dbd,C0569,1006,44,8.0,1810.61
6bb32244-49f5-40a8-98ae-fc2e57955a68,C0609,1000,71,19.0,1375.11
381e8a33-2501-4778-bdd1-bdce3dbd0d88,C0825,1020,19,35.0,859.82
f99b2222-5d03-40fc-af8f-c150be70e8ae,C0622,1003,79,48.0,864.52
dc8b72cd-c8bc-4b06-9699-0442ee65dc63,C0367,1011,107,5.0,788.07
1adca1e9-dcc5-4774-aa4c-0a85b204ba0d,C0148,1006,147,48.0,584.7
b354bcbc-a51b-46ac-832d-f0f6049a1b8d,C0423,1002,148,4.0,436.45
dce3b878-d018-42a8-98c8-a179f983f638,C0382,1041,59,41.0,133.51
219f09ae-742b-452d-a979-5406e2553632,C0303,1014,149,28.0,1765.07
4b292203-dcbd-4614-a755-b1674b3a5c19,C0254,1014,133,46.0,127.08
80589360-46b6-4798-894c-3a982b7c037d,C0849,1034,116,10.0,1718.59
e835d705-7f03-449d-b395-2771b19d11b2,C0993,1045,40,30.0,380.14
76b2e63f-0df2-418c-94ae-2b31a3065466,C0141,1046,27,37.0,1906.83
08774333-bc63-4d68-8b30-891f85e7a1f6,C0569,1030,72,23.0,750.86
adb8e960-cb8f-4591-8911-8fcec71af895,C0110,1043,11,33.0,1532.87
aef952e1-8c80-42b1-bad4-14941ceda93c,C0678,1047,28,21.0,1015.07
f392c361-7ade-468b-b7a1-3a09eaabfd68,C0331,1007,24,27.0,1181.08
c1551c29-1263-46b3-8417-60f804f9918b,C0826,1022,115,20.0,1076.87
3f3a9d5a-6369-4c74-9ecd-ed81a92d653e,C0596,1044,106,3.0,1801.16
a955aaaa-e605-4c2d-88b2-e39f3f3bbc2a,C0351,1011,74,44.0,1313.15
052a9bfd-f19a-4867-acab-11e70529d65e,C0655,1000,147,4.0,1571.69
4d896ea1-0716-41cd-916c-60df1199fa41,C0440,1008,40,4.0,1454.39
15c7bc0a-51a7-4ccc-a577-dd932967b50c,C0587,1022,150,24.0,1994.0
5bc4093e-4796-4d0e-b8f6-03c124fb0e88,C0744,1021,104,26.0,1233.32
5fd5a7bd-b827-4394-b9c5-e937b9ff7534,C0296,1005,66,46.0,1324.52
6be90ea4-6ade-4a93-9564-51439d8e170c,C0384,1041,115,50.0,1887.52
1745c9a3-6fff-4d36-96fd-814aba9783f9,C0852,1008,102,35.0,1142.37
eefb11c5-4ee2-4514-9628-1708739d1a15,C0909,1014,128,42.0,1749.17
3e00a8ad-ab1a-4194-8ff0-c33bc603219d,C0322,1024,48,36.0,1130.8
9308f038-a20f-455c-ac63-30ddcbe0ab27,C0939,1012,132,36.0,1042.18
ea00044a-2df0-4194-a515-9757faa8c886,C0838,1045,48,14.0,200.36
61419089-c301-4d3e-b8b1-5d546c64d671,C0616,1014,19,45.0,1034.64
18145c5f-2a9f-4a64-bfb6-2ed7951b64b4,C0964,1002,21,24.0,315.58
2e1284e9-505a-409a-a3f5-cbfabadf5d18,C0633,1015,117,7.0,1015.07
ec0688f2-6132-46b8-9e1e-c9bc5110645e,C0628,1019,151,45.0,483.89
067f8cc8-7003-4a78-9930-5c0f3c6af5e3,C0874,1021,135,42.0,589.95
190c478b-0410-49e8-aedf-726e77dcc0e0,C0532,1030,37,9.0,103.26
38f975d7-619b-445d-a4b5-2e54d99b4dcf,C0203,1030,150,50.0,567.94
3f37383c-56bb-4c6a-9b25-e46f158bd6f1,C0856,1009,71,38.0,848.57
a2b4266f-9ae7-4379-943b-934638bce28c,C0450,1030,18,30.0,168.03
77882ed0-0c98-4c15-ab8e-be6d07731ba0,C0497,1047,150,24.0,555.45
27e5e4a3-028f-401c-9b62-f5db2b16e6b4,C0982,1041,89,6.0,1516.04
9244fca5-4b56-46a3-9516-37e3967c0a38,C0400,1008,108,15.0,1015.07
8c13fb08-f186-4208-afcd-6f6750bef67c,C0909,1010,152,24.0,596.24
6317ec76-274f-47d1-9f13-d28b17829d04,C0522,1006,137,31.0,406.61
0633c263-d315-4ba3-aed8-42471569750a,C0438,1021,153,20.0,391.49
caf91560-f52d-45ab-bdad-29d25b427d94,C0129,1034,117,21.0,828.68
9c263861-829d-465a-baa1-35cb17760af7,C0187,1037,54,42.0,1598.16
3d8103fe-6740-43ba-8d2f-5b2e2d05cf3d,C0529,1004,84,50.0,1015.07
8868eff2-191e-4e8a-8c94-198bebee437c,C0687,1009,28,17.0,417.73
ae8b51ed-ef58-4aa6-ad6d-4b7c610d974c,C0648,1028,11,38.0,1284.19
3e3861cf-ca99-4ca4-88dc-5dab5a549f2f,C0324,1040,103,7.0,1537.04
1b8b6be9-5a4c-4bb3-bbc3-bdf49bc51c2d,C0129,1045,56,38.0,344.78
785f7fe3-8be7-4260-86e9-153aa6baf37c,C0678,1031,107,31.0,370.42
f5c20103-4d57-4aba-bbdf-5d810ced2061,C0617,1019,43,4.0,261.8
42874ad3-8631-4ed4-9f9b-124cd2f6fd1f,C0323,1020,102,42.0,1015.07
3ceb663b-ceca-42de-916a-21eb76d1b87f,C0667,1042,41,21.0,1867.58
40fb0f4b-c9a8-4216-afb6-5d84a9e68011,C0806,1011,134,9.0,578.23
054a773b-fe5d-4191-942d-0ac594f0e54e,C0907,1012,136,2.0,1794.46
921304be-4e7e-4eed-b0cb-c4b0d6fff5a9,C0999,1042,48,10.0,432.72
de5a64f6-ef68-49b1-96ce-ab40553d984a,C0968,1025,118,45.0,1365.22
1574a798-fd2d-48b7-ab40-94e7bec6ec97,C0168,1045,88,5.0,350.25
2ce533ea-f5fc-466e-bf70-e02898641c0f,C0918,1024,138,41.0,946.8
635c916e-c720-4ab6-aeac-8922748fcdeb,C0828,1015,70,34.0,1739.38
05e411b2-4834-4ad4-a564-ec8c85994cc9,C0662,1042,6,16.0,736.98
37a74faa-c13d-44d2-86a1-8a8d5ed24114,C0972,1040,32,8.0,285.55
bc24ec41-2bfe-43e7-a28f-c1be65882c81,C0099,1003,103,1.0,546.26
95502eee-7fc2-4f7a-aaa9-9a1eb312192d,C0857,1012,154,44.0,1822.76
d3029704-eb05-4a50-9abc-6fafcd9ab5e8,C0845,1048,60,3.0,363.1
dbf8a84c-d61b-4c83-8a25-051a4b88caac,C0609,1019,100,42.0,1719.2
a511d097-2ded-4295-bbb5-68f1678db938,C0906,1010,88,19.0,1396.67
c3492ba6-a47f-487c-8d4f-b40fe97f44da,C0486,1007,155,2.0,91.29
23c9139f-c23e-4f12-b89d-2b2559646e78,C0165,1008,49,2.0,1981.38
009708b5-ed2e-4fa6-ba40-f50f16c42827,C0758,1027,97,26.0,205.61
56af1f1c-ebc5-4411-84d4-c0674a83ed40,C0989,1014,150,48.0,439.5
0c9cb69a-4f4e-491d-b57c-e17b80569da4,C0848,1021,156,7.0,1878.19
af07f679-3875-4fc0-b16e-663c842b127e,C0676,1048,20,4.0,1015.07
cc73e80c-6602-456c-9f75-405a6c44d64a,C0256,1035,115,13.0,926.62
892aca18-295f-4f78-9c94-59b9554b2769,C0275,1044,98,22.0,1854.03
78785861-a123-405f-9a72-373db3810f61,C0370,1000,157,24.0,1837.53
85953e15-1211-4bf8-a98e-dd055c7591ca,C0113,1043,111,38.0,1021.01
78583dfc-4fae-4f62-8967-4a22ea6c349e,C0261,1004,158,38.0,151.8
396811f5-1e74-4b61-bec5-ebef9618d63b,C0109,1017,38,19.0,772.62
860b4e6a-493a-4301-abc1-a88ce472ca77,C0106,1034,51,49.0,1554.5
8a7f7e7b-de8c-4661-a934-e201f33b8482,C0047,1045,5,28.0,1332.91
a31cd9da-0bd9-46f4-9b98-9b9355ba07b6,C0827,1013,86,31.0,886.03
4a2689a3-8c73-486a-9241-3ab5b8fab24d,C0656,1040,141,38.0,1181.63
61cf31fb-9534-4347-b30f-a73e65bbf081,C0840,1028,159,9.0,507.38
ec1da4ef-d2db-48c3-8b88-0ac7f80ffe3b,C0378,1042,160,41.0,414.09
3f81bc69-dff4-4ff3-babb-65d50d87f789,C0106,1031,151,43.0,90.17
f96d10ed-7806-4e2b-a016-f0469a737266,C0957,1043,1,20.0,420.4
a8bf0043-88f6-4d88-8541-365a6b72d33b,C0122,1009,47,25.0,1638.24
1f250583-6cfb-4362-9f06-b3641421fd51,C0769,1046,64,25.0,1315.97
006009bb-4199-46e8-8a26-339f93e1d1a0,C0488,1043,161,18.0,833.76
e8867991-c7da-47af-86d9-914b11b4c05e,C0071,1009,75,26.0,1777.43
a050a167-ca32-4c6d-bb3b-e8ccb81f7a66,C0671,1044,102,47.0,1923.11
00fce349-7af6-47f9-ba5f-ed6cd8b9b6c4,C0082,1022,162,13.0,962.34
db8e5a39-1afa-449b-a29a-794e847cc91d,C0100,1040,53,49.0,1523.84
96d2204f-951e-419d-9de2-6ac2ebb8c193,C0136,1002,97,19.0,720.23
9bf6675a-9744-453d-a63c-7d41a02a672e,C0500,1047,9,25.0,459.3
3fb5a6be-f30f-412a-b4b8-3b60fc7dd982,C0997,1039,126,22.0,309.46
77dbf1ad-1534-4d8c-85ad-6bcdc109ed4a,C0638,1048,74,25.0,190.62
6aca36b2-af1c-46e4-973d-ff6979ab5d85,C0354,1048,37,28.0,1190.01
e86bc1aa-388c-4986-b4d2-7347c9470a33,C0916,1003,122,30.0,975.98
ce9fb207-2542-46f8-b432-3f60b911a02e,C0045,1000,101,34.0,152.86
088eadf0-2c95-442c-802c-2f0535461094,C0834,1006,163,8.0,52.18
960672fe-c689-4511-b53a-c8c3a5403c1c,C0155,1011,103,40.0,444.08
bfb8f5c5-2c48-40a3-aa8b-5c124e1d95d9,C0580,1003,164,42.0,969.41
817331f0-2b73-4d94-b935-6996fe2c60b0,C0080,1046,95,41.0,506.61
86de06af-6f97-4da8-b80d-69374123d6f6,C0064,1000,68,40.0,746.15
d00563b4-f90a-452b-818e-475f1bb4f25b,C0708,1023,4,32.0,569.2
0e6d177f-03a6-4e7d-a493-607f3d33987c,C0860,1020,9,21.0,182.06
829a0853-6aff-4a3f-b9d8-8f5c01e835a8,C0432,1002,15,27.0,232.77
1baefff4-79b4-473a-a28e-9bb83fdc2b51,C0477,1038,57,36.0,779.3
92ef8ae6-c19e-44f0-8ed8-0c8093e358c6,C0360,1016,120,15.0,1777.17
da03c350-4a1b-4cda-9e89-0dd431bae2c3,C0899,1021,29,12.0,166.01
df8d6da6-a50f-4ff0-a897-c2a3eae1a26f,C0914,1010,165,14.0,1254.11
33ecdb77-1c7b-4084-9698-2b2cd094bd6d,C0204,1043,24,13.0,428.32
3f2b9f11-635d-4bb7-9a34-ae5bde7ee289,C0268,1024,153,17.0,871.73
5b264d36-cd63-462e-9ba9-553d048a69f6,C0789,1000,63,4.0,1109.17
5e6e5757-0812-4d95-b2da-802ea3abcbce,C0767,1009,120,3.0,444.83
fafb9786-2fbe-4c60-be7d-6d90d481be17,C0194,1015,24,35.0,1582.4
990888eb-c466-4b9d-aecd-53f9cf1c7b80,C0568,1047,60,42.0,1143.57
d9721a12-b368-40ba-9a9e-5197877a3dc1,C0148,1017,142,32.0,1151.51
b031d053-4053-46d4-8863-dbfb2becf2af,C0622,1039,12,9.0,1048.11
d552f5c9-430b-463a-bb9b-302d6f78d6a0,C0167,1021,141,17.0,769.37
bd5e6980-8720-4308-bc72-898c1d89ed23,C0372,1002,116,40.0,1329.46
56567571-98a8-48aa-aa23-645c8496ce08,C0528,1043,27,14.0,706.64
c27da671-0a4e-40ab-871c-e410064aac69,C0121,1042,41,41.0,1480.42
fa86e365-cb36-4eba-adc4-ed6be69c651d,C0679,1043,143,10.0,1280.5
a34262ba-501e-42b3-bf65-1965a3298f90,C0534,1042,30,1.0,323.77
cfa85f99-556a-47a8-ae61-633010003106,C0499,1018,129,28.0,1727.85
42b89a66-8fdc-4921-a925-b5a796a1ce46,C0405,1033,63,44.0,1365.0
ddca0120-9f6e-47be-b1a2-1798a826da95,C0516,1035,98,42.0,1122.29
046535c6-ed5c-4e82-bd62-c4ae61202cde,C0629,1031,101,41.0,1015.07
6e4225c8-bafe-40c0-a3dc-99c7b8928594,C0337,1046,62,4.0,1039.89
0abe3754-8dc2-4c25-b75e-bfebdd1907ee,C0471,1031,60,15.0,1500.07
5ca253ef-3225-4c67-82d4-529df8a18add,C0170,1028,49,21.0,1462.44
e6d3223c-dda7-4d0a-8706-3e9bc604840a,C0832,1023,18,50.0,272.74
8577329e-8abf-4c61-a5fa-2679a0b8b680,C0551,1045,95,16.0,1994.99
79359681-2043-4087-9afb-e726ff0a0e67,C0638,1001,32,42.0,178.83
710cf195-4728-4d99-a77d-31d88965be73,C0586,1026,141,20.0,325.88
25008f74-d7cf-4dd0-bbd6-cba1c2c418d1,C0017,1014,153,3.0,1243.11
b46251fd-3aef-4d58-aae0-4f7a73b61ed3,C0255,1002,14,21.0,536.39
6ab5f99c-87c6-4e4a-9daa-0d896c982434,C0849,1019,86,30.0,1317.24
16dabde1-deef-4719-a6ad-7b76c5a8a8ca,C0658,1007,100,5.0,1142.62
2e98d964-3082-495c-a7e0-f3a265700799,C0601,1011,130,38.0,1611.87
175e7edd-7ca6-42ea-b3dc-0855be75b03b,C0127,1024,166,23.0,1517.31
841bb04b-dbcf-4838-94c8-1d3161ee65b9,C0880,1000,41,41.0,1057.4
e257b097-7fee-4608-8947-5ca80ccc6199,C0090,1006,159,5.0,1270.09
d00ca947-ee94-429b-a9a5-9d6d2f10a154,C0382,1006,10,40.0,957.51
f01892e4-149f-40a1-95e7-fda3df4d0bc5,C0349,1032,83,39.0,64357.03
108d5264-e547-46cb-81e9-63ea291569fb,C0306,1009,115,24.0,511.67
31343592-b2ad-4319-87ae-017afd1ac07e,C0029,1000,37,13.0,1038.87
3fb923e8-bc87-48d3-a7b8-357417866130,C0177,1038,122,40.0,1062.42
e58ff439-4d0e-48f1-a0a4-0cfa1f4a681e,C0152,1048,117,34.0,281.37
8c1bf654-9922-4b82-a3c4-851f20724f8e,C0209,1002,154,10.0,1200.76
46be5414-52de-49b0-ba7f-0215a84c701f,C0101,1007,44,44.0,1367.41
bc7096a3-a879-495f-ad35-4dd9d0118b7f,C0753,1033,53,1.0,908.81
ca398591-2113-4e2f-968f-4317b8bbe858,C0485,1036,75,18.0,1551.94
c89d0342-6fd7-4b72-a1d8-6307d7307f04,C0155,1027,142,15.0,979.98
5f7edac6-c903-4086-8201-9e4a4ec6c11f,C0519,1026,157,20.0,1554.73
bda01f41-c91c-4de0-8cca-bb4e8908155b,C0194,1015,49,32.0,474.31
b9542698-85dd-41a8-836b-13f7422ed663,C0187,1035,161,17.0,1373.06
68d9a2ef-15d7-4ffa-87b6-d78fbc29c296,C0050,1046,125,1.0,475.21
0a707d3a-75cf-44fb-95e6-7b25f856445e,C0098,1009,43,5.0,1979.5
cbcad8a7-8c08-4568-abfe-b7a193c16761,C0730,1038,45,42.0,385.99
dedc425d-a7ba-4d96-a03c-f388a27baf68,C0388,1002,167,44.0,619.99
b9450f4d-a675-4139-8beb-8916779d8a78,C0380,1033,109,32.0,55.62
65b72da2-1aef-4210-80e5-50c8f199592c,C0937,1017,42,22.0,915.13
3d7150e8-da0b-4f1a-b1b7-c2031e5c02c9,C0957,1046,114,30.0,600.87
54b0bda9-594b-4429-b3d2-d4eb5737e2e2,C0965,1017,89,35.0,793.89
9607ad05-32ce-42a8-b4cb-0a701779d418,C0662,1009,155,34.0,1500.44
be0d7c31-ee20-4af3-b3e6-739f28293732,C0002,1039,53,19.0,1174.18
cde593d4-047b-4f91-b286-48ecdf88e0f1,C0048,1031,19,27.0,749.57
742bdb54-5d5b-4f7b-9af9-9341d0b1a8e3,C0762,1007,161,19.0,447.29
f40c08f4-f6eb-4397-9db1-e513ebc8304a,C0518,1032,6,29.0,845.81
ca12c610-6747-4275-9729-6a5f8f45840b,C0976,1014,164,36.0,951.52
7f9cb9fb-fd79-4352-ad79-4c8af20f956b,C0322,1014,123,29.0,641.87
ccd02707-1b81-466e-98c8-7f4a2d96fd98,C0327,1022,27,26.0,1336.21
dd653bb3-da27-47aa-ba73-a43b7f9a17bc,C0228,1033,27,47.0,1336.77
ab03b159-a41f-4fbe-8632-fb17741a2f21,C0792,1009,37,42.0,1900.16
81aca09a-9286-4e85-8ec3-ab25ef772765,C0635,1008,130,24.0,1932.3
9895b10f-6662-43fb-b3d8-d460f7816ff8,C0812,1009,87,46.0,1169.8
0ff5b729-18f8-4945-9874-74fd8b1df8f9,C0491,1031,160,20.0,1778.29
40f93e92-382a-4b50-9e39-7bd0d48e2456,C0811,1018,103,29.0,323.84
3a299764-ddfc-455e-bb73-f29601bfe8b5,C0677,1017,87,47.0,1580.03
0afe3e89-d9e4-4c3f-99d1-0bbff229e78a,C0109,1004,36,1.0,1809.19
cba0fc58-206b-488d-9be5-c4aa5d7633e8,C0335,1038,10,45.0,1005.63
d9f2fa6d-7f0a-4bfc-b870-278cf3b62b40,C0057,1022,166,40.0,820.08
af837e4a-580d-4568-a878-18018f436bfd,C0889,1042,100,21.0,347.27
9b845353-c13a-42b3-82e1-d25144b8cf39,C0296,1016,168,15.0,1015.07
a1f9380b-f673-4669-befd-3cb60b0d7b5f,C0253,1032,126,43.0,472.57
10b01dd0-24f0-4973-b7d9-587e198796e8,C0471,1044,143,42.0,1807.8
a8973476-f09d-4f58-a6c3-2cbc1c987094,C0835,1015,121,50.0,1842.33
798e10f3-abf3-4695-a17c-c0dce2b3f4d2,C0948,1019,83,45.0,1942.15
7e2f6456-56f7-4367-b1bd-61f85673a415,C0418,1032,135,22.0,1858.97
2a38c8b7-4db1-498d-b5c1-f078f9aaf6b3,C0952,1042,137,11.0,1439.33
85e099b8-3a11-4248-81f1-46dd8690ec39,C0260,1035,25,32.0,363.9
e1ec4f37-8f2d-4db0-bc8e-087431156e5b,C0919,1007,19,45.0,586.02
9eaf61d8-4e3d-49f3-a5ba-650c281721e9,C0888,1001,59,20.0,724.95
4992ef66-c275-4b9b-b490-a1e51bf04ca7,C0559,1049,120,23.0,208.7
dd016690-96d3-4b8c-a073-c4cee25fd556,C0643,1009,26,24.0,780.05
b4c24da8-f796-4dda-b1d9-bf3417e22ad3,C0470,1045,169,19.0,729.78
a8ea2afb-5fe1-4f3d-9d44-472723c08920,C0250,1023,12,26.0,1036.41
1b31c221-82ba-4a5e-b65c-6333a5f11da8,C0599,1026,170,11.0,1015.07
1df350f8-21d1-4c91-8ad1-4ab670b8f304,C0225,1024,66,11.0,334.57
2d074a70-9c1a-4d22-b80d-bdf5a07b309d,C0865,1030,25,41.0,1174.82
718e2634-031f-4860-8593-ea722238b59f,C0355,1006,27,13.0,454.88
31bfe333-5f07-4c7c-92a7-2276e0adc9fb,C0187,1018,92,50.0,1938.23
b2a09161-e694-47ca-bbc5-cc74e30b3121,C0064,1045,136,33.0,51858.11
fbfd065f-febb-4758-b71e-0cd08b1a1140,C0227,1044,93,49.0,1719.11
a32b226c-aaef-4668-af75-f490bc22a00a,C0084,1028,58,18.0,1393.49
54dfe6cb-eb6e-483a-b6fb-4d4afc004cd3,C0025,1030,6,42.0,250.43
8004afb8-479b-4729-b3b3-b768e91af8ab,C0812,1009,103,3.0,492.95
b0164db1-b8b5-4b0f-bfa0-ae907a05519d,C0777,1009,3,27.0,641.19
d53d82dd-7513-4ea2-81df-37e9712e2946,C0819,1034,126,24.0,1941.43
9abbec8b-fdb9-4b60-81d3-6b441990ca87,C0605,1011,38,4.0,1457.97
c1500a60-4962-47e8-af4c-9594962144f1,C0625,1029,25,1.0,1375.93
9606c937-2f00-4375-aa6c-304ae394c99d,C0174,1030,81,43.0,1620.23
43e8fe36-4b59-47f7-9c4e-62a9dc53d6da,C0047,1022,108,32.0,1058.11
78f22646-d45d-4966-bd74-a2dc2bdd7047,C0676,1005,33,9.0,246.15
3be80fdf-2c52-4516-878e-b0e73506d2d3,C0111,1038,158,3.0,617.0
a9f01a04-1f8b-41a3-ba31-a8237220b9c5,C0464,1029,104,33.0,1954.18
f0b5035c-f953-4e15-8d1c-b3372de75137,C0877,1020,166,30.0,51.28
561bb461-6b70-4d50-aae3-17de939d4002,C0747,1005,133,30.0,658.46
b65096c8-a8f6-4392-9ffd-2b6ae922c4b7,C0515,1043,171,15.0,1877.35
c9180470-21d2-477a-bbe4-7710f3228941,C0235,1020,54,40.0,500.42
4cfb64fa-c5d0-484e-bd4c-52ef6ad438ab,C0884,1049,63,36.0,612.33
ecea81f2-44fa-49f2-8ee0-1e95fbbc39a2,C0045,1007,165,40.0,968.95
f12df9c0-bd2a-412a-b17f-9f1d2067b61f,C0758,1038,172,13.0,1070.18
f62965ff-f3ae-4bd8-8080-e701a803215f,C0437,1022,102,46.0,519.27
881bef9a-842e-4589-97d3-853ebc1a6343,C0729,1021,140,2.0,265.4
783c0c08-3383-409f-9b79-87853fedd2ce,C0861,1006,93,18.0,815.51
57ef6d93-a5e6-480d-8f31-a33f7a44634a,C0223,1018,99,7.0,396.18
b276d982-08ed-4ad8-a437-5cca7677ff90,C0963,1033,127,41.0,61.42
2220f3d9-9a83-4462-9821-997119f66536,C0842,1020,147,30.0,894.76
120b023b-c039-4591-90c5-c65fc191e777,C0305,1000,107,13.0,1182.4
38a613e4-d1d4-49fb-8cbd-0ba161b2d011,C0400,1004,8,19.0,479.71
f428777d-220b-4787-b34d-b2d9f8919fc6,C0894,1017,53,22.0,1001.48
c0eb0221-7996-4b74-82e3-c7f38ce66bc0,C0805,1022,9,21.0,1558.15
6f9aad23-dec9-4be1-a5fb-81cdb0876d3b,C0976,1046,40,23.0,257.26
a92ebaef-fa97-4055-91e4-a118929d13e2,C0264,1046,74,27.0,1256.69
589a213a-5fe3-4f9b-8f3e-c26b6fe4aa44,C0840,1019,29,28.0,823.0
a1aa1be2-c7ea-4a38-9581-f115b30e245a,C0856,1006,173,23.0,545.69
616b990a-6f68-4cee-82c2-b5a01e7614b3,C0157,1027,118,19.0,732.55
45296454-15ac-46e8-89c9-9ed9b69148d5,C0971,1044,141,31.0,1657.0
5e8601da-04c8-4de7-a4e1-20c94d070712,C0588,1001,145,16.0,168.79
dd56352c-1c56-4302-a9e8-a1a9beeb8641,C0172,1030,108,48.0,1015.07
7ea614b0-86ab-4dce-a769-b5a19a2b4888,C0156,1034,9,13.0,1109.46
e18008eb-7bc8-4f9f-9481-da03032f6534,C0549,1028,74,11.0,973.6
2920eb8a-3b5e-4db4-a289-09a447aeff66,C0641,1043,174,17.0,876.8
5a3fd387-201a-4fe4-a20b-7149d2109c73,C0682,1017,139,33.0,956.5
bc51e733-9206-4db1-932b-2a42f5cfc559,C0475,1046,170,18.0,420.88
dd814126-362a-44c7-af5d-fa925b494cce,C0694,1035,109,49.0,1881.85
a9a16b31-8575-45c7-b7aa-f8508a198289,C0924,1008,148,29.0,1298.78
023e50ae-1c48-4037-b197-89e3ab9b1716,C0692,1015,147,23.0,392.48
0ad4b0d9-db3b-4719-aa1a-6193230fc872,C0880,1015,34,27.0,1656.92
563e7cff-e375-43df-b9a1-1b3ff54d7541,C0222,1014,76,7.0,943.34
3b9f2b30-ea2d-4fca-b7bc-294503432ab2,C0261,1031,99,40.0,148.86
d3c0ea82-588a-4b23-a102-d2e28441aa64,C0207,1035,64,32.0,576.79
76cfa788-62f4-4e1c-a8b9-152f0c86e019,C0606,1015,68,34.0,1366.08
9bdb1f73-d060-43c3-afa2-9f81e1506d76,C0452,1006,116,49.0,1975.8
ee236056-d44d-4742-90d3-594947a703fa,C0031,1011,175,4.0,1759.11
79fbb8f9-4c07-43e6-94ac-81e2ace377e3,C0052,1008,161,46.0,118.54
d8a5456b-74fa-45ac-84da-36be08880fae,C0045,1031,176,30.0,312.93
9b36a8b6-7e88-4664-9908-e80b8af572fc,C0536,1010,28,22.0,1413.87
2d9a5689-7aa7-4012-b1d8-805317422738,C0050,1001,43,46.0,734.29
6abdae7e-9780-4133-926c-f42d8e05e7ca,C0999,1013,102,36.0,1496.12
fb2efe87-111b-47af-b062-b1a0ee512cdd,C0773,1011,76,18.0,516.94
c7c35842-f688-4979-827c-95f5e0d83ad9,C0696,1030,63,45.0,368.24
4632873b-b716-49dd-809e-018f6b2fd4bd,C0815,1013,24,42.0,822.2
ced1c754-87d3-4c22-a5ee-f3c009286ef1,C0960,1029,161,11.0,570.63
abcd1c52-3cca-4266-90f2-b897b2e914e1,C0150,1024,63,47.0,1717.1
d1c35463-9eea-4132-87a8-d91dde961d7e,C0745,1022,148,50.0,650.79
0ef84a54-f9ab-4128-a381-4f222aed70d7,C0598,1043,107,22.0,1625.97
13644d4c-2390-4534-a638-97fa45088c96,C0868,1031,22,30.0,772.31
56107ad7-0433-475c-b077-b33b2f31e6b1,C0115,1011,119,6.0,1501.32
9ef306a8-12e3-469f-866a-44e0c1403974,C0019,1012,34,26.0,813.31
65e9d51d-879a-4764-b4d4-3d07b355ea49,C0883,1012,28,42.0,397.91
f0245d78-a187-43f6-b11a-f16743d2226a,C0552,1023,174,32.0,1423.34
ca7b931b-371e-42f1-a7c5-bb8550acf6b7,C0821,1028,94,49.0,859.09
10cae41b-6fd6-49f0-846f-3abe5c46753f,C0042,1011,72,10.0,555.99
52c1ab04-0ad2-409a-afa8-15052b43bc2f,C0101,1037,13,26.0,452.87
58f436fe-2677-4d5c-9afe-59e4f33f7a0d,C0652,1027,78,25.0,1800.26
cf4cb3b3-5f33-4fea-a494-9be4b94df92b,C0330,1032,173,35.0,933.25
0626e48c-b791-4a99-8dff-90a01b679daa,C0690,1000,163,50.0,361.53
c518b66e-85bf-4e1d-9b6b-2d4324f2cb63,C0448,1043,97,5.0,1943.14
1e13c3c6-496f-4f4a-9eb0-753d4f494a84,C0868,1004,60,30.0,1843.2
e9970dd2-4aa5-45d5-8010-45f492b4cd9f,C0783,1048,40,6.0,384.11
df9b73e5-80fc-48de-9697-2b3924987d4f,C0753,1013,93,5.0,1059.64
fd5cb847-f040-4f54-85c9-9fb0b76c74f9,C0212,1023,18,25.0,1585.7
33aba89b-43c5-43d3-9d34-600dfbaad27a,C0454,1032,162,47.0,1025.17
dcd3fa22-8480-49d2-bb4f-00af6fcc70d7,C0324,1005,175,14.0,752.76
63b5b647-f94f-4067-a630-d9e2801f4c0d,C0758,1013,94,38.0,1498.0
3db5ff1d-6f6a-4a7f-8770-4ab5f104bfc5,C0209,1001,83,10.0,1000.09
1d368921-51a1-4b79-b3cd-ca7d69bc28a9,C0596,1018,30,2.0,587.73
03e74dd3-9c2a-467a-896c-9da3f7919225,C0555,1003,150,9.0,754.89
6b8b2138-7d37-4792-9763-00134332529c,C0674,1018,147,23.0,962.95
4c712ce1-66a4-4e3f-bebf-a52712f4ebbd,C0604,1027,126,16.0,266.41
a6c805fb-6e7b-4413-b9c6-8d0f2e9e12fb,C0566,1042,136,9.0,954.95
23e505f5-83a7-4fc3-a765-02ca40e24863,C0379,1016,160,36.0,310.6
f7672bb2-04f8-4cc6-84bc-11a5d944faec,C0530,1013,23,36.0,1564.74
f785b29a-275c-41cc-b592-3d8fd15fb22d,C0115,1024,12,7.0,1532.07
a0ed9815-8fa5-493d-befd-d4cf4140e029,C0189,1049,29,6.0,1983.94
52b50be7-b897-48dd-997f-ca71baf50652,C0896,1007,116,12.0,660.05
f6c6c3c5-8014-41f7-b209-acb0729a225f,C0340,1045,55,49.0,773.87
41def7ec-08de-4d4d-a6d9-c6d19723cf4f,C0559,1004,149,12.0,1015.07
6abc548d-c6b0-4fc4-989c-f340f059d0d8,C0654,1006,114,38.0,1224.67
7db0c16e-4955-4b3b-9722-29735e78625d,C0686,1016,28,5.0,1493.59
dcd8fe85-9259-4e7b-852e-4a4bd28100e5,C0585,1028,108,8.0,929.64
a8c4cd77-2c2f-4a29-b84b-3606246bcef6,C0889,1014,54,48.0,1731.89
7eae0e5d-9558-4a26-a306-623e3b8c1167,C0511,1021,104,45.0,590.28
ad794892-839d-4edb-bf6b-42f5bbc5f0fb,C0352,1013,86,44.0,219.56
33edba52-feab-4cd9-b937-de7a273a09d8,C0273,1032,135,48.0,1923.15
a4f1163a-66c8-4bc4-9eab-b21403dc6eb3,C0709,1043,155,1.0,1995.98
77e3d65b-0257-41f9-a2b0-792718c1962b,C0194,1039,60,10.0,1137.66
59815fdd-a34e-4124-8c75-73b6325839d1,C0623,1012,29,10.0,1015.07
b250f78b-9b90-49c2-9ebe-0254dc7b4121,C0123,1015,43,8.0,1646.4
71bc9db2-0a5a-4e35-b044-4b2c1d8e43dc,C0353,1044,24,14.0,238.6
ad95af12-d841-45e2-9f45-a107acf81df2,C0227,1008,139,33.0,1015.07
0dcb3e3f-7b37-4b50-a9e5-d31357c88b15,C0504,1003,32,14.0,1358.0
b51dc37d-8670-47fd-a586-e246aac22617,C0618,1026,104,38.0,273.9
9ac18a57-c230-4c82-acd1-34ce9bd201f7,C0238,1023,70,12.0,1015.07
41993608-71aa-4142-8f09-3d628c21fe92,C0757,1014,60,39.0,1580.42
a3a5bdc6-8a8f-4dd5-a688-8aad73bdad28,C0539,1041,25,5.0,1471.25
4d3556bc-282e-4dd4-8a80-a98527dd97b1,C0019,1040,168,44.0,761.33
58d24121-8e0f-4a7a-8fd1-22d24be51315,C0343,1023,144,13.0,359.96
0bad6985-9da2-449d-8330-1a5052ac236b,C0738,1043,153,43.0,272.45
11dee62c-8a24-4679-b130-10aed0ce98bb,C0754,1032,21,24.0,1061.32
561235b1-bda1-4596-a004-23d2e7af436f,C0206,1042,120,5.0,155.13
63a09e91-3223-4a34-9863-208fdd0e8dc2,C0368,1040,175,33.0,594.68
20f63284-459b-4fb7-bce2-9b6502ab4ede,C0001,1028,138,6.0,79.99
23ac4962-8077-438b-9607-f9cad804b7b6,C0181,1048,20,21.0,800.11
151e6a5d-e5fb-4023-beb4-96fb16e67c75,C0570,1028,145,21.0,1296.34
3ec10cc8-6ecf-4c7e-aafd-841640103dc2,C0229,1032,15,35.0,797.78
c991e560-3abe-4974-b9c6-3debaa26c628,C0535,1020,172,3.0,642.67
1a3e9306-6fbc-465b-af04-174ac04271f5,C0106,1044,131,45.0,327.71
b692e286-d5a9-48d7-8849-4c7f6f2358b6,C0931,1048,84,22.0,813.67
c52db262-fce8-4c06-b3a2-8e55bc538833,C0166,1039,54,10.0,682.26
4a7af4ef-d426-45d7-864f-5d8954ba02b1,C0883,1003,150,14.0,1061.96
385c1982-8a24-4955-91a6-8e85f1222df5,C0065,1047,131,47.0,1039.93
29dee9cd-e803-4f17-bee5-36cf59d75211,C0238,1041,61,24.0,523.98
7d7b1752-1f96-417b-8508-ca9cc37d7d25,C0487,1037,128,25.0,1015.07
02331b4c-a5ce-4503-abd8-c546ddfdd90f,C0586,1004,98,33.0,363.8
ed018a6d-8fdb-40b5-bf0f-654df129f35a,C0065,1000,116,20.0,322.79
15a33bca-e521-49e3-be6c-1cdb837159e3,C0292,1016,139,44.0,1659.38
ddcdb79f-47aa-46f9-add4-47aada601479,C0697,1043,63,13.0,1527.23
21e12cec-75bd-4f05-a8fe-f9c184a74e2f,C0908,1027,18,37.0,852.05
737bf5ea-c5c4-44fe-9adc-cc725df0b2f8,C0139,1013,177,10.0,1725.6
13264635-804e-46ec-ac2c-8acfc13020ff,C0042,1036,159,19.0,597.95
0b2acc83-4bcc-4f11-80b3-652502d4bc5a,C0382,1017,32,4.0,1816.62
27609e7b-5b82-4b77-9ef5-b1f56f4e4ef8,C0646,1020,128,36.0,1541.02
ec516212-2199-4e1f-9ec4-c0d98b1f4acd,C0374,1017,22,38.0,364.19
81e5d6a6-fc9a-4b25-9931-d05a0b3bfb6f,C0346,1002,6,12.0,137.15
71441fa7-85f3-4549-bfdf-14d5166ea372,C0392,1001,13,29.0,1770.35
57b7c815-267d-4cd2-b00a-96e3cb2f73bb,C0067,1030,30,31.0,265.57
875fdf2c-476c-46da-a91a-89c8a2131093,C0688,1035,29,34.0,1391.52
d2f8521f-9fde-435a-8a50-2ea238052ab2,C0041,1047,161,5.0,21176.88
6ea3a93a-76aa-4f8d-9761-c8b65eaf6b49,C0849,1031,89,3.0,1374.44
13855bf2-d3cf-4ee1-93bf-f1d680fac827,C0239,1023,94,11.0,1962.39
8044e2a2-2264-4381-8756-4a79876f01b0,C0914,1044,133,21.0,478.4
e3458aa9-eeed-4e33-98c9-9eb1dd454ffe,C0845,1020,32,17.0,1981.84
e909ea0d-ef5e-4c32-b325-5c6007c5c8f1,C0650,1036,96,13.0,528.95
5d94a20a-7bc6-4181-bd35-20eda5708379,C0501,1014,146,46.0,1637.48
a880569b-3d4b-4697-a42b-c2b5c3226300,C0153,1040,107,28.0,1661.95
d162ad17-e87d-4ff0-a57c-2ec68b462321,C0311,1009,47,33.0,1015.07
a50f3ce7-d583-4dca-a6eb-1aac01e3fb7a,C0383,1022,44,14.0,194.59
25f07bd1-28aa-41bf-a586-daeaf6457e2a,C0458,1047,80,11.0,457.47
86d18788-204c-4d1b-8de8-487322d6cf30,C0011,1023,142,10.0,380.69
13b0333d-a2e2-45a1-afa9-b7713329c527,C0656,1029,59,36.0,531.07
2d45cb9a-fcd4-410f-89b1-6b0e43cbec79,C0274,1028,146,48.0,371.77
61c42392-cfac-46ed-9a2f-11c79ab9755f,C0368,1021,55,16.0,614.32
76db3144-ab15-4d34-b3ea-ce1147cfb9e0,C0764,1016,86,42.0,303.26
5b8d4460-e626-402e-b753-7afbdb3fc5ce,C0675,1026,40,46.0,1621.1
0666c441-b194-4ca1-a9a0-911d0dae2fb8,C0537,1032,44,2.0,1211.85
dbaf4436-38dc-4cc5-8fde-a584a68718c1,C0707,1004,133,21.0,1705.38
2d8d9ecd-032a-4400-8cde-a7f40bf58aab,C0493,1048,126,9.0,1251.31
c874c815-242e-4d94-a8c4-082dc38bf00a,C0683,1041,110,26.0,1098.24
c2faab1a-487e-4d50-afa2-83a06bd70b45,C0351,1035,105,26.0,560.44
04de779f-408d-4f3c-a221-24e68d73609e,C0598,1034,1,36.0,1584.41
7f6419e8-de5d-48ca-a703-5e2ea3b3f17f,C0461,1020,74,41.0,488.53
e5c4bdb3-c8a2-4fa9-a907-6820435938d3,C0067,1046,150,9.0,889.86
9a55e6bf-65f4-4a17-8c2c-e2d3a248f703,C0668,1010,76,48.0,1015.07
3bf49e92-8e06-4e76-9c89-d6c6d6c79200,C0971,1047,46,25.0,1720.56
5e1e658c-47dd-42b4-83f3-9326a4cca930,C0613,1043,160,46.0,1838.36
d979bcb5-cf10-439a-a7a4-37608cf85bb4,C0642,1049,73,44.0,195.59
1880abc3-3409-4c4d-9315-fc2ba0fbed74,C0799,1046,154,42.0,1337.22
03e5181e-872a-447d-894b-6366385ad064,C0663,1017,103,44.0,938.23
d458de8c-632e-4ff8-96a5-e887e22210b8,C0534,1014,130,20.0,1645.67
a17c81d5-4bc9-474f-858e-6a06c9d31286,C0818,1048,160,25.0,928.36
ac2347ab-64c8-4967-a3cf-d51fed564120,C0197,1006,157,20.0,1361.64
c01586a4-9af7-4c2d-87e9-5a9f6ed31ee1,C0490,1013,93,23.0,499.01
ac3c3394-5730-4dd4-b7d7-4d21494a0c36,C0749,1018,61,10.0,1183.05
dba408af-0751-4eb2-8a82-d51a50218544,C0129,1016,122,49.0,120.48
639e87fc-17c9-422b-b327-07b64c8d82cb,C0836,1029,118,39.0,366.37
ba25dd1b-3e84-4145-8b18-aa7b1f3b2616,C0187,1019,72,24.0,1662.1
e7e217ee-6d3e-471c-869b-1ed8bd74a3de,C0706,1025,147,30.0,876.27
bebfab1c-c5cd-42fd-b5e9-85deea648a85,C0533,1017,30,15.0,1894.36
75cb85cd-ee1e-46b3-ac9f-0f886664fc74,C0062,1041,133,9.0,1329.03
9c985c08-2a81-4e21-ad2e-3dfda772e031,C0815,1027,74,1.0,247.87
24f2dd9d-74b5-470c-88f8-5d9d6c820f51,C0878,1038,160,27.0,1470.34
52b10633-b0c0-4212-ba4d-7cd193a980f1,C0224,1037,103,43.0,179.9
a7d38328-0eab-4fbc-aa6a-091bc532cab4,C0808,1018,123,28.0,853.31
acff26f1-6ff2-466c-8664-b141906649ef,C0311,1016,130,6.0,420.23
3a9a441d-3d24-4a11-97ec-65ea91a3e022,C0873,1043,27,3.0,1486.05
17ebb606-58d3-4785-8119-cc3f69fe67eb,C0495,1028,30,7.0,1878.46
840c011e-9969-418e-ba09-490cd329440d,C0855,1032,13,6.0,1734.73
9a53872a-d485-49ec-839e-7b3d2ddb7f13,C0615,1031,134,35.0,1656.95
a0a4e82d-04b4-4e14-9680-5de623da21fa,C0542,1040,113,2.0,968.13
fbd9e3d9-94c0-4695-800f-639ce04b4698,C0358,1019,121,9.0,1560.6
b2156894-50a6-4353-b85c-5cd977b710ef,C0540,1035,8,21.0,1741.01
dd3c9a27-9d44-41be-a9fe-bc98065274bc,C0728,1010,16,25.0,596.56
dcebafa4-fc6b-479d-a51d-b1217288ee89,C0172,1020,36,18.0,1396.65
2a66a39b-6041-4b1a-9eac-55ab8d0882ee,C0241,1020,154,19.0,1094.04
a1a8cc32-beda-4e3c-bd4f-2457fb69ed70,C0549,1016,74,16.0,912.8
7e0dca06-0835-4326-bb7d-6238c62aa935,C0758,1018,12,10.0,920.31
a908bd71-cb8b-4965-8932-ee07eaf13045,C0209,1045,126,31.0,1186.63
05dd0158-600a-4733-8bbf-eb93cda0e7f9,C0635,1016,121,11.0,1313.77
094271fd-7cb3-453b-9fdf-5f1766b89f9a,C0494,1019,128,18.0,746.71
d307f922-a1aa-4fef-9e94-19f3eb7b2853,C0322,1030,7,4.0,1987.33
4950d9fc-429e-4ce9-b4f2-7fcc1ee853de,C0663,1017,143,27.0,1928.56
83570851-6ce5-4c7f-b97c-52f97685b17a,C0902,1005,162,12.0,703.47
e41ec5a9-d7cb-4ec3-be5f-74ac1e3caa0d,C0118,1006,124,10.0,1659.27
fa7d86c0-c755-4a59-9c1f-f9043a98586b,C0459,1025,42,2.0,999.34
6544132a-82d6-433e-9b8f-bcc24fbe1ff1,C0864,1004,156,49.0,1952.02
a2d6ceaa-6241-43bc-9654-e630aa29aeff,C0131,1019,148,34.0,1015.07
77b60eb2-666c-48d1-add5-d860e9c11b76,C0327,1035,3,8.0,474.99
af040594-1a2d-4430-b46d-7d038a983a59,C0433,1011,39,44.0,1999.85
81f55c8a-c59d-4cdd-a66e-5737f89447fc,C0400,1044,65,49.0,206.11
8d5a7461-d0fe-4c04-a5d0-35c18bf654e4,C0262,1017,27,12.0,1671.34
143d1236-5a0c-4d3c-8d86-10ae12644d9e,C0405,1025,39,5.0,1681.25
4138aad0-79eb-4a28-8152-ba78670c1dc5,C0891,1047,20,27.0,532.22
dc56f2d1-83e9-414e-ae51-a64eaf061ba1,C0888,1013,165,37.0,1029.57
0c2c05ad-26ee-4cd6-92aa-50b3bca8089d,C0414,1000,6,19.0,1392.62
87cb0c8d-4d7c-43ed-8b84-b0f6b57de693,C0251,1035,163,13.0,379.2
97b7e728-357b-4f4b-8ef5-61b0aa859c39,C0984,1033,22,20.0,646.1
79d62a38-35fd-4f1c-877a-a193d4790803,C0925,1018,178,43.0,729.74
afa2101b-fea1-41cd-a837-b512ad978019,C0426,1021,45,7.0,1413.44
eea0a291-9d2c-441a-aeb5-23f2de27a616,C0442,1007,8,24.0,1335.6
d8c2f374-49d0-47b6-95c0-7173dc0a78fe,C0989,1009,5,9.0,1858.66
291eee74-7fe5-42ef-80d3-d519ffcb9f36,C0945,1019,99,17.0,471.89
916c083e-de3b-430e-8fb7-bb19f756ff69,C0122,1037,46,27.0,1586.53
ac081763-1ed5-46ca-89a6-3c4764b7ee28,C0434,1042,23,25.0,165.57
77e12eda-8b71-4d9e-96b7-a3637671f07a,C0663,1038,30,44.0,847.21
99f1d971-8ccb-4dce-8875-c114bdf8edfb,C0063,1026,160,9.0,786.79
743759ee-93ca-48e0-bf62-f4db28515d74,C0751,1042,168,36.0,1517.93
190d2e7e-9061-4f53-af67-438f34a74ce4,C0515,1025,138,42.0,1899.47
352e748c-cddd-44e5-82dd-24ba7a4588dd,C0622,1003,25,3.0,1839.98
e80047a8-4983-47ca-95f1-6715c5c9c029,C0804,1001,87,17.0,627.81
632d7c0c-c6b4-46e3-b310-f6c639be2f0c,C0572,1033,161,46.0,1601.12
13b568af-d64a-4fec-a8d2-8189b7af5aec,C0199,1030,64,45.0,1466.61
ab6e59ea-5839-426a-922f-589a7c88e69a,C0093,1031,65,30.0,409.24
c6798835-580c-4b84-941d-5f5b1c2f5903,C0628,1006,120,28.0,533.08
cf2cb457-a0d9-4f4d-a8e5-ba8c385d0e05,C0821,1000,147,31.0,451.42
60337106-faa0-48a5-b55d-75db312c71ab,C0426,1004,126,15.0,61821.5
b152281d-8e2a-4818-a590-7ad6dc0ee2da,C0771,1004,165,11.0,149.67
15377a22-3c69-43b2-b62f-f356dc5d0da1,C0461,1038,30,42.0,1198.5
5b75b832-c799-46b2-a260-ed0c2c49993d,C0839,1039,37,40.0,1806.84
e6b68629-400d-49e1-8caf-988d3d645dae,C0089,1037,151,9.0,1294.87
8a77c2dc-d75b-4bd4-8956-5629732a86f3,C0853,1048,115,16.0,742.73
c2d7228a-1070-43be-81aa-87cf29207d07,C0856,1004,150,15.0,1015.07
55234916-434e-4852-aefd-a7d7268c8d2b,C0370,1000,49,18.0,779.08
07d9639f-f547-4ce9-b562-8fd485898621,C0007,1032,23,14.0,1784.61
8800e90d-5f9f-4d22-828c-1d0a73b9ad5a,C0451,1046,178,14.0,1709.84
321c5ba0-8d66-482f-9974-9fa7ea76ae93,C0558,1049,10,21.0,1290.41
4bf7f681-bd96-4778-8593-526bd812ee8b,C0322,1043,49,44.0,745.45
9a424550-345d-4752-a517-2af1cfadf97e,C0273,1033,80,48.0,1252.76
58c28c9d-8a28-46a9-bf34-fb0f38bfb917,C0995,1024,92,21.0,411.84
a1d0dfd4-78a9-43a4-af12-aa7c601f94fe,C0374,1008,45,41.0,207.48
4efd9431-718a-42a1-9f5d-376018fc8ecb,C0774,1040,179,29.0,1540.74
a27517fa-4355-47d4-b7ff-b70752b304ba,C0517,1008,102,49.0,786.25
6b57e909-a983-4329-bde7-9a0ced677058,C0437,1024,108,30.0,333.49
49018e66-4c65-4a4b-b775-b5cdd3a82dd1,C0642,1003,96,20.0,319.41
0592fa6a-6ad8-4083-8d87-ebbcb4899f54,C0341,1007,172,47.0,1992.96
75f5b12f-c10e-45c2-a8cd-2b937f90a846,C0105,1038,131,12.0,1517.9
4bd456cb-e862-4307-bec7-c0df79288841,C0972,1043,123,27.0,1257.92
086259ef-dbee-41b7-a69c-39ace31ca2a4,C0983,1038,99,49.0,59.05
c3b4ef77-7237-49f1-8386-17df32d26a17,C0869,1036,134,21.0,1417.91
bc6208d7-4d74-446a-a711-ac4c59fd74ed,C0487,1032,90,3.0,295.59
7607c26f-819b-467f-a71b-812acce9c751,C0221,1019,24,22.0,1755.86
8433f3b1-b541-4311-984a-caec78b53d20,C0439,1017,27,26.0,840.0
e5e244fb-eae2-4e7b-b81c-33a393f48a0e,C0555,1038,76,39.0,739.14
4f388c61-6e3a-435b-bc4f-f9cad162dba7,C0037,1014,68,16.0,1266.97
57f2ae0e-bda4-4548-8a08-0772527af7c5,C0960,1042,10,17.0,741.42
47e0f463-6707-4279-a0ac-a1a1f98f788a,C0908,1014,20,23.0,1015.07
c36cce8b-9cfe-43db-893a-df0bf29de66b,C0049,1046,82,5.0,1015.07
b2310af8-4f29-4ec8-a0ed-93175d9b7811,C0727,1035,29,34.0,959.91
fe4b368f-8be8-44df-9ff0-aa22a8424eb1,C0187,1035,140,9.0,1954.46
ad41839f-b2de-46ad-8e1d-239e19bb42a7,C0821,1004,67,46.0,913.57
eddb7ba2-5190-47e4-bd1c-1254a3f35944,C0528,1044,76,13.0,937.61
d063548d-10df-4a64-81b7-a2efa8de893a,C0826,1017,147,11.0,1015.07
0a8218c3-d53a-42b3-a4e7-dea6d993e13e,C0652,1025,68,2.0,1554.56
5e3dd6ad-2e20-43c9-be9a-5e695a828761,C0325,1029,153,2.0,1093.49
0d47127e-2ff2-45e9-89a9-66de31cad700,C0195,1004,144,6.0,1988.94
4397cf75-539b-4388-915f-c3e58e6bd89b,C0845,1029,55,24.0,1023.11
d33e3ead-0939-440f-8545-3aa66a4ca841,C0332,1035,177,34.0,1774.98
e226f636-5d56-49d2-a3ed-5dd720800855,C0273,1014,5,6.0,1236.56
1719c84e-8735-48a3-9dae-207fe9ee0e6d,C0623,1023,37,48.0,542.73
8c773f20-fd52-4637-a3a2-27eec7749146,C0901,1010,2,34.0,1341.32
054c9a74-96a3-4429-868c-fae4b7dbd549,C0989,1035,63,23.0,1769.94
2c98cdb5-16c7-420c-a45c-af3424d3033d,C0262,1002,5,15.0,1408.81
7dde946e-8ad2-4a68-a53b-6f273adc4957,C0355,1015,150,24.0,1458.49
34b06fab-d2c8-4927-be6c-41891cffd793,C0393,1000,42,5.0,742.07
38acaba5-03c0-4f87-acf7-d1c30fd55fdc,C0621,1006,84,15.0,1181.23
f335c90f-a724-4994-a3f9-b12259a04647,C0114,1017,96,2.0,1015.69
b99748b1-93a1-4077-a3ce-eeaf8e698558,C0079,1018,154,2.0,851.54
62c02de2-bc1a-4ca5-b197-10133c5ed298,C0429,1043,133,19.0,210.27
dc4aaf66-9eda-4dac-a6cb-358ea517a495,C0844,1015,4,49.0,1009.48
c8bf0dfe-3e15-41b7-bf7e-698e05e29394,C0538,1001,155,26.0,611.33
0d7d9d30-6c49-495f-803e-b200aef8b769,C0567,1001,17,29.0,1413.55
2f278a91-1afb-4d59-b29d-3486c1c865d6,C0200,1010,28,4.0,1218.29
40d07c26-a066-43ef-8d9f-9e8c804df8e6,C0758,1025,60,35.0,1449.25
5d33b363-632b-4f3e-8ebc-4bfd1e5bb92a,C0799,1008,57,39.0,1783.25
c5f425a3-dee4-468f-8db8-4199ee48ded4,C0914,1004,174,11.0,391.7
0f28d438-8a6f-44f4-868a-ab6ca1ab6ac9,C0909,1048,25,47.0,1077.51
604d2adf-df32-4301-a93c-12248343d8e3,C0437,1018,25,33.0,814.59
daf9f466-259e-41f6-a57f-c6d14fc9ce11,C0782,1038,109,23.0,280.08
c55c115f-dbce-44b9-930e-89a5aa845985,C0691,1030,99,46.0,1363.58
f69d33ff-0259-4066-bbe7-f983735f30ab,C0972,1013,37,29.0,1944.7
871f1cde-b7f5-49aa-a412-6304f3ca49ae,C0983,1029,79,32.0,1380.18
8261c86e-e8a1-46f1-a499-0e41e6d95149,C0991,1003,51,30.0,1565.9
33196948-9ac1-49b9-abae-0fe315790e61,C0343,1039,172,2.0,91.74
be6cdd5a-545e-47f0-898d-06ab1ab44ce0,C0237,1040,151,36.0,1035.44
a6d26947-ab14-4c5a-bb20-a14ebb042c70,C0356,1032,99,7.0,485.12
ef07dfc7-7810-4ffe-94b9-0ec0215d4c18,C0834,1017,29,30.0,1015.07
e5cb4f03-9824-4e01-abf9-98f536178bf9,C0852,1011,177,49.0,1090.03
b7d3c85a-fe98-4dc4-90ae-b975f4403cdf,C0605,1028,135,28.0,1061.31
6ce175b9-f2f5-46eb-95d2-3976f8617646,C0512,1015,74,3.0,1463.12
7d004af2-6953-4638-8525-b7b84755185c,C0385,1012,115,26.0,1451.27
182f639d-e5b7-4cca-a11a-514eaf157982,C0887,1037,106,29.0,1377.36
495b6544-fc25-42eb-9594-fb7b3268f4bd,C0401,1036,43,39.0,1457.33
22bd4f0f-de97-47d9-9014-047d78de706e,C0462,1028,125,8.0,1372.78
35c69a2f-d1dc-4657-8cb0-dd9fc9f76afb,C0398,1017,81,5.0,1561.2
64859b5a-2762-4f2b-8b0c-ca009e6cf6d7,C0744,1048,136,22.0,108.05
a3ac9b18-ffc5-41f0-9944-4803aa6aacc9,C0495,1027,175,47.0,1305.21
427199b7-e4ad-4db0-987d-236728d5ed43,C0592,1019,2,44.0,70.41
f89d7d21-5ca1-479e-a11d-29f9afe4b42b,C0383,1013,95,27.0,1317.33
b1c6a90a-3f81-4fbc-980d-138b4fde9b30,C0237,1018,84,31.0,1967.45
e91a9f68-d02f-4454-8ed7-430ace91c7a5,C0848,1004,61,6.0,629.34
57649643-0abb-4cf6-a969-54fd8c9da945,C0393,1011,11,3.0,780.49
1d068824-daaa-41d4-b322-af88442db196,C0082,1042,32,11.0,1201.68
738fa143-6316-40eb-9fd2-49e370cb47f5,C0440,1049,146,22.0,119.22
4c400fde-86f1-4494-9914-ce8f09fb0acc,C0199,1020,87,15.0,882.29
2e42a260-fba8-4d2d-be51-bd8df8428def,C0567,1018,9,16.0,1258.01
f9aed65b-56b6-48b4-b704-e1f4f74ec253,C0113,1000,3,29.0,902.43
6948bed9-2c3a-42cd-92b8-9463385162ff,C0894,1041,180,8.0,665.56
a5227daf-0aa7-49a5-a1f9-4694a5e776d5,C0525,1003,154,34.0,927.96
26bdc8c7-2969-49df-a58d-433139df854e,C0380,1032,65,16.0,342.1
ddbb3f09-b16d-4bfc-942b-5fb246a97b5f,C0028,1046,91,45.0,1466.48
93039a0f-0f33-4904-94c3-3b42cc8888f9,C0721,1013,112,32.0,1033.63
4eddd913-df7e-4dbd-a59d-8d9753eda030,C0256,1040,156,16.0,962.94
b0bcd87c-4d56-44c5-98e2-572452436775,C0826,1006,108,24.0,828.27
b700a5f2-ff08-472b-bf58-bb7ef6581917,C0047,1017,152,46.0,399.51
d252fe7d-6abd-4a89-95e9-dbba46956c92,C0286,1031,164,49.0,301.18
6a5e87ba-2d33-475b-a202-373ddf008b43,C0893,1033,170,48.0,1744.02
319917e8-82f7-4dde-b01a-47651a5fca03,C0842,1043,96,26.0,136.69
daec1f36-f93a-4230-b8fb-7aeff982b236,C0871,1013,168,49.0,143.73
fac378ac-50ad-4e37-8dfd-4b53ecbdd9e4,C0407,1041,100,2.0,437.7
5abc5831-1637-4bb3-a0e7-6e270239da2e,C0228,1043,62,14.0,229.0
5ef4b931-37ab-4d43-b630-6f98754a0f2c,C0893,1019,28,9.0,1598.95
2d6fd5f7-9988-4f38-a34e-c1080405f7b7,C0973,1012,78,9.0,1665.32
a38c2782-1955-4769-8f4e-925ff55b5ef6,C0073,1042,31,27.0,1189.45
ec3a65f3-8913-4497-b108-36370934eb1f,C0425,1004,6,23.0,80.16
0a79dac8-c63c-4982-adfc-4ab35bbe43f4,C0074,1017,33,6.0,1293.51
93bafc8e-1921-4f3e-bdbe-9ea9e64fe545,C0216,1003,27,15.0,686.24
8f7eac40-a9af-47a4-b6fb-76571b8494bf,C0396,1010,96,9.0,771.17
95e6d700-b9e4-4317-b2e6-b9c940799af6,C0312,1041,178,2.0,1665.3
dcfe6b56-5a04-4c24-b297-70bc7534ba96,C0612,1007,87,30.0,944.93
5f5945f5-d2e5-442d-8da0-6d1d09ed876a,C0187,1025,21,29.0,1956.67
60b47c3e-74e2-4d16-8ccc-e08b5cfa466c,C0390,1007,129,41.0,1294.69
ece6ed4c-441c-43f5-ae59-8ae5ed9c8d12,C0858,1014,149,17.0,1404.62
7e157e8a-9537-493d-8682-cad34f4f26ae,C0966,1046,119,46.0,1866.26
ad0598aa-2a22-4a54-ad9b-66e11b47405f,C0685,1030,106,34.0,888.46
5bf52bc3-084e-491c-b00d-374a2988b91b,C0732,1022,109,4.0,459.92
79d46f46-02d3-4563-be58-bd1796dcf1e8,C0318,1032,123,8.0,605.96
8830b12b-8b53-47f4-b21d-46f5ec7d3b87,C0400,1003,144,44.0,404.0
744a6209-6b22-4f4c-b1fe-62c6cecf54cb,C0371,1032,149,42.0,199.9
64352473-f5e6-4584-9d0d-3cf0f6dbf04b,C0805,1036,158,22.0,1565.72
cac142db-cedd-41ee-b625-9611efd03ae8,C0882,1043,145,48.0,1015.07
238bdc95-6eba-45c9-be68-b4f23560de51,C0829,1042,172,19.0,406.88
00e36e44-33b9-40a9-b408-1fd1f05546c3,C0117,1038,149,17.0,487.15
0429833c-b089-4eeb-b313-01a85a15c0b0,C0473,1044,174,45.0,1723.44
13fcc1c6-8852-4d43-b5dd-38139c3629cc,C0794,1042,116,1.0,437.26
1f8af259-224e-4f57-a1e2-3787581bfa1d,C0574,1016,135,42.0,219.31
ca22244d-7e6c-42a1-bd55-b75e2fd1c4e9,C0199,1046,163,7.0,1394.16
38f3cc71-db60-4531-a245-2169bae2a353,C0027,1006,124,4.0,241.78
82afdb0f-08b2-452f-9371-c42d59301763,C0166,1017,69,44.0,1396.42
2ad564dc-b398-433b-aeab-f5a86796bbed,C0337,1007,122,37.0,1841.35
a9ce2cee-b11f-4805-b756-c87379f54121,C0982,1014,41,21.0,765.88
854eb1b0-d836-4ec9-bc1a-3ed0a4f61c8b,C0864,1003,140,27.0,1483.63
59a3ba3e-af28-4787-9c90-650edb244f88,C0978,1012,28,17.0,813.34
8269e96b-25ee-4aaa-b1e5-a6327837c819,C0804,1014,113,20.0,820.14
661fdba2-ac03-494d-ad03-be2ae6796580,C0843,1037,92,45.0,964.45
900821ca-2635-4efb-bef2-49787ef9ac4f,C0412,1007,161,28.0,712.49
0a3bac71-60a0-4d8f-beac-5f566208b4e5,C0816,1041,107,25.0,27093.6
31e16778-d35d-4712-9eb7-3d93ca7778e3,C0187,1017,96,4.0,1682.76
ef0bd701-e698-41ac-8106-151240a1ed59,C0411,1020,6,44.0,556.15
03a614a5-bf3c-4a91-97b0-6d9be66e6ba1,C0636,1005,1,33.0,1015.07
7f174d4d-e699-4276-9009-81530a5d975e,C0677,1002,88,12.0,216.34
ce303538-7167-44cf-ac13-f10d1201c3e4,C0555,1021,70,21.0,1004.83
b5e9f403-f606-4ffe-99d5-8a85784b25cf,C0912,1004,82,17.0,1318.95
4ebb8ee3-c84d-4092-84bd-b6bf39c01a4d,C0791,1036,171,39.0,1963.74
fc736fdf-ead1-4761-bcdf-7ed829d40313,C0242,1002,101,27.0,642.84
38570941-65d1-45f9-9f2d-d38e1c86d28d,C0061,1020,39,31.0,539.73
4531c681-fe97-4819-82c7-a428c67ddab9,C0091,1040,130,34.0,1266.1
1409b1d3-6f54-4011-a24e-fd13c64efbe3,C0201,1034,74,30.0,939.31
41a7b47e-3414-4022-ace9-514da0253ee5,C0712,1048,53,47.0,1801.48
f759347e-76e6-42c5-b96b-970a500c22bb,C0024,1039,90,46.0,427.45
41ad652a-39c2-4e36-abac-2731bb6c32a0,C0846,1036,42,7.0,1903.06
fc2104cf-9a1c-4d32-8000-979452b8b055,C0435,1043,86,31.0,1015.07
db93b4cb-a00e-43a6-bc73-d83586fb9f71,C0887,1035,73,19.0,1176.62
4291b9a2-2b67-4590-83c8-4dacce319421,C0344,1046,117,49.0,482.12
78d772b4-8ec9-4e4b-a846-b46f56055185,C0295,1029,103,18.0,1004.13
97e526c0-7415-4a3f-aaeb-d06e31c6576a,C0924,1007,109,24.0,1023.9
3b12b538-b70b-451c-84f1-f751f571f123,C0138,1003,61,13.0,683.77
ec04b651-5e2f-4975-a670-4023544e817a,C0060,1044,26,34.0,298.98
bfcc6e48-e94a-4001-99e3-1d80286c4a9d,C0486,1025,45,31.0,1929.12
eb702f54-21be-4825-b285-61fbe9120dab,C0787,1044,174,45.0,1303.11
f262b559-6160-4e4d-9552-a0b4d46ef4d1,C0811,1044,107,9.0,1087.68
c2f3fb69-1819-4c3d-94d0-8a8c5ff38654,C0023,1038,82,41.0,1378.68
320a689a-1ea9-48e6-be48-f7a4b08788d9,C0024,1012,58,29.0,1752.12
86da86ab-0c6b-410d-984d-be2bf221b040,C0785,1028,169,42.0,331.15
708a0156-f2f7-42c2-9f0d-2b27c55a6b2c,C0587,1014,56,25.0,655.42
a02280a6-fd04-492e-9a07-5477dca31df0,C0362,1046,77,3.0,218.87
35132466-7416-42bc-8833-9fee4815bf89,C0234,1044,83,14.0,1591.58
f566e180-da76-46f9-8d75-c92131f412da,C0142,1032,117,1.0,1732.6
c13296b0-3f4a-48fb-be40-747e0632fe01,C0826,1018,169,29.0,1204.7
86c57491-2dc8-41e9-ac57-9d03251707cc,C0650,1045,113,19.0,609.0
8166a26c-a161-4b8d-917b-f8078916313e,C0899,1042,28,11.0,1962.16
d48f6042-6ba0-404d-a2d6-357a5a506f74,C0308,1013,106,25.0,1085.22
d5af5fb8-f769-424d-9d61-26d7415bc3cf,C0225,1038,44,45.0,1818.16
5789608b-62f4-4358-acba-22ffecc81f84,C0913,1027,105,35.0,1693.52
f3c1b550-f3f6-4fe1-b88a-94edfd94b09b,C0918,1032,82,16.0,1205.15
c34968e6-34d6-4963-a28c-429956f82d18,C0256,1005,128,6.0,873.53
0eccc05a-6172-424c-ba39-a828af026ffe,C0261,1030,145,11.0,861.99
1bbcf069-d809-401e-af03-639cf93b58a0,C0100,1020,105,36.0,1981.54
bde11e17-620f-48ea-83af-dca5d615305b,C0403,1036,171,9.0,935.79
867bdd94-0de0-4305-ae8f-180c563d708e,C0736,1049,103,18.0,121.78
d0ef3f97-6f69-4ab2-a88c-1c89cd3f1446,C0182,1004,100,18.0,460.56
686c4d34-a14c-495a-9c92-c523127aa24b,C0336,1013,6,2.0,1280.43
1b94159e-fdb9-4991-b86b-100220e60b83,C0277,1045,154,8.0,652.44
23e04f68-a9aa-4787-bf82-91a8c46386f1,C0694,1015,109,7.0,1596.08
ad3ec539-e5e6-450e-bf11-7765a7108caa,C0417,1019,156,39.0,1651.14
24f31910-b38a-43c1-9d5f-4a066e413547,C0520,1004,81,26.0,137.57
17a08e68-b836-45c3-a901-5c105f2e88cc,C0489,1005,117,50.0,1507.52
ce2836fa-c38e-4314-8b60-d2136d868c8e,C0658,1009,110,41.0,429.97
8a11e4e8-4d5d-43f7-b618-03e2f58e003d,C0781,1024,83,32.0,1795.96
6bfed44b-1538-4ce9-ba30-bc7f08a91b46,C0312,1031,11,42.0,1132.38
136a69fd-5c0f-46e3-afd4-2c444f51f0b8,C0043,1008,40,25.0,1149.64
eef1c0c4-146d-4669-86ca-24fc776ddaa2,C0553,1027,176,11.0,1748.35
d07af590-154d-4b53-b229-21cbef99ca7b,C0024,1010,77,24.0,1956.64
acbd8962-95f9-4379-8683-ba2e3c69b7dc,C0650,1009,147,14.0,1156.94
110c33f0-fbb2-4a3a-ab0d-678575c71990,C0802,1005,12,15.0,1217.5
b10fffbd-8685-4ba6-aeee-63cf445c6ace,C0342,1034,118,20.0,186.5
c967560f-6895-487e-8cf0-bf5a333ddff2,C0586,1010,63,8.0,1015.07
6e6dacf2-7555-4ec7-8950-1904672c90f9,C0976,1037,86,35.0,1392.01
1805662c-5c20-4635-b226-17c86f45aa09,C0607,1011,44,25.0,1847.57
213edd24-8427-4cf5-975f-138f0a5ff85a,C0059,1026,118,35.0,106.71
95ab7f11-dc9a-4ae8-8a26-5b82d7dd91ee,C0472,1027,138,30.0,1665.44
1f8806d0-64eb-4ff7-aad1-c05307f445a4,C0210,1049,134,34.0,1015.07
c3113803-dc12-4f78-92f1-581674518df6,C0122,1049,77,38.0,646.39
69b2ff1b-64c0-4dde-ae0a-43b129023dbe,C0889,1012,89,20.0,1169.29
c838960a-afba-445f-8bb9-c83b68d5b147,C0568,1045,10,10.0,511.13
1b644017-3225-49a4-a197-8ccf850bd02b,C0475,1031,113,23.0,715.07
27574e05-5f3f-4086-9515-ace94150b66c,C0677,1028,19,18.0,764.5
4075f734-a2ff-4e40-90df-a41755d5a521,C0978,1045,1,34.0,534.35
1aca4947-851e-4e2c-a4b2-d6aaf5540691,C0858,1027,16,9.0,902.18
73149c7f-70a5-4c8f-bc6d-318cd9e9aa2f,C0266,1039,105,10.0,911.76
3dcfbd1d-196e-41c3-82e8-c4402e57a32b,C0864,1020,21,22.0,71218.31
a5e3dbf2-5650-46fa-a849-17b928e7b8fc,C0933,1021,131,9.0,617.0
45a9d885-06aa-40a3-a9db-17bb9575936e,C0919,1046,11,5.0,1811.52
48f03064-cf05-405b-9f23-64307935c4d5,C0813,1013,145,23.0,1512.62
40372019-1c74-4f21-b4c9-6e8dbd9315d5,C0059,1037,112,35.0,959.48
87329d1d-79fd-4a89-a4f2-d7834210f106,C0751,1018,97,21.0,734.99
7489660f-27af-4a06-bcb6-0b1fbb1d01e9,C0985,1018,167,29.0,392.26
3ee837ad-1a73-4591-a3ef-5105a0565dbc,C0299,1049,29,46.0,244.12
f6f3a452-6c13-4c63-84f8-1c60765a9514,C0960,1033,126,19.0,1104.15
a270b032-7e78-4d88-936c-011a2b1f9875,C0410,1025,7,41.0,1833.73
49f4451f-b26b-47ee-830a-772f5a2cd19e,C0188,1035,132,4.0,600.06
824499ae-8180-44e4-b538-95be15c637d6,C0475,1006,96,29.0,1849.34
5bb3655e-ca50-49b9-80cf-5768c228960b,C0412,1041,69,44.0,377.24
182a9cc3-037a-4e84-8db9-f59aaab7468a,C0402,1010,156,40.0,1225.04
b0556237-954e-42dd-a55a-b083365a118c,C0446,1008,165,16.0,1944.5
e79ff3ea-2e78-4a62-8267-ff1b276b6cb5,C0250,1007,121,41.0,527.81
7b4a4003-e4be-4f1f-87c2-b45d31c17d5e,C0616,1034,161,25.0,1220.7
f298c5dc-da0b-46b5-aa5b-ba508bfb476a,C0904,1020,172,45.0,463.62
822d2537-6469-463b-b7f0-e9282df4b174,C0632,1021,169,10.0,1252.48
604f642f-5f46-439b-90af-7682156f28e8,C0855,1022,55,19.0,525.52
24046a10-4f10-4dcb-af8d-645fdf2388c9,C0578,1045,98,45.0,1453.08
df317883-3768-4cce-9a3c-0f636fc128d7,C0808,1014,89,29.0,555.06
6082276c-63db-45fb-adb9-3d31c270410f,C0128,1049,79,24.0,526.25
780896cc-2319-4233-8d40-07cdbe9ca2f4,C0643,1023,48,15.0,1547.01
7f314fb1-d4a3-43ad-8683-d72e33674c93,C0186,1022,134,24.0,906.71
91c24e78-d9f6-496f-bee2-eaff010ef380,C0930,1032,153,47.0,115.22
7d8c3092-1f1f-40da-87ad-6130258e6a1a,C0992,1003,27,15.0,1720.23
e86149c3-1d01-49a1-841d-660ac143a869,C0571,1014,139,25.0,1291.95
6170e7c5-c85c-4bca-bdcc-684583a3cb4f,C0325,1011,150,3.0,1799.24
b9ffe406-9cc9-4299-bb66-f8f8e8d2fbae,C0120,1011,139,13.0,1349.8
06637580-f52c-4075-ab4d-78e3f64ac73f,C0722,1038,102,25.0,1182.6
57f3f1a2-651e-4a80-a87b-7e4af905bbac,C0620,1013,7,27.0,1276.23
d57c04ed-380d-437e-ab77-d73274f22337,C0509,1009,142,34.0,759.63
30498862-16db-49fa-bf46-3577b55c0221,C0263,1035,169,18.0,1380.48
e04079db-5048-42d1-91c1-a6483161862f,C0649,1016,131,45.0,1777.59
d255508a-6177-4685-8f77-aeb6a8175881,C0924,1006,163,50.0,1015.07
e1c40779-48f0-417b-8240-c66df8830d8f,C0672,1026,154,16.0,1434.23
e044e084-b6b7-4b64-8124-dccdba73aa94,C0621,1047,26,24.0,690.21
889ee641-6703-4ba3-a910-3c877987101e,C0235,1010,33,19.0,1015.07
b3fa5371-e5df-4359-9272-b554cf5abe50,C0547,1046,130,3.0,327.39
a8c2fd8a-cccc-4cae-8ec0-84ca1637dc57,C0850,1014,55,14.0,1327.7
ca09c293-22bf-4228-8bad-7fae2c647476,C0646,1013,52,3.0,408.61
940ae03c-4d04-4220-97c3-cc3cbbdfd154,C0127,1035,20,41.0,1336.79
2e9d0477-65d0-4165-a383-19830337c9da,C0599,1004,82,41.0,1718.5
1f4b57af-6830-48e3-b598-600217065df0,C0476,1046,109,33.0,1503.76
88491d8f-d866-4573-9ffe-03855fcb89a5,C0232,1006,71,9.0,713.47
0e2a6665-8d07-44e5-be44-25bbd16679c7,C0234,1047,15,25.0,499.14
b0246bc2-8955-4b21-82ff-356565237c49,C0261,1009,172,43.0,161.05
f25475a7-2423-4b25-a8e6-21908aa8f860,C0998,1028,45,44.0,265.3
a171eac2-bec5-4886-8c32-5ba71bc75b9d,C0884,1005,82,38.0,1725.85
09593220-6987-4861-be85-5ce6dd91472d,C0295,1048,151,50.0,950.41
127cfb54-8673-4c33-8f97-69126766b2ea,C0253,1043,94,27.0,1260.07
04f7fbaa-b39c-4b50-b75d-9c88bc065781,C0199,1029,29,40.0,608.23
8364b8b0-412f-4594-9684-2086b8d2422c,C0542,1037,19,41.0,447.78
7d822389-8822-405d-917e-5d97a69f6276,C0763,1021,63,10.0,1655.45
2c2b3197-c5a0-4da0-96b0-5b9ce8776fd7,C0903,1033,134,25.0,1015.07
146904c4-daf8-47d5-8cfa-3ed205ba2d83,C0755,1003,68,4.0,840.68
e5833896-684e-4bfd-8061-335e9482d406,C0471,1003,10,42.0,1332.31
c64f605e-583d-42ff-8bad-a13589198394,C0285,1006,109,39.0,483.7
207f5040-fc7d-42fe-a438-9f76357c01eb,C0133,1041,167,35.0,1930.43
72fcd6bb-2a3a-49e3-ab0e-a97eb68a4410,C0261,1005,173,47.0,1136.44
87139fa9-d282-47ab-8907-eb730dd59d2e,C0748,1038,127,13.0,1381.88
891fa925-d494-4dad-a8ce-fca7054953a4,C0500,1017,114,9.0,1116.07
db327990-2e7f-45a8-b601-61b4ab797a1c,C0808,1013,13,42.0,209.03
33a03fd4-949c-4334-b9fc-9bf982a66a4b,C0281,1035,123,4.0,447.38
d56d372e-5d31-48d4-9f6f-8982ee8f3aad,C0735,1001,122,33.0,877.25
63bcd63e-0650-49cf-8f02-ecba3d608355,C0100,1012,153,37.0,1817.87
03146fc0-be4b-4a42-9cdd-62b0401c4a5e,C0979,1046,158,6.0,1882.08
c2988534-02a2-43a9-9b27-15ae7150890d,C0848,1049,59,38.0,1392.61
0299aee8-dfc2-48d9-8714-b3cccd5a6ef2,C0527,1012,124,17.0,439.18
06b1cf7b-33f8-48eb-9023-757030c9c43d,C0706,1037,28,25.0,1929.2
2c3339e4-5644-4dae-bbe0-7b94b144dfbb,C0340,1034,93,1.0,595.94
82724f87-d82f-4624-b638-366f9b20f8c6,C0061,1034,165,38.0,1530.6
fea5e623-6a9a-4411-9ab9-7463c9418a48,C0685,1038,98,2.0,486.88
5697fea8-194c-4bfb-9205-1abe416099ef,C0794,1031,18,47.0,1283.66
4082c73d-2eda-4437-bf1d-e70187c8dfee,C0506,1044,107,48.0,72.93
22a5c0f3-0e92-4cdf-9e19-c96d56cd6449,C0388,1038,37,27.0,1422.57
b45152d3-17f4-4314-a3a0-b38517e2ea66,C0089,1020,12,5.0,68890.36
2fde946e-8a90-4b09-a0c7-f643ed243330,C0446,1029,71,28.0,67.98
4bff3423-daa8-415e-b207-f16d12ae3258,C0620,1042,12,35.0,1184.73
1680151b-2439-4cdb-8e3e-ac55f2299a22,C0737,1003,108,17.0,1722.31
f571a16c-7292-4b74-bcc4-af8fc953d6b8,C0195,1031,69,50.0,1399.99
c96ae99c-788f-4bdd-93e7-20f82181d819,C0009,1011,81,17.0,909.46
563d0f4e-4c66-4968-b71f-ef31bda63a64,C0904,1049,76,46.0,1421.61
4edf08c4-a6a1-499b-9298-fb8bb9d5fa58,C0234,1021,113,6.0,1015.07
3b6b80ad-2a22-4e37-a59f-0f9589536499,C0420,1049,23,44.0,124.82
05734143-7e4b-49e6-9493-1967e5c18cf0,C0949,1021,116,31.0,1832.77
e38775a2-4fd1-4cff-b3ff-cd43abee958f,C0148,1027,112,3.0,223.02
3b0f1796-dbbe-4704-b06f-966af8104d61,C0010,1038,4,16.0,844.66
5bfd64ba-da92-48f0-b38c-fdd760a2af46,C0381,1030,27,13.0,59612.02
213c54a7-6a17-431d-8e9c-e441614f368b,C0883,1004,59,33.0,503.26
e752f743-bd71-4d74-beb3-ce69d3e9b0e9,C0657,1035,158,32.0,1572.27
d11a7ed1-dfd4-494c-963e-28c0760fb3ad,C0798,1002,62,27.0,739.22
4ccff004-79cc-4f53-a1d6-ba9948efe606,C0549,1037,42,33.0,1447.99
3722e1a2-b1f5-466a-9ed6-5e2f0e888294,C0666,1019,116,14.0,225.94
7525777b-e997-479e-a7df-e92ae0039e6b,C0517,1036,19,49.0,696.89
28279d6e-d8bb-4608-8378-ae1a7ed2cc11,C0145,1021,112,31.0,899.34
6bdaab3e-df26-4919-9762-9f9662424c69,C0674,1017,164,36.0,337.22
63ce7dc6-dea6-4a26-a4bc-8a73b034f29c,C0673,1005,88,11.0,93.15
f924545c-22be-4ddb-979a-462a9c7095ff,C0042,1042,179,10.0,1966.15
54bcd11a-4a4c-4b43-9ea2-3d05a84769cd,C0708,1021,31,26.0,1749.33
d783a501-e0ad-458a-ae46-766323f570ba,C0314,1033,63,9.0,1251.44
e1f90794-6757-46b6-810c-8ac63ea7d1a5,C0350,1010,22,8.0,781.27
a2744c5f-6891-482a-bdc7-122a550b4677,C0213,1015,13,43.0,426.78
0fc09b0d-e721-4757-9eb9-3a7ab4271466,C0292,1046,125,4.0,1000.7
8b306fc5-e4dc-4ac1-b414-778d306d30d6,C0803,1040,39,49.0,1487.38
93f0f461-f5ca-4b4c-9c40-266dce0369db,C0254,1038,131,48.0,289.34
952eb54d-d7bf-4533-b1cd-8fae226cb549,C0070,1007,26,9.0,729.55
990ca8a7-d2e5-4d7e-89ab-5c2ad1cc1f1f,C0294,1002,53,15.0,582.08
16a9580f-3e27-43d0-b94c-1d2f005d5954,C0532,1023,109,1.0,1192.25
5a70fc21-ac39-4594-8f2c-79a2e731ab99,C0865,1036,46,47.0,1747.45
f16ede57-7740-4cee-8c4e-06f8cf0f13b9,C0786,1001,175,39.0,931.61
59233c36-23f7-4b38-a48a-3b3f4d7bf31f,C0975,1041,136,2.0,300.12
03971a0c-774c-4621-88e5-9729a17fe58d,C0889,1013,145,23.0,76.06
70afefb4-ee10-4145-9463-072273b58695,C0006,1006,130,29.0,1081.42
61b4b4ed-5eaa-41be-98a7-8b549cf4a721,C0588,1007,17,38.0,1530.12
9417dd0e-7579-495b-a66f-cd9918b4bf70,C0097,1045,147,4.0,110.13
6473ff82-99ac-4bd6-a44e-7b25d58ef9f9,C0466,1026,15,8.0,614.73
7958737b-d3ad-4e66-9269-4d9ad441e86c,C0267,1030,3,14.0,587.14
a8e44084-2b44-460e-8bed-c6c19ba26d9d,C0722,1034,67,49.0,525.14
1836ac75-bb57-4810-83ae-6f1b8818d7dc,C0100,1004,145,16.0,1008.61
ecdb15a7-5713-47e2-b5b5-619c817b690c,C0885,1049,90,50.0,972.96
7e8bcc11-d08c-4aab-b22e-e21b0ab5bb6e,C0846,1020,32,31.0,1086.52
2ff47382-1db4-4636-b369-f28f968b96bf,C0133,1002,164,16.0,216.53
dbd9a426-e8bd-445d-b743-2d3d5c667070,C0377,1045,138,4.0,121.29
3fca74db-0d57-4842-9b47-00aebe89fcd2,C0919,1000,160,32.0,1580.92
87ee7a97-b5c2-4aa1-b9f1-a4a895b559f8,C0903,1010,66,15.0,1041.58
05c39fc7-14c6-49b1-9b46-ea00fc1cdbf5,C0003,1035,16,17.0,495.15
220e8070-3532-4f90-b5fd-f3fff15be236,C0918,1043,147,43.0,1980.8
79a8ad45-a1a6-40ba-94d6-47e555c4b4fd,C0091,1038,177,47.0,1641.28
f52f3657-845a-476e-aa39-4a8bb2940f31,C0346,1029,78,46.0,1872.66
cca4e376-ebf0-45ae-b56b-4fa3e4bb38b0,C0194,1005,173,18.0,1860.38
dccf54fe-fa40-4c4d-831a-7b209981798e,C0824,1017,94,13.0,1046.78
34757ce5-6bb5-4c0f-9290-8fe47a667d9e,C0393,1040,150,49.0,869.26
f9e436ff-6e68-4e6b-ae52-2d2d4b3862d8,C0020,1045,180,4.0,1959.33
aca86026-f231-4c06-8dd0-aa834d9b90ad,C0315,1021,55,9.0,281.93
e7bb00ba-951e-4981-ab98-b0abd8565928,C0678,1042,63,4.0,1588.9
d18a6d00-c3ce-41f4-a7d4-a450260d1837,C0167,1042,167,21.0,1980.02
4471f9cf-ae8d-46d4-aa16-0a5542c256ee,C0312,1035,73,37.0,1252.31
327a56ea-a792-470d-bc32-e831087da259,C0958,1043,123,32.0,1015.07
accd96b2-e3d7-452d-83e5-602aee55cb09,C0241,1009,116,17.0,1800.42
1a7f11c5-c40a-4b47-bda8-eb9ae578e749,C0288,1029,165,29.0,1237.57
cea65b79-269a-4533-b2b3-98b71c845e60,C0517,1019,108,37.0,1490.11
7c500c8c-0075-43f6-afbd-38d261354da6,C0171,1010,24,46.0,694.36
2ca4946a-8b13-4398-a25b-1f0a6e7eafc3,C0784,1043,166,30.0,843.34
177844fc-ebe7-4490-a81a-501371d3c460,C0241,1014,20,27.0,229.53
28b13298-cdee-40c3-8604-a8b2a75daca6,C0826,1034,146,35.0,892.02
e5914d86-8cb4-43dc-a77c-ef28eaa709fc,C0270,1003,86,2.0,1719.26
2be417e1-2526-4734-b770-bb83f33eb696,C0730,1032,78,30.0,1238.51
4ce36e3c-efb9-4b4b-a2e5-8df792f5212b,C0692,1009,41,10.0,1015.07
0532d5c7-62fa-488b-ab20-65397d8aa0ed,C0834,1029,89,27.0,1796.69
e71815f8-a6f9-4733-ae51-871c00524e12,C0052,1000,155,14.0,147.39
7f8ad424-9d2a-4a90-900f-e7559a467b9a,C0266,1002,123,37.0,1595.77
0444ec43-a23d-443c-aba6-09394220ab15,C0627,1032,119,38.0,1582.5
7d68efe8-5d00-4c32-bc5b-ceb3a2f0bcb1,C0570,1033,176,46.0,144.18
f813a071-348f-4182-8132-c959f4ed04ec,C0309,1031,173,25.0,848.92
45224fff-0fbd-4c04-8e9d-b11f23a21dd9,C0664,1001,38,23.0,1077.86
b23ba310-998d-4b93-b6aa-2104caecc603,C0746,1017,176,23.0,307.77
033b178e-a793-417b-aac7-629d520896d6,C0429,1022,119,45.0,372.81
2afb1dda-2c12-448b-8a3e-25e8bfaeb5db,C0085,1002,59,42.0,1404.17
87f8dd99-8be2-4b30-a1bc-ab7f84492d1f,C0500,1002,56,45.0,121.76
7e3f281c-2340-4f4c-948a-34463c1f784c,C0669,1038,107,44.0,174.83
580feb85-0f7f-4a00-9db2-d42ce38b7cf3,C0198,1027,122,4.0,1413.27
a404255b-6d44-474e-9772-1b24c2c735fa,C0225,1008,41,30.0,1015.07
6f00003c-bc13-4f3c-a7c8-ee146bf6ca0f,C0960,1021,159,46.0,1758.22
62f9927e-72f0-42c6-9b13-2ec15da2fec1,C0813,1042,44,20.0,943.71
1eac5024-259c-42ba-9a95-3a46b1706596,C0255,1033,62,16.0,58.91
f4134e7e-deb2-4907-9867-9688eeae09ba,C0697,1037,33,14.0,59.07
06eb7e28-08c4-402d-88fc-e29e22e5c23f,C0763,1044,80,4.0,1015.07
2c9ccc78-772b-4fd9-b2a4-4cc1b6cc149d,C0535,1033,49,45.0,1015.07
41c1417f-9def-4203-8f0a-1a77f9c782cb,C0729,1006,84,21.0,548.09
93d280b6-d4cb-42eb-9419-ea39d5054d73,C0605,1046,148,25.0,1357.65
25e467ee-87a7-4641-bf49-16dea6587a34,C0419,1006,161,16.0,1758.81
62d17c23-e3ba-4591-a416-0592519b0187,C0330,1029,34,6.0,1962.09
f0183b63-69cf-467a-be0d-f0a703bb0db2,C0528,1025,126,23.0,1358.05
1f89f357-80e8-4e09-8449-0473f686ddb5,C0575,1033,120,11.0,1512.51
87a92463-3f7d-45e3-86b7-d3b57b0c2027,C0095,1048,64,42.0,408.83
a6a8c9b8-cbe5-4ee6-a659-ef90198b0c64,C0121,1004,60,18.0,821.17
7d8d94c9-848e-445d-bce2-a79156ab32fd,C0253,1006,103,23.0,972.94
797fc8ae-dcd4-4161-ae90-f05f63340c1a,C0336,1039,57,3.0,1342.66
bd396106-f1fe-4437-a544-e208a776c006,C0374,1001,83,7.0,1657.99
e05d73d2-5ba2-413c-b680-f0db6ed3303a,C0663,1041,71,4.0,1374.98
9d356ecd-0dbd-46b7-84e2-39a832e5966b,C0765,1008,157,24.0,144.78
a889a78a-7c35-4c05-92ff-f9177b698381,C0328,1041,163,22.0,1577.13
76f6c790-8d65-4662-81d7-cd5bfe62601b,C0273,1001,9,29.0,989.11
b472f886-0bc8-4634-a889-d7a2edee96ab,C0634,1039,92,35.0,710.68
f0178427-099a-4a0c-8ac8-e437b6f32f3d,C0766,1036,175,34.0,711.34
3a8fe5b1-63bc-4115-8f34-1d9628062867,C0981,1029,27,49.0,1729.52
b560388d-cb66-46df-92c9-381eff03e20e,C0885,1022,21,44.0,1188.93
053e4ffa-a458-41aa-abae-5f1040d59249,C0637,1038,142,2.0,1165.42
aa0d179e-83b2-4478-b966-465353c3bfe5,C0886,1001,59,37.0,1016.42
4c3340d0-1e8b-48eb-b5e2-f6ac02844524,C0423,1011,49,31.0,1015.07
aa5852e6-2348-4c5a-b008-44eba77a1b5e,C0946,1047,104,20.0,1669.69
d3119f8f-478e-41bd-8cfd-14dded01ee4f,C0736,1033,47,1.0,1771.33
fc238b5c-4c3c-41de-9830-bbb3473c9fcb,C0026,1031,149,37.0,569.24
2ea83381-617f-4e8b-9fb9-1e0ee6bf299b,C0237,1014,124,31.0,1104.97
67b37a4e-51df-495e-aed3-9fd3f0a90163,C0133,1012,66,7.0,399.99
02456997-ad72-4fdc-8eec-0fa93e3080bd,C0626,1037,114,19.0,1034.32
abf0f2f6-e78f-41a6-bf0f-e83fb455b94a,C0658,1044,60,19.0,1724.37
7c304abf-e5d6-424d-b9d3-67e0353d9c6c,C0939,1024,114,16.0,1015.07
e0f3a3c2-be70-497a-b334-a7919cfdb6f9,C0860,1038,138,7.0,1260.88
14104b16-06a7-4464-a17f-bd7f6bffde97,C0654,1004,153,24.0,1733.65
17db870e-3594-4770-b27a-a56cec7a6c9e,C0340,1014,65,36.0,1053.97
67b1775c-98d3-4da5-ab73-58de8f8f7cbd,C0025,1019,131,37.0,1597.73
d746483e-7ce5-43c2-a1ab-7d84f2a58fca,C0772,1032,111,23.0,1090.08
51a24cd3-ec11-42d3-9509-6d64210447c2,C0549,1039,99,23.0,940.54
cc50608b-669d-4451-9ef2-06197871b678,C0375,1012,18,16.0,1369.61
d0f3667a-395e-45f9-9530-526e1a8314a3,C0746,1037,135,32.0,991.53
8cb14c2b-bdbc-4bda-9462-d58ea9822387,C0723,1041,72,42.0,1015.07
c74eaeaf-1d9d-4d9c-9140-4ea58e8b5eee,C0190,1011,86,5.0,1764.95
e8237460-d0b8-4a01-9e0e-ba134a2c80f6,C0257,1005,60,37.0,1015.07
9804c5a9-cf45-4e24-a3ca-95e41e821054,C0584,1039,162,20.0,159.0
11122066-5f5a-4ccc-a0ab-8cfe9b6b7d70,C0519,1021,165,14.0,632.85
00ab85b2-f189-4ae7-8d73-3dc02c73acce,C0107,1031,11,37.0,1191.49
b0165042-d332-47bd-9c18-11c735be70e7,C0996,1007,150,19.0,1178.56
cf0df1aa-a25c-4371-a5bf-5f40bdf7006d,C0067,1046,73,48.0,484.11
a14a0afb-55be-4609-a221-1ab88f340034,C0312,1042,23,21.0,582.79
e2dedb07-84c2-4b21-a1d4-25b1c956c415,C0127,1000,49,49.0,890.12
6e57c765-28c5-45da-8408-52da71685b74,C0399,1002,90,42.0,1345.6
8d763be7-b59e-4706-b020-8a454332a5df,C0974,1026,101,8.0,24318.23
fa782f6b-96d1-4d70-96e9-832522d53d0e,C0225,1022,70,43.0,1995.09
e9be61c9-daa3-412e-a495-4ad18f5ec214,C0200,1016,167,25.0,1072.18
8e70733a-a5a6-45c8-9719-d6185ef3d1cd,C0482,1032,166,32.0,248.59
2f320731-e72d-4886-801d-0532591d3cee,C0379,1029,135,24.0,1993.73
09745a40-159c-4d1d-87ec-a3d946b2a407,C0780,1017,50,6.0,1674.43
d6541c35-3f53-43a8-a100-08c1b3d9405a,C0564,1015,59,36.0,921.77
952d9884-1e0c-473e-bce2-f2612f29971e,C0865,1046,19,5.0,1303.9
f079ffe2-3cf7-4a0f-8715-702b817cbf15,C0450,1021,170,43.0,515.87
9ad6ad1b-c2ba-42e8-94a2-266fc2b06f6a,C0608,1004,5,35.0,229.52
d46c29e1-bdfc-4dad-9fb2-1f965d2cae61,C0494,1018,12,41.0,519.33
8a6055ca-f439-4d5f-aca1-bdcaee4b95da,C0869,1019,69,48.0,865.28
698c3e0a-9b63-4a3a-8b18-914f85c023b7,C0174,1010,134,30.0,1141.07
f0adc5c9-2f32-4a9d-a35f-fd993d8810ff,C0449,1029,99,48.0,1672.64
220f3af9-eefa-4014-9800-7241f754fb3b,C0893,1031,120,16.0,324.63
8e180368-16c9-4e2c-9409-c9c21acc0b0c,C0573,1034,175,44.0,1978.25
b9af14a1-58cf-4bf7-a958-749bc4623e47,C0927,1012,137,36.0,244.56
505e36ba-e55b-4b3a-b0c5-05cfd059fc80,C0660,1020,166,10.0,673.15
9ba80c51-54af-497b-92a4-d640777bab58,C0835,1032,133,37.0,1263.03
34382953-43bc-4200-b997-ab870ce36403,C0378,1037,39,10.0,139.69
23a256e5-909e-45ce-9bbf-7706ee3f3aad,C0148,1017,104,11.0,1250.07
99e51e95-09af-4bf3-85b6-2bf56598c218,C0142,1034,171,12.0,856.18
75160a55-ce2b-4615-95a9-ffce327b8b00,C0763,1048,134,30.0,587.37
93a324d3-f50e-4d16-96df-a2022d1a6827,C0433,1047,31,4.0,311.54
5a98a17b-7d1e-4104-a49f-834183ba43b5,C0722,1020,40,1.0,1370.66
6eb3c455-8997-409d-baab-3f65d72227a2,C0780,1035,98,34.0,1152.34
cf5bc78f-d997-4bd2-9717-36a0dc3a0638,C0520,1009,86,13.0,1213.33
6a43574c-9e8a-4f63-bed5-d7c5993e848e,C0155,1011,83,25.0,1875.11
cef77de6-8e7b-4c08-a085-b0e88eaeda03,C0825,1033,75,31.0,918.44
0fa0e636-dbde-40e9-a677-e5c8912688fa,C0008,1047,52,23.0,1943.44
c828ea1e-a7da-4ddd-8e01-d2d14e722303,C0914,1044,164,27.0,1165.31
ce52832c-e4e5-498e-ad84-46bdc0e7badf,C0358,1006,83,16.0,1081.9
d3d0d11b-6070-4098-a1be-6dca47d5842d,C0588,1014,111,40.0,1486.34
a4a3f714-29dd-4566-95f3-3a3ba389a229,C0199,1030,61,20.0,1057.41
58ab275a-73c6-47b7-b4ca-33737b89f622,C0253,1024,7,45.0,665.24
04ba0189-5c2f-41d7-9d65-419778972699,C0516,1039,63,40.0,466.51
5fb35221-0d6d-4b1b-9975-11a243f47aae,C0654,1002,102,49.0,700.23
71dbd51a-bbd4-4155-9871-508594beade4,C0098,1021,136,39.0,139.71
d988c945-97b2-4e22-8ebb-e691a06e2477,C0032,1000,128,49.0,362.55
48e5542a-3c01-432e-b341-7b25ab6536b2,C0069,1003,24,28.0,1617.12
b44f973a-5789-45fb-8cbd-c9bd45d8afa0,C0898,1044,74,45.0,128.45
abb816ab-2a5e-4519-9d8b-53359b109f2c,C0051,1041,58,2.0,727.4
5ec3c1de-a6d4-429e-adfe-4bff7883768a,C0537,1036,11,31.0,694.31
f1866b25-f7d8-4d0a-a99e-4066443c3cd7,C0727,1035,32,30.0,1138.16
876e7f6e-832e-4ad7-af48-160350864463,C0885,1041,10,15.0,901.62
3b710e13-846e-4d2f-a87f-4492bae003f3,C0480,1002,3,8.0,1237.45
0fb95781-9e41-4a4c-b909-189b465640f4,C0351,1022,60,25.0,1487.06
2b671419-b261-4bfa-99f7-e74bebd46d74,C0113,1047,127,50.0,1813.83
ba97f931-20b2-430b-b4d2-9b4dec5601f9,C0653,1014,48,25.0,712.76
498d0ee9-4ecd-4ded-8380-80fe04855530,C0187,1030,162,14.0,1518.71
2010aba3-b3ec-48a4-ae05-f4aba362c7cd,C0965,1006,123,22.0,1585.65
5776f812-5221-4d1f-ab1c-c42b42116ecc,C0551,1046,17,38.0,105.94
509212da-58d6-4c32-a4fa-bc4539f49342,C0846,1032,52,8.0,1870.51
e4355839-5eec-4917-80f9-c09a21e7619e,C0172,1036,144,42.0,1227.71
894967ac-0cb6-474b-84e0-ac898f4cc031,C0571,1019,83,7.0,243.0
c5362e99-48e6-4b16-9090-3f7ae9f2eb38,C0380,1044,97,49.0,1015.07
5ae5788e-e312-4c2a-b028-184ed31544c9,C0940,1007,77,34.0,1555.53
cbbef77d-fa54-4a5a-9103-114a5759f863,C0730,1026,93,40.0,82.72
82d1981f-c1b3-4291-b9b9-96397a9ae748,C0504,1031,137,31.0,199.63
009cafd1-b627-4336-bde7-ffbb9f043f7d,C0269,1018,129,21.0,141.2
51a67534-245a-4d06-aba7-b76c551dd1ba,C0142,1025,40,25.0,1680.65
a1ca2861-8cc2-42a5-a78a-365fa28251ea,C0943,1049,38,21.0,509.0
4ba31007-868c-4923-8b6f-afa35a9a0a7b,C0927,1022,152,10.0,361.65
28fc0d5b-7e38-4298-b7a9-8b772e70263e,C0199,1023,175,20.0,1963.54
b66345e2-100b-4b56-ae62-682c27d7a684,C0841,1026,153,49.0,1015.07
04436f10-0527-4f45-8564-ad4c597665ba,C0944,1012,151,24.0,1345.16
c1cc28da-b7ec-434b-be10-c822896d0474,C0171,1022,37,6.0,1333.96
53748a93-35e3-4445-82d2-0813a23074fd,C0044,1014,51,25.0,942.73
e16becea-8ec8-4c46-b0af-d753db37c85a,C0953,1044,50,25.0,277.78
e9727582-8bc5-4377-8dc1-76f56976eda7,C0143,1045,32,36.0,1969.76
8c9dd842-dcbb-4a30-bd27-d8a013a2294f,C0930,1007,75,40.0,1749.01
83c9bc68-6411-4bf4-895d-220cde12a190,C0175,1028,28,12.0,629.01
ff59bf1e-d0c0-4511-843e-8f1dbbaefb10,C0238,1001,171,10.0,1603.6
0cf5fb38-9362-42f1-809b-7a01b4a70f82,C0151,1010,25,12.0,187.75
e3586db6-3dd6-4ca0-b94d-e57c41242625,C0153,1043,63,38.0,1025.04
612b6b9b-aace-40a1-ab96-15ce4c8c08eb,C0657,1037,114,46.0,1084.0
c118ec2a-a49a-4d41-ac70-238e20bc765a,C0889,1031,98,12.0,974.69
aad46e49-ddce-47fe-a04c-3e5f1dae0f62,C0338,1033,23,25.0,68.9
4233cbf2-9481-47a8-b229-b97009f1bbd5,C0534,1012,105,41.0,1629.63
f1f0ad28-50eb-4342-ac66-40c5bf93dec4,C0198,1027,73,8.0,1896.57
1cb7fe11-88b7-4fda-bdfb-3357318ba240,C0100,1017,140,24.0,538.91
ea74c1fd-a6b8-4112-971a-9e2bf40771a9,C0691,1029,77,8.0,1696.2
f0a0b3e6-7fc8-4d53-8f51-23111b29374f,C0659,1049,56,36.0,1491.83
b76fb6b9-043c-440c-81ec-9010bc633424,C0596,1025,4,1.0,1007.28
fa8fb667-2274-42f9-87f4-7d04a6a1622a,C0645,1020,120,45.0,1276.88
3b294532-ee0b-4f55-9557-30bdcc48fd34,C0399,1014,142,25.0,1015.07
72e3e769-c642-4bcc-be0b-588e39fba445,C0113,1027,130,25.0,1708.13
4515bd20-c961-40c9-8a1a-93f762385f2e,C0251,1002,70,6.0,652.33
53ab1a3e-890e-4c2d-af82-e551aa295c5b,C0858,1003,132,5.0,1369.63
4401560c-03de-417b-9c3b-f5e7b644c41f,C0971,1013,79,8.0,298.22
f9c0bdf6-04ff-4d2a-943a-35cf810bafa4,C0786,1030,166,14.0,1771.4
e08ec9b4-7e5b-4a3f-9ea7-809f68e978a0,C0632,1036,64,37.0,174.46
4e2eca49-f30c-4e1e-be6d-3a1e625b4f92,C0676,1045,27,7.0,1745.37
a9ccf4e4-404a-420d-9756-dfe9deb03846,C0769,1022,171,49.0,1490.18
c5476917-5811-4d27-8b24-3f91b5d76c3b,C0303,1043,30,35.0,427.9
4e839b9a-749d-49a0-b233-5b84504b6c3b,C0667,1024,34,10.0,291.73
ef70f705-9986-4789-bc44-9071a918f289,C0445,1048,7,35.0,1015.07
4b40b514-8e4f-4b00-9e65-6e2dbd47d04b,C0541,1049,76,24.0,550.17
235d337c-2f4b-489e-98cb-6f729b4f1b36,C0498,1006,156,45.0,1279.62
dd8fe8de-9e07-4eac-8ea4-a1ad5d9f5e47,C0317,1039,90,39.0,993.42
3eb10b17-925d-4437-a2ba-16d4b006a835,C0893,1010,108,13.0,1033.6
8034e49b-ced9-4dfd-8693-ffa4c0ed2799,C0949,1029,94,45.0,39984.31
981bf64b-7b80-4e06-af50-045dec6dc0d4,C0252,1028,81,50.0,1686.8
2d80b4e0-e496-474d-950f-9578d6b6708c,C0558,1014,43,43.0,944.87
57f83e98-a2ba-4353-b145-01efeedfe3c0,C0940,1029,81,46.0,313.04
64a0182e-b893-47b0-9472-4f7cf92b0d6a,C0192,1014,27,10.0,422.19
2ec8c333-9931-49e0-873b-bf102ac28a9a,C0449,1041,95,33.0,664.6
885a398e-e7b9-430e-b720-3a626ab86157,C0714,1026,174,36.0,1086.08
d8b0ea42-34e8-471d-a57f-1a2d937f406c,C0368,1024,35,14.0,83.4
378ab6b5-181f-4272-9102-78daed556ba8,C0130,1012,15,6.0,368.32
1881e325-f1b7-4f9b-81e6-75aaba8a18c4,C0389,1003,156,9.0,1502.92
090ca60d-23c3-42b5-836c-cfb0b142da3a,C0145,1032,118,2.0,697.54
38a85854-02e7-4877-b363-f367c0a4f987,C0872,1003,23,40.0,1283.42
a6c895cd-2e19-4735-b393-3014cdc7e239,C0253,1040,86,38.0,1098.03
8b8de82f-449e-403c-ac76-e15414c12ff0,C0711,1035,26,16.0,1935.61
73f31beb-8945-47af-a311-9d06a14afc11,C0063,1011,95,24.0,1075.87
7170f88c-db28-4b4d-b5f7-60a1766e192d,C0866,1015,12,10.0,647.32
838778a5-2fb7-48dd-8d2f-bb7fecb4520d,C0854,1047,140,4.0,1371.32
75292d37-6bd7-4e44-a911-0872e4a42ce9,C0961,1032,20,6.0,1942.03
d32d764d-2113-4e6b-9ec9-ac97d43f4d76,C0026,1042,101,11.0,1931.3
af1cebb7-c8aa-4b9a-bc32-b39e91cbd972,C0915,1004,1,32.0,1060.15
f188b824-b62c-44ee-aac5-ebb84172fcff,C0731,1029,171,6.0,221.42
2c23796e-2fbe-4ba2-8e9a-0e4930220edd,C0007,1013,110,4.0,1307.0
f1fa68bc-cfb2-4a9d-9344-fb9d9ffa7713,C0607,1047,162,37.0,847.96
ce75526d-885a-4818-b143-55100416324f,C0223,1045,121,42.0,1766.31
2baef466-2961-440b-880d-7b3dc16fb93c,C0737,1000,58,28.0,1907.04
3b6346fc-93cd-447e-bd59-f2c79eea2c02,C0124,1034,121,9.0,1032.92
3e61fa0e-768c-4d08-a370-afc1644eca7f,C0781,1045,126,7.0,1624.02
a0abc491-76ea-4887-83e6-4ded94bcc8d7,C0548,1002,119,24.0,1162.39
4bd96e53-2f6b-4b2a-845c-8a72ae9f5cc8,C0702,1039,40,34.0,582.46
1a06a3a6-810f-4d23-ae78-10180b95b3b3,C0869,1027,104,11.0,1434.98
ba56b047-59ec-4c31-8ae4-9444978d009a,C0126,1030,149,14.0,151.42
f8f2aead-bc2d-480f-91e4-30015778ce05,C0264,1030,80,17.0,949.36
23882b33-26b6-49d9-9168-03a02fe0d099,C0505,1039,175,7.0,1911.95
4fa655af-87a5-4016-81ef-9ab69d743b98,C0456,1015,158,8.0,1220.41
3cea8b02-91b1-4397-a7dd-961df5b4d320,C0476,1040,161,30.0,784.16
d2ac23ea-699c-4d2a-91ae-328ff9b77132,C0909,1001,157,12.0,1015.07
b3df4f22-fc8e-4329-9dd6-1071f5d9d4b8,C0244,1001,30,32.0,509.6
5db46d28-cdbd-4ecf-8952-494e689afe12,C0605,1024,45,5.0,1693.51
3ee43be3-f0d1-4e86-ab15-682e4325ed3c,C0577,1047,128,10.0,1117.08
c41c0ebd-cd91-435e-bbe3-9a73ca12c627,C0075,1017,86,19.0,392.87
822f5ce5-a0df-47c4-9768-bd03a85778d2,C0283,1027,113,26.0,1868.58
d2e853b3-2f91-45c8-8bcb-5a47561740b7,C0753,1004,53,4.0,649.29
933e1fe7-1f21-455f-8373-f1fb8b44d106,C0314,1027,175,49.0,1041.29
3b94f04e-dd22-46c7-9492-76abf0dace56,C0126,1037,108,12.0,833.61
3f0ddca2-68b0-42bb-96cd-3cc71776aea7,C0141,1019,18,4.0,1170.46
12b72a7c-1a01-4332-b4f9-b0468da4e9ba,C0663,1035,94,15.0,501.75
a382e9c9-29dc-438c-a2f8-d27c65ab2363,C0947,1021,38,45.0,1288.91
e3937ffc-3c13-420e-bff6-c9eef0a58014,C0552,1027,149,43.0,274.88
ae5d8314-0c67-404a-b077-bfcd843a16a8,C0215,1041,125,22.0,689.35
86a23e22-6292-45b6-b0b7-1430e7c7acca,C0820,1043,36,42.0,1015.07
743eb6ae-4b8f-4546-aba3-b97ab70013b8,C0078,1038,56,31.0,180.2
1ea692da-0fba-47e9-a547-9cecaaba1238,C0936,1040,63,27.0,1480.1
64c35843-8cea-43be-8480-00fbaf5831ae,C0864,1046,69,8.0,1701.0
383d8cb4-05a3-4b74-a727-ed5b3223ef97,C0280,1037,86,21.0,1598.69
2a6da8bb-3467-4183-8a5b-26ef4f7cc23a,C0755,1012,31,50.0,1015.07
71979b05-a65d-43be-9e42-4bcded122e6f,C0373,1017,2,4.0,219.62
0e05e14b-9537-4105-bc81-c7ab341c18bb,C0030,1038,125,25.0,122.47
4fb0375b-d208-4447-a5c6-4030256be6e9,C0516,1017,174,13.0,422.23
5d8d1a1f-cf4a-424c-8d66-c8e675067bee,C0256,1047,98,33.0,77.7
304ec671-dc21-46ff-878e-1b24048b8b8a,C0746,1036,35,16.0,1313.13
c27b49a1-68da-4d57-9f8d-69eaf74484b7,C0701,1030,133,3.0,1124.98
a64152d0-1b2f-4e54-a7ad-5b4110da4e56,C0169,1014,97,1.0,1852.13
d76c5107-ef8a-490d-9c22-85ba29735327,C0178,1008,105,35.0,1429.53
1d4c3d83-4f63-44be-be91-6e14ee541801,C0333,1030,88,1.0,51539.45
1636942c-8c9f-4657-9374-4e5971608a00,C0456,1001,129,36.0,1786.07
1b0df781-2e5d-4774-93a5-75758882934e,C0432,1032,106,32.0,533.71
c55402d5-c37a-4fbb-a318-121153795fb5,C0078,1011,40,34.0,641.91
52d042dd-434d-4ba0-892f-fbb63be0f817,C0856,1041,115,41.0,816.76
682c91b4-66b4-4ba2-934d-15bcf8aabffb,C0558,1026,122,31.0,98.03
fec05e6f-b303-4502-9b39-4261df0ce41a,C0416,1014,95,8.0,1015.07
c73b42ab-2367-4eab-8922-d6552d701775,C0385,1040,8,2.0,1749.56
31921c50-fede-4545-bd06-08146f8ea007,C0329,1046,167,37.0,918.1
dfd0a417-af69-4255-9cab-afd2547d4cf5,C0673,1044,23,37.0,1543.43
cf19f95b-eaa2-4e38-b3d1-28a5266de89b,C0613,1006,172,29.0,758.1
c6e081d0-d0bf-4675-9648-a994de9542ab,C0661,1006,101,3.0,851.72
e5ef210d-d07f-48df-91f4-aae697ae467a,C0863,1048,29,1.0,1375.23
399a448a-dc4a-475d-b5e3-04048757b40b,C0458,1040,21,4.0,1118.24
2cb09540-ee8f-406d-beec-69d1631a1d9d,C0689,1049,45,10.0,1599.4
517cd496-9eb1-4c5e-b423-85661ce76105,C0119,1041,47,42.0,326.46
22472a6e-2bb3-4080-a3f7-366d7f7fc969,C0684,1029,39,23.0,500.86
83bffc93-a92d-4d4e-acb2-a11719f7a61a,C0187,1033,150,44.0,226.83
01fd4ae7-8ba7-4208-8dfa-1b7f7a885a27,C0395,1035,88,22.0,1251.71
089bc59e-8e7a-4d1d-abad-430f640d24aa,C0120,1044,132,5.0,1015.07
7a7e7cb7-6843-4922-bcc1-3099b8a79859,C0200,1000,27,9.0,518.3
fedc801e-bea9-4137-bd7f-29a40ee5608e,C0732,1039,105,30.0,986.53
9faabf06-4665-417f-b566-d77ccde7d1bd,C0876,1039,100,28.0,165.13
dc73ac89-76bb-4cd5-8e87-2e1375955d0d,C0350,1033,153,30.0,1758.77
2661d2af-9a70-4630-8048-0253dd8ad20d,C0810,1047,61,43.0,82.06
95263a48-8283-4766-b452-649130590b44,C0280,1043,170,37.0,1462.96
fa889339-eb51-4dbd-b38e-98b4ca00d753,C0166,1040,107,18.0,1876.74
a89710c8-591a-4993-8598-ebbe93340ce7,C0372,1010,154,14.0,1622.7
96bdeb1c-7a82-493e-993d-65949595a1f9,C0335,1008,107,31.0,606.5
7c65e9e1-c2fa-4a49-bce3-12ec9c3553ac,C0721,1005,155,50.0,1599.99
dae5b131-e478-4c98-9bbc-de82d7f178ee,C0305,1003,147,26.0,347.09
98096455-ba82-432c-b171-7322be506f7d,C0733,1001,146,19.0,1154.65
7380ccb7-05ee-453c-a0be-6b98c705bae3,C0755,1031,132,6.0,1242.45
1ef4c9af-10db-44ee-8fd2-b8c0ff74c9f4,C0533,1008,57,36.0,889.99
c5370693-1e28-4c1a-b470-62f37c378f94,C0908,1022,143,4.0,152.78
78d7d543-11ba-49c5-8778-f28c458e6c96,C0675,1039,10,37.0,300.4
63675995-c43e-483d-a3a6-97395df1b4f3,C0239,1008,34,49.0,1412.89
59ddedfd-d1da-4e33-8592-cbf19716f04c,C0857,1028,137,47.0,1015.07
35e97960-5907-439e-a120-de78336d8283,C0441,1007,35,38.0,794.75
a8ace11d-7729-4932-9bde-1d3d2360fdf2,C0187,1004,36,15.0,1015.07
9d74c061-61db-42dc-8266-f5314525a4f7,C0620,1000,33,38.0,1948.76
44bbe10b-522f-4d56-881a-d5a3f55b8eca,C0954,1046,120,28.0,135.73
6a42f5c6-4414-4195-91d4-e0c92090e9a8,C0920,1011,96,13.0,500.6
2612c1ea-98ca-4e9f-8c7a-924ee0327e67,C0661,1015,4,14.0,712.13
88baf78b-7f15-4fd2-8da8-8545842a84e5,C0603,1024,174,24.0,603.73
5db60464-d5a9-4d83-9d60-70403d3a73a1,C0515,1015,18,25.0,225.84
d2fc3b4b-1f02-49cc-9b40-75e763f633be,C0850,1041,97,12.0,464.66
78e776da-a619-41d7-b08c-0e2193b76519,C0914,1031,178,8.0,420.92
79a1b0d9-31cf-41c1-bcb0-9d08b0462b4a,C0301,1030,92,17.0,1068.5
eb922a2f-0f13-47a4-a9a9-86ad57038b98,C0402,1030,24,45.0,1331.97
39d6c098-c327-4696-ac63-736eaf220aa8,C0390,1016,3,17.0,497.6
15959cf4-3da9-41a6-b853-a907a8fdab9f,C0424,1046,125,6.0,1019.74
9d8f14a7-f944-438a-b75c-4f087aa1b7dc,C0912,1030,165,28.0,699.66
7a31698d-f07f-42b4-9c4a-8e26f873bb0c,C0463,1043,8,40.0,86.32
9207c5f9-784b-4f9a-af96-80c4a59ccdd2,C0130,1036,74,7.0,1458.99
30b12be6-35a1-49d3-a9f3-1ca1617cbcfb,C0297,1047,75,36.0,927.24
4d89858c-8c8b-4f43-aa87-97ad1db6e105,C0812,1025,121,34.0,1472.22
698f36ec-16f7-486d-a2f4-fc94d48be291,C0802,1033,71,2.0,1057.3
829483b3-75fa-48cb-b7d0-e695fea28236,C0799,1039,128,9.0,1137.79
8ca24781-addc-4492-beac-4fdff32748c6,C0101,1023,142,12.0,356.5
3d9ffef5-e56d-4c83-8b8e-aa353066623b,C0096,1031,118,49.0,1828.85
7007178a-2611-48cb-a1d6-aa45a961e56e,C0976,1007,87,26.0,390.4
f0a0a1fb-9849-495f-98b9-da67e946b88a,C0256,1013,168,42.0,1039.3
dc731d08-47ed-4fa0-b398-3d15cfcbf3b0,C0485,1009,104,24.0,103.96
ef3d19be-7387-4fe0-bb3f-186d13446e0c,C0416,1032,137,50.0,812.42
74ee46e7-0354-48ea-acff-9a99cc8098a6,C0968,1038,119,10.0,436.78
3d1193a0-3efb-4ba4-a490-f14857f9f418,C0605,1004,66,13.0,1254.52
dac441c5-5938-417b-bb3b-cbd74fc860f6,C0239,1046,180,44.0,448.54
5ee3506d-46c8-43a5-b6bc-094fd7997460,C0295,1004,137,31.0,1049.66
efa53aa3-6ca0-4c20-9696-ed2a014c59a7,C0237,1008,138,26.0,1686.42
006bb5d1-5ceb-48a0-b3a5-d0abe3345285,C0098,1033,177,12.0,456.13
f3575031-12fa-4231-85e9-c8414be7d934,C0913,1048,154,23.0,1355.55
42de4855-da07-429f-848a-04a22cdbc845,C0217,1021,9,26.0,1015.07
684263f5-b347-4b9e-aaf0-298ea066e776,C0795,1007,112,11.0,1888.69
523e9094-87b4-4bf6-b466-d6453ba4d8b9,C0587,1020,85,18.0,1802.88
d63fcd67-60a0-4781-8066-87f0317c7cab,C0742,1018,97,30.0,1612.0
9ff8ff1d-ef4f-4909-8343-7a6111696782,C0206,1001,53,36.0,804.05
7679523d-8dc4-48a5-83ab-3473b0d2d969,C0497,1034,128,5.0,1304.18
664c65ce-b23b-4a8f-8107-36f2bdebcb07,C0318,1020,105,16.0,620.34
62bdf7ef-ff13-485a-9046-ecb622481306,C0664,1028,4,11.0,1633.91
457c343e-ec11-42fb-9b70-3459aa4f8970,C0633,1031,40,14.0,1635.21
89079b60-3570-44ed-a316-61afcdc5d004,C0382,1004,117,10.0,1494.12
a71859d8-4d9f-4c25-b0cc-85f644ef589e,C0673,1008,151,3.0,1839.64
781709e4-e51a-49d6-935b-ec6295381f02,C0705,1027,143,47.0,501.04
c0b7cbc4-a34a-4e5e-a689-2a59a310f4d7,C0046,1018,123,48.0,1196.17
149055eb-d404-4139-815a-0b071921358d,C0920,1032,9,4.0,908.16
8bc12eff-101d-4f5c-95b0-42ca66e8ab8b,C0920,1027,92,4.0,343.62
d810de03-47d5-4ba9-855f-c7529b3d1d26,C0409,1005,57,24.0,508.01
b4501d3b-f1af-4c10-a676-59ac93715c12,C0855,1027,110,6.0,754.51
d4780485-b639-4f3b-8a27-8647473c46eb,C0182,1046,176,9.0,1766.72
18fdaf7f-a030-430b-9a50-73a3ca25651d,C0977,1016,127,30.0,1463.44
dc2005e7-f0f0-4c35-a6a8-afecfe03206d,C0284,1015,33,27.0,1123.65
daf77663-36e3-4853-9f84-ca1a027c3d39,C0181,1005,102,35.0,1028.6
507b6db0-daa7-4567-8f9f-687967c2a469,C0785,1047,42,47.0,566.0
51210589-f2e6-4b1c-80fc-56c07e189297,C0163,1007,14,40.0,1344.28
267ff807-dc3b-4cd4-9459-62b43bccf157,C0680,1007,60,47.0,1249.72
d73851e0-b213-4b81-bc7c-be1072941179,C0553,1013,147,9.0,1249.89
494d3c13-0b6d-44e4-9c15-1465c3c5f869,C0482,1012,33,46.0,1722.91
4b6d47a2-84c5-4514-bebc-60a49558281c,C0904,1021,11,33.0,1439.71
8cee0e80-3646-4e42-b2e2-11580da361c8,C0289,1042,117,8.0,1336.57
9222e110-e8ae-40bb-b76a-d4edf39685c5,C0071,1005,131,4.0,1843.56
26b677f1-7488-40ec-8c18-21228dc79f93,C0044,1040,7,6.0,1050.09
8038bdb1-d748-4050-ae10-5a5ff0f8f846,C0716,1035,142,41.0,813.27
14a6498a-901b-4855-b1df-93508503984b,C0075,1016,75,17.0,271.42
82824a16-3dee-4127-8836-daf293eaa4e7,C0645,1039,159,3.0,57.18
e2ced6c2-4425-490e-8312-c2a63acf1eef,C0031,1033,82,38.0,1007.19
f7674658-e557-4df8-b937-b329ccaf1fc1,C0304,1016,68,25.0,410.61
d0379a76-76f2-451a-a9f0-eb5c5f242897,C0998,1018,144,6.0,1344.95
cc7633b0-ff21-4031-99e1-cafe2f90ba50,C0462,1045,128,7.0,1015.07
cf861958-bc40-44bf-8f13-6387e9fb64f2,C0931,1005,40,49.0,748.22
1a0d624a-3b2f-49fd-a097-f5dfc88f278c,C0176,1031,109,21.0,1835.88
442b0b2e-4667-456b-85bc-ef792f5ec96d,C0450,1008,155,29.0,1729.4
22d5904c-b80b-45f0-aa62-f6fb083c661b,C0223,1044,49,46.0,192.54
963fe616-7b24-4b84-a1b6-e1fe1fc52a39,C0854,1045,7,14.0,447.44
90797dff-6f4f-47ef-ad36-52b28dc54526,C0259,1046,16,21.0,888.83
17ec38d1-e289-4155-b9bd-fb22b741f017,C0517,1023,40,9.0,1892.1
96bd23b7-5eb4-4ffc-a10a-fb2067979d31,C0979,1016,18,3.0,1015.07
7a3d6d2c-9b4c-4c0e-8204-8bf9c8489e92,C0416,1044,156,27.0,80.2
0f4f64f7-aa25-4c10-9d61-ea58cc6c2ba3,C0595,1025,90,37.0,1602.04
6693d31a-17dd-476f-b367-1b01f23cd608,C0550,1038,126,23.0,1050.31
cc554ef6-7867-4bd9-892d-6bce7efc55c6,C0777,1038,41,49.0,369.67
e8271ca4-55ea-4019-a2ae-77d211bde376,C0900,1027,75,48.0,839.37
c0bcea7c-a883-4fe6-83d6-1b33a02f00a7,C0421,1020,9,42.0,165.05
9a2a6ca3-5273-46d8-8b6f-6b6477787ec5,C0436,1007,160,5.0,1902.5
93dca5c8-98ae-481e-b037-d9ba9f5a01ba,C0031,1048,146,43.0,1521.42
01dd46a1-ff0b-4dbf-8a26-55a4117c5fc2,C0344,1018,41,21.0,1169.91
c8c51e1f-d1a7-4780-993f-847853e22051,C0184,1035,34,50.0,1868.36
c8f32b9e-f325-4257-a777-917ab586931f,C0048,1048,145,17.0,1260.99
1aeb95e7-498e-402e-a88a-a30268103404,C0135,1044,97,3.0,1029.67
0a96b2d0-541b-4c07-9b35-391f87778b96,C0630,1037,108,13.0,1892.69
42beb00c-9493-40a3-a5a3-f0f7e687739e,C0759,1006,121,5.0,1524.76
98ad244e-e79f-4618-a5b8-46ac4994488c,C0501,1038,179,17.0,55.09
a42c2739-0d47-48e4-8724-52fd8ac88297,C0436,1017,1,32.0,1592.86
6c0d0847-37a3-47f5-89fe-bb9c64f913a3,C0610,1020,76,28.0,570.36
778300ff-7405-4166-acb8-83a5bdf9b2fd,C0714,1040,66,50.0,66.05
6602b66d-bece-4333-bfde-8d7dac579cf5,C0742,1031,102,32.0,1348.54
90128eda-8cba-4eb2-b45b-7b8ff1f68cdd,C0876,1004,118,12.0,151.96
7fd65860-1b4d-470b-a789-acdf6c11e83b,C0536,1021,163,1.0,1432.27
faa8ca4b-ec65-4459-a48b-0383e344db07,C0696,1045,4,19.0,100.81
a255e187-3fee-4278-ae2f-1cf4e06d1176,C0243,1038,151,34.0,1389.57
a56b5253-be42-4ffd-af4e-800f43448fac,C0214,1035,115,45.0,1136.21
dc36a295-59db-491e-8a95-a140f526ab5a,C0253,1047,103,22.0,620.07
c5f15538-e533-46c6-b034-5f757e9eb5b8,C0228,1037,110,49.0,1322.6
11970647-b7cb-4924-926b-ad530e220c2e,C0960,1020,164,5.0,1564.09
58db7fc4-c620-4abf-bc6e-13cde5e695ab,C0449,1016,67,47.0,1610.97
5b5700f7-2efd-47e9-b56b-3c63d75a01ca,C0808,1049,142,1.0,1012.91
2c1db868-da2a-4a8c-86d8-fe4406e79ef7,C0970,1000,115,26.0,122.45
17c5ad00-2e74-4e84-8962-66db84e1fa73,C0525,1018,138,10.0,917.78
d6d8ba87-cf43-4a8f-845b-19027b914685,C0235,1001,81,16.0,618.45
0aa9042a-e32a-4cb8-b0d0-9bfb1d01c377,C0082,1039,79,14.0,258.76
ca62851e-ebce-4cc6-a9a2-b8844b69f8ed,C0832,1027,165,3.0,329.62
ad1b39b6-ea7f-45a9-a28e-f2497f986106,C0170,1028,125,29.0,386.12
795516ba-f6a2-4181-905e-aaf6b5e2a330,C0113,1031,130,5.0,794.04
463ae426-e45d-492f-a4de-bdc20ab02ce7,C0813,1027,10,26.0,1148.89
d1b03c12-bd7f-4cbf-a1a2-aa913f3c5833,C0050,1025,118,32.0,421.96
51b40207-b0f6-4e2a-acc1-dfa212e6c322,C0283,1000,91,1.0,803.76
ac951860-3ae9-4f20-9181-28c9ff110bb5,C0495,1009,172,19.0,47036.37
ec6f86ce-ecb9-4e26-8d65-87717a6c2ea7,C0705,1045,166,15.0,1835.78
cf99ffa2-9e40-41ed-bdd4-540a93701e7f,C0237,1026,163,12.0,1671.13
b33d223a-c9aa-4615-a7e1-cfc1da6cbaa2,C0831,1030,54,37.0,731.22
53338079-70ce-43e4-a764-61ba8848d1c2,C0316,1004,146,13.0,389.88
bb550325-ff44-4831-a242-fb4295c924fa,C0716,1033,151,34.0,737.91
b49af2d1-1044-4a06-ae5e-fff107ff580a,C0476,1041,57,23.0,285.9
de782c32-dce4-4903-9dbf-a1321e9430c6,C0733,1030,96,20.0,1705.18
c45b819e-8e7b-48ff-b1d4-a863ee71491f,C0443,1019,52,27.0,1359.44
af62109d-b541-4985-82fe-2a41c52205b2,C0824,1001,74,15.0,503.95
5d9cf9cf-5282-4b5e-a31a-c868ccefd510,C0804,1006,28,2.0,243.36
493da57d-56ca-4406-8f8c-d17830d8964f,C0164,1019,6,33.0,1095.77
2342d3ab-6a1b-4119-8a6d-d540e8088f99,C0513,1001,73,33.0,612.04
790b90ae-76b3-4923-83df-12e2ea1c275a,C0708,1038,59,17.0,1721.79
b1bc216f-36db-4d50-a3a8-79c04c07346e,C0233,1014,67,19.0,759.16
9d3b3c52-1c40-4b9c-9969-531f8f5b62d7,C0495,1037,93,13.0,1601.3
3c956202-78bd-4af3-9554-fddd16679ed5,C0815,1026,78,1.0,146.92
373d824d-7442-4d7f-97a4-ba3315adb7d4,C0204,1004,25,35.0,440.37
bfd73490-d17a-43f8-8b37-e820cdf4790c,C0828,1041,82,43.0,1326.91
edcb16cd-d211-4935-beea-9ea2c6943957,C0094,1005,91,8.0,418.15
10cb9210-edab-4d89-a387-5a298d2de307,C0592,1042,61,31.0,1012.69
66c73eca-dc31-4d7b-8783-4b6785e11a09,C0470,1018,9,23.0,1015.07
c4f5a1a5-7961-4d83-ad91-57f48e29cde8,C0749,1001,76,35.0,1667.79
56cba897-8b0a-401b-94a5-e1db746bcc85,C0803,1036,82,49.0,957.64
c5ad1567-14e2-4a03-846a-2a0815535d8b,C0005,1034,160,34.0,1842.52
1228793e-ffd5-410a-97a1-8cf77da5b75c,C0283,1049,21,47.0,706.2
6fade69e-fe48-4e00-ad8b-a2eb4883c7af,C0920,1034,129,47.0,342.32
57c69988-73ba-41bf-ae02-af8a17fdd6a4,C0397,1035,146,36.0,428.02
ef3aa7de-3b6c-49a9-9d16-a2dd839d7d6d,C0892,1006,139,30.0,539.74
cbd17ab6-f2d5-4894-af3c-b1398bd39d77,C0440,1022,126,45.0,428.47
d8089140-43fc-434e-9e4e-25d16fc07954,C0800,1004,103,40.0,1019.89
72e31e09-2c60-4a19-a751-43957d4c1cf3,C0757,1039,30,1.0,592.67
bd52dc25-0397-4a22-b8b1-7a30d212275d,C0598,1003,150,8.0,550.59
ce6ef50a-ad28-46f1-8e9e-047ed96a7df4,C0998,1029,121,23.0,1015.07
c11e1b37-04f4-495f-9b91-d531a9bdcdbb,C0836,1042,95,25.0,689.72
9571d7f2-271f-4ce3-b4ad-a210f7e77d12,C0543,1012,126,41.0,1972.6
5ce58d1d-41b7-4b6f-8288-497252939dc6,C0870,1044,146,46.0,1035.97
6c813b33-7b21-4c1a-8f73-e76b2d9ae0bc,C0515,1044,30,34.0,357.47
25130dce-50e9-486b-8f0b-cd352525fb6c,C0212,1002,47,24.0,1489.49
02354bf6-a216-4136-a642-bde510019e8d,C0303,1008,36,47.0,1376.81
1274272e-7e45-4d54-b34e-81ccd394314e,C0229,1034,119,30.0,1323.84
f2f06e20-6708-46d0-8c55-a79fc5da9838,C0976,1003,136,21.0,533.73
efd05f57-cee0-440b-9852-b07d167af925,C0186,1000,87,44.0,1186.78
bdf62bec-f294-401f-a3f5-1261dc3a8597,C0970,1021,43,30.0,66.22
c3176ee9-f35b-4d66-a19b-9c32a3592e81,C0080,1003,126,40.0,1269.92
68ec9e0f-6a07-4ffe-9251-66dee15dbe44,C0164,1049,137,32.0,349.39
5c0e80fe-2681-4031-9940-5149f4867043,C0590,1002,95,4.0,1669.39
a21e84a1-c694-4e7b-9a08-32ec73defa84,C0296,1009,53,5.0,1561.51
22295e8e-488c-4483-b6ca-d7bbb91302d5,C0616,1032,21,24.0,919.21
6c189781-b8f1-49a8-9052-1f7b7d5325aa,C0452,1025,32,18.0,933.84
3a074c66-89d1-4ac2-bcf3-30e82d3e2d3b,C0862,1030,58,42.0,325.81
d970144f-4e39-49c9-ab21-ea9b8b7f177a,C0927,1045,74,42.0,571.15
01e0ddf1-2cf2-4467-bb93-0bffdbca2dfe,C0379,1012,41,39.0,1571.63
136b558b-c0d2-4652-9347-576d4fd4bc8e,C0116,1025,79,42.0,451.13
46933d0a-3f8d-46f7-a3f0-f800bba79fcc,C0681,1027,120,30.0,454.08
0e8daf0c-c607-4fd3-acfb-3e430661e806,C0313,1017,129,31.0,1485.76
b180bf08-92be-457b-af19-b7a18ab6a4f0,C0115,1036,115,36.0,187.47
79ea1509-bd2e-4ec0-a593-bf5fccd37dc9,C0912,1027,1,25.0,1721.47
4ebd6782-8648-484c-885e-35cc8b385e5f,C0900,1027,151,20.0,1493.19
cc858089-c670-47cc-aca5-f3e631976a20,C0400,1008,110,32.0,1601.83
b98f77a8-f8a9-49df-8d18-69d5faf1996e,C0984,1027,120,11.0,1614.5
9131a520-604d-4cea-a238-3b77b6b4e59f,C0041,1021,149,21.0,1304.55
d0754800-c0dc-42a7-b3ec-98b43234113b,C0615,1019,59,26.0,717.34
4409064f-812c-4fb6-8663-212b87f691a2,C0349,1016,11,25.0,112.69
75625b98-d06d-4786-ba00-0433ad4fcb96,C0849,1000,137,34.0,1702.66
da978b2c-3f14-42ea-a219-5771c07a055b,C0399,1010,162,48.0,957.58
7d855481-e8f1-460b-8b6f-bdca981a9487,C0160,1030,84,9.0,1164.79
c3eabe89-6974-4706-aa9c-9ecadfb49cc6,C0706,1013,90,35.0,117.18
aa1e1baf-e26e-4c4a-a3f3-d5837b75137f,C0675,1018,12,37.0,1982.59
f40bd0b2-bcd0-446a-b943-f64bd46a6a0f,C0345,1031,163,15.0,1612.79
946fb6d2-a269-491a-8aa7-90227ae00745,C0742,1029,174,23.0,97.6
37d2d18c-602b-4f31-94c8-8a1a7da51357,C0338,1029,33,29.0,430.89
132854b8-5829-4cae-bbae-35e8390bd48e,C0167,1046,148,13.0,427.85
114bc9c5-3d0f-47d6-9dc7-81cae4ff61e7,C0817,1028,137,25.0,1867.59
046f4e10-2041-4416-a8fe-4b9d8e289cfe,C0229,1021,35,25.0,1035.34
ff0cf2dd-9342-4bc1-bbaf-eb90171301d4,C0138,1024,77,12.0,279.11
30e1c39a-396d-4755-a74a-a98e68fd3a3f,C0241,1030,12,26.0,288.67
58b1e223-5e85-4e92-b1c9-e732dbfee23b,C0617,1047,162,15.0,528.95
06a55248-2c71-4240-bb2b-2ab43ee4daa7,C0747,1030,18,3.0,907.94
fa13b363-7906-4c30-959a-7dbb77693cd9,C0577,1045,161,1.0,424.65
969cf182-816d-478e-b7fa-73518bab1353,C0900,1042,172,33.0,1015.07
2f694e7d-699c-4abb-a57c-46fcbaa4b4c7,C0262,1011,13,25.0,334.42
788b12c2-1ef1-4787-8747-e546a9c4b6cc,C0591,1010,43,34.0,399.5
531b8d54-6e06-4544-a0c6-00a2893eb7d5,C0950,1012,79,44.0,974.19
7d248a61-2898-46a2-adae-547c0a2a5bbd,C0376,1019,84,14.0,780.0
649bd3fd-2e03-4e37-9d42-4e3e5eb21695,C0670,1011,108,27.0,1171.85
6be368a1-e0f5-42f1-839d-a5ab53121928,C0173,1025,100,31.0,1436.06
d8086d0c-6d6b-49db-b931-c5d39748c5d2,C0588,1029,166,25.0,1994.65
429561ee-f592-4e02-aefc-9b0abbe650e0,C0606,1022,37,42.0,739.03
a7c279dd-469d-4b92-909e-7afa9be4644b,C0603,1038,173,19.0,1619.34
5488f109-f03a-4e3f-9e63-16604bf37a7e,C0069,1002,87,5.0,181.38
e635db7c-3a67-455e-bd8c-374520a4b15f,C0119,1036,145,10.0,1857.13
c9fca191-62ef-4ffa-bd09-851a06ae79e4,C0460,1035,140,32.0,1122.92
77a8d4f8-b4a4-4713-b8b2-c80068a0a3b7,C0714,1015,91,24.0,1015.07
7c572eab-3e31-473f-815c-255e8fef3cba,C0175,1007,44,17.0,801.94
9674ccfe-4ca0-4b6e-921a-c9ba714729f7,C0012,1019,71,23.0,1159.58
9fe73757-f4f0-4dd0-a539-67768005bd33,C0063,1027,160,17.0,490.61
313cf324-e0d0-4ca7-a58e-f579544c59bc,C0309,1015,154,39.0,921.73
2094b887-ff4a-4bb2-b05b-8056ac49f8dd,C0102,1038,81,35.0,1310.23
33c47fb1-c649-4f2c-92a0-1b7b9a0e1353,C0906,1040,148,40.0,375.42
1ff73212-adfc-4c6b-8a65-cf6bef30d542,C0388,1023,91,14.0,677.01
e8821746-7f44-4e9a-ad5c-1580899ea621,C0675,1033,37,27.0,518.47
1cfdf618-a220-4aea-b1c3-834e8a2524ee,C0518,1014,87,2.0,573.56
af96a8d8-ee38-47ab-b74a-26aaafc327f3,C0446,1022,101,40.0,951.55
846e45ed-2eb0-4f51-97fc-200fc153b8cc,C0137,1043,27,25.0,651.6
4efe87b4-6f7f-43ea-a8cd-2150a5b3aad4,C0898,1012,109,34.0,1456.42
1d74be4f-6d11-4a43-a654-805e52fd5d2b,C0466,1014,129,36.0,1529.06
5c3dc239-57e2-4ce2-83c4-a0ddf4a4ef24,C0543,1002,157,2.0,416.44
850b6141-0375-4e91-a520-a5fa6e0dd15a,C0964,1003,19,35.0,253.39
9d724b30-8112-4198-82a9-6be6b84d66a0,C0783,1008,3,22.0,89.41
faccc24b-1c55-4460-ba80-f6ddcac2db71,C0174,1012,97,50.0,121.08
1f6ad94e-dd92-4a91-9f6a-9837a5c6764f,C0410,1033,142,35.0,1015.07
5ef1a24c-d4e9-49a9-b7e4-e2d22cb7b5e8,C0440,1043,14,28.0,1015.07
8d74eb4b-da0b-4066-ad92-dc1fa78b50c5,C0338,1022,83,40.0,1730.46
6bcbd940-0ee4-4c7a-9926-9cdca2683ad7,C0760,1039,27,49.0,108.92
e3567cb3-3a01-4cb8-bcd4-e2993c364e79,C0679,1041,61,34.0,1920.77
eb583e0d-83d7-4451-ab14-8cfd02d0e94a,C0130,1001,63,18.0,1189.2
6f2b26ed-6be9-4220-ae38-445531abb20c,C0768,1010,151,36.0,626.87
bfe69385-4598-4fd1-af53-48212fbab697,C0516,1044,125,40.0,1282.99
cd114f2e-63f3-4c3e-8f0e-441fa4e34a9b,C0067,1049,156,46.0,1951.04
a7228b88-9659-44ea-90a7-9934b459156e,C0511,1030,127,6.0,303.81
c9deba64-9bd0-4a22-8468-60f6b8d17f7b,C0669,1001,90,7.0,36387.05
0aeae576-e0af-4c4b-a313-5bc17b96f838,C0494,1043,85,17.0,97.75
7b076a95-601a-4eb2-add6-aa2931277a47,C0126,1038,139,17.0,1417.6
80fc4513-f879-4d32-bf84-28e0375216a2,C0820,1007,44,25.0,105.82
8ea4bbe1-f395-4b26-ace9-c6dc82f6725d,C0470,1024,11,15.0,1450.06
595b985d-cf22-41ef-a0ab-c2c048b6e3a4,C0018,1047,104,10.0,1607.17
7e30d1fb-eb73-480d-8084-636e77d762ed,C0409,1041,52,5.0,1952.75
91d5ce15-c112-40d2-a0da-fa22dfb0511d,C0594,1013,8,45.0,843.1
0673d19b-6f49-4b93-8da6-3d0d464ad1f8,C0134,1028,90,13.0,1596.24
1d4f585a-29d4-4f73-9dbf-c4f9bf56dd28,C0346,1044,16,25.0,1777.43
0e4e7ed1-3bbf-4cdf-84e6-2a497f402113,C0765,1047,126,29.0,546.24
9eae87a5-d1c3-47be-b166-7bd2cb208329,C0409,1029,113,40.0,1916.56
644043d5-afe6-4cf9-a803-83400d778730,C0956,1048,174,15.0,353.75
4d5765bb-03a7-4fa9-acdc-d5f761484ade,C0918,1034,72,5.0,338.41
820a71d1-f9b0-4672-950b-6717cc1c5ebc,C0110,1002,81,46.0,1343.24
b8515ebb-a4cd-443b-9bf4-9742669c3b3f,C0066,1043,45,35.0,446.55
b84bb017-6455-4ef3-bce7-0c009b941add,C0435,1018,137,37.0,1213.4
d27e909d-5425-429e-bb9c-199b140402fb,C0763,1038,79,49.0,791.46
ed344960-8bd7-4e1c-abcc-7cc9861af627,C0337,1015,39,4.0,472.64
8bd2c143-17b3-44f3-b086-5392c669e4ae,C0877,1032,168,41.0,1981.82
ec0a4af4-9d3c-49e2-b4f7-3e0d39e5c1dc,C0334,1027,153,6.0,1256.49
67f87a41-bce5-4389-a268-4268954c3181,C0864,1012,76,24.0,1227.76
5dfa40de-e0e0-43f0-a7dd-c4d0ac2a2ae2,C0546,1002,17,10.0,1532.05
7551a90a-b914-487b-ab2c-9011396e3366,C0267,1046,173,26.0,1436.36
e374e448-4469-4689-a293-d869c1dd441e,C0705,1048,7,32.0,723.92
9d7607f3-e922-4f5b-8ce4-e3c6dc239fe5,C0609,1002,158,26.0,1526.18
c06e1d1d-9b64-4aca-9d3c-43b2dab5d89d,C0013,1048,48,43.0,1015.07
a6d44b68-40f0-4c5c-95a6-5a88062eb8a7,C0273,1001,159,3.0,211.52
fcec8b36-2407-4ce6-8ba6-6311b4bf6819,C0881,1036,157,10.0,1705.17
b70935f3-3c48-4c43-8ece-b7d3e96d5148,C0790,1014,152,28.0,304.46
371c6f45-08f9-43b1-bbc1-245897d16508,C0295,1026,107,14.0,520.07
c5078b96-61b5-4cb9-b143-ca42debf85a3,C0165,1034,18,7.0,598.66
5960d940-e9ed-4d48-b25d-152e6644edda,C0855,1002,116,25.0,609.03
ad710ad7-2b34-4950-83ef-2d9860d38912,C0984,1009,126,28.0,828.05
190540a0-840e-4214-a2fc-a01490777e94,C0082,1002,92,45.0,805.38
349423fc-7c08-41e9-a879-a8ed50d558bb,C0763,1012,15,50.0,1435.26
09449386-cb4f-4c96-ac98-7eb62c68d9b5,C0434,1006,11,47.0,908.86
4abaabdc-aee2-44b5-bf41-d8e5c06693f8,C0860,1048,52,10.0,1866.78
dde33693-21db-4622-ab87-e23545174927,C0021,1034,57,15.0,588.33
ac8f437f-9482-4107-a8a0-0c26542df7cb,C0835,1049,33,41.0,1262.93
1ef375be-436d-4b9c-b40a-8a0f5c19279f,C0694,1047,120,42.0,567.54
8270df30-07f3-4285-998d-31d4468cac3a,C0542,1008,90,24.0,1248.45
a7739719-eee4-4334-8e3d-7915f8a1bcc4,C0553,1018,178,21.0,327.38
e5f70010-b380-4192-9ffa-f65d54dc1fd9,C0967,1031,58,31.0,1698.62
96dab6d0-dbbe-4f47-bd57-f37a91374549,C0303,1046,5,43.0,1210.95
340740f5-7abe-4d97-92ac-4708e07affcc,C0665,1030,69,48.0,167.07
6a8e5b90-3736-462c-8fb5-d542371ab836,C0701,1005,164,25.0,446.94
18013622-dab2-4c0c-a2c7-00025697d02c,C0815,1025,60,48.0,1693.89
ddce716a-fee7-443f-ba79-918aed966804,C0308,1019,8,19.0,273.0
c745e35c-8d37-4892-998f-a9740b1695ab,C0067,1004,101,34.0,1499.69
cca6eefb-bd4e-4126-a050-4dd8f59b4c11,C0993,1037,56,24.0,215.21
d44b0873-8357-4be0-b8e5-5e269beb425b,C0724,1006,55,44.0,63230.03
a5c05b27-869c-423d-aa27-27da5d98ba33,C0842,1006,53,14.0,1238.75
948ea0a3-36cc-412f-aba5-e860bcaf718f,C0386,1012,9,36.0,1428.64
3c4c9d96-63e4-4f9a-a921-832edf15b5f5,C0234,1020,149,7.0,1824.39
7b281203-2d03-41f2-85c6-3e0288fa21cf,C0817,1016,5,34.0,507.13
54287ebd-6495-4418-a906-73c6a80ae6d5,C0371,1027,52,22.0,1692.48
c8e9aca1-efb8-4fb1-a48b-fd90758ecec7,C0757,1042,80,33.0,1024.08
2771c67d-a4ab-4c7d-aa96-f3e9309a5c93,C0206,1034,48,50.0,1015.07
c1b7d241-13d8-43a4-a22a-d82a562dd5de,C0378,1016,78,13.0,23450.28
0566f8be-64c7-4fc7-92cc-5d20b4238346,C0938,1003,172,30.0,1368.22
e92c56af-0d5d-48e5-a8ed-99b1b23180a7,C0835,1020,120,5.0,59.61
1373b581-1199-4558-8571-2993d042b47f,C0695,1023,165,29.0,987.69
7193e594-3094-4d13-bf1e-37668e0ca349,C0723,1005,116,36.0,195.8
2f83d3d8-7967-4098-bd78-cd98cd1b99a9,C0266,1012,143,2.0,1263.68
a4c0b21d-881f-4121-9504-75d149d6c0f9,C0833,1024,10,23.0,1921.04
2fed6894-9a05-41d9-97cc-8035f18a9fdd,C0809,1046,113,40.0,989.76
29e92285-f243-442a-9828-25d0e7ab9594,C0134,1024,43,49.0,924.41
c633e642-d292-46eb-93b6-887764850106,C0685,1037,43,18.0,1888.16
fadc01c7-1cd6-4101-bfde-2446a7d6241f,C0477,1031,98,14.0,572.97
302828c9-9eae-4192-b989-8ab095f440e0,C0287,1041,151,6.0,1654.32
909f07d2-7c53-4a55-8316-f893f1690ee7,C0793,1041,59,7.0,1839.19
eeb0028f-7ada-4f99-a18e-d5cb180f856e,C0170,1042,63,22.0,661.95
70900291-45a5-48e0-a7a0-092fe02a1cc1,C0435,1022,19,24.0,522.37
99b0bbd8-2e22-46f7-8f5f-9910d8086e04,C0937,1013,65,15.0,173.41
9267f48a-f7f5-4780-8b4b-eb505b03befc,C0738,1004,68,37.0,884.99
ee0686b9-a787-4618-a1fe-072036fc80c9,C0451,1028,130,30.0,682.06
24d540eb-3b0d-40ed-ae9f-a75a476e599f,C0905,1013,88,1.0,1947.26
25d3be77-c430-41f2-80e9-c657a63a167b,C0300,1018,84,50.0,365.04
d8b4ecd9-d775-4122-b7f1-2aec39bd3c62,C0338,1004,43,24.0,1063.15
7fd3c0e5-e895-4428-886d-06133fcbe9c4,C0210,1008,98,46.0,1713.09
2220ef9c-31f6-4656-90b0-6e7e8337afcc,C0574,1012,16,39.0,1971.71
270da0b2-3e05-45f5-b31f-53bb06a9d2e2,C0965,1037,40,8.0,1096.16
c0effca1-416b-475e-9cad-a521166cf16b,C0462,1022,44,39.0,1015.07
61a55365-7904-4e56-b895-ac8f9fcbd92d,C0233,1000,78,40.0,1015.07
79e473b1-2e1e-4739-8117-a130e8f75c66,C0765,1047,159,17.0,1937.41
4ab71ed7-c1ed-4d83-883f-35bd9dadaaab,C0606,1046,66,39.0,1052.18
76b45195-81f6-4c7b-96c1-c21b3b4b077e,C0435,1023,1,38.0,1990.64
28b99afe-a23e-4eb0-a18a-b34c064d235f,C0728,1022,143,8.0,1092.12
a333fdec-64d2-49fb-bea3-f45870a040ef,C0070,1032,66,10.0,1301.77
610ee1ed-89eb-492f-b266-71e4a407f39c,C0659,1023,108,4.0,627.65
ea0bcc32-6ce5-4c6c-8473-2aa858036158,C0630,1031,125,16.0,226.12
98551bfb-0920-40a1-8e6f-05758fd3b393,C0809,1043,57,28.0,1947.15
f3bbc824-0e84-4469-92ab-5ec9f8ccc1c7,C0178,1038,73,12.0,1616.99
5a33e987-ea7f-4770-b779-b8b2dcd7e8ee,C0916,1002,82,40.0,1235.5
219e5777-d641-4d17-b3ba-5c001eea2bae,C0875,1045,133,7.0,1645.47
f77c6e1d-0f3e-4225-903f-6b5d80906396,C0087,1010,45,43.0,1924.55
9182f416-8559-4d53-ba0f-108cb185c08b,C0304,1032,49,35.0,1711.14
0308b645-33fa-4cfd-92cd-f83d06c747d6,C0604,1046,58,16.0,175.05
84784012-816a-4dff-8470-0856dacca8f9,C0628,1032,39,7.0,1538.91
45b22968-c9a9-40ca-8559-4b73dd16c194,C0331,1038,142,40.0,93.89
20daf2b1-863a-4f18-9436-e237d6c19f1e,C0236,1040,27,46.0,1510.1
9245aa79-309b-4f62-9ddd-bb6bbb44fb4d,C0852,1047,45,33.0,1532.69
21b25266-5109-45e5-b312-fc444e3cb316,C0235,1037,135,48.0,204.84
bec12d6f-0d8a-4998-ba95-542aa21715b2,C0785,1024,98,30.0,691.82
8a1ceb3f-c1ee-4a8f-9fd3-c4b283ea4e6b,C0460,1005,134,22.0,1340.87
a5958474-1612-4535-b279-4555c9c98af1,C0128,1045,67,14.0,1683.75
cca51aad-1966-4f32-9659-1fb1b75d2d5a,C0709,1021,158,16.0,1572.25
053c7be9-2d39-4524-b3e0-c38e6a5d785c,C0707,1007,4,16.0,1490.22
35a2d5c4-3eaa-4ff1-8df7-0f6425b8446c,C0515,1007,84,8.0,1857.62
0ef4c4c4-e0e0-4bfe-a05c-da0a9009b5bf,C0932,1005,37,36.0,569.18
bc8477b2-69e1-42e5-9a09-ace6bbbe0fee,C0033,1030,56,45.0,1266.11
ed920df5-b686-4fe6-b807-84ea541097d7,C0477,1016,164,44.0,1821.4
b4620efd-ba4a-4495-969a-d1351956e86d,C0963,1046,18,38.0,1354.29
48e39611-30bc-48ce-bc08-d36cda662e4c,C0999,1035,75,48.0,528.99
bc836e8b-0181-49da-a19f-f6d38190d7bf,C0379,1005,1,7.0,490.16
e7c6d4a1-d8ed-4a4d-8394-5f9040ee8f8a,C0547,1043,85,24.0,522.07
7ee54896-2099-4fb1-aaf3-9097922d47da,C0079,1004,117,45.0,55.53
2498c812-f377-4870-906a-fcc39468be19,C0195,1045,92,13.0,738.18
3a5637ca-c9c1-41b9-88d6-7c49c3614a5c,C0211,1011,61,9.0,463.18
9a21f391-359f-4073-9f50-d9f9716c41cd,C0526,1047,12,10.0,58.87
36dd7a72-5bfe-43ab-b4b1-3ac2129f75c7,C0706,1036,27,36.0,136.85
df685a60-c208-42e1-98a5-d946155c0081,C0778,1028,133,44.0,1364.39
3f3dae68-4278-4edd-8405-766aff282a5f,C0546,1037,53,50.0,893.7
e209612d-fb81-4749-8d02-dba02d4fd7ee,C0133,1046,1,49.0,104.87
eb74e345-cb80-4ab2-8694-ebfbd53b7528,C0751,1025,156,49.0,728.43
436078a2-08d2-407c-a10e-3a54f7ccee98,C0123,1019,94,47.0,1526.67
87e9df01-fe8f-4b17-8c51-66cd95b4a5da,C0393,1022,162,3.0,662.41
59fdbfbb-e0a2-4e9d-9bf8-376b48fea07f,C0294,1036,29,43.0,403.01
7178cbc6-fe66-43e5-9003-20ff57388aa2,C0400,1037,150,35.0,1943.04
84f32e6a-6357-4f58-9601-74e3888dd433,C0415,1040,63,12.0,1384.23
24568ebe-56ba-49cd-857b-4d579b42fa42,C0553,1013,167,37.0,1957.21
271ee9df-799b-4900-b346-456cf4ed7b7d,C0774,1036,125,15.0,1513.97
0742f235-598b-4ec2-be1d-5f078071c163,C0878,1002,156,31.0,964.57
19e96f48-60b8-4d19-aec9-e20ae4361b90,C0345,1009,46,10.0,579.81
b6934c0a-b056-4d68-8b64-59e46102a91d,C0746,1049,144,16.0,1139.63
4f179a49-f5a9-4de4-9ca7-13b3813025f7,C0489,1032,147,19.0,1491.62
bb93d26d-9ec4-49f3-a1dd-17cbc263b68f,C0470,1016,38,37.0,834.73
5e09f1cf-6bc1-4473-9fe9-e28339932d8a,C0461,1003,106,50.0,1729.79
4fb69f88-f2d7-4a3f-be50-d2de1bd53771,C0736,1012,161,23.0,1109.95
7c0df55f-7368-4a85-8aec-99ac4a0eb8b1,C0711,1009,41,19.0,396.17
fe13c4d0-1771-46d9-8b52-fec9cefd8530,C0495,1021,148,45.0,817.68
9d2a8eef-228f-4270-bb09-02718a4317ba,C0837,1001,82,12.0,187.69
711bbd73-6465-40eb-836c-c3058ff97e95,C0655,1010,179,49.0,1656.68
12b602c1-fe96-4cab-865d-f5361311c280,C0058,1035,82,31.0,1694.72
85941fbd-be46-4874-8f31-f10900ede26b,C0174,1043,70,37.0,1616.98
9e40e666-4196-4a46-973b-d3f2179de8a1,C0993,1008,106,15.0,1525.44
f40d9f08-2c62-444e-b8e1-8fe4b869897b,C0761,1010,162,4.0,1397.81
c7f699fc-2ec6-4c8a-adc6-1b1f5fc9de72,C0385,1028,9,19.0,1212.05
db42b49e-9f7c-4768-bc08-b2ca64e4a294,C0769,1014,38,5.0,1481.76
136f0736-3356-46e5-9a80-6c74ab55a229,C0503,1042,123,16.0,833.69
3b4b313c-dc64-4bf6-a225-463440dfe247,C0208,1012,57,4.0,1871.69
33f36db2-79d0-4637-9d7c-2a7cdc47c99b,C0305,1006,106,12.0,1015.07
a39be854-bb28-4e36-8c2a-5d32a3bc464e,C0038,1019,168,47.0,729.82
0cedc560-ddc7-44fb-b270-ca78abbaa746,C0792,1017,48,25.0,195.07
29ed4d56-5439-42a9-a774-892973217b88,C0403,1044,2,33.0,1123.23
a648b96d-8ef6-4731-af5a-18d15d6d6fe7,C0932,1006,145,16.0,616.41
548b050b-334e-4631-ac46-a3817ece501d,C0495,1027,177,11.0,1171.75
1f2a826d-08cc-479e-8a0d-a706a0e707e4,C0165,1046,105,6.0,1452.16
56efa452-40b5-401a-8b11-bc5fd9903cf1,C0429,1032,101,33.0,285.0
6cd41e86-575d-46b0-9d83-85e68cba9194,C0621,1007,70,50.0,1570.24
519f817a-7a01-4ed3-8845-6d71e602aefa,C0395,1004,6,17.0,504.22
e625ae32-6c6b-4859-8c44-0984514f423b,C0205,1006,20,38.0,989.69
6317b5b4-eb45-4af0-82e1-508b9a3ed607,C0457,1028,128,23.0,821.12
5dfcc4c3-0975-421a-a8e2-0333009ed17b,C0909,1018,168,20.0,1530.66
197244ff-948e-4508-b425-7d29cc6db56f,C0104,1004,67,11.0,1988.93
4599806b-9657-4318-a8f1-f77f550a78e3,C0070,1029,179,26.0,1995.81
27bcd398-8f42-452e-a3f0-a35db4885173,C0118,1017,77,12.0,377.32
f19db6f2-1597-41d4-b70d-4b97953dfec2,C0998,1043,143,2.0,746.65
2eb14ac0-1bd8-4290-a748-317ceafc027d,C0767,1034,129,12.0,352.3
8b8bda32-353c-478a-ba62-20591005b9b1,C0731,1036,56,10.0,1072.38
39cb3efc-732d-4c3c-8de8-411f032834f2,C0393,1031,86,6.0,171.09
480f2786-cf82-4940-84c2-92f9ad702034,C0393,1028,105,21.0,1366.8
33b84c2f-ef8e-417b-8d9a-291bbe5f265c,C0515,1017,63,22.0,1635.35
a9f6c3ad-2ae1-4888-a6f0-a01f05d6498a,C0433,1030,114,1.0,1055.48
ed88ef74-6733-41aa-a3c4-945a7a407819,C0144,1020,131,41.0,1015.07
b4b64e52-d221-4de5-b0fb-44a817be7b42,C0226,1041,158,19.0,498.92
03a5dc34-6c3f-4740-9f6c-edde099d08fa,C0566,1011,116,12.0,1755.2
0ae3a1f9-2a88-4eb7-a713-a43d75a3709c,C0244,1002,25,35.0,1770.82
59ce8192-4e32-44d0-8ad7-3e49526d9219,C0686,1037,2,25.0,1842.74
ef4aff10-9a98-4c0b-b2bf-70ac5edda9fa,C0302,1007,3,35.0,277.02
5ec07987-a643-49e8-9f53-8d7d8bb26afa,C0854,1038,134,43.0,812.33
e1ef2bcf-7580-43fb-a6f3-a66eec37d66d,C0268,1010,60,48.0,605.92
3c3660a1-b8a8-4737-b1a0-f8103df0af92,C0606,1033,118,25.0,898.77
ea918ce4-e5ae-4cd6-8b55-ad52fdb9db02,C0038,1029,101,37.0,853.27
45fd136d-c76f-4847-98a2-ed759fa8a906,C0826,1042,46,13.0,1805.21
6b7334ca-1f09-44d2-b1f4-dc4f5b464233,C0175,1028,102,8.0,556.44
aa08bcf5-4c20-41bc-ac37-b6a398cb6d91,C0295,1046,102,27.0,486.41
4afa00a2-aad0-4e93-8320-8bf23d7bb3cb,C0479,1049,27,19.0,1597.74
1ff04b87-e659-4cc2-942c-8ee39afc6c3a,C0491,1013,145,44.0,770.71
27a079fb-c0f8-48eb-88ee-cb996e29379f,C0441,1045,138,14.0,127.68
5af8123d-2e1a-44d1-a851-15dfe02ed143,C0996,1003,19,32.0,1472.26
fc14e647-e5e3-40b4-bbdd-94a10993c2d8,C0566,1044,43,7.0,279.0
82adc744-b53b-41b2-a8d4-e934ed2aa90a,C0523,1041,44,19.0,40218.96
ae1a1c41-c01d-41f2-9d86-8309be99e170,C0977,1048,125,11.0,1298.18
6afdb737-a34e-4af9-8dde-c36ee8f8e5c0,C0071,1022,163,4.0,903.3
e8d95fc1-f088-4c8f-81bd-afcfdb732419,C0192,1027,22,2.0,245.35
9723be78-3ba1-472b-9315-7766774740dd,C0034,1043,31,34.0,1297.44
d3c9e866-ae21-4efe-a528-4f49e9224798,C0572,1010,148,28.0,1035.54
befb8357-20d5-412f-a49e-7c84b8bbc7c5,C0123,1049,53,31.0,1188.29
1fe0d6d5-7e08-4bcd-a630-44aa66b3c8ec,C0603,1045,110,24.0,519.32
156314b9-e01a-4590-af45-0d43a67bb42e,C0561,1018,171,7.0,763.2
984e69d1-3980-49a8-bdf0-b060a2ba30fc,C0404,1017,30,48.0,1624.88
89bd01b7-9e08-46e5-b97d-612c0ebe5d0a,C0965,1037,103,47.0,63435.42
76a3c61f-9e66-42de-996d-48079ef22cea,C0191,1035,130,1.0,309.7
94738e83-4cda-4678-bb35-84900df69158,C0537,1002,18,27.0,1825.73
848fc686-91df-4c50-b7e3-0a7c3b01e8ee,C0436,1045,121,38.0,1850.72
0b24d353-b44f-4d47-bed5-70164ab7c5b6,C0464,1031,57,19.0,1491.83
00bb78f6-a9e6-497c-9de9-eb917be88a2e,C0953,1031,64,10.0,1483.21
4912b1fd-b0bb-4ae9-9b1e-50836eb6ef8a,C0735,1017,42,45.0,757.56
fbfc3ba6-c22b-4d73-ad92-70e981460613,C0824,1014,65,25.0,712.67
5064d5bb-d1c4-4147-82a0-2afbf8da5ee2,C0225,1036,127,20.0,1660.61
bebc8288-5211-4efb-977c-29a6279b0158,C0484,1012,49,34.0,518.25
263e633b-007a-4b6c-92f8-32944f443346,C0632,1032,10,16.0,1454.99
684b35ec-3429-42b3-b371-441cb8215e77,C0280,1032,65,30.0,1654.93
f9f52706-6148-45e3-9fcb-903f2b071a5d,C0672,1039,18,13.0,1285.05
9fd06b9b-648f-4df9-b52b-ab869609eb10,C0940,1017,71,7.0,1015.07
91d2caf9-1c69-4ddb-8f1a-d4b10ba5312a,C0722,1036,147,36.0,1496.69
3686fe65-ed93-4397-9d80-da2ca896c8e2,C0987,1012,75,12.0,1685.76
52e7fdcf-7962-491b-877c-c787f7fee633,C0454,1016,135,12.0,833.68
72fc85a5-d8ff-4e1b-8d44-dc504e143355,C0475,1024,136,49.0,288.63
8b65b8b2-4538-436d-ba8b-4ef651d3f47e,C0891,1039,137,41.0,777.23
daaf45fc-2ec5-4165-b780-8a67109a7765,C0872,1021,3,13.0,1918.94
0691d826-d702-4d72-8f0f-e0daab0e67a4,C0575,1027,109,43.0,1914.64
97b3555d-95fb-4027-9745-5e8117fdf493,C0202,1001,80,4.0,119.74
20a4922c-bcf5-4610-a4d6-c6d7284c1ddf,C0423,1039,122,13.0,463.02
1f03fb27-e0c5-4bfc-a0ac-065899470d5f,C0475,1001,41,27.0,469.29
d9016fc7-f061-4872-b1a5-0c4c99818443,C0764,1003,54,14.0,1482.14
ca853b6c-a7c1-4d2f-bd99-aec6b6ad591a,C0187,1035,58,11.0,933.6
fd9fce66-99f7-44ab-badd-05da2d738136,C0518,1048,77,4.0,743.82
5e675331-0c7f-4004-8e50-1a734afed461,C0331,1008,158,36.0,445.68
9f595a64-a121-4d51-a8a3-bd2f0000c0ab,C0426,1013,63,25.0,1995.67
ba92652b-cfba-402d-aff9-5d6d9e732411,C0967,1006,72,13.0,93.72
d1b8a900-a32c-4f92-b25b-96258eac654a,C0120,1011,128,49.0,1752.23
5ff31707-6bb4-4d71-a7ed-c5023831367f,C0756,1036,11,37.0,783.81
bde28228-acb6-4816-bbc8-601130789326,C0379,1020,173,38.0,1630.78
bbfc3772-7916-4725-b76b-dcc0a276732c,C0394,1025,115,7.0,1053.82
71d6edc7-006f-4253-bb16-7cf4972ead28,C0168,1009,167,44.0,1543.87
f20d979b-ef70-4d13-83f9-6df581d48d2b,C0793,1001,47,36.0,245.11
24c24371-2ec9-4f82-9903-df102ecd75e4,C0630,1012,140,11.0,145.21
8b0e4142-0360-4ebb-a3d0-296b6f25fb2d,C0059,1043,58,19.0,1535.72
2b6c32d7-9dd6-4298-a556-9737d0f4f309,C0194,1032,138,17.0,1599.25
5cc77b4c-17ff-4819-be30-19a51fd6feb8,C0311,1016,24,16.0,619.15
dddcdcb2-bba8-4fa9-9b29-02593f5391ba,C0097,1045,134,25.0,538.59
b0cf7a4c-1edf-48e1-bd65-f67b288656d1,C0187,1043,46,49.0,630.54
33f77b3f-afd3-4b78-b1df-54bed9ff04bd,C0940,1035,86,3.0,664.79
73b4df54-04b4-4801-ada4-cb9eb20f39dc,C0165,1004,163,7.0,1015.07
3f3e1774-64b6-4b2f-9f8f-a1dc33f7c0cc,C0264,1047,40,44.0,681.72
bf6d38d4-c936-44f0-b182-fa03099fbf5b,C0863,1005,28,26.0,1743.4
ba9707c8-be9e-4949-b636-7aec0f4a0475,C0313,1020,102,49.0,974.17
ec6be6c6-5156-4cff-bbdf-c53c7edeba49,C0655,1002,169,25.0,964.46
764b5a7c-32d4-45b3-a256-5ce353255c1f,C0873,1020,46,14.0,72.41
44fbcd0e-ec2b-4fe3-bc8e-58358380c699,C0562,1009,51,3.0,1601.56
3be5c906-feed-4ff7-95a8-9fcc3b6107bf,C0693,1007,90,8.0,595.69
992e043e-0ae6-438a-a6b4-78af71af6546,C0368,1034,109,28.0,1753.36
97aca328-847b-4945-8717-3b21535206f2,C0306,1039,64,49.0,1542.87
b917d69b-6d36-4fef-b4be-f02cbfa62b51,C0137,1009,50,32.0,1425.39
4bdc8089-125e-4939-bcf2-79b810d7760e,C0686,1001,31,28.0,560.36
59a05a36-a9cc-41af-8ee6-4e8dfa84d33d,C0063,1004,147,24.0,392.96
3562a0a6-a4d2-4e3a-a36d-5e00f266068c,C0534,1027,39,46.0,193.27
06b939f0-6727-4bf7-8e13-2b1ebfdb314b,C0935,1002,84,30.0,554.97
205846b2-94ab-4641-8eb1-4bd804ea2a0c,C0636,1026,178,42.0,472.3
d8118465-2c87-4276-9b5f-cf81587b5866,C0314,1049,11,31.0,205.22
177ea628-5eee-45dc-8019-611d5103525e,C0067,1015,126,19.0,351.52
64f13ea0-c7d1-44bd-9226-0621ce5a660e,C0255,1001,140,19.0,1898.89
d3b74554-5ee9-4a34-9de0-f5d91813b5ea,C0586,1008,119,41.0,1488.42
099681ae-224c-44d6-b6aa-d30eef1d29cd,C0046,1000,29,5.0,671.37
88961758-5b5f-4e4e-a0c4-b4c6572a473c,C0668,1020,98,27.0,1918.38
22867b03-7e01-412a-bdc1-cfec11f62ed2,C0374,1040,86,6.0,674.73
eed8020b-7cb3-4ff0-a050-5be1b0e566c9,C0593,1017,67,29.0,1390.38
1dbd583d-55ff-459f-9734-0c8f6018acd2,C0719,1014,120,39.0,1078.89
6bfe09fb-95f2-4297-9687-7a45cd31b1d6,C0947,1009,169,41.0,139.07
d084ea12-28a8-41f9-8149-9e58460eecb4,C0526,1019,136,47.0,278.26
8a7ce954-04e3-4f00-90be-76fe4637b7dd,C0674,1018,151,35.0,127.89
6c9ab0ea-75ab-4e7d-89dc-16e97fb988b5,C0370,1007,63,9.0,1050.43
03b84520-64e5-46db-90e4-60271e74c8ef,C0123,1019,80,31.0,335.53
30c3cc50-d044-46e2-ab85-63619468485d,C0423,1007,150,45.0,66.38
36009ae1-263c-4f7e-a002-2ac73aface81,C0643,1046,122,50.0,1290.14
99231a81-6428-4c75-9ef3-d92743b2d6cf,C0558,1017,82,2.0,133.53
2c36a574-f878-445a-b024-7c7595559cee,C0846,1009,176,39.0,810.52
21b140b3-ef71-4200-aa7f-3bf0ea0c85ea,C0744,1045,14,21.0,175.8
b9c228c9-ed98-4652-93f2-5c4531efd2cd,C0946,1036,115,35.0,1332.22
46d87723-8142-42e8-89b3-472ceb1314a4,C0746,1018,124,18.0,1913.43
d2c10afa-48a9-4d70-b0a8-3df42b2f275d,C0867,1022,47,28.0,1390.72
8d85942f-ed7b-4272-82ad-52db86e3a15e,C0228,1028,11,18.0,1667.34
f60148e2-0535-474c-9545-0ab002750682,C0837,1044,45,47.0,1580.63
680e435d-4421-4222-a65a-8c8f19020015,C0009,1040,149,30.0,1698.34
8fb084ad-d013-4ef0-a4f0-6cd61ef86554,C0360,1039,81,29.0,532.51
7f2e9139-d062-4da6-a715-8eef6ebfed36,C0026,1048,143,9.0,833.45
a61a7b69-b735-43b9-b0c5-bba261400bca,C0531,1018,157,36.0,105.12
d392f430-f61a-48f1-918a-a12983aedfcd,C0239,1046,137,37.0,177.62
8584f044-11cc-4896-8722-4baa99cf771d,C0362,1015,31,38.0,1624.23
d5ba8814-6bfa-4268-ab94-8d50b9f83319,C0363,1033,3,13.0,289.51
0681b47d-9238-464e-be26-e148b82dd886,C0607,1021,141,47.0,612.6
a7077d5d-336c-4a46-b6ed-7072b9c6eabc,C0111,1045,96,32.0,952.57
bfbbdd69-df6d-43b1-9acb-23b81cab5c04,C0926,1008,55,13.0,1015.07
3a8de189-756c-427d-8208-425dd0951077,C0801,1018,7,15.0,464.01
968ae5ca-bf27-41ab-aed1-9d1514499a8a,C0162,1040,145,19.0,1406.67
8cf7d94c-a2ed-486c-bed8-0ebb372bf478,C0300,1033,18,8.0,1015.3
eeea57f6-b068-48f4-a53c-7199c7c313b6,C0938,1021,66,4.0,1895.44
d3535845-de0e-4670-b832-bf485f800c2a,C0305,1021,64,34.0,1697.32
9edd671f-2733-44df-90ca-049fdae40fb9,C0989,1008,36,10.0,429.55
5e0ba92d-449a-4b9f-99da-ab2b0df7b5aa,C0822,1030,78,25.0,1564.77
558e88db-bd5d-4862-bf5a-0cd1fcc9522b,C0407,1006,71,27.0,1408.5
d2ee9d11-fee0-460a-8521-641701324a8d,C0051,1003,50,32.0,1015.07
ed6810ca-b5ba-4f8f-b15a-ba39fd9cffe0,C0119,1015,177,33.0,1910.17
259a9ce9-e116-4cd7-b1b3-fb9a74596a1d,C0685,1032,73,31.0,694.45
9c53654e-6daa-4588-ba0f-619edd6db3c7,C0111,1030,110,30.0,512.8
64fb151e-34f4-4ebd-a5d9-01d8842df665,C0129,1039,155,33.0,1621.58
9e26003a-a96d-4ffb-921d-0059d8929767,C0246,1005,178,12.0,1015.07
3c2f9586-b1ff-4c6d-bcde-ae3eb499f5f2,C0987,1040,13,4.0,258.41
5a5440a4-add1-43d7-8ea3-70883013007c,C0341,1033,134,40.0,1472.73
4fbd8c49-3352-4ae1-9181-077d8a63783f,C0890,1013,40,13.0,1516.97
e7038955-ee5d-4654-88f4-b627b8944e27,C0394,1030,179,44.0,1265.85
fff40722-3088-454f-9e9e-3cd6e8f5d73b,C0263,1039,162,20.0,452.51
9378be5f-eac8-4311-be54-6cdb4bbf691f,C0672,1042,62,44.0,1920.15
2736004d-58fb-4090-a415-0e7821ea532b,C0709,1013,174,16.0,488.58
9c4a6a59-765c-4f4e-a0e4-03a7e823ed22,C0107,1038,63,33.0,1428.17
e773faa9-250e-40fa-9e66-7d93a8b46a53,C0518,1002,79,14.0,483.39
2ff1704c-4d24-4bd0-9a2d-a78cf6636817,C0089,1041,133,29.0,1611.51
0dd65d9e-cd85-4448-9f35-f449d225d49e,C0285,1010,162,32.0,1001.28
a5b3315b-0427-4a4d-afc9-2327bf24b571,C0372,1034,24,42.0,1703.35
265711f7-aedd-4681-a1dc-1ab6506dad92,C0133,1026,121,22.0,1799.87
02302bb5-462f-42bb-aa38-d034c050e320,C0191,1019,50,28.0,1602.74
1a65d59e-dec8-478c-9820-4089845f23ca,C0006,1044,40,24.0,922.81
42f1e894-4acf-48a7-9f1b-5f9634811522,C0983,1001,160,43.0,1374.09
6888b8ea-ec9b-4af3-8ab1-b31bf4c379e5,C0258,1049,6,32.0,1249.91
e183e74e-0ca9-45bf-af3c-669451c13540,C0441,1007,72,21.0,1659.65
72c335a2-b258-4410-bf99-fd5d05f9b277,C0649,1035,43,17.0,1091.34
192b99a5-4760-4fcb-92c9-3e2d0913b430,C0747,1028,152,9.0,1943.5
e536485b-d696-4bcf-bd28-8123e48447e1,C0023,1008,168,35.0,1015.07
a08f040e-4c23-474f-bf6e-8436d17c5654,C0987,1025,27,24.0,1015.07
bf1617c5-97b1-4914-abce-f8e781e118e4,C0598,1046,17,22.0,382.62
a18c23a6-4691-4fa3-b790-20f0f687dd2a,C0557,1024,121,11.0,1715.02
6ddc3e95-03c9-4673-83fa-5c0c719a6154,C0510,1019,170,23.0,1398.24
d597b7f1-24d3-4304-b6a4-667888b89282,C0516,1011,153,8.0,617.74
c69d7a0c-c153-4ccc-8bb8-51f535b9c3d3,C0044,1004,14,22.0,1551.96
8bd187bb-3901-490d-8353-807de354e4ae,C0235,1046,40,49.0,1702.81
72b25b3b-ec80-4943-bf81-0410ffc23969,C0217,1020,134,47.0,1495.13
04c2c790-f360-449b-bf21-94be2c571069,C0603,1010,177,5.0,286.52
512ceadb-a1a9-4d00-8cfb-23faff49900f,C0374,1004,151,23.0,1421.67
f63e2961-40a8-47a4-95e4-28d2165b4f08,C0884,1046,118,32.0,508.0
a49dc263-d877-41f4-acbd-f0a63c549124,C0031,1033,134,32.0,1020.71
8fc29a10-0be0-4814-8a93-d09d8592132a,C0551,1006,119,39.0,983.67
31f2dee7-c3d7-4ef3-9f0a-e6e5d191b5da,C0855,1031,156,13.0,1383.26
db439600-c207-41c7-bde4-54241011aeda,C0484,1031,36,23.0,732.12
ba9c206c-d719-4ea9-8e7e-8cc154ef63b0,C0216,1037,113,32.0,1902.17
261440fc-4611-4698-86e0-7ea4efc0419e,C0924,1001,89,25.0,498.28
43c554b6-3f6b-4797-b939-520440ab82e3,C0798,1002,59,4.0,1015.07
6e263fef-74bd-4a62-bdc0-a498b0de9242,C0780,1018,139,5.0,996.6
4b621123-656d-46a5-9323-83b27e45bb64,C0064,1006,17,1.0,916.81
412c060e-03fc-47ee-8abc-40eef4ae04ae,C0498,1014,96,46.0,305.48
ccadf8ff-0735-4938-ae38-a6f2a207a25b,C0869,1041,37,34.0,611.97
4176c52d-4282-4e52-a349-669c40f28bf2,C0524,1032,62,2.0,1414.68
35338d82-d6f6-4bd6-8a72-cbc5369a458f,C0728,1023,56,27.0,1392.71
ca22a86e-1700-4185-87e9-49204f6f70c7,C0036,1007,63,36.0,802.3
53b478b6-8033-4d96-a2b2-faecbbe8dc76,C0938,1041,107,31.0,206.44
7ae0ea58-8bd5-4b9d-89cc-e8cb42e40e34,C0863,1047,126,8.0,914.67
b28c692f-5287-4621-b074-87a3f21516a6,C0375,1014,100,19.0,1462.55
48772f2f-d47e-4b15-8f40-dd531dbda402,C0434,1004,127,4.0,1935.25
12782e0d-3397-440f-879f-e5b1fafbaf97,C0152,1032,72,46.0,835.42
7b6d24cb-b610-4421-9bf3-4120bd8c9252,C0678,1048,181,39.0,203.35
1f712ad3-42b6-41af-9139-a635601254a9,C0666,1011,38,24.0,1702.41
2e84f057-7ad3-423f-962b-697bf4ab05cd,C0335,1012,18,22.0,615.86
500845f6-1aa8-4c9c-82c0-96908ea1aa00,C0922,1000,11,5.0,1075.44
73666b72-bdfe-4ec3-b060-953bf1c73efd,C0642,1003,176,31.0,891.83
9c51faaa-dfc4-46ae-9a59-d4c39cf88a2f,C0733,1033,75,40.0,1520.53
f52998ed-6755-4b09-92cf-8ef3dcd0bfd4,C0909,1014,57,39.0,71457.75
583b8c6b-ad79-423c-90b6-0471ca9cb6b2,C0352,1047,109,29.0,176.21
cd5e03e3-d605-427d-9eb9-50a2132ae90b,C0769,1037,154,19.0,909.33
d354a1d4-cb4e-4d70-b6d0-f6a2d0f1e90f,C0237,1019,96,20.0,228.08
41fda846-02cf-4d58-b91a-c5b32c654787,C0844,1007,110,28.0,1611.65
9750b7a4-e84c-4a2c-bccc-2d3485cf5512,C0144,1020,157,28.0,196.94
b9b999e7-b34c-4355-99e5-b5f70be2feb7,C0629,1002,138,42.0,556.29
945facc6-de1f-4767-ade4-1c508480c851,C0866,1031,30,4.0,523.06
f8ca9a9c-6aff-40f1-a36f-aa03c173e033,C0413,1034,148,36.0,469.89
c9abf7b1-a5e9-4ac7-b3f0-c1778c3a7880,C0804,1011,170,25.0,893.2
f93638dd-2b81-44b7-99de-5dc61ae56017,C0822,1021,118,49.0,1741.92
3d21e9b2-c5be-407a-a3cd-d6942e401946,C0671,1014,40,27.0,243.2
1300a30b-865d-45b4-96a2-084702607adc,C0183,1039,131,31.0,1705.67
b8485629-4755-4ef4-b766-6005c58c1271,C0909,1030,64,35.0,570.07
41e9dc7f-cc0c-4c46-9d0e-4fe2e81ebebe,C0022,1004,93,1.0,1287.26
48ec7a76-f63c-475d-b803-a1fbe713426d,C0915,1005,106,19.0,1696.69
07ab96c2-59ec-4cf9-bb7c-88f64dedc6d7,C0691,1000,54,24.0,1015.07
89aa4cd6-477d-4e1e-bea3-9bdbbf7f3f1d,C0119,1004,59,40.0,378.28
30a1ecb3-4b33-4657-a966-2634077bf2da,C0213,1016,169,29.0,553.75
e3d42ea0-a4b0-4c97-ad9b-10381682620c,C0056,1037,106,14.0,1723.13
81735798-2963-4c5e-938d-190c5317fda6,C0996,1000,167,34.0,1278.33
8b87214d-e3a2-458b-9716-98a38471c031,C0154,1028,35,27.0,1147.85
edc17b02-073e-4bb1-8cb4-5d703f2d3c46,C0672,1019,136,43.0,698.89
9d8059ce-7d06-4d70-a3f9-657e7f78d8f6,C0063,1002,150,34.0,1121.29
ef35eaf9-0083-476a-91e1-e2ed0f6c6098,C0220,1031,45,15.0,1836.3
9c7b605b-ed42-4442-9c75-14d492722e09,C0754,1039,85,35.0,1440.46
d4d9ea62-05b2-4e9e-bb43-fe25bb28adc0,C0193,1039,48,11.0,1065.63
947c7c24-a166-49d3-a97f-3afcb07ab7bb,C0735,1000,85,25.0,369.76
a6532ed3-53ce-434d-9377-bdefb4217b19,C0990,1009,72,21.0,1601.67
08995628-2afd-4d9f-850d-ebb8913b277e,C0588,1037,4,42.0,790.58
40848210-5d91-44f2-b77c-564aacb27459,C0374,1008,101,33.0,957.74
3f1e4741-e74d-430a-8923-dffc7d7be4e8,C0654,1005,121,47.0,714.61
9b7f06e9-3868-41fc-875c-1b16db4563d1,C0430,1033,64,33.0,712.87
7c96377a-5f68-48c5-b268-7c5d30537a3c,C0999,1028,148,17.0,555.43
9d54a7ad-9fe9-4e00-9fa7-90a99e577a96,C0699,1044,4,8.0,1735.34
732d7551-0285-4ded-8fd1-d26d04630ffe,C0697,1045,91,6.0,1416.29
f83702b4-4e72-4883-be9a-bd48dfd38b3c,C0971,1034,78,27.0,1827.01
d9703bcf-89f3-4142-bc27-2e0b1256d531,C0380,1035,38,16.0,1291.38
a96cbb51-b915-47f4-9272-836fcb3dd03c,C0797,1035,153,21.0,1934.54
19b83370-5c03-4dc1-bb63-c80997fd1b32,C0896,1042,49,40.0,1724.53
1adda507-49ae-4be7-8c64-f9e4d9425bd8,C0971,1005,10,21.0,1609.39
3a7bac7e-62ef-4ce6-b271-d9b9052e1501,C0530,1024,72,19.0,883.02
07ae4ff3-9795-4547-9ed5-b32fd1bff5c0,C0495,1019,75,50.0,1471.14
316d91a8-f4eb-4179-a61d-5b2ca94b341d,C0098,1037,9,40.0,329.29
7a9f86ae-65a5-4a06-a892-a9ebbb4a5bf9,C0304,1033,118,43.0,296.19
3d4f6802-936e-47d2-90e4-cfe4a95c5ccc,C0967,1025,163,3.0,679.9
90a1296b-90a0-4985-9e58-80124462d11a,C0021,1013,21,32.0,1081.76
ad2eec6b-b2f0-4eba-8693-f56b44289828,C0733,1009,104,11.0,743.09
02ff21cc-f67d-4625-8590-0caaaf29d290,C0199,1048,80,32.0,74.4
c349f9e0-b3fb-4d2a-bf38-3d5bb0b77a63,C0401,1024,5,34.0,741.28
db2f30c6-e9e0-4bf0-b8b5-a2fb674fb1f6,C0309,1029,75,27.0,361.61
db46dcf3-adca-455b-8c8c-f3ed7aa3d85f,C0707,1006,27,22.0,637.35
60226e23-099c-461a-b618-9c77daee85c4,C0964,1049,152,20.0,1566.25
4deeefed-37c1-40c8-b01b-c269991fbeab,C0571,1039,132,21.0,853.6
06098a8b-176f-40b3-a330-e8f4ccbf0956,C0882,1037,177,26.0,834.34
81174ce6-8f6d-4555-8274-8b0ae8bed55e,C0614,1044,156,17.0,733.93
9fc8b385-8010-4f0d-a9f5-932ec87c93f1,C0235,1021,57,48.0,1644.81
7457d531-3715-4c7a-9c17-520cd7226ac6,C0889,1003,50,3.0,181.24
cba4650b-0770-4a27-b802-1f458434a0a2,C0250,1026,51,34.0,1279.37
1fa2ea5f-8741-4f04-b562-72d48ff6c599,C0431,1044,122,2.0,367.88
338d5326-a9bd-42a5-80f0-61e399382baa,C0395,1038,146,27.0,141.15
6170ab15-bbd1-4514-9b62-a7534fd43f85,C0313,1015,152,45.0,1598.99
a5d5bf1e-6d34-4c18-ba93-b587b32733e6,C0243,1022,150,31.0,808.78
e7ccebbb-fd6f-4c34-87eb-3f7e1776999c,C0248,1047,105,26.0,1806.16
169b47e3-c075-4fe2-a890-b0fc915cd1b8,C0912,1016,154,11.0,822.74
16a213f9-d08c-4df4-bb06-d47f9e8741b9,C0123,1032,129,33.0,1624.12
134bfce4-400c-4361-a1fb-04fb5510c06c,C0051,1025,134,14.0,1761.94
4fac9120-1d92-4a99-8a57-fef4c67191a0,C0464,1020,143,18.0,802.16
105c59a7-6a8c-4725-beb1-7a9b61c2d329,C0035,1033,35,29.0,1015.07
b72b194a-3330-4fe1-bd7d-cfdb7d4cc3cb,C0408,1032,46,11.0,1913.47
e082e6e0-1b92-448a-a021-69fa602145c8,C0885,1034,36,50.0,587.0
8a7baa7c-042f-4e4d-8331-dad5ed47a150,C0256,1010,132,8.0,1015.07
c4451d4e-37ce-4a1b-82b1-e41a69b50db0,C0569,1034,94,48.0,345.02
2c10bd09-2300-45cf-97d2-42e0673e0ade,C0936,1004,31,17.0,1015.07
7ff80fd9-82fa-4c33-be68-b652f4237ecb,C0501,1039,153,32.0,261.44
889e4c7e-c1e6-4c84-8263-ad162df729dc,C0052,1048,98,27.0,990.84
eed42dda-7aa3-4e54-932e-c10a4083710b,C0302,1041,24,32.0,1060.31
d1adb80b-6032-4431-9b32-ecdc84679fe3,C0779,1034,119,19.0,1740.76
fa9eee70-5373-47c7-8488-bb3218afd10d,C0006,1039,102,21.0,1019.68
e7d1daa2-f412-4d55-b061-5c54dd168e34,C0103,1009,35,22.0,938.3
9254e5ec-d0fc-4e0a-bdcb-5271812da533,C0631,1046,34,24.0,327.48
8275d00e-5f91-41a4-8e16-c04dbd2ec744,C0050,1017,160,9.0,194.98
c1cd1516-6e36-4366-8af1-11875f6bbe7a,C0835,1009,168,36.0,290.75
7263b663-3968-4b09-ba8e-f21695070b10,C0203,1045,89,36.0,686.43
5f27c771-0770-4064-ba3f-c8f943453f3e,C0854,1010,33,22.0,804.5
879e5c52-7cf0-4227-8723-f0651706985c,C0316,1028,93,31.0,506.48
dee1f894-5a64-4aa3-8333-f514e8f2d69e,C0111,1017,111,20.0,1015.07
70c4b26d-3ace-48b3-a12d-f33f9b012c93,C0857,1029,28,26.0,1053.1
0aff2ada-0ef8-4c1e-b600-5cae77d2e1ab,C0174,1019,17,24.0,934.78
a3230260-6968-4864-b2b3-e773dbec1d98,C0297,1041,29,47.0,1332.8
a3fe6e1e-e3d0-48ff-b53f-c819ab339e54,C0870,1028,145,25.0,1796.73
2c9e0244-120d-47a5-8985-d7ce7f62663f,C0989,1019,90,43.0,668.51
ac6777b8-2874-415b-b306-1f572ead8a71,C0983,1000,174,43.0,803.1
abc19ad7-4605-4424-a4c3-373f9fd08f3c,C0313,1025,142,19.0,478.28
5c512ea2-3c65-460b-8dae-f165777b7e2b,C0941,1012,159,37.0,1290.25
bd56f6d6-4a60-4895-a8fd-500ef8f9c2ff,C0234,1035,14,48.0,1836.13
a525f6f6-66da-4c4c-ab14-3ff53deb0365,C0831,1027,93,44.0,1529.4
7708fca0-392a-43ea-acf4-9b710e6499fa,C0071,1045,60,36.0,234.73
40f408f8-c884-4fd8-8751-5f593f9db064,C0306,1032,27,18.0,945.32
035351ee-b6ad-4afc-a631-c0ee3a02bade,C0988,1027,164,33.0,362.74
2b88db5a-5b43-4c7b-bd59-ef8419dcb54c,C0016,1008,153,31.0,501.61
a8466c0b-ab12-449e-ac91-f611d7d89fbe,C0632,1031,61,36.0,1921.51
58636119-d24b-4ec9-8a0a-e7aafa6d5e82,C0547,1044,157,21.0,1371.04
4151588e-ee34-4f61-a6d7-c1ee7d81e91c,C0577,1012,115,7.0,243.64
aacd5f48-6590-4344-a0f6-4e2a697763fc,C0618,1010,52,50.0,1254.15
f156c90e-21d6-4dc6-95f9-0c13c918043f,C0484,1045,176,43.0,735.98
ef40ae4a-5d31-4d52-aa7e-bb2e50aa9bb9,C0131,1020,66,27.0,609.99
ccf4cb84-0433-4bfb-a266-24c41e5c9ec4,C0693,1016,15,5.0,1637.36
1606b67c-8d07-4df2-a4e9-da567a74a259,C0942,1010,168,3.0,1660.97
519bedd6-7f33-4e52-bbf9-841e2414f57f,C0320,1046,125,26.0,82.48
cd83959d-1ce8-4a77-b1f6-48ae6ad055f1,C0795,1011,150,47.0,1100.36
943c3bad-0de8-4cc2-b646-43e28c611f49,C0832,1011,11,16.0,492.12
3c61ef91-6c11-4e7b-99ce-e565712efe01,C0052,1042,60,30.0,96.89
30b70aeb-f593-4150-8aa6-a57625d58326,C0885,1018,167,36.0,221.58
de7fd453-9d1d-4b77-86dd-c002d49b054e,C0106,1015,145,12.0,1825.87
6185f7d4-1667-4656-93a0-72b96117941b,C0638,1019,17,27.0,504.18
e6f48d9d-610f-46aa-8908-ca9c17ba380f,C0968,1012,160,33.0,162.37
89f8c834-7122-4384-9d45-8f119e60a3da,C0310,1043,125,34.0,360.68
4747019e-69b9-4a59-a990-7704ba693f9e,C0180,1021,7,26.0,623.07
318881e6-ea9b-41c6-b122-69e10a35eeda,C0939,1010,100,24.0,828.05
a704b029-7e18-4298-b900-ab8593d71ec7,C0520,1025,80,33.0,1817.78
ad1cbdda-bd0d-444f-81a3-fdebea5d010c,C0917,1015,16,16.0,89.95
ae9459dd-06d8-460c-aea7-54bd935e50aa,C0226,1005,165,22.0,52.98
e7ab3dc9-c0dd-4270-b35f-51fca177db68,C0968,1000,57,12.0,1527.23
c39ec4e9-8c6d-40d3-8045-8cf4eba45a69,C0836,1035,35,43.0,1905.19
f91f656b-2cff-4ed3-ac3c-b98c36bef09c,C0276,1039,129,9.0,173.36
22f38739-43ba-4709-bc1e-9b85a3cbfd2b,C0304,1000,181,4.0,395.35
c0e37a87-ff26-4702-852d-0f9d28dfba3d,C0184,1049,13,47.0,1743.18
b216b9f6-9e9a-4414-9052-c2facd51bc3f,C0755,1008,156,43.0,973.43
4263560f-22d5-4fa2-946a-70c7a87557c9,C0583,1029,143,50.0,1416.69
c2a8c578-f361-4c6b-968a-efa398422711,C0594,1020,142,37.0,1708.41
28ff2039-611a-498a-a2c6-eac195b3fc69,C0055,1017,132,22.0,349.21
278110dd-1472-4afc-ae8a-c660ae19861d,C0769,1043,124,25.0,1106.47
1e305999-9d66-49f2-959b-4b19dadd1f6c,C0991,1045,87,47.0,1665.79
90bf9dc5-be90-47ac-b8e0-d3269e507023,C0018,1017,87,1.0,797.72
eeada66d-462d-43b0-968c-92cfba50b6ab,C0942,1045,148,30.0,794.17
7cf04360-0dd5-48df-b61f-1358750e1f81,C0068,1004,179,6.0,250.81
8b617de4-7eff-4d25-a54d-fb494f9a3509,C0640,1037,121,24.0,1037.15
5bd3a527-f6a7-4689-b349-053da67b1aeb,C0512,1018,69,12.0,1744.25
296cacc1-3307-41d0-9758-aa0b4c84b727,C0915,1004,118,40.0,1148.74
4d98cd64-a17b-4d8e-838a-fa7934472d8d,C0155,1032,144,25.0,429.91
e7334d7f-d57e-450d-b66a-b051719304e5,C0242,1048,135,32.0,1154.65
e335d83b-7606-43c5-9057-42f790d4733f,C0676,1017,70,8.0,1548.87
aeb40039-2736-424f-826a-be1cb03b1473,C0067,1042,7,38.0,500.89
732fb8d2-c806-48ae-89c8-7a59ee20bd58,C0426,1033,66,48.0,504.14
3db52a08-706b-4692-a40f-b4eeb9e12676,C0194,1048,108,9.0,280.11
586b1f53-ce53-4b4c-8f90-5d6ef5cc52b9,C0380,1038,100,41.0,609.1
6b121e9c-a206-48ef-b18c-a861f2cd34f3,C0083,1047,28,46.0,729.64
60683914-3263-47e2-abd0-de57b377aef3,C0433,1030,91,9.0,825.15
69208058-6c35-4625-b675-8a2e293cee72,C0003,1046,127,17.0,281.81
7b5e877d-4871-4b33-9eb1-72d27897eec4,C0861,1015,50,18.0,318.56
2fd8a7cd-1525-4ef1-bede-bea4b8d1e48e,C0714,1047,171,42.0,477.13
cca993e1-8c5b-4aee-a7fb-157678c12370,C0006,1013,167,30.0,1330.73
323e36aa-db9b-49ea-8666-d9b184cb925b,C0707,1010,126,42.0,1092.36
36485590-08dc-4509-8768-59a491214d1c,C0853,1045,11,40.0,1137.07
a5ef341c-860c-4f50-8b2b-925cae589171,C0359,1026,148,36.0,1015.07
433011f4-458e-4b4a-891a-897ff5f4113f,C0464,1005,58,5.0,851.93
83407971-0c2e-46c1-a8a5-6cb3f387e91d,C0127,1048,34,16.0,1678.23
cbe405f0-8354-4395-8292-7549dad43106,C0980,1025,104,25.0,349.94
c643916a-42f9-4d7f-9726-b083961dc0a4,C0895,1037,89,1.0,1710.36
2c18f0d7-c206-4d4e-84b9-c3f7a75a0c7e,C0691,1007,26,50.0,79.33
7095b0f2-c5de-44fd-95f3-ba83c7c95f26,C0515,1014,26,24.0,1415.96
63cc9f98-1482-4bff-be8c-d11a955a9c7c,C0612,1026,71,11.0,1191.75
33044465-4de9-4648-9731-5aeb0c94e140,C0023,1040,83,16.0,145.9
1882f6a3-7940-4d3e-b297-02f59545c460,C0611,1020,179,18.0,1171.16
f3075a6c-1f0f-4213-9c59-f8722b4bf7bb,C0546,1024,52,3.0,1063.85
75856ecf-8023-4bb9-bfb4-f498a1a0db10,C0524,1023,97,26.0,83.1
ca4222e3-ecc0-4779-a53d-c4819ce45050,C0151,1025,8,48.0,1632.38
7eaca8e8-acf4-46ba-9dbe-fa067163e855,C0811,1017,180,43.0,875.66
4356d49a-929c-41ba-851e-46a10f455660,C0326,1039,63,47.0,492.24
353f1dfa-edf7-4fb0-b3ae-1e3d50045287,C0109,1025,85,5.0,291.36
71e013f0-839d-4304-aa4d-774a5085abe0,C0854,1029,29,17.0,1628.3
41f5957d-85f0-4d5d-805c-7b501226198c,C0505,1010,143,20.0,806.89
cbf3db75-2c8e-455d-beab-2ee3843ae260,C0591,1009,2,24.0,574.12
2016969e-9af4-487a-9b4f-1f926cfa6941,C0710,1012,159,46.0,1825.5
515c7471-abb0-44c9-888d-8409e70d59c5,C0930,1004,34,36.0,1695.27
7acebd57-8790-4682-8e6c-b73175106a93,C0303,1022,17,35.0,808.39
8de2c065-eee9-4fcd-a23b-73e160ff4f80,C0858,1007,146,46.0,1013.31
334d8673-2d37-4420-95fa-0b84bcfee0d2,C0197,1010,114,19.0,1776.94
0589b336-e837-4ea2-9740-5a7bbae67224,C0422,1027,74,37.0,1015.07
613a78c4-e30c-497a-a55c-78357d255921,C0847,1017,104,21.0,1466.17
c84ace24-232a-4e26-993a-b68f1ac8a6ba,C0044,1045,85,19.0,316.44
9c75f656-fc4c-4e95-81c0-26e5b39f8617,C0479,1023,157,18.0,1504.21
5c5cfd1c-b31c-4656-abc1-ad52ffd6d6af,C0707,1047,61,28.0,1597.87
63485a21-af13-4318-b41c-bb93f2789251,C0582,1010,144,38.0,1405.73
01ab2f44-e70b-4736-8e53-96ff891dc05d,C0188,1047,87,3.0,1491.82
65a75d7a-9f8a-4164-98c7-3024d7eb00ad,C0557,1020,100,7.0,384.11
6596ffa9-5bcc-46e2-9df9-f6e15f94563e,C0909,1002,43,39.0,750.63
453fda89-0012-42d0-baf2-944a8342d780,C0945,1001,84,41.0,425.0
cdab01b9-5e1d-4f55-bd0e-37a5d950177c,C0793,1024,23,16.0,1491.32
ad05174c-5886-4448-847b-aa81d7e0f827,C0416,1017,125,49.0,360.24
a9b4897f-4047-49b6-ac6e-11fcbc8bbbf9,C0735,1045,33,2.0,327.61
8dac207b-338f-4670-bf64-d0e406873b73,C0038,1021,32,44.0,1902.59
ad58e000-f32e-429e-8e5e-c16b8dc4edaf,C0093,1022,146,1.0,1177.8
68a6a77a-1528-473a-a0ec-3770d0273463,C0617,1027,68,19.0,1582.77
a2100f0f-384a-42ce-a383-b3a9ecf338b2,C0142,1012,153,24.0,971.27
3e1035bd-8f16-4887-b25b-ac41027dff7c,C0887,1047,146,30.0,1829.13
7d9daef1-543d-427d-96a9-bf14fe9346ed,C0995,1001,155,18.0,235.33
e63d052b-cbe5-400f-bb73-5316df5c5cd1,C0767,1035,53,49.0,788.84
065e6bbf-53cd-463c-a536-d4a12729d6bd,C0330,1033,109,16.0,613.96
9a6d4a8f-d249-4342-9712-ab782beab45b,C0479,1038,81,44.0,92.99
e1bf85a9-0c04-40f0-a539-ba25d0a564ac,C0996,1040,51,26.0,1776.9
0c2db599-dcb7-4429-a8b7-ea7acd3aac61,C0092,1041,120,14.0,709.79
edb84e4a-3f44-4d08-bff5-baefc708b4ef,C0063,1003,138,49.0,1442.35
75f525f4-59b9-4e4f-8ef9-97c40f3fc0aa,C0803,1040,160,15.0,1087.08
7cbfd309-e6ba-40b9-9b33-385c2e61d331,C0561,1046,67,15.0,1807.81
09130c1e-f8b1-4333-a3cd-4d1f78707a44,C0680,1047,35,27.0,66.74
215be693-5807-423a-b491-fe16cc21e2d8,C0116,1041,59,39.0,1189.77
2fd5c3c3-fc96-4582-bf59-a659f7d6905e,C0680,1006,124,30.0,1648.27
23021ad5-8a0e-4cca-a3bd-2b8b051deb38,C0862,1005,178,22.0,977.57
97d8475a-9700-4a21-9a13-26754eca8786,C0294,1003,145,48.0,1052.85
2e3f981f-c2a6-4373-9503-f0b92c1d5372,C0125,1034,129,3.0,151.86
52218384-3276-4601-ba06-07967730c87a,C0931,1001,172,42.0,551.61
03d4dc1e-7fa8-43c0-a661-1eae4f0ea777,C0852,1002,115,39.0,1822.17
6401a1c8-716d-43c2-b3c0-3007a0a2f219,C0854,1035,28,22.0,530.5
e7b2a33d-577d-4c84-b35c-30b49817f867,C0076,1033,26,42.0,1757.05
90b60bbd-8d29-485b-8d55-fa711ab40381,C0914,1004,6,16.0,1769.94
bb89a661-2f98-49d3-907b-1968d65f3202,C0461,1039,96,40.0,727.94
fac42cb2-fa07-41a3-aae6-0c90ad4801fc,C0097,1029,35,16.0,832.32
8cf43726-2285-43a7-90cc-da9bec5d96a5,C0302,1003,116,50.0,294.89
409a461b-1c5f-4a98-80b4-df209f673192,C0654,1014,37,47.0,1684.41
b0fbf3c3-65d0-43d6-93de-53fb64d377bb,C0536,1041,34,43.0,1015.07
252af265-7355-4be3-9a41-5a71650f4925,C0896,1046,52,7.0,1269.88
fc3c8cc3-8c1b-410d-9eca-8af488aaea66,C0405,1027,116,21.0,1015.07
265c629f-ccd5-44d7-afdd-80fddcb7d0f1,C0865,1038,112,32.0,215.12
d07fbf4e-071e-498d-bcda-cf2e9001182b,C0256,1017,82,38.0,254.66
0a827c2f-7c9d-4408-98bc-6b8561f57eab,C0328,1039,122,43.0,900.75
58727773-874f-48de-b7b4-2a4a0010f39e,C0593,1010,123,32.0,764.92
bcba8aaa-be0a-46ac-acf2-232b55cf6238,C0338,1020,131,11.0,1663.33
56db27f9-a253-429b-b623-0eee13bfec6b,C0641,1006,159,5.0,991.95
4b3e2ce9-a656-41cf-ab78-e3a65d12c7a0,C0543,1029,122,16.0,337.88
821b4d9c-31df-4180-a3b8-3d172a3a59c1,C0756,1002,37,18.0,1015.26
8a6263fb-ba67-4c48-adfb-0d6c668a8d28,C0345,1034,75,15.0,328.09
df51c278-64a5-41b4-b31e-60ff2ed43b5e,C0027,1048,122,41.0,937.41
74cbf227-3f70-416a-be8c-76997fced0dd,C0446,1036,72,24.0,1015.07
1454c734-9847-4dd3-b705-738d92446e04,C0070,1030,15,20.0,81.4
3c511cbb-e087-4689-a0e1-f18496f0711f,C0507,1032,151,42.0,1198.23
a278e10f-03c3-49ba-80cc-12aa5640885f,C0854,1004,150,30.0,532.41
ff8a367a-d9bd-41ab-a574-a64d231e6d5b,C0084,1023,69,21.0,502.64
7d173828-a18a-4094-9c84-c0ceea87aa67,C0702,1034,36,19.0,131.93
76eb6db2-8bdc-49e9-99b0-2021e92b4353,C0872,1029,21,33.0,198.03
5c397e8c-b2af-488b-85b2-0eb41e1c2085,C0119,1034,93,43.0,1379.57
113d80f1-c8e8-4382-937f-00b654d9cbf8,C0485,1028,89,16.0,1348.08
9e0df8fe-4eea-4587-abd2-4a3b0ef95058,C0798,1018,72,18.0,1261.55
a4796676-0ae5-4c4e-9b05-5c493fa89f62,C0080,1040,104,45.0,1142.66
afca21df-4a14-4417-9b5c-e5d5bbebf16a,C0300,1041,146,25.0,1770.62
59a2be84-bf73-4376-b285-64b6f064abd4,C0017,1034,149,34.0,802.8
ed1eceb8-5798-459a-b0e9-a640a8e812b2,C0469,1014,14,41.0,915.28
33ea8705-ef3d-4ecd-bc2e-228ffe87ac44,C0979,1007,47,6.0,1137.67
ba5bd9bb-c435-43ce-b59c-44664949b6e1,C0188,1020,78,40.0,1783.53
3d41e11a-d690-4ae0-937a-aa829478af65,C0676,1019,171,3.0,1367.89
984e531b-c0d7-4167-9cbc-0c502c03485a,C0047,1013,94,36.0,445.14
27aa56b1-6942-4a8d-b6c3-8711ff0dea12,C0771,1006,49,1.0,75.74
27803ae1-b5e4-4f71-aa31-5f1e22972c1d,C0294,1043,33,18.0,630.74
87b80547-97c4-4945-a9f6-dafa4f3a2776,C0179,1039,177,27.0,1421.38
53b3fec6-7adf-4347-9561-bc8cc3862c53,C0738,1008,143,40.0,1269.12
d22ccf0e-4c01-48bd-bea6-a8f385d61070,C0404,1047,16,35.0,1379.14
6197dcac-7605-4351-b999-37523a7d33f9,C0153,1036,117,2.0,1015.07
e0cf4122-a30e-4ec5-8948-7d07158cbc9c,C0432,1027,3,40.0,1264.99
0b01737d-8874-412b-8b0b-1ff92cadc6d8,C0885,1004,58,50.0,971.29
5430245c-7235-4add-b031-968cce4b884b,C0726,1015,115,36.0,303.96
8d6d2db2-69ba-4c8a-8639-62ffc681ad65,C0801,1020,139,26.0,670.12
33bf8597-6a4b-48f9-a4e2-c5e9771fda86,C0414,1041,128,44.0,1125.7
cd97589e-347f-4359-9ff0-ef1193f69736,C0343,1027,3,44.0,1580.15
c83d2850-dcd5-4d4e-accd-e1d8f7438b1d,C0371,1036,43,39.0,1102.34
23e9612e-ee9e-4349-9a75-5c3cb728847c,C0087,1039,48,13.0,1238.29
6773f2c9-9446-493a-92ee-a05d1225e40d,C0962,1029,133,5.0,119.71
827a194e-0bb4-4790-8f5d-0aa3ff61e199,C0197,1002,80,36.0,229.19
813bd158-9388-423f-a164-19b50686251a,C0524,1015,84,8.0,606.01
a6c31d30-2914-4ae3-b1af-20a40d981c5e,C0429,1010,44,31.0,589.19
e151e483-9e62-4b95-83bf-ab94e48546c4,C0837,1024,114,8.0,1862.89
daf77b26-c64b-4689-b410-b7f3768bd374,C0163,1026,45,46.0,1974.95
b373ae18-337f-4157-82e7-fb9f339f516b,C0871,1033,26,11.0,1465.68
05fd1a21-9238-4ebb-8d2b-bebd7ddd2a73,C0279,1032,120,5.0,1102.33
7a3df7ca-06f3-40d8-b9be-ccc88f3ead40,C0298,1049,2,46.0,266.25
bf7013f7-d113-4185-8467-36c21dcf7bce,C0158,1044,37,8.0,1015.07
452fde0d-666c-4974-9b41-8b90564dd099,C0633,1018,76,37.0,1085.53
69f1738d-0019-4835-9b65-5a99d928920f,C0499,1001,26,29.0,1803.48
1a19c23a-75a5-47a8-87e0-2c07ca8d4a6c,C0759,1040,115,29.0,1972.0
cac73ff4-2cb8-4f99-8a4a-4d4770b35bd1,C0457,1002,140,47.0,1065.04
7f0eea46-8102-480b-aa35-a162dceb554e,C0533,1009,66,19.0,673.63
84e776f7-d7df-4f20-aa0b-46960e8bd929,C0166,1040,163,9.0,1962.89
53e57fe3-a085-45f2-9802-cc79e79a5e76,C0944,1023,166,13.0,1576.21
62558133-3e04-4991-ae53-39576c5ddc56,C0212,1046,169,16.0,479.34
cb455b39-5412-475b-9051-e509065454c5,C0649,1029,138,22.0,1193.66
af0ea387-75e1-4b3e-862d-a6ee41e58a89,C0381,1036,177,48.0,658.84
6468443c-eb54-43ba-b300-671f08cc4c15,C0236,1048,112,1.0,1059.97
bbef3af0-4182-4ac5-8fed-4f0ea73870c7,C0830,1013,86,11.0,908.99
ee826f07-f3c4-4035-aceb-5474f93705d5,C0797,1021,3,50.0,1298.43
6d1698fc-147d-4e36-bf16-32811ff9a313,C0922,1029,144,14.0,57392.45
ce0e483b-60d4-49ec-9968-4f8a431947f1,C0708,1038,92,7.0,1095.34
8da48d54-bfc6-4f87-a6a5-e78b39eb4df6,C0826,1012,26,47.0,1429.81
e0dc6623-623b-4181-8968-9984ef720276,C0294,1033,43,35.0,1368.74
f1e0454d-9ff6-46cc-8914-01204ea4e2d1,C0909,1006,41,43.0,1239.87
083d3410-11ca-4583-babd-073cb90bd1ec,C0157,1007,145,12.0,1359.9
be110a0c-2768-478f-ae88-aeae60d78d8b,C0721,1009,178,11.0,1463.86
f8df1e67-343e-40aa-8d9b-ed78e9084169,C0305,1002,27,49.0,322.1
4ab18be2-cf86-4570-9228-2e74cc4f037b,C0479,1040,77,22.0,720.13
085b7da6-9271-45ac-b990-712fb8719235,C0100,1036,148,49.0,1348.83
9962d79f-7c58-4b62-b3b9-b817430e9720,C0769,1007,119,15.0,203.33
b71338cb-95b9-4916-95a5-828a5be3b7ab,C0238,1039,70,6.0,436.36
8cf06e80-632d-4918-86fd-ef4584160972,C0813,1022,117,8.0,213.09
1300072d-c3f2-4b7c-8104-03f616fee978,C0517,1009,166,45.0,1556.12
9925031f-a3a7-4629-b281-b1bd0723135e,C0266,1007,134,8.0,499.03
4eab0a58-d8f4-478c-a05f-e956e9ce2fd1,C0588,1009,76,13.0,1899.6
b09a68a5-bcc3-488e-94aa-0bf57cc758e5,C0106,1014,137,19.0,910.3
26c99f5d-5eb1-419d-a4c9-f3ef01998e58,C0905,1048,99,37.0,1063.38
a369a520-8a44-434f-ab34-3455d5e98f6f,C0523,1007,50,46.0,102.61
0ad07691-a95a-4ffb-80e3-e4dfbd647f2b,C0800,1025,173,37.0,1306.25
638708ba-b426-4600-8a8b-59b0da4af027,C0684,1023,147,18.0,357.63
5b5566de-bdf6-40fd-a948-b30cc7d26dd9,C0782,1034,161,12.0,1900.78
2d3e115c-9103-42d3-a62b-43de2a29ea8f,C0640,1041,163,25.0,957.82
6c0768b3-972f-437d-89b2-72c87f52afdc,C0977,1049,12,34.0,1207.43
cce4940f-22b6-47b8-8271-2c0d3807f3df,C0629,1026,67,25.0,255.24
d975c0ba-3e7d-4092-aa20-38b191694ed8,C0567,1044,7,11.0,1537.63
d2b88389-c632-4460-bf48-a77420335d7c,C0243,1042,179,17.0,76.01
8217cc7f-8084-4d7d-b213-5ddca64be985,C0131,1000,91,24.0,1973.09
76ce9563-84aa-4698-ac1a-471332072c3e,C0912,1006,4,10.0,906.28
18eb5c40-c4f3-44a0-9f93-d6e640fefd1b,C0800,1038,5,45.0,631.92
f070130f-2c1e-4f2d-8064-f92234392f8c,C0896,1003,10,17.0,523.59
badbcbc6-0b0e-41b9-8d21-a0705caaa1a6,C0229,1036,87,16.0,138.24
94cca939-fb0f-4e8a-9079-fdc4abda5eaf,C0937,1006,137,47.0,1714.39
b85f8d67-0bd5-4e3f-a5be-7d50dd80553b,C0750,1001,62,10.0,289.65
0c790619-188e-49cf-8a83-55a6633b3b4f,C0811,1046,36,44.0,871.29
cc8f2449-66cb-4e4a-bfad-0595b628020a,C0511,1009,61,15.0,1597.61
9e64ef2b-ac79-49ef-8844-364b7c9d91f1,C0056,1045,157,14.0,1808.91
c05a151a-adf1-4ae6-abd9-a43f011ac52b,C0884,1028,148,45.0,1833.49
5d0bb656-8704-4f9b-accc-960f43af593c,C0548,1046,89,5.0,82.61
0c7366a7-f5ba-473c-b126-204b26e22a65,C0210,1011,48,48.0,1104.45
4a652362-aa18-4cc6-9848-946c00bdeea4,C0051,1029,33,33.0,1460.02
e7e106f4-beaf-4a31-9129-50dcca89b6fc,C0338,1005,27,27.0,1776.34
0332125a-215d-4dc8-9838-3938979824d4,C0742,1033,29,23.0,624.92
2858fc4a-2386-4c38-a882-45d2270144ce,C0759,1016,75,5.0,403.77
3ecc9540-2873-4194-8765-fecdf0976512,C0655,1036,54,37.0,1815.44
86497253-0ad2-435c-a721-a70dcbf19808,C0122,1030,118,25.0,1678.08
9439d9c7-daf0-4e2a-8f47-62871e3a5564,C0611,1003,156,35.0,749.07
b430ca35-8f25-4b00-a332-b0e70d2bc9e7,C0619,1011,111,33.0,1259.32
01da3385-d2dc-42a9-bfb1-38983a20dd47,C0208,1020,177,48.0,1917.24
ff87785c-e0bd-4784-96b8-4e3abc51a843,C0286,1008,167,16.0,1533.5
972aa42c-c836-499b-91b2-e5fe2fba6ac6,C0800,1018,153,15.0,199.13
5aa6b674-771a-4c90-b912-113a59dfafb7,C0530,1030,143,5.0,1159.33
58cd63a8-ddc4-45c7-b228-2cafc888694a,C0084,1020,21,23.0,1924.84
cd720957-708e-47e7-8872-7bd097db3cd9,C0654,1017,85,3.0,880.21
f8b29dc4-6cb5-4124-8d9e-b6409a361d14,C0123,1012,84,28.0,970.46
5008a247-b3b3-4c84-b9b9-55e809dce330,C0838,1033,114,18.0,398.01
ce5ea455-5abb-4fa0-8eb4-3780a09f729a,C0133,1026,12,9.0,1469.53
0290893e-308f-40dc-8439-b61addecba30,C0404,1011,11,22.0,753.06
2a56e0f0-b1b8-42df-ba04-a24b6fbc5e8c,C0572,1007,155,8.0,1015.07
4848ac1e-ae7e-402a-9e48-7b2402a7311c,C0931,1047,40,22.0,1015.07
ac7f42d2-1b0f-48fc-9533-d629bacaf112,C0718,1037,66,24.0,1073.69
ae833449-e145-4b0d-9b46-8ad89aafafe2,C0439,1043,155,3.0,934.53
17b33763-205d-4d0d-a7ff-0e29a3ceb484,C0645,1044,20,7.0,973.26
e4cb8efd-2b0f-4e17-b0be-da120df7b693,C0122,1009,111,29.0,834.18
8db26707-c7d3-49a6-bb6c-6447b4900be5,C0116,1010,20,10.0,1034.06
128a2af0-e794-47f9-a329-12a0e1ec31a9,C0531,1048,80,36.0,869.4
dd79e7ad-06ee-431f-9579-0980ec805b9d,C0566,1039,9,9.0,690.37
f0803471-1c4b-45df-a970-69c0e0a7d68e,C0423,1028,48,47.0,837.62
44781f3e-3717-47a9-b28f-bd6312d6d76a,C0151,1027,71,23.0,150.18
6ad408ed-eb25-4df5-bacf-d7e2b3dcd2af,C0190,1004,118,26.0,233.94
438a4fcf-1fcd-478c-a0eb-d3df5d0d7fb4,C0231,1007,94,38.0,742.02
2ee4fa0f-e8f5-436f-9251-56049a0e986a,C0465,1043,160,47.0,1748.2
797caaee-1a90-458c-8a5e-526dfc706515,C0231,1025,177,2.0,945.23
b11aebd9-444a-4375-baf4-aa4c1f65eaf0,C0463,1033,150,13.0,106.42
01c8a472-e1f7-48b0-94c1-2895ccfd4cfb,C0892,1000,94,41.0,1143.66
2c8d93ae-f4fc-495e-8463-b91cd2d3bf2b,C0838,1006,168,7.0,183.47
171d5121-215b-4570-afc7-89389a3422d8,C0843,1040,72,26.0,1558.25
0ddbce21-314a-445f-bc33-a6fc9f2ed0e1,C0646,1006,133,7.0,65364.17
0d6b314d-8149-48d8-96c6-b2150c5d1cf5,C0408,1034,24,15.0,1492.69
fbdf2cec-a70f-4956-a908-f9d6bbff0de0,C0407,1036,140,21.0,336.02
fff0837a-30bf-4928-8a16-0fef92507762,C0199,1005,118,46.0,723.55
7b0f56b9-ecfe-406d-a916-1edc54f60a17,C0859,1009,18,9.0,694.06
8f603d3e-0dbd-49e9-8032-f225934be553,C0023,1037,91,43.0,685.75
5256c741-e455-4dfa-a598-0d4277d938c2,C0485,1008,4,42.0,662.21
1247cdb0-f206-41b3-b9f2-0233cbe9b099,C0279,1018,94,47.0,1889.8
66199bb2-d8fc-472e-b3ec-3911eff94cbf,C0405,1000,164,9.0,452.19
a15ab131-cec5-4706-836d-340d3a685d85,C0371,1037,177,22.0,503.52
f2303c87-fb2f-42cf-85da-725b7715ea38,C0251,1022,26,9.0,1477.68
8284e54b-5a39-4140-8203-d362b8c82ac5,C0157,1012,153,10.0,177.32
39f9cc4a-b8b2-4671-8f5f-d0cca6635e72,C0273,1018,26,12.0,1018.24
117a7478-ccc7-4dee-bc9f-176199306550,C0045,1038,56,8.0,1761.83
367a94cb-f44d-4d90-91b4-40f04c0ff900,C0285,1022,38,13.0,342.57
1f0a0fff-e291-4b6f-8629-5f9e5aebad81,C0041,1032,121,10.0,833.46
96c928db-2f49-48ae-b14c-1af529704053,C0077,1027,162,8.0,524.24
098080d2-8fa2-4f93-ad52-b241836ad400,C0905,1046,119,1.0,914.91
a1bedef0-4758-4649-9c45-f915fdfd4ec1,C0965,1009,14,29.0,1957.94
d82a5cba-b2cf-41ef-86d7-4a6904f6c50c,C0292,1033,13,46.0,772.53
9cca2e42-9fa6-45c8-b6cd-7b5eabca8030,C0304,1008,108,46.0,1290.28
8b9a9c58-e4ad-4163-8e8f-150257d90fdc,C0331,1007,129,6.0,1657.5
4a948a57-28c3-40d7-9f45-5a2f0a9e4751,C0023,1048,91,21.0,1015.07
ea834d80-faf9-4b34-b44c-1d8d5004b4a6,C0225,1018,95,22.0,1613.76
d4ecbfc5-5799-4896-8e0b-6f9897ea5fba,C0331,1030,93,21.0,1015.07
bfa58adb-8f4b-4943-8aac-0b6b9527c0e3,C0480,1033,131,21.0,1406.24
cc48e698-95ef-4cec-b121-cb8af5a720a8,C0671,1012,96,18.0,801.39
bd957e2d-541a-42b7-a21e-046b13e75497,C0663,1005,62,41.0,323.32
e85c91ea-4ea9-4095-b9a4-a7dcdf2d0337,C0094,1025,22,19.0,991.5
a5a9908e-dd0a-4f40-ad8f-c53314ab7c89,C0490,1046,115,40.0,85.94
7991f4a5-1b50-4a7f-a2af-fb3226ec2f06,C0489,1045,179,32.0,1019.89
043051ca-5fd0-4368-b7fd-a6b9ef7d6f4d,C0986,1032,8,35.0,504.31
aec6e2ed-b891-4129-9aac-78c1ab07a090,C0261,1002,37,28.0,1049.51
ee6dbd0f-7b5b-4623-8466-e483b6fd809d,C0790,1048,140,9.0,1015.07
5938a988-469c-4dfb-a388-30508f3e0bac,C0853,1033,70,10.0,1553.75
0c3b965c-6de9-4420-a54a-53ba87f0b632,C0382,1045,130,47.0,949.16
7f357b8b-f01c-46b3-ab5f-c04545b1b48a,C0763,1026,17,42.0,1335.88
a976ff8c-90c2-4a95-8456-00d40e2b7d23,C0005,1009,73,30.0,789.45
16d83fd3-d96c-4401-a566-85e9f4a0fe20,C0780,1006,31,14.0,478.81
141f7613-7acc-4269-8b34-30d95c8c2755,C0222,1032,150,26.0,627.71
377a71ba-32a5-42c1-bfeb-922e40218143,C0260,1000,63,19.0,440.43
f3541e0a-30a3-4c0c-865d-3bab5047d867,C0748,1021,26,34.0,783.93
7a9fc05c-fea0-464a-b7d6-b088151cd781,C0383,1020,150,46.0,952.02
f026f9dd-e78c-42a5-9962-fec1115df16a,C0485,1010,110,13.0,442.32
52d13fbf-d74e-4bac-beb9-d9ef24d9e760,C0203,1029,9,14.0,836.99
d5f22c03-9b3e-4041-8ada-331bd81168cd,C0176,1035,175,21.0,1251.2
4fda3a62-62e3-4180-a47e-0e6c8ac62142,C0964,1007,54,10.0,934.4
17c00259-8cd3-4941-bf5f-a6722e2c7cc4,C0245,1039,175,9.0,882.7
f54bac7a-2006-4ba0-b941-86bf63bb068d,C0578,1041,169,31.0,392.58
5caef670-4069-47dc-bafd-a8d1979c0eeb,C0926,1014,41,19.0,123.81
98d292b6-499e-41e2-b9cb-c925e7e13f5d,C0479,1012,99,33.0,1369.09
c2c82c12-e570-47de-b00e-726ab3de4ed6,C0555,1036,59,44.0,784.41
8ec912f7-b192-4520-ae55-f14829b130be,C0305,1048,161,44.0,368.77
0e4a6339-88b0-49c7-9eae-8b6fa317c102,C0414,1019,155,44.0,1860.03
f2108e40-aa89-464d-b464-6160dbfdc6ef,C0513,1032,176,23.0,1310.03
60b01872-f2c1-409e-8c50-7282d563284c,C0533,1017,3,24.0,576.0
5123e94b-3594-4c00-900d-2ab96369e1e0,C0391,1020,42,40.0,1785.51
97fa2481-d1cf-4485-b602-9f3a4d92732e,C0478,1048,32,34.0,1767.01
a3aa9d20-7303-43dc-9b80-4044ae4dfdc1,C0034,1038,121,39.0,1837.18
7eb67fa0-260e-41d8-805b-2419fea3a6d2,C0259,1031,95,47.0,157.42
2674c45c-d207-43ac-8792-eeec6c37bf1a,C0322,1016,80,43.0,101.16
af2f258c-a18a-4215-ac3f-cf10f8c6975a,C0160,1001,120,43.0,1341.83
caa11957-1a40-4814-8b27-53c2e1ba6e54,C0349,1035,77,37.0,1726.75
252a18e7-efe7-4002-be46-f324ac5d4941,C0515,1032,23,24.0,337.46
3ca1cb77-197a-4a9d-bf69-d61306f47d61,C0920,1047,1,2.0,49516.53
89a1063b-9b6c-4773-86d5-5a0409ac05e5,C0507,1002,122,16.0,156.47
e72f781d-c7a9-4be7-8305-a88833e7ae8f,C0305,1029,26,9.0,1596.32
266a7583-f7fe-454c-ba7d-7242c672cc91,C0552,1011,95,35.0,1024.24
738f95b7-f212-4379-986e-59bc0394a038,C0526,1046,102,8.0,329.98
0b4738be-de96-473a-bca3-f8eebbc5bf40,C0735,1045,34,22.0,1930.53
b50fff8c-4764-4a7d-90ac-1e11ac596a2e,C0452,1015,71,26.0,1015.07
7b15277f-cae0-418a-815d-d87f6bb10832,C0112,1011,31,5.0,1296.2
b076f5f2-d9ae-4f5b-b622-4923568e22cb,C0412,1024,69,31.0,1908.4
57c34acb-792f-4338-a577-4529f0127e4a,C0845,1047,164,49.0,1318.73
2d8e5eec-659f-4268-94c1-d8ed4e571f4e,C0745,1007,151,35.0,59279.62
04c3eb92-c20d-4677-8d46-4b2484fd9080,C0136,1039,29,7.0,833.28
4c5cf511-8d4d-4ef0-9a91-03c629b7dcd7,C0555,1019,32,45.0,236.66
96f4c65b-51ed-47ce-9a73-7de60904f796,C0463,1030,3,10.0,1655.07
7efc4436-f82a-4327-abcb-8091b821d68e,C0654,1038,98,3.0,1858.83
3f52bc61-cc93-464a-b968-7c2072d2f3a1,C0120,1019,177,40.0,384.53
b8be94a9-e422-4ff4-8838-de61fb41abef,C0020,1004,168,2.0,1916.76
74fb5988-df01-4760-b938-33ccf9bc78ad,C0446,1048,109,27.0,1015.07
20c1314d-cddc-4c4f-86bd-86791ad8e250,C0821,1043,21,5.0,799.15
a5a1ef51-e520-4851-b1b0-d123ac256170,C0939,1005,149,28.0,1506.63
499381c7-0949-489c-8eec-05fbf9b907c2,C0705,1028,55,41.0,448.11
1a6d2a6d-34f3-414c-a085-943dc5c98b41,C0466,1033,145,48.0,1025.23
68d469f5-b2d5-4430-8f01-8919812ae9dc,C0133,1038,7,4.0,1015.07
d1e843f5-c83d-40a0-bb0f-b560d7ccd695,C0128,1029,121,16.0,669.52
77408cb0-872c-479c-8663-44d53b7fc2fc,C0024,1036,128,46.0,252.72
edf83235-2a31-4fba-bc17-f27bde74afcb,C0630,1027,68,5.0,876.72
c9ea33e2-28a2-42b2-9f26-8849dff44156,C0420,1013,147,44.0,768.28
9e54d7f8-95f0-442d-9476-95686f2715cf,C0527,1045,79,9.0,696.95
2842d674-3e92-4240-9b3d-c91cd8a520da,C0080,1033,69,47.0,1041.26
19341ab5-54e2-4655-b75d-1803bc285656,C0724,1002,72,38.0,687.38
316619bb-b7dd-485f-b91b-113291d9ad57,C0348,1024,92,7.0,1393.83
e4b0168c-486d-4aff-a4f0-1d39e34b4b84,C0019,1041,94,26.0,320.06
0f7dbf97-32a5-4843-af17-6d0e0347faeb,C0085,1038,35,24.0,780.07
fb3e1349-b207-4fd1-89ea-c97d5947a8c9,C0990,1031,126,45.0,1695.87
94334c99-7e3d-4e02-b510-6bbf846a1ddc,C0338,1011,85,12.0,1746.77
8ca80408-bd1f-4818-9931-2a6a55dabc4b,C0225,1000,170,10.0,91.56
9573cf01-17c4-48e0-a552-a89b5da9dedc,C0433,1040,110,1.0,1951.67
468fc227-8698-4364-8923-fbbecaacb189,C0106,1037,69,43.0,1252.42
370a855e-f682-44cf-b1e3-21641635d83b,C0175,1005,153,23.0,1109.41
c76d061c-ea52-4852-9707-063322688de1,C0921,1002,165,39.0,1424.76
493efa94-d0b4-447e-9441-a4ea3dcc5ec3,C0494,1022,95,22.0,377.75
0054eed2-ccf9-450c-8019-c518fb2906bf,C0053,1026,9,10.0,1152.03
620f83b9-9c63-4cbe-959b-0447f8604cda,C0570,1005,69,1.0,604.69
7b124377-15b4-44ce-8fa8-9a7fd849fa0f,C0291,1001,98,40.0,545.57
d34a6a88-0663-4c85-aabc-8be3ab3fc4a7,C0333,1006,155,46.0,913.74
ee447d59-b730-4a89-a775-9a0cbf9e002e,C0472,1024,116,7.0,333.93
0d9cfd1b-4b0c-4999-a1f3-96aa97121c9c,C0978,1010,35,20.0,50662.51
5678d82e-6f1c-4f86-ab21-230ade811efd,C0808,1034,161,41.0,146.2
285c22ad-75a4-45c6-98d6-c9b712d5afb5,C0619,1019,86,21.0,409.38
6dbc0ce5-6146-4611-9650-3207899dcede,C0814,1018,119,6.0,611.94
cc5c17ae-9b75-4497-9926-e943d804f94d,C0162,1013,111,37.0,1170.21
fd186883-8649-49c8-9da4-b0043971831c,C0094,1003,143,20.0,1308.85
1f888797-5b85-4023-99aa-127cf5bde644,C0883,1030,61,31.0,749.61
b285142d-2454-415e-bc4c-aedae0dbe4a0,C0012,1029,44,35.0,614.82
d42941fc-2a7d-4f8c-aa0e-4c14a8f935e9,C0174,1032,42,19.0,1015.07
007cb5e6-f360-4653-8f44-e67506f1c941,C0205,1049,18,13.0,81.44
ef740b18-acd1-441f-bef3-57430a2094bf,C0385,1013,180,5.0,584.66
10e031f8-1752-4809-9726-6b4c0ead7530,C0270,1035,50,33.0,1288.08
7d6b7c77-6027-473d-920b-7b06bb7a1e16,C0475,1038,161,8.0,831.28
1802c63e-340f-4d6c-9f85-8561c6883b61,C0964,1017,95,46.0,1067.84
b9f64a1c-63e9-480a-8f37-9b8aec796ca8,C0966,1029,29,6.0,1107.19
035ca839-471e-43fe-a682-32dfce877c64,C0915,1043,11,42.0,738.69
9a185f99-16ec-4541-ae81-ea52e9c88961,C0438,1043,176,42.0,210.35
4be4b64c-af99-4959-84f0-d95ea979e6de,C0433,1049,171,3.0,962.85
7ccb50ce-646b-4e3e-a573-00326b26922b,C0129,1020,87,5.0,1765.54
c6f80a59-f9a5-4bbc-9372-cda784a08c83,C0071,1047,134,25.0,1526.18
aa968683-ac15-4110-b07f-3c4721a6d36b,C0534,1000,42,38.0,1983.39
c754b074-010b-4e89-9218-a352bb530f12,C0330,1024,2,37.0,827.88
e79d6398-023f-42a1-92c9-4ea40d4be388,C0224,1005,172,7.0,1341.04
ea8bce16-3d02-45fb-ae3d-e3684d30e034,C0735,1022,141,34.0,127.54
17468800-405e-4cda-839c-6b66ebcc9dca,C0693,1037,168,30.0,1480.42
5dc91b4b-b003-4ce8-9b13-c3a7fc1f6b7b,C0003,1031,34,22.0,1010.18
0b4018d7-c844-41e9-bfac-ec73d551f9a4,C0041,1018,105,40.0,1717.55
47428288-95a9-46d7-895f-eafa0068aa90,C0524,1022,31,26.0,319.45
4aa024d7-48f4-488d-b2a9-c49037e4fee9,C0509,1030,76,30.0,1527.0
cec8cd2f-014d-4c88-9f94-2202ec12f169,C0345,1035,165,9.0,1015.07
0a3e9d91-f4dd-49f3-8300-583e9b3e788d,C0942,1035,155,49.0,1608.15
63e301bc-d9a3-4d4c-8fac-0a6170eeec10,C0712,1033,150,25.0,1490.33
4f42d966-335e-4f4f-8456-c7461ae009b3,C0343,1036,50,5.0,1015.07
75d35b32-8b52-4ea8-9aea-6e965f07601f,C0224,1035,78,33.0,1502.13
8002d13d-a7f4-4892-8e6f-4673d246efce,C0187,1025,173,27.0,73.7
9e6b9416-bb3f-4e5f-91fa-4a7bfe370c66,C0119,1030,59,9.0,674.9
d0ddabfa-daa6-4f8a-853a-6117d3829d50,C0029,1013,25,15.0,496.57
35f76857-3ed4-413d-8815-bbe08166d270,C0173,1020,61,7.0,369.76
8ecb49b3-8dad-4b63-9877-c9d25928eb9e,C0294,1026,18,50.0,1567.72
dc3adc2f-7b0c-4471-b539-4555bcd36455,C0943,1043,128,18.0,183.66
177c54f3-3503-44e3-94fe-3e7b8459a18a,C0532,1004,157,39.0,201.74
394c3698-3e43-4923-959d-695b64d802bf,C0862,1048,122,39.0,1227.69
ef8dda72-1de8-4ed5-b699-2db1ce11acf0,C0140,1047,4,11.0,1487.84
d2e90a2d-2b26-41c8-ae70-3319865cb8ce,C0062,1033,86,45.0,1391.04
fcf2e1d9-86e4-4470-8d71-0a7c72701299,C0947,1027,65,36.0,53.64
a0bdb207-aa43-45bf-9b73-9842f6e4472f,C0512,1007,48,8.0,683.24
4b62f956-d93d-474f-8db6-543db2b6b873,C0700,1036,61,9.0,1148.05
6b866d8c-891b-44d0-ab85-167c25a09275,C0807,1013,110,10.0,733.75
61789193-69b4-4424-8292-df6ce33530b8,C0874,1047,57,38.0,676.53
79d9dc18-3d3e-4d59-b39b-038325bdaf0f,C0247,1036,8,44.0,1339.3
fc661b60-1bab-4cd9-b4fb-9ed15f281a34,C0591,1022,77,11.0,968.65
c45703b3-3d6a-443b-9e01-ab10b767383e,C0946,1044,63,32.0,1747.89
45ec9a48-d0fa-4613-9e15-5f49fcdcc93b,C0024,1049,145,47.0,244.91
8fbd2412-f319-4e65-a101-e4b6c92ef9c4,C0786,1018,41,46.0,1430.34
d1469676-4e3b-4227-84fe-2454b82ee5eb,C0758,1024,46,41.0,1676.28
620991f5-468b-4fc2-80eb-dff5ac7f15b8,C0540,1046,18,10.0,898.4
3f8cfc49-e89b-4962-ac8b-a62ca411d203,C0837,1035,20,24.0,701.49
7c50f53c-9c09-4642-b5ee-090f58ade4c5,C0791,1020,153,21.0,1596.65
ad58e4d8-362e-4968-bbf2-83d3426aa415,C0788,1017,28,14.0,1965.76
35703424-90af-484b-8a30-d08cd6c5aad9,C0437,1016,37,50.0,334.91
7310b79c-33a1-47c1-b887-5da994b715b0,C0752,1016,106,46.0,1501.86
131d5809-054e-4cb4-8d4d-283c59b29e25,C0061,1014,149,33.0,811.83
63cc8d35-74f9-4146-9c7f-26b2e07385a2,C0043,1013,32,12.0,1864.06
2248015b-b583-4585-8c92-df1b842bc99f,C0220,1033,179,9.0,391.39
ef266a46-6887-4c22-8c12-f809125d535c,C0864,1028,98,48.0,132.82
aa5152c1-739a-4148-9ea5-9114c65d4aa7,C0067,1009,76,49.0,1264.57
f3862f43-b19f-4126-9f8c-b97116848f7a,C0201,1021,141,10.0,1015.07
9e98db0f-f26e-4e81-ad1a-9d002e14f06a,C0758,1043,52,16.0,292.17
08396b55-abfc-4fc6-9cc0-965ef37c7c6c,C0423,1049,163,39.0,1459.23
cce714da-b4b2-4d91-a23b-55ffca5860dd,C0723,1023,126,45.0,1129.08
32bd1405-47bc-4c67-9c62-5086bec9eaf6,C0333,1025,80,30.0,401.59
34694936-8b48-48aa-a3e2-d1003053c0b3,C0943,1032,85,23.0,1015.07
9675f270-d438-47a5-b13e-0f7d42cd65e4,C0046,1018,68,46.0,1031.01
e84d84a4-faca-4f09-9e7d-c8fd8c3dc58b,C0530,1038,170,28.0,1049.31
3416a4bf-98c5-4a3a-8717-526c5aba021f,C0345,1002,78,46.0,471.93
e76c5f27-dd0c-4d4d-ada3-25847b9519ea,C0416,1047,76,35.0,1062.26
057c5494-05bd-4ae1-ae5f-70d7e0b17cdb,C0532,1006,168,47.0,1207.28
a466f9b7-d870-4690-9ed8-12ed91e2a003,C0625,1012,128,14.0,1839.41
2e57755e-7f88-4fed-ad40-a35d18836b08,C0425,1043,99,17.0,954.79
4a7dcd16-11be-485a-bc15-e4118c3e5754,C0663,1036,9,22.0,1585.0
076d9c85-b74c-4704-bfc4-eb2d6e87f39f,C0972,1022,16,38.0,1848.15
52013ec6-3fb7-4c15-9efc-985f1704b67d,C0815,1045,146,29.0,997.64
a2698637-f30a-4358-800a-30b064e5e8da,C0694,1036,124,8.0,1484.04
4f0098ce-dcf0-46da-8ba6-cf03aab06cdd,C0666,1034,156,22.0,153.34
98e7d092-e1aa-4a09-85f4-9a246ded7cc7,C0394,1024,140,4.0,727.61
5dedb03a-3b32-4439-8a7b-cf8a503ed83f,C0816,1034,122,26.0,434.74
3feaaa03-d6e6-4c16-a9aa-fccc11697f1e,C0568,1038,33,42.0,976.0
09be7fee-8b66-4c21-a42d-3cdd9121dca8,C0364,1014,174,31.0,1752.39
3e63974d-2ded-44cb-8591-5631f36fcbe6,C0959,1029,129,37.0,947.17
4c148670-264b-4187-9244-de637a7198c3,C0522,1002,81,4.0,921.45
cee3828a-1e7e-41d5-93a5-7f2309094c47,C0881,1003,88,13.0,1573.53
2c2fb090-2eb3-4ea7-860d-5762b034d53a,C0494,1000,164,21.0,1907.66
ce42050e-eaa6-4da6-b4c0-5d3c38192f7a,C0849,1031,121,39.0,1331.07
7f695a02-4682-40b0-a1ff-346f141ec0cc,C0051,1006,128,49.0,1897.14
877a5dc5-0665-416e-9d7f-70479efe53ed,C0051,1000,28,15.0,1560.07
f79529df-aee7-409c-9bd8-8c9d67ffc9ce,C0515,1023,52,25.0,320.88
903ebdc3-da8b-4742-aa6a-d8aa8139fe3e,C0735,1022,175,27.0,831.04
617eaa3f-8fbd-41da-a046-c33a7573296c,C0338,1011,130,6.0,1733.15
81d6cf6b-4a39-43a7-afae-45b371a88078,C0040,1029,148,46.0,1091.2
de09879a-0fcf-4fbe-8775-d80e6b555da0,C0686,1030,124,18.0,1392.1
e946ffde-476f-4267-9a9e-7f58cbd3e544,C0910,1032,18,25.0,1514.9
6f26d142-07ef-4ab1-a9e7-f027b33468a6,C0139,1000,146,18.0,572.75
41afa410-f7ce-499a-a707-a255620b05c1,C0332,1013,160,21.0,673.94
836d9126-bb42-4821-a03f-ccf49df4d8b9,C0732,1021,75,3.0,1683.9
0c154e04-751c-4506-acaa-1a7bdef3c43a,C0296,1032,84,19.0,119.87
22c48c53-7c35-42cf-bf45-0175f76659d6,C0184,1000,126,28.0,1874.22
2a26fe4b-16f9-4170-9823-1b81987ff3b7,C0620,1048,69,22.0,1313.44
926e16e1-e52a-4bd0-8c91-21ec089e834e,C0542,1004,77,34.0,1208.63
d538b2a0-6bff-452f-93de-8c9db1cd95ef,C0196,1044,166,2.0,1015.07
e5ec2cd3-20d8-4293-8aef-19ab31a93fbc,C0706,1006,146,13.0,1636.47
741661eb-341f-485c-a05e-dc152caf6379,C0653,1003,165,9.0,459.77
def610e8-ed55-4ad2-bbad-e7969baafa19,C0532,1048,40,23.0,925.14
1314354d-06ec-48ee-b97c-6c79c45b1abd,C0154,1043,68,24.0,1746.47
0f62b418-18a0-4a87-8dba-e8b3ea823c80,C0901,1006,93,49.0,1961.26
4213f5da-53a7-4a22-b500-cbf7e522532f,C0824,1027,84,23.0,1995.84
1d62a1e5-c3b7-4edd-93b8-b58271f5de78,C0139,1035,94,9.0,1467.93
068d5898-232e-4914-bba9-5b111fbf393b,C0126,1017,72,14.0,1853.61
d47dfee2-b1e4-477c-8c12-507ddd1ba8da,C0479,1009,128,43.0,729.06
85a3ac71-76f5-4444-afb8-f3d8fba43713,C0565,1037,135,1.0,389.28
68e66001-1474-46cf-b8a8-b02b8253aa03,C0194,1037,4,19.0,976.99
42f90723-d47e-47d1-a2b7-ac0f9ce578a8,C0657,1008,4,42.0,234.78
2edd6213-c812-4b13-b23b-09bef4a10a16,C0083,1021,5,48.0,1555.78
335ba926-3d99-40f9-915e-97e85ba55265,C0045,1038,179,2.0,820.68
b94f087f-cbbd-493e-8cfb-97ac706343b7,C0082,1005,118,40.0,1544.61
5f2d90fb-50d4-4518-a8c8-6ffeb1929a9a,C0330,1003,163,50.0,1015.07
008df537-478a-496a-a45c-df19f3b75d77,C0930,1045,139,8.0,1015.07
f3e83f16-c863-4938-a981-41ea5e4c0515,C0034,1013,52,16.0,555.95
e976bd09-9e25-40f8-9aa3-6e39798417be,C0565,1044,106,12.0,516.53
0dd1ef5f-6889-4ab9-9a80-e744677ea305,C0827,1012,66,11.0,1594.13
4eda00e4-af16-463d-ad33-20625b8d1ab6,C0278,1047,53,18.0,156.54
dbb706cc-3844-41b7-848a-d937b894372e,C0814,1014,158,40.0,1799.07
5ac710f5-01c8-477a-9f1a-41f58ae56757,C0479,1014,71,48.0,727.0
54b1aca1-a02e-4717-9875-391146ba3b27,C0330,1018,135,44.0,1747.94
b220b36b-ea66-401c-b9e2-fd615d850479,C0128,1016,34,41.0,317.87
6bd62e76-d979-4309-ba3c-95a15668cb27,C0757,1014,162,30.0,881.46
452383cf-dc6e-48fc-80d5-57217e2bd1f1,C0673,1027,14,19.0,465.47
a7409224-8f3c-488a-9d31-f3b46114fc91,C0508,1031,18,36.0,617.56
e03a1c0b-0c6e-4f33-8ba0-8cd722429936,C0452,1013,143,45.0,1848.84
3679409a-cb93-4f90-8f7d-0fd509a3dbe8,C0570,1031,29,32.0,72139.19
69f92596-71c5-40a0-aec2-acdcf499f27e,C0855,1041,138,25.0,1431.78
40024ede-3e4b-46ed-ab26-31fb663bdb97,C0983,1027,101,36.0,1809.9
1e633a35-1585-4c1a-b130-2e140195b07e,C0047,1030,17,28.0,1015.07
8ac377f1-4f71-4ab9-989f-ab6e73084a73,C0965,1047,179,37.0,534.19
e8703856-388e-4c99-a661-2d9f522b1b26,C0543,1018,106,19.0,477.48
1da21cc2-968f-4ce1-8c51-a46a5dd1251f,C0401,1005,135,10.0,815.72
b7ea22fe-947f-46db-ab00-5e569ad5233a,C0819,1037,155,3.0,224.91
893f655b-be9d-4ff5-b338-bb5a1fb32970,C0110,1032,100,38.0,93.33
5d696d36-f2b2-4015-bddd-8d957cfbf58f,C0519,1029,142,37.0,1438.57
52510b95-e73d-431a-bd29-0f36e473bc73,C0936,1020,52,19.0,932.26
7fdc9ee4-f602-4474-8f46-443d5e2057b4,C0278,1031,147,45.0,898.75
e675ecb5-60b7-4811-951b-ddf66083804d,C0087,1010,110,3.0,1962.27
49a7cbb9-d303-4e78-92d2-4693a006d816,C0629,1039,52,2.0,502.81
53addc9c-1de3-4716-b5b2-9f53c31aa734,C0533,1020,112,50.0,1648.74
4fc91dbf-b0de-42ab-a531-f8bda82634fa,C0361,1004,39,25.0,1611.78
235a0629-8605-484c-88a4-d69b7d39cdc3,C0756,1046,15,31.0,786.49
bacdf423-aed4-47cf-8507-3fc3a38f1e5a,C0400,1002,51,2.0,1015.07
c68c07fd-3767-4ab6-bf98-9fcfceccfdc2,C0085,1010,58,38.0,1306.78
4274c176-4fe3-49e6-9b56-3a40ba7cb301,C0219,1028,145,23.0,160.9
534426c7-8ae1-45a7-86d9-2a22c9d91220,C0318,1002,158,42.0,303.67
725a00bd-7d9e-4510-99e7-2d3014d41ce1,C0613,1011,29,29.0,948.42
7f617afe-d1f0-4ed4-8617-8b982bc10c47,C0482,1037,134,32.0,586.3
badacfec-1aa8-4109-a676-2171b0decad9,C0822,1031,1,2.0,1856.0
8542ea7a-99aa-4abb-ae28-70e0f55d2c78,C0555,1049,98,48.0,990.95
338d57a1-6c57-4291-b106-0123789afe42,C0372,1004,125,33.0,1929.96
aaaa6a08-4280-4068-8d40-4783506b1059,C0201,1017,104,18.0,1523.55
4c5b9352-cb95-46fe-9c2d-055eab75b965,C0125,1004,34,18.0,1015.07
258ddebc-6fe8-4239-aa4d-9a2a03698a75,C0940,1037,141,5.0,620.42
83a7d47e-9a56-409b-9f19-593373e113b1,C0773,1022,82,5.0,476.1
c6e2dafb-89c2-4df3-8576-b7099f0b307d,C0673,1049,75,19.0,1740.88
a8dbea4d-4ee8-4fad-a8a5-c7c211314263,C0822,1006,34,29.0,394.44
14454c9d-1019-49b6-b178-84894cd2350a,C0871,1041,93,40.0,1583.54
7b65e195-fc79-42fe-8203-3e5ea29e966f,C0858,1025,156,8.0,441.28
229e257a-2a21-457a-9c8d-edee9223ecd4,C0404,1001,65,17.0,1285.28
f65adefb-14ed-4653-b79f-70a770ab3d60,C0526,1003,12,34.0,393.61
bd21edee-ea28-4ec0-9fff-1b210e6885d4,C0357,1028,80,8.0,1146.94
9ee55566-85bc-4845-bf02-b993fc780a1c,C0684,1002,11,1.0,1860.64
21b5b69f-89d9-4294-8661-0a004484e645,C0856,1016,99,28.0,1230.79
27c0fa23-38c4-4475-ae9e-1385ed394c4f,C0658,1047,17,39.0,677.51
0e0962b2-445c-484c-8dcc-d2f37608b839,C0120,1034,179,24.0,315.93
7fb17f9f-f00c-4be0-8b69-0991708c9766,C0030,1037,83,47.0,548.46
53081502-186a-429e-b221-387fff9033bf,C0717,1046,128,34.0,1678.33
fe86510a-1d40-4f75-b5e2-d1682d3e31bb,C0142,1011,60,16.0,1662.66
eab588a7-ece1-47a6-89b4-9f1925190fcd,C0640,1018,113,24.0,1574.18
71d5fd6b-577a-4ed7-bd9a-98d8b8bda8b3,C0977,1024,152,20.0,134.9
4fd4f559-f1e4-489b-82fe-63df2f1e5e82,C0746,1027,97,7.0,1962.01
745ffbaa-b4a2-4b0d-b771-b7eacc2391df,C0380,1009,114,1.0,1456.39
4e0b5a5c-d6b5-49b9-8e79-3d046ed42164,C0254,1036,82,31.0,1145.75
4d58e4b4-11c5-49f2-8989-141f522e80db,C0740,1012,60,26.0,769.96
f34b0d7d-523e-4f59-a2cb-92769edd166d,C0326,1007,125,23.0,1483.37
67dec7c9-5c16-4962-b720-51ea739326fe,C0952,1013,107,45.0,1059.3
599309ec-331b-43b2-8fe5-f00b4e750a70,C0006,1038,36,48.0,1719.53
2a74fc3e-8972-4e19-a1ed-242dadd55b50,C0114,1004,27,47.0,963.13
ed0f8ec3-044e-4d32-99ef-8dcdc75b9fe7,C0121,1047,57,18.0,1280.5
69d18038-6df4-4fd5-abfb-53b6f1a7a06a,C0101,1042,75,6.0,1257.93
06dfd08e-164a-419e-b92d-bb2e1c48070a,C0230,1020,158,44.0,1159.05
77a037fe-a1c6-48a5-a243-243d45a79dae,C0652,1016,139,13.0,1422.52
707d9382-fec9-4485-a231-8d05f636fe43,C0437,1016,6,21.0,1793.67
7325eb21-1dce-4508-9939-fde1226065fd,C0534,1047,106,33.0,445.49
7587a675-c4b1-4809-bf12-eba81cb665f7,C0744,1041,42,49.0,249.35
0497fd82-2cd0-44fe-b470-09b9aa8cb2e8,C0810,1021,132,40.0,1367.29
8453defd-0f92-479c-a34b-7585f5dbfde1,C0499,1049,79,23.0,198.17
25cca65a-f449-46e5-87ea-73a633a8b412,C0292,1008,5,30.0,1954.81
a95c2c05-900f-4a09-83f9-13ba364f3ead,C0593,1013,80,30.0,1015.07
01765396-76e2-4d13-8662-fa48e74ae801,C0084,1041,106,7.0,1015.07
378d43bc-c7d6-4e3f-9562-f685b416b803,C0023,1008,132,42.0,1040.27
cfc308b3-5d5b-45a9-b06f-f2458577efd3,C0511,1034,167,20.0,1497.26
ec4ea504-5573-4a33-ae11-83a9c46d2389,C0378,1032,20,17.0,1200.36
28c65569-c9a7-4792-bd07-47c481052ab9,C0919,1016,96,44.0,993.89
3ec1690c-a3b0-4d2c-b4d7-77db52f3dbfd,C0235,1020,168,24.0,332.79
58b3152f-ae5e-4d5e-a03f-91f02c7d42db,C0822,1011,9,15.0,557.59
e5ed7d65-7c9b-49b8-a44b-871ad3968f61,C0773,1002,118,32.0,775.93
4aecb841-3921-49cc-9875-bda9d60a4717,C0005,1001,168,27.0,965.79
de4cec5c-b1dc-42fb-ba30-5a5421367c81,C0653,1019,30,41.0,331.63
281f1957-f296-47ef-9d63-c897667d5bc5,C0650,1008,158,47.0,1357.67
9b919106-dc04-45e4-932c-5c644ac3f43b,C0288,1010,133,22.0,72.96
022a8450-3ff2-4d56-a49b-0540bff16568,C0065,1042,93,48.0,1830.77
8faa5139-5363-4c16-9c6c-b8b8d19b23a2,C0052,1029,108,48.0,194.03
d4a7b5d1-ff8c-4522-bbbc-3b74e97db17c,C0846,1029,164,27.0,1458.02
4040257c-6665-43a0-a4ca-bcad1c7f0b2c,C0200,1011,34,43.0,1612.11
f753f3dc-7a4c-411d-a857-66bf10860494,C0538,1025,105,44.0,717.37
9b53d30f-e2e7-4afc-b743-32dcebac134f,C0301,1001,82,43.0,822.21
85e63625-401a-4c87-97a6-3a761417a7c8,C0500,1021,36,10.0,1579.59
cfaf483a-beff-4be3-a1f0-fa878dbd6af3,C0031,1037,79,40.0,1015.07
67b4ef74-9a4c-4211-ac94-12229621e792,C0146,1040,176,47.0,1359.95
776f1381-f3fd-4805-ada4-63bb34878faa,C0771,1049,39,18.0,1996.26
1efb277a-3de6-4a42-8016-9a980bed5e57,C0063,1002,10,46.0,1756.16
c328f967-26f7-4d13-8214-1a565b71a578,C0829,1003,45,49.0,189.16
60b5698e-f1ff-4bac-958b-f9ee24906446,C0635,1017,41,19.0,633.12
21a3c73f-72d9-4405-8f25-27bc79505d93,C0158,1019,20,22.0,1996.91
cd5a1404-5af7-49fb-8e17-15231dc14a8c,C0611,1012,26,36.0,623.7
696cab1b-5587-4e51-bf62-ff3c54ac99ff,C0532,1018,88,17.0,1568.25
845dabae-18ba-4af6-a54a-5cd6399d84cf,C0640,1009,164,10.0,1887.01
11818df9-deb4-4a1e-b411-306966b74a5e,C0341,1041,115,32.0,1578.1
257d5583-234f-47f6-bcc8-ee96d45168e1,C0518,1011,85,40.0,1230.73
d844480e-e719-45b0-b0ee-5af17c92af09,C0671,1005,105,16.0,262.32
60afbfb8-1e2d-493f-8434-bb0c1f66a39a,C0549,1022,7,24.0,1523.43
7498f0ea-8368-4b86-b1fd-e337e08e7c06,C0546,1041,142,37.0,581.57
d4837aac-c1dc-405d-8792-35d5c3daeeb8,C0892,1028,4,18.0,848.81
d2d2f80e-23b9-4853-9813-fd6c578c3863,C0596,1037,156,12.0,888.57
b46e7559-17c9-46b6-b6d0-1059a3a5abe8,C0583,1027,167,31.0,1029.03
eb28d0de-dfe9-4038-8df0-14cdb8c1452b,C0933,1004,98,28.0,757.42
61845614-9612-40c8-9f7d-fe4e2a74da77,C0349,1032,106,6.0,1959.93
2746f770-76b9-40e6-aa02-a9b29ffa3a52,C0306,1042,66,15.0,332.26
07340343-9cf9-4529-b43f-3f2e598d22db,C0502,1022,105,6.0,1393.36
3890c911-dbee-4833-9192-cf766fd33e2a,C0650,1014,100,35.0,908.34
601ca45f-44e3-4224-aa13-f55147380fba,C0561,1040,149,34.0,1401.08
ac0823b4-c4dc-4e59-ab6e-32501990a723,C0066,1017,14,1.0,589.88
12dcb92c-4ed5-4079-a915-4a3dc3d35036,C0899,1025,49,5.0,1336.4
e38ca4f7-04a8-4946-a067-2b522c03d319,C0766,1026,34,15.0,874.25
83934707-ef97-4889-858b-59cbb19e15d9,C0643,1042,103,23.0,570.18
2a13cec4-1a3d-4347-9334-e097df4f4c5e,C0258,1008,37,3.0,1015.07
2292a212-3b51-4970-8315-1552bc2c0ad2,C0551,1035,20,17.0,1022.6
2c948bba-062c-467b-888c-374e8d55afa9,C0517,1031,174,29.0,96.04
2745fb74-69fd-419b-8cb5-b1092f6f564e,C0654,1038,70,41.0,1388.99
80119c24-9831-43eb-b56d-0abd65ef04b1,C0416,1026,31,37.0,816.43
7de900e9-91af-4373-a25a-e39c48fe7e7a,C0406,1012,156,14.0,1986.26
0c960c0e-3a7a-4477-adfa-586a665fb944,C0835,1027,152,12.0,1127.34
af776d44-488d-4d06-a39f-c9bab24f896b,C0685,1010,22,34.0,575.58
b021c49d-ff70-4341-9736-244ee6feeb29,C0053,1025,50,18.0,1090.29
36f2442c-3270-4a39-b9b5-6216d132e9b5,C0888,1002,126,5.0,906.21
c364b618-b77e-48d4-865e-a55ca63453fc,C0802,1007,65,24.0,964.1
fbc072aa-6db7-4fc3-95a6-bcc2506484df,C0826,1039,149,34.0,563.62
d205cbae-a387-4c0a-8366-c9c13843cb83,C0025,1041,149,20.0,691.46
c8635467-0b2a-4c29-8aa5-154261fecc7f,C0376,1015,72,42.0,1815.76
46cde7d0-c19c-4001-a271-6bc6690a1e72,C0081,1014,168,29.0,1166.73
1463393c-aa07-4ee9-a6cf-4061a92eb12d,C0603,1043,164,16.0,523.92
a90a3636-e753-4d20-a212-3d69077f07e8,C0981,1022,177,8.0,784.77
18cda9b3-f90b-4cb6-87f7-1b2982b2175a,C0290,1019,128,38.0,637.23
d2f74b61-47c9-4685-bcf7-7c1af30d4aad,C0023,1049,82,47.0,1958.83
03274e60-3b65-4ef6-9f70-db8e2aed9b84,C0273,1008,121,4.0,555.96
f7101b0d-7ee3-4bc7-b010-75a261b6b139,C0123,1037,160,31.0,427.85
e699d958-a232-4439-8de6-27cd93d945ef,C0094,1044,15,14.0,1541.49
4989af68-b42a-498d-82b8-672b1033fe57,C0285,1011,110,8.0,297.87
69d9e928-5a83-4ccd-9705-5484f976294b,C0616,1005,36,20.0,330.48
da99fa1e-f0c8-4e06-b5c0-1f0dad88a22b,C0547,1024,68,45.0,1752.15
eacad18f-bfa5-4b99-870b-ee9271a4f6b6,C0571,1010,162,25.0,118.2
fab9c115-cf95-462a-8692-9ecd324b47a0,C0846,1007,34,24.0,1986.5
037bf41c-4a89-4fe2-b321-47c66adac322,C0443,1007,167,50.0,571.54
0577aed6-7edf-4613-861e-4240af53dd1d,C0051,1039,21,18.0,1205.86
e3aa4946-f116-48cb-9b98-0e5bcb5916e4,C0858,1019,9,39.0,696.21
dd2fb4c4-6f06-42c0-8617-44d1cbd94817,C0158,1030,164,34.0,1185.4
25ba7d01-0c14-42d5-8aa2-7216016ce747,C0858,1033,82,8.0,609.95
22433f52-0a3e-4abd-bc45-2fbafcbc50f7,C0767,1028,181,24.0,1015.07
aa66fb5f-f2a1-46e6-bc4e-290cfa6c5109,C0085,1025,9,28.0,1015.07
9889d68f-12a8-4e95-8ec7-b8ef225500a2,C0164,1026,4,31.0,250.87
26d1280d-8695-4692-88d4-a07a6be01fd3,C0780,1043,41,15.0,89.78
abb77d4e-538e-46a8-9031-685097fd5a13,C0177,1002,136,41.0,527.82
fefd755a-e319-4eed-8ac4-274c36bc3fdb,C0238,1009,12,19.0,1199.95
2c799561-aa99-48d0-9fb5-5cf29a738d9e,C0880,1048,149,24.0,841.41
6b722537-cb44-4930-b11c-bdf68d4c03f2,C0254,1013,174,50.0,1480.18
99694d8a-65e9-4a6e-b1ae-0c25d6221d72,C0749,1000,37,38.0,512.69
967e13ff-ac1c-4d9b-b7fd-77ba01064548,C0728,1045,6,19.0,389.73
557e7029-aa87-4881-bd80-fd36dd37b679,C0677,1030,159,43.0,1971.16
64894bac-708b-47e5-86e5-bcf15a52bb03,C0160,1004,65,17.0,1378.64
6f6950bf-68a4-4227-a11d-6e9e9766b76d,C0437,1001,155,10.0,268.45
7f8b8ce6-fa8b-40a5-935d-5e424a4c1604,C0755,1016,33,40.0,1001.01
4ae85025-5c88-458f-969c-32d5dd1aa6fb,C0174,1010,164,26.0,796.43
53cce301-8cba-4eac-bc55-40aa1a640404,C0323,1010,88,14.0,1925.55
8654d2ef-ce65-470c-a836-47fade8850d7,C0190,1015,126,8.0,153.04
26359cc0-f4a9-4767-94a5-b8f5ad6b3bab,C0883,1022,141,43.0,648.71
3c4f3c83-fd17-489e-95f3-ce0317ed44ac,C0692,1036,112,8.0,358.51
525eb8ad-50e6-458e-ae58-95bc1ce81eaa,C0436,1029,70,43.0,1015.07
fc7b6741-9516-4f97-92c9-23077b050a97,C0993,1019,29,50.0,1263.73
0e1bd833-44a7-4da9-8b84-02da78d0cf4e,C0206,1014,112,25.0,1580.98
120ef184-f279-4b8c-8dc3-4ddff08cf165,C0777,1009,46,16.0,535.6
8d6cef93-2d16-4318-8e1e-82113f6d6e66,C0174,1029,120,40.0,1906.27
2c3ef800-6e06-4bbf-8579-b72cc680a951,C0758,1010,180,2.0,1761.41
9beae113-a646-4539-a50a-fdd67e9cdb2e,C0598,1009,125,11.0,533.68
39374441-512b-4707-84e6-1a63a0ae9c2a,C0301,1013,128,48.0,567.44
d0e281ab-2ff4-484d-ad63-fbaf34008cd5,C0694,1041,159,9.0,632.12
ac8ca1f5-7c07-471b-a963-615313343d79,C0304,1008,33,41.0,544.71
db21d4bc-f1e6-4c58-8c2d-8451291cb260,C0319,1022,118,24.0,150.19
62a9467f-9ce2-4604-b4cd-b05c62394e99,C0745,1046,179,14.0,1535.87
b879db04-2b63-408f-8944-b037e0f65023,C0529,1029,43,6.0,438.1
fa3440b8-6507-461a-b2a8-85c09153c88a,C0430,1048,19,11.0,1505.11
ba28a8a1-e541-4259-8b60-86be3ec0169e,C0161,1042,17,13.0,1279.14
6e9a2b20-598c-41a9-b835-b8b55709a1f7,C0877,1032,48,11.0,271.74
9c9b56b7-456a-46ff-8442-f70a604954e6,C0891,1034,46,12.0,858.3
10b7a88c-1b9b-47a9-8a53-c15b4277094a,C0837,1027,133,40.0,39702.15
57137325-8d06-4406-9b98-a28625b0630c,C0389,1027,13,26.0,1015.07
9aa48745-2741-4237-95d5-8ebb60eefc30,C0393,1010,39,8.0,343.12
a8d17dc5-84d6-433d-8e8d-f841f1ed1602,C0885,1048,52,9.0,1125.81
bc020b9a-28f8-4835-a6a1-29e10d725bdb,C0635,1014,71,42.0,74.61
bcdadedf-e50c-4abc-862e-dab178364493,C0903,1039,97,4.0,1567.76
164b2c62-e0c9-479a-8238-3d7b047688aa,C0731,1002,72,22.0,188.19
2fde511e-497e-417e-9965-dfacb1680401,C0458,1036,160,8.0,231.59
e56bff6a-42b9-4e88-8e77-616ac683ac59,C0571,1000,45,15.0,372.51
bee86ac4-2999-4209-8562-b69e8be6c9b0,C0062,1008,16,34.0,415.78
cbae0895-38ee-4822-9464-9ad598241bd2,C0523,1005,7,2.0,1450.95
9bb4b615-d70d-403f-aaf3-3ac6b1725830,C0626,1009,82,41.0,1176.2
956b235b-0f9f-4d23-b4e7-b5f1839a0705,C0835,1028,142,7.0,1894.07
66dfd1da-7b01-4b9e-bdfb-c416362aad57,C0617,1045,1,14.0,1224.72
4640542b-6c4e-43d7-ad01-efc1149acef3,C0087,1023,23,11.0,420.23
6e92dc2d-a792-4e3f-9fcc-a61eed8075d1,C0251,1000,159,11.0,558.17
792edc60-fe6b-47c0-b156-1c31c0cf43fd,C0959,1047,87,39.0,1699.03
fec7296e-1074-4226-b799-9f7383676332,C0966,1022,40,49.0,753.47
8df179e7-8a81-46a5-b59a-12aa36e5babf,C0837,1002,30,2.0,168.66
808044b9-9709-4c91-921a-fd9c7f502888,C0462,1013,88,40.0,1929.33
0a685e45-9a88-4b48-828c-e7f55ac090fd,C0134,1014,20,29.0,1015.07
6af5fb84-4e43-4414-b9be-b6d08bcac94f,C0703,1001,96,50.0,890.79
1689c93e-178d-4e73-9f3b-1f712236b26b,C0677,1036,130,43.0,22891.41
d8ac3a28-82ac-4b51-b6d7-c091e0187bc3,C0585,1044,172,47.0,89.62
754e3c97-a933-4a9a-816f-412f7309e009,C0025,1032,91,4.0,328.86
dbaee8f2-3b53-4a06-a73e-cd850d7f2434,C0485,1048,112,25.0,1264.69
51ebf3bc-9626-4b32-b4d9-d3760ea5077f,C0065,1006,57,16.0,452.31
c755c4c2-5e69-4b7a-9c79-939b85e881bd,C0263,1029,171,16.0,544.4
0dc1bad8-7101-4c6f-95c1-796289aa16a2,C0673,1028,85,25.0,710.32
43827bf8-6b94-47ed-827c-21a0571f9e22,C0937,1043,55,14.0,1251.11
a7164630-63fe-4116-8036-5d88af4a2c85,C0893,1036,177,24.0,664.84
bbe5522b-ffbd-46bf-986d-266f26e71f4b,C0264,1037,142,47.0,1367.36
93e1b4a6-0342-4682-8ea0-ce200bd5f906,C0156,1008,146,23.0,1379.08
6309d97b-a569-47fd-a5ea-bc1e189fe7e8,C0288,1026,179,31.0,1873.74
d5b63e6b-22ba-4924-8807-8114b74dc5c2,C0347,1006,58,33.0,1675.21
2c4cd92a-a9e5-4e5b-9aa3-61f86cc4451d,C0411,1021,12,27.0,312.3
02bc1b3f-bf37-45fc-8dd9-8326fc6d3b92,C0553,1039,108,17.0,1599.49
79c43e42-f653-4c34-9ed8-610fe8b8b182,C0091,1012,166,48.0,1652.13
9e2f06a0-5086-46d8-a0f4-144cb250876a,C0654,1016,109,39.0,864.49
059519a3-6d04-424c-a854-b5f52f0439d9,C0918,1038,32,48.0,1741.88
cce3ce0e-252b-4790-b18c-9f182532aa8d,C0114,1004,20,30.0,1828.75
813afa37-f8a7-4a1a-8520-ee4616e9ceae,C0380,1026,121,16.0,55214.75
dd63e990-cc9a-4a7c-a831-34a06837dbd1,C0363,1024,18,8.0,917.68
1e2fcbff-f8a2-4307-a7ae-df0f380b8202,C0985,1040,147,26.0,124.28
9b340740-9323-4782-8fc3-d093972d790b,C0971,1007,47,18.0,1561.88
44d89716-11cb-4cd1-ae29-f58907deefce,C0249,1045,10,4.0,1489.33
f62c8921-5daf-4edc-bd39-e44ffe1582af,C0469,1001,162,37.0,689.71
e75084c3-4b29-4cce-b43b-b02e3da16844,C0583,1021,23,41.0,1986.41
b28c291d-5cd6-4060-a4c3-a10621e42f8a,C0617,1003,176,12.0,1171.93
05b96766-f43b-4b6c-a419-be97fdd911ee,C0016,1018,59,25.0,1727.59
23cc3e00-c95c-4c04-92a4-4f872e8e77dc,C0182,1017,73,41.0,1015.07
a2d86664-dd22-4435-a2ec-b9eb46a73ae1,C0995,1007,83,44.0,903.82
2713b019-7b76-4dff-9a40-c4f5713e7ef7,C0315,1028,84,12.0,1336.86
5423238d-dc62-4a89-a716-974b93b1d77c,C0467,1035,31,34.0,655.23
e952f679-bf01-4442-aaa4-210e2314abb2,C0435,1030,53,5.0,712.29
823f13eb-26ca-4001-98c7-c992b98feed6,C0151,1011,102,5.0,1716.94
1b99122b-732d-4ba5-8be1-61488f7d3f83,C0086,1024,22,45.0,770.6
6c5d0ca5-efa4-404c-b979-841f1d05a712,C0068,1024,6,7.0,888.78
3a6c2ab6-11f9-49fb-abe4-65dc76b2674a,C0990,1020,139,21.0,1671.37
521cff30-9e45-4d9a-ac71-5bb2997e32d7,C0067,1007,170,36.0,789.09
9516984f-1727-4ed9-b3bb-b481bbbe65f9,C0809,1017,75,29.0,20634.53
b6bdb6b4-c3cc-4b65-b8be-96e59eb86aa4,C0922,1037,98,4.0,1179.87
2c3cd0a7-1aa3-44ec-9c86-62237c92dcf7,C0646,1012,80,17.0,1735.41
b4c1b5b9-df87-4f73-90d6-5dc0212398fa,C0253,1022,136,27.0,1973.28
d90e10c2-94ce-4705-84ec-29cd58960b30,C0287,1003,69,26.0,166.13
b1a86249-f849-4833-a73d-6d8940399dbf,C0163,1031,150,27.0,496.01
54742671-15de-4262-91bb-7c98757ac0ab,C0893,1037,140,11.0,1217.58
873b26c8-2358-40c8-b366-d4e35201c4d6,C0862,1040,118,36.0,37745.85
8a46e826-64b5-443c-b1e7-ed54a1cb497a,C0723,1046,10,26.0,697.18
2a855f45-9043-4b0d-8f4c-bf7bf8e3d532,C0081,1044,98,11.0,1946.89
458d290c-a686-4409-8892-602a65e02de6,C0523,1027,121,6.0,899.01
64eff395-b14e-47cf-add5-602a4f6cce88,C0758,1015,96,27.0,568.14
1a8c178c-b160-4457-b3d6-5ddc315bae5e,C0560,1008,8,30.0,1619.92
9836bbfd-70b5-490f-b372-cedcd37e71fb,C0138,1012,43,46.0,1005.88
5ffbde5f-e288-499b-b3ff-d26a225d05a6,C0747,1024,118,7.0,1015.07
2eac4a37-431b-4c9b-96a0-24714e50ef49,C0254,1048,62,3.0,1500.43
54b5e7e9-87b0-4ae1-9fd0-8bb97a3e8f68,C0343,1046,60,29.0,1674.05
077bee67-988d-465d-89ea-8a7b13cf9c13,C0143,1034,77,41.0,1015.07
ab4cc0c0-b8c9-4a48-9bf7-c218e3fd2291,C0419,1009,162,26.0,1680.36
73c9eda8-7a4c-4875-a515-e173a69b8991,C0891,1014,108,44.0,1185.62
396c9185-1795-4ef6-a365-c8ce2d3ad373,C0084,1010,159,41.0,661.54
1d63c75c-9c3a-4344-af22-3fd5c0773d70,C0439,1041,31,26.0,1889.99
5aa1d50d-0d54-46df-af81-ad1fa69e29ad,C0965,1042,75,17.0,1084.36
d7ce611e-1c5c-4fb4-ab75-3da198d09f97,C0164,1008,74,48.0,1718.55
f8ab8a03-022e-4c47-876c-fb0c22248889,C0520,1043,117,21.0,1641.66
91b867c7-6be9-495f-a842-02d91d5fd779,C0669,1034,2,6.0,563.29
ce724594-4ef4-46e6-8b64-77ae849ff97d,C0503,1017,109,8.0,790.4
b4f3c748-442f-45cf-a6a4-88f65cde23ef,C0183,1032,58,25.0,448.53
a1e79526-3254-4267-a01c-aefa4b835439,C0463,1018,12,38.0,351.6
e9bdf597-1b7f-4e5a-aec3-3f301c4f2d90,C0641,1024,163,20.0,490.46
9645260a-a706-4df7-a5dc-2561fd2a3c91,C0331,1011,96,6.0,1015.07
cd5e4657-659a-473b-82e8-208be57c6258,C0571,1035,86,18.0,1884.59
a40effa1-5bf1-479c-8fa4-9cf8e96c9778,C0380,1033,26,8.0,1015.07
20c4927d-9f2e-4752-8b74-7f60760eb8d6,C0332,1024,180,36.0,369.83
49e3177a-585d-4971-a3c4-e4653a27f9f3,C0685,1018,30,14.0,1502.24
cbb64c3e-e5b7-4a03-84cb-fd1973014016,C0219,1030,160,41.0,795.8
9daa635e-680d-4686-96b3-a7af3827e9e8,C0242,1018,148,36.0,512.32
d7f5ff91-1ea3-4f1f-92bd-9d2e30102582,C0775,1033,167,32.0,204.1
8b549aea-171f-49d7-93e8-da8c7e586774,C0519,1014,10,47.0,117.95
a869d55a-ead5-46d0-982f-19cf25b7f69d,C0861,1047,34,25.0,689.02
58f5f5b4-ca46-48b2-bba1-19722babe482,C0543,1031,89,49.0,1015.07
71d7fc54-3ac8-41c0-a1db-a1c436f11dea,C0332,1022,180,10.0,1770.43
3efe73ef-64de-4ce6-b66c-f48b0cdad551,C0992,1038,88,37.0,339.5
29cbc385-6196-4bdd-8224-e30aec27d528,C0026,1036,30,19.0,840.11
e8d7aef4-c4cd-4a57-b03d-cd715493ebb2,C0999,1034,20,7.0,1273.43
160e89ac-aa67-4dae-8c71-9d7a3710c0d1,C0980,1006,40,20.0,271.03
0b85dbc1-a7f2-4053-ad82-d379dfa3702a,C0063,1023,11,50.0,1139.83
ae4cd438-5f72-4b72-9887-39a55062359f,C0480,1018,51,43.0,600.42
d1de8203-c878-4fe8-b1a6-48ebdb8fc2e0,C0678,1032,110,38.0,1015.07
0b4638ac-ed85-4a0a-8f5f-66a61d0eda7c,C0087,1013,175,34.0,1453.58
54f52d08-2212-454d-8486-ff33c47bcd12,C0531,1021,52,12.0,1015.07
8579d50f-c054-455e-88eb-75ce24b01e20,C0571,1016,142,1.0,681.11
ce6f9a21-ad7d-4267-be34-df6dd93add93,C0048,1003,133,25.0,1475.05
67fe50b5-3acc-47e9-a5f3-702a43450580,C0985,1013,110,20.0,824.48
4ac7b4d4-c7c0-4016-a23f-f80d928a8917,C0378,1006,164,50.0,484.1
e3d81213-ab19-440a-bb10-58a8d2b062c7,C0602,1042,111,26.0,1015.07
3ac10e76-7d65-43eb-b52e-67db088f02ae,C0437,1047,167,28.0,57274.48
6c6ef321-f5fd-44ea-8fca-866cfccf530b,C0855,1002,91,38.0,1784.81
ae860bb5-eaeb-41a6-8acd-25e566287eea,C0250,1034,13,42.0,923.97
fa5bedc8-53b7-49fb-972a-be2f82a5bd3d,C0360,1015,44,27.0,480.26
e751a2c1-0718-422e-b4d1-707654032929,C0091,1006,17,16.0,242.58
bfdbded5-73f4-431f-9b4a-e50aca1e2cbe,C0312,1035,65,40.0,661.34
37daba56-76fd-428a-a95a-0ca87fb1cb85,C0574,1012,73,23.0,1525.17
1043c7f9-50af-4e92-994e-da540da03b79,C0966,1001,179,40.0,115.92
fb905bd6-3710-49d3-aec8-4700fdfe8922,C0090,1026,83,11.0,116.98
8c305d07-e90b-4cc7-b0ce-67beea376157,C0695,1020,38,2.0,1670.5
d4f1ccfb-9a51-44c6-9b7a-057853d16813,C0058,1030,59,40.0,1841.21
348bf88c-94de-4a6d-bd16-ff5d8b187c50,C0658,1032,159,25.0,1845.46
ffcf0a76-e7e2-47f7-8b00-609fbbcb740a,C0256,1044,23,30.0,1337.67
d840feae-38ac-497d-87ec-b2f374b42d2f,C0405,1048,161,9.0,1260.55
60b30616-efcb-4c70-b46e-e929dfcf9158,C0030,1043,122,34.0,1143.42
8276b81a-5641-41bf-9fb9-07bd4baf52da,C0886,1017,107,3.0,615.13
24e24a1d-ce84-4b86-80b5-0cbea412a7f1,C0972,1000,83,49.0,1015.07
4ccf8e4d-cbd1-48b2-a31e-0d09ee4137d7,C0357,1031,157,42.0,744.07
127dcfb6-cded-4d04-b7f0-559463e0c7c0,C0228,1026,178,28.0,1246.14
c54d0ad7-b7e6-4093-876e-1be05aa22052,C0631,1018,86,48.0,1015.07
09bc9b23-6c00-4a2e-a6e4-d51c45664f1d,C0504,1018,3,15.0,1049.51
a6ccf1b5-3ed0-4ec5-adda-ec037a287d73,C0111,1006,166,42.0,461.28
3143b1db-a8f8-47f2-804d-1374b7ab44c1,C0746,1048,4,26.0,1085.21
2c172d0d-e868-4322-be75-e24526c7f8db,C0007,1001,148,1.0,1635.8
cfaf529f-5da3-4f23-9e31-46c67eab3305,C0826,1034,102,22.0,800.06
e1fd0a3b-e4a6-48d3-b8e7-34b512650fda,C0231,1019,155,26.0,563.43
1f8bf76f-1bc9-4b51-982e-c7eed2588ac8,C0897,1047,46,45.0,1208.87
1a07b728-e959-4f73-99c0-9a454b2197bd,C0142,1019,88,17.0,1260.53
32d52868-609a-4f5c-b5e9-bc2182e39317,C0897,1006,150,38.0,252.43
fb37bb47-ef15-4867-8e4a-5e7d028b3c5c,C0807,1047,115,14.0,54.12
1d2f113a-1a22-483f-bcf4-ca1719765bf0,C0681,1007,8,5.0,355.97
d2d91e6b-686f-42c0-8df0-9a92df2f2b2f,C0594,1003,6,47.0,961.08
3791d514-4747-443a-baf8-05276e0433bc,C0604,1019,45,30.0,1847.68
2bc0f427-9da3-4df0-bcba-861e2dd62349,C0804,1001,32,36.0,957.45
4183d695-6430-4c23-984d-465d10f62bbe,C0470,1044,118,29.0,1258.72
53f85e8e-043c-4f49-b49c-47e3a29869c8,C0083,1029,136,47.0,845.22
5304b637-6cab-47a3-b8ca-de312562240f,C0394,1018,79,26.0,1015.07
2d3600d8-7b59-447e-9220-2080fbfd3206,C0367,1044,27,2.0,1097.15
efcc0d22-86d6-4753-aa92-f43f6624b21d,C0596,1037,129,50.0,1015.07
ac6b0dc1-6bad-4e5c-b18c-f7a8c8a25e9a,C0444,1026,29,17.0,1645.31
d0fe222e-002f-4412-ae4e-d3d892487e38,C0575,1014,24,34.0,1535.66
0866408a-f1cc-44ca-89b3-a765544d50b9,C0592,1011,137,26.0,1781.33
9da58d3b-b40b-419c-8c23-38499afdd623,C0164,1038,44,27.0,999.35
b96dedf9-6a35-442c-9692-ec3835604939,C0983,1043,130,31.0,78319.28
6d67ed00-96a9-4fd9-a69a-4bdbccfb8d90,C0838,1015,66,2.0,519.08
11ecc075-bfb5-4ed1-9016-435ebc431a3a,C0699,1049,52,3.0,539.84
29deb811-c00a-419c-9eb6-4207cedd0b22,C0927,1028,84,22.0,202.91
33326abe-43d8-4ce2-bef5-5fc29b2f5f68,C0115,1043,36,3.0,1972.49
454935fc-64da-4ccc-97ea-3a8ebcde4941,C0274,1045,64,30.0,214.47
5aed54e0-db60-4ada-94cf-b53211ce4a92,C0117,1019,64,3.0,329.25
e3c43282-51c1-4bfb-bf76-91fa18e1b8e6,C0241,1030,91,45.0,1621.72
91957858-39ac-476b-831e-0fb99aa4814f,C0028,1035,62,1.0,845.29
17aaab19-9d5c-4046-8118-536f2f95453c,C0199,1020,28,8.0,566.45
de08c730-8e34-4208-b598-6b71ee7b5eca,C0533,1028,12,4.0,415.01
dbe3651c-8f3d-41d1-bcc7-1640b363b78e,C0837,1035,159,31.0,1015.07
8636bf81-dc1e-42e6-afed-3d30b34f00ae,C0742,1028,89,37.0,733.71
c95b1ea7-f538-4b37-88e2-4c596eada1bc,C0547,1014,61,38.0,1432.38
a2430be2-f3d0-47d4-bb33-05a3b4efbba1,C0399,1030,12,3.0,887.67
1212f803-7ee8-4e0d-9803-119ecbbcc197,C0931,1026,18,44.0,1015.07
72fcf34d-65fa-4f66-9021-cf7d07a9ebf8,C0558,1019,147,3.0,694.43
af792f69-2518-41b7-aaa9-29c92b11a70a,C0555,1044,104,2.0,1262.74
0fde793d-3a0f-494a-9298-ad8ca556c8c1,C0112,1016,56,43.0,1515.0
e1849caa-3090-4e49-8c2c-bd2158afa925,C0008,1010,28,11.0,1614.03
cee13045-9dd6-4614-9ee5-89f19482ac4c,C0894,1002,114,33.0,1788.38
cb916fcc-495d-405c-ba6c-0c80e6fbc54a,C0950,1035,160,34.0,956.0
c8870b59-01e9-4e04-b25d-566909a7047e,C0027,1009,174,26.0,345.69
6dfbf373-160c-49eb-9d71-af0d4190acc9,C0533,1036,176,1.0,366.17
64eab881-5a3e-4003-98f0-67572fd8261b,C0551,1018,135,7.0,1488.45
96583695-e4ee-4d08-83a0-4b2cd8a064b9,C0261,1001,108,24.0,1225.64
1bc44098-5a07-47c1-9d8d-1aa196630298,C0476,1013,35,19.0,1994.07
43480180-15eb-4237-b6e1-be5a7ddb0eb5,C0736,1010,35,47.0,804.37
f81bdf0e-93b8-4574-88a4-484a37caa9b3,C0411,1042,61,16.0,1229.73
ce8c1c71-687c-4a7e-a183-26af30e30aaf,C0882,1022,68,13.0,852.51
c7563893-b67a-4227-9973-b0e85a7edcf7,C0129,1009,72,10.0,1974.54
1499fc08-f840-4224-91e3-c3327e374bc0,C0776,1033,52,49.0,304.57
1c2b66bd-407f-4e6a-b6c0-7417a2359f4d,C0413,1028,168,43.0,519.92
852953d8-3625-4fc5-a2cb-248005313216,C0994,1030,81,12.0,1526.2
f9c8a0bd-6802-4f95-a7a1-8816e6230778,C0656,1002,128,21.0,1086.82
6c2d6f2c-3f9c-4afd-803f-d442d929060e,C0039,1048,163,19.0,817.09
c4d6c1ff-edf2-4b14-a951-2a5ecae2f366,C0650,1047,100,29.0,1544.94
10e0881d-e599-4c75-be1b-25537c5832fa,C0349,1032,55,20.0,1844.96
b664667d-179c-45ef-808b-3bf91a4d8497,C0432,1015,105,49.0,960.6
3760a0cf-6f51-43bd-80a2-54b670c480eb,C0242,1026,33,45.0,1015.07
48950930-f0bc-42d1-9573-a7a83aef7865,C0396,1019,62,20.0,1015.07
b03511b7-6fb4-4bc2-9718-39c614c90076,C0925,1047,89,31.0,984.29
ea74453f-3a0e-4407-a9b5-c186ff9f617d,C0336,1007,3,2.0,1280.09
3cb7a816-24e6-4b2f-9faa-601a6ff4d3d2,C0248,1044,12,5.0,1506.9
d02eb29f-6d67-432a-983a-d3f277d4ab06,C0703,1012,155,4.0,1358.14
664157a8-c775-4116-ada1-f559467651e8,C0971,1004,172,34.0,756.42
6b563116-ea5d-4163-bf9a-99bcfcf8b32f,C0314,1004,53,32.0,1921.68
a8b01542-85d5-4d52-89f4-86455e2c0fe5,C0430,1001,53,2.0,718.4
ee34b2f6-f316-4c90-9d8b-3bfa0088998d,C0602,1032,128,1.0,1015.07
3a216b5e-0a61-440f-b0f0-9e221d951dd3,C0150,1009,123,3.0,1198.46
3595f8ae-a3bc-401b-b30c-5ac2f892b0e0,C0584,1036,125,12.0,138.24
397e48d1-61ab-49e0-998b-798b2d869e33,C0648,1000,175,30.0,1289.49
5013e398-495a-4435-b055-5aea32235502,C0357,1031,98,21.0,128.19
65297240-7c8e-42de-a24a-d612cc581505,C0371,1038,73,30.0,1132.11
eef77ae4-03a4-41a1-ab51-6716315fdc35,C0134,1024,145,34.0,68.99
d6f2ef64-c949-4b97-9813-b13feedd2d25,C0009,1021,71,4.0,440.41
62f7e99e-206b-4f1a-9ce4-4b2be5728bca,C0695,1046,63,35.0,825.04
4f621e3a-6293-404a-a5af-430bafbc2f84,C0111,1006,100,33.0,936.42
6cd61b36-9147-4b45-bfb7-b89ce317065d,C0025,1030,76,12.0,1121.79
b60f2486-24f8-48e4-a27d-d9816f852ebb,C0081,1039,119,15.0,552.89
17f31795-71bc-420d-b917-6f12c2623c88,C0129,1034,51,14.0,1149.12
915b1df1-041d-4475-accd-5ef52263bc55,C0457,1007,64,34.0,769.69
d6e448e2-88df-4948-82ee-56119b2daa1c,C0972,1032,95,25.0,1525.81
69945910-3a49-4936-b622-1f4033f52507,C0609,1006,109,32.0,308.53
9f4ea5f8-8298-48d6-9802-a804a133f6f6,C0368,1033,82,19.0,1048.53
fb1ec51b-4469-45bc-b9f0-75b4794498f9,C0129,1010,122,36.0,1588.61
d5f66fe6-5556-4d1d-894d-32c5733bccfa,C0449,1005,158,7.0,1562.11
0024547f-3f9d-4aa2-a8e5-8d6860004e90,C0917,1029,35,23.0,1932.41
8edd0b87-0ec0-49ca-88ba-45b7fffd03a8,C0573,1009,132,33.0,632.03
d81c32cb-13b6-4eff-aa6a-4ff57c86613e,C0706,1029,40,19.0,1147.33
2948a359-bfde-41fe-b832-4a642b74c0f5,C0939,1040,59,39.0,509.63
3c8b9774-b82c-41e9-9917-ccf0b05bed73,C0037,1002,18,33.0,472.12
c17fcb7e-dffe-4bff-95d2-bfad24776a2f,C0679,1002,38,31.0,1329.62
d2f3b84b-6130-4a95-9801-0cde176d6481,C0835,1011,169,38.0,75.48
cfe346db-1652-4abf-bb0b-7b8c25719336,C0121,1047,90,35.0,1015.07
3f80987c-6889-4468-97a8-69d7ba6db9ca,C0988,1032,94,46.0,401.42
92b0ec9e-c58b-4ccd-96ff-55219a469c69,C0445,1002,153,26.0,304.98
83ccf6b8-4797-4d3e-ae52-43bc8c32488f,C0356,1037,38,1.0,1584.59
18280098-7b06-47a2-9ab8-de007cffdf23,C0153,1025,78,2.0,1174.67
20b2a090-c3c6-411b-a33b-64f570d0a875,C0838,1029,118,14.0,265.48
bfea4217-a63a-47fc-8658-c96fc459aab0,C0071,1009,166,43.0,848.81
2a616cd7-ed98-4dc0-96a2-3c422f110a04,C0012,1024,34,44.0,666.11
f14d36b7-bfbc-4578-878c-d80b1b2b792a,C0173,1048,103,7.0,818.65
11083bed-4dfa-4b5a-9d11-8869997a64e7,C0591,1001,48,20.0,53.92
9db73400-5c8e-4e4b-96f2-54da9f516c10,C0595,1027,13,34.0,1752.2
b42ebe1d-a780-46ce-bc5b-f03ceca70774,C0050,1016,85,27.0,687.37
dd0fa806-1554-417b-bb50-5bb7f452a99b,C0199,1033,47,11.0,699.26
5655d8d2-d48f-4c21-a01c-8825d3d2a1cb,C0779,1020,147,31.0,623.49
906678c1-e131-4eab-8a12-3cdeac8bd830,C0618,1019,173,48.0,1337.81
a514e8bc-f373-4bf3-bb28-e546ff2445a6,C0918,1006,83,25.0,147.66
09c49bbc-4a60-4c2c-bb26-2089764e6a3f,C0845,1032,104,37.0,75.33
69ceb1dc-136e-4d5c-a87f-41b91ad31149,C0239,1013,113,35.0,1366.33
b5614736-379f-4720-b196-1948762fea5a,C0123,1045,38,7.0,1527.29
d9236ee7-5c96-48f5-bf48-55f1ba67221b,C0559,1016,73,42.0,1637.2
08945199-3429-4d19-99a0-dfa9b9d06d68,C0002,1044,64,28.0,1882.58
40990f04-1226-4bfb-b012-534d00006960,C0721,1006,48,2.0,1374.66
411f5ce4-826e-422c-a287-2af31a0684fd,C0524,1003,98,6.0,1164.81
a96367fe-a668-4642-afca-15942148b8a2,C0602,1022,139,8.0,1124.58
371301ad-0776-4437-81b6-fb7bbcb4463d,C0452,1006,137,8.0,71.31
434507ae-3795-486f-8f42-3ab572b5d7ce,C0269,1016,40,44.0,1624.87
9452492c-138d-4ae3-920e-9e00bfe8690b,C0451,1008,147,50.0,1574.31
aad1690b-555a-4cab-a91a-3687fe515757,C0149,1012,108,25.0,67.74
c156ba6c-2cbd-4ac0-bb83-6070fef2273e,C0784,1035,9,25.0,1723.65
a063b43c-6431-4316-855f-0fb49ff5e1eb,C0376,1033,169,27.0,1062.25
0a3094ab-c4c4-494a-8218-f63f110c56b9,C0785,1047,133,13.0,704.45
e6f52054-a9e9-4072-92d2-9ad3762fc69b,C0685,1009,91,8.0,528.78
12147547-1282-4441-a044-43ba1cd36bd2,C0008,1003,75,4.0,415.25
1cdfd8e3-7b6f-4f03-aa90-b9bd9726cd08,C0436,1038,132,41.0,950.02
80b68c40-b9ee-469d-b7f1-861329538347,C0770,1039,34,6.0,1702.28
d0e6ecc2-a66d-4313-b6d2-4b4bd8d0d5f2,C0175,1006,55,18.0,530.46
fd0a21f3-7d04-406e-8a9e-b777916c23f0,C0689,1017,119,17.0,1045.52
2452d93a-d825-4d22-9025-b4324919520c,C0711,1019,65,21.0,263.65
b79c1e77-a63d-4f65-9ac6-b9127282b1ad,C0349,1030,15,48.0,540.93
da4d88e4-37e6-4d39-be20-0f1802dd7ded,C0473,1027,3,27.0,1381.35
a41b7c2e-f2a3-49d7-b64a-ecf6839f7dc8,C0967,1027,129,33.0,1939.41
dec0a920-b018-490f-92bd-8335790baa51,C0417,1005,1,35.0,657.51
e0f18278-9a48-46f1-957b-e2c668fc1ada,C0028,1009,33,6.0,1838.29
c2faa72f-aff3-4416-af87-f13e042dbe7d,C0439,1015,157,40.0,1051.62
07428a3a-e05e-41e1-a302-ef8a90e44413,C0810,1011,70,40.0,797.3
7c3b0ebc-2391-466f-b109-70ae15b65d38,C0438,1009,107,40.0,535.55
4d71a388-20b2-47a4-b127-8fb826f189fe,C0004,1040,54,5.0,421.64
25b956ab-9eda-4b84-b9e2-648aee9f4a33,C0369,1044,12,48.0,1197.59
8ba0556f-674c-4dca-b855-a0b192241bc7,C0157,1009,164,19.0,805.18
a2e374e3-4cd5-448d-a6b5-d9050a097247,C0650,1037,61,47.0,463.5
00297868-4b3f-40a7-9224-3ae18cd2d069,C0773,1049,181,31.0,194.4
099c64f9-6604-4f7a-8d45-e2a58ee0ad87,C0059,1003,124,48.0,1720.49
32c4c845-9eec-4fe1-b695-119c8d2392ea,C0034,1011,139,2.0,1765.8
7c9f8753-e140-478f-a2c3-e5f8f16ecbe3,C0949,1048,51,15.0,1015.07
1166e818-bb7b-4b0b-867d-7daa8600b295,C0598,1033,81,38.0,241.53
47891212-f187-4f92-aaf7-4b6e1f71e2c5,C0337,1035,80,14.0,1105.74
76bfa459-4973-4d94-838b-5e9881e89c8a,C0029,1004,67,10.0,398.17
fe575a70-9960-4be6-9364-ec444ae96bc0,C0212,1020,56,12.0,1573.76
766e9941-4b8a-4cf5-9088-e45df756b57c,C0617,1016,95,16.0,202.89
121202bb-85d2-41a9-94ca-918a77961269,C0918,1029,52,8.0,1688.19
1be01ab1-90d9-4ffe-badb-c695f41a63d4,C0904,1005,42,14.0,1884.8
bdd4ee48-6e4b-4305-b1d6-ffb9edc703ac,C0722,1015,71,45.0,1152.39
1970d724-3e31-4434-87dc-a0811b90057a,C0601,1049,131,4.0,1263.67
64ee38d3-2fa0-4bbf-8631-a31bbc1007d8,C0151,1038,97,36.0,196.33
e0680d55-3109-4766-8d98-6cf49dfd7f9a,C0026,1028,180,48.0,1539.6
aa40029a-3711-4e26-9312-d0424c02eb5a,C0822,1038,58,2.0,510.62
89762cc7-6083-471b-977f-3e29fc591628,C0009,1025,139,7.0,1798.09
bd15b0e7-b867-4f13-8f07-b5941572e057,C0868,1002,55,48.0,84.53
4952e14d-87f2-45e6-8bfd-a9c90185987c,C0560,1005,5,18.0,1149.05
a6fe0bf2-2493-4450-b91d-1dbbd7c5b7ce,C0782,1020,65,14.0,54.96
929eeeeb-3f16-42ac-b96e-e7f4b0286c16,C0583,1028,171,21.0,504.26
f0485f63-00a0-4c88-92e5-7d22b7484204,C0372,1013,49,13.0,1291.69
12d72418-61ab-4338-a114-462630442a4c,C0515,1007,22,29.0,1812.4
72c6727b-a590-4e93-bf8e-c74943c64a5f,C0755,1017,161,20.0,1604.55
2dde4a84-cf24-415e-bdbc-4502da127140,C0267,1048,179,3.0,1554.85
88bfb491-7321-4f14-b5e7-c4f383137528,C0777,1006,123,41.0,1121.86
b0dd5fe1-4780-4c8c-81a7-dfa4375845f1,C0168,1026,128,11.0,1723.61
6db768d4-c6c1-486d-b0bb-56cefaa069ad,C0514,1025,153,10.0,141.07
7bd74c15-addf-46b1-a48d-79cab7199ae3,C0417,1039,109,34.0,1982.65
bf0e5566-7efc-4c54-a642-0022cadd8949,C0374,1037,178,44.0,972.99
efcf8fad-c033-4d6a-89b8-75aa923c5564,C0312,1041,82,49.0,343.36
e20de990-8538-49c7-8b8c-6cc6c63d3f79,C0660,1025,131,25.0,917.97
add14e1b-2ab3-4482-b82a-09d96a8c1208,C0628,1040,94,35.0,543.6
67277656-a645-4ac5-9f87-901860515ba0,C0243,1023,42,35.0,394.23
97bba466-5ec1-42c1-b69d-79c4034a9637,C0164,1007,86,34.0,253.61
020fe7cd-78cf-41f0-8dfa-fa97a0afe9a7,C0221,1040,155,14.0,409.34
3221a580-292e-49d6-8ce2-1a2836608e84,C0730,1030,6,36.0,1656.81
227aecbe-25ed-448b-8d65-255f3c62bb1b,C0334,1008,81,9.0,664.66
aa6379d8-03c7-4cf5-971b-314fc5054766,C0006,1045,11,47.0,1461.13
93ba3315-0137-4d3f-8238-076a1d93cf55,C0433,1004,131,32.0,1927.1
8f30ccba-071a-4d4c-bd04-67507e4713fe,C0885,1034,5,8.0,555.39
35efdc5e-a23a-4a13-9444-d23f76e222ca,C0214,1049,43,48.0,160.42
353292cc-8931-4b27-9c76-bc17ecccb64e,C0425,1009,102,39.0,643.6
fdbe0112-6852-4457-a0e7-fb99d8fc865e,C0138,1008,106,43.0,498.38
0ba3572e-da7d-4dfe-8fa2-9273db2cd01c,C0561,1006,177,37.0,1040.52
5a7e8408-9097-4d8d-a70a-4d1d85aa4cf0,C0614,1038,105,49.0,920.52
16757d0e-053f-4748-ad14-0615c562ddbf,C0762,1042,70,22.0,1151.68
593e869c-1c56-48f7-8535-dc609f21d5aa,C0988,1036,72,9.0,1878.6
cd2f94c9-6f67-4b79-aff6-c4b1c58a3602,C0716,1034,61,24.0,1346.06
2d0ba1fe-8bb7-427b-b545-c0439ee8cc1a,C0894,1036,66,30.0,1897.21
efc71095-6a68-45a7-8c5c-af5916362e0e,C0183,1018,140,47.0,1931.03
cbcba258-a7c8-40bd-8398-7c2fdce162ae,C0064,1016,126,16.0,493.32
be94b9d4-8cf1-4b79-90ca-4a49ef51b01c,C0120,1038,131,48.0,700.03
970e27d5-a23c-4b86-9a6c-c8d6f44d9b2f,C0530,1001,82,36.0,1836.69
1478b80f-1ceb-4d0a-8861-44954f3c0c8b,C0343,1037,98,9.0,881.93
b9ce1100-0961-45d0-81ef-671f1744ae54,C0457,1009,154,33.0,177.39
e4bee77a-81cd-457c-91fc-14c80d859bbc,C0695,1024,7,27.0,324.5
83cea805-bb55-4ff6-acbc-6f9e32df763d,C0878,1002,35,29.0,1033.38
a1b194a6-0a7e-4f75-a0a7-b67219f121e9,C0171,1041,34,17.0,776.06
3c3b9ad6-17b3-4878-b198-4eda8db59e25,C0910,1018,53,36.0,904.2
e60bf955-bf22-4738-b76f-430012dbec0f,C0725,1011,104,17.0,782.93
3ffc97d2-065e-4ebf-947d-90ba5ec82069,C0862,1000,169,22.0,1414.15
1eedf564-98e9-40e9-902c-9c6442db9f3f,C0859,1045,162,45.0,1970.12
d274334e-7c1f-46af-a054-0cc7d8150e13,C0673,1026,150,8.0,344.49
d48270a4-9ab7-4e53-997f-24d29b7f9351,C0318,1025,167,6.0,1689.55
9339883a-8409-4d58-8a89-1493742b4fec,C0201,1034,88,45.0,862.1
1887d1d1-26b5-4135-8f56-048280d0dcba,C0682,1028,148,46.0,1791.27
777b306c-c820-48db-b163-a99d94fad332,C0734,1047,13,27.0,1029.11
fb1887e7-497f-4b87-bdad-5a8164a9872a,C0631,1018,53,17.0,776.6
5c802ab7-b8a4-454a-901e-54bf9de1fb6d,C0022,1030,69,14.0,973.15
9656d2d4-ff68-4789-a86e-b248060dbf70,C0826,1011,24,16.0,1531.54
03987653-be30-4cc1-a824-5010dcbbba3a,C0916,1027,29,28.0,1255.11
36a3227d-2e1d-4b47-8600-a09dd53e3db3,C0013,1005,127,9.0,1397.63
ed535592-6e12-4743-b7a7-0e4ce366d866,C0047,1015,114,44.0,169.54
cf8b3361-0eda-4e0c-b9f3-3334c618ffaf,C0493,1030,73,4.0,920.02
51fc04b0-8562-4855-b0db-29eed81b2781,C0963,1042,29,5.0,859.71
1e965ac3-a5e3-4836-ae51-e350e612c8cf,C0340,1004,170,10.0,492.3
e29de070-a1a0-4938-ac73-4b99f89814d1,C0211,1033,100,40.0,1654.87
ae86cd02-e101-4e10-b93e-af5c64cc1705,C0137,1021,109,50.0,244.17
4b569825-d85b-45c5-838d-f12b215dc561,C0854,1017,81,48.0,393.09
46a7f6b6-eca2-4d9f-a919-bd92a7f56b1b,C0126,1009,122,33.0,466.34
26c92a3c-683c-49de-b4e6-e46c8636d226,C0382,1028,45,5.0,1360.06
087f5411-3425-4192-b2c8-ee1461f627fe,C0515,1017,133,42.0,1760.2
8153bb14-7a8b-4fb3-b812-be64bb4fdbe3,C0705,1037,110,19.0,923.44
096982b6-16ac-4d95-a08c-f20fa27b0988,C0236,1033,125,39.0,714.01
a315b6c3-c986-40cd-9c88-bc13b4bdefcf,C0471,1007,73,42.0,1003.55
a626f7ab-a2f1-46f5-8d16-680af41f379d,C0964,1012,50,22.0,184.05
bc595d2b-26af-41d0-95ac-55af7ada3366,C0837,1012,25,4.0,1911.08
8f95c4f2-fa96-4fe7-890a-3c026da06fc4,C0655,1045,75,39.0,942.34
8c6cdbe3-9f0d-4994-8509-029ba6f87e14,C0252,1019,69,34.0,119.52
10cc5cfb-c494-4e7b-8e71-5a42dd7ff217,C0144,1008,70,41.0,1497.29
1218c702-6e2f-4fc1-b5f9-fc6299412275,C0660,1008,10,38.0,60.47
9e47bae2-5466-4323-acd4-f60e722bdd41,C0338,1025,147,34.0,831.83
532ca62a-1567-4942-9e7c-723bc9edd808,C0709,1017,26,47.0,1015.07
831e6bd4-96d1-4eb0-a8ca-2af456f2106f,C0529,1000,135,24.0,692.33
0bcc091f-9d3b-4dbd-acea-35ec692de2ef,C0414,1046,177,47.0,1752.96
c4f55606-cce5-4d17-a1da-38759b058a6e,C0923,1046,55,17.0,829.95
dfc2ed98-1538-42d6-af5f-e48e6141d8ec,C0668,1036,137,8.0,1076.72
a6777ee1-8ee2-4b10-993b-70f7b1974e80,C0312,1001,61,12.0,820.0
8fc2ed33-6a75-42a6-9561-72987738212c,C0597,1031,31,19.0,678.17
78a8e232-60d6-4e50-a56c-c6a5450e956f,C0528,1009,105,13.0,1925.04
17220546-8703-4229-a7ff-965edd5ec5bb,C0999,1023,1,23.0,143.33
f5e6486c-8e3f-4014-a475-6ab8828b7649,C0619,1046,102,18.0,1591.38
de51eda6-b948-4a23-a57b-b02831970466,C0458,1026,131,40.0,1421.33
94ff133b-29bc-4a25-b933-f7ae8f52a7d5,C0116,1014,139,35.0,172.84
d43a0b1b-a991-465d-9aeb-2b36fd8940c1,C0876,1000,36,23.0,1574.23
743c8964-e632-4161-86fb-2334731132f1,C0862,1047,2,14.0,1249.07
68cbfb91-bb8d-4e00-b0c1-69e19d8f8073,C0295,1041,106,39.0,1318.93
fe251409-e972-4726-9941-9d413402c406,C0507,1044,44,33.0,575.04
34109b7f-f712-4050-9273-1b3d81717233,C0517,1044,147,4.0,1822.72
a1645d7d-f1f1-4cea-ad7d-f42711739fc6,C0698,1046,25,5.0,124.35
2cacd1b4-5cb6-4362-95d0-7f310f3aff9e,C0403,1030,80,17.0,882.87
1caaba5e-d688-4567-af25-a2b15cd5386d,C0514,1032,96,36.0,1552.46
9ce89a40-34cf-4181-99cf-2ce6aa5f7e55,C0717,1032,96,31.0,599.88
3867d1d9-8dc4-42bc-946b-f9fbc4705159,C0353,1020,42,46.0,1399.68
45a9ad89-29c9-45e6-b520-2db06a1c020a,C0247,1020,53,25.0,933.5
e5177a92-e4ee-495c-b4d1-a15d6cafeded,C0627,1000,74,6.0,1989.9
1dbfae7a-dff9-4b22-b21e-d729e1b0e9a2,C0879,1007,176,41.0,1669.54
5cc7bfe7-f9c8-48bd-ae0a-32748b95cd31,C0025,1040,20,27.0,1570.6
34ac8834-673b-493b-acfb-74a54942c2ae,C0984,1047,80,21.0,539.34
b1a69d10-797e-46a9-84fe-6a243904cc77,C0402,1033,101,9.0,1426.71
75ad1d5b-ea1c-43bf-8aef-2812aae83cf1,C0552,1017,64,13.0,934.5
1c8bf85b-3cd8-4e64-9699-06ef4b07ce99,C0589,1023,104,1.0,1989.61
48794bba-45a3-4a8f-89c9-7fe9f31d3a8a,C0808,1021,112,11.0,72.05
07ffec77-eb90-4be1-b7bb-76d791ae1f31,C0890,1036,103,4.0,1486.73
98834bf2-69e5-4386-8fb2-81dc3dd48207,C0561,1017,163,35.0,708.24
cf8034ea-4470-4d1c-8263-227b81439901,C0741,1032,15,3.0,605.09
5915c76f-afcf-4eea-bc12-7927a8e5e58e,C0730,1036,120,31.0,531.42
81864ce5-9d7a-4a33-827d-2a007aabd11a,C0320,1013,39,46.0,391.23
79b55b13-2f6e-4e14-b190-6201682ea5a5,C0031,1028,159,21.0,628.07
45284212-3c40-4fa2-9b61-c06a171cc320,C0825,1045,54,19.0,1330.51
2344f327-107c-42e3-89e7-20cf7d5682a6,C0736,1015,93,48.0,742.15
084057fa-1343-4e03-b639-cecab1819970,C0919,1031,117,3.0,1425.42
3a84ddde-c414-4535-a1c9-b082d9e115d5,C0137,1039,155,1.0,1069.16
52dc2943-a917-4e87-879f-a980f61cfe4a,C0917,1001,82,23.0,1397.37
db283b48-6b14-4b74-bdd8-45e2d17b32fc,C0117,1032,50,9.0,128.52
14cb3b15-70a0-4142-99f8-4819cb958431,C0406,1045,22,17.0,981.66
a52b805b-98ff-4594-ac5c-e0a46114342b,C0234,1043,32,20.0,287.55
9060aaf2-3634-432b-b9f5-1d9cdfb683ad,C0573,1025,130,45.0,773.8
a68fa993-4608-482f-a70e-99b45e2b15a9,C0096,1014,23,28.0,405.05
7e5a3ee3-02bb-4498-9030-eda727a13dbf,C0815,1047,47,20.0,1729.42
e2f46401-fac4-4ee0-ba1f-1eb4588737fb,C0640,1028,49,49.0,1015.07
8bc398cf-32a9-44fd-965f-216cbacc5623,C0543,1031,53,32.0,1598.39
6b2000de-0b61-4824-a199-3b7a31e766a2,C0114,1028,122,48.0,546.66
4f908d65-a23c-4233-816e-1e9cb4056ad4,C0178,1013,51,42.0,1015.07
d4fca5c2-885b-42b3-b8c5-6f137eb1c0ed,C0090,1012,5,1.0,1015.07
1591ebac-edf9-4112-ab0e-c6a2ae0aeca0,C0909,1027,153,12.0,1717.75
da81fefe-8425-47c0-8717-d116afe41823,C0286,1019,99,26.0,1854.53
eecdad0a-b543-42f6-a743-456b6cc075e0,C0216,1036,84,36.0,1015.07
71501bfb-a329-4f78-8be2-4efe265fd14a,C0236,1034,125,39.0,1951.76
04ae1d92-c0c8-4aef-b908-be6b72057a00,C0685,1014,124,27.0,608.29
58aaeb66-f368-46d9-bdf4-06b5d865b9a9,C0412,1003,61,15.0,1979.64
fd789b72-e961-4cde-b5d8-80416ff58093,C0472,1011,171,14.0,364.89
318757b3-418d-4cb3-8e76-1f2a5e5aeb25,C0218,1001,12,47.0,1701.15
f4aaf6ed-3463-4d73-aaba-bb7acff9e7bc,C0140,1039,120,26.0,1587.71
14f43531-855f-498f-928c-6bd734fe6e9b,C0166,1048,169,46.0,1793.87
689e219d-2213-47bf-8562-285763e69d44,C0821,1037,77,27.0,847.78
9d88b096-ca9c-4d39-83b0-b93478c37434,C0147,1011,5,44.0,1827.25
c2b87199-d345-4b25-9313-ff803fab2217,C0280,1022,150,16.0,1966.49
ac35da8d-7d91-4e02-8ec0-7a0455aef06a,C0398,1014,36,48.0,39671.78
ebc6283c-6cd7-422e-a4ff-17adf2d5ebd0,C0705,1025,15,9.0,1508.13
c2fcf82d-f798-4353-a6b3-7cdf652be1c8,C0281,1032,179,45.0,487.26
f23bf286-1fb2-4882-990d-50d7396f4523,C0465,1001,142,41.0,239.93
a5aec26f-8631-4b1c-b86a-c8e1fe5e5413,C0117,1049,42,1.0,1317.92
7a72b15c-df20-4086-95b7-8f457f7feab8,C0114,1028,149,5.0,490.47
f09a75a0-0866-420f-9aa1-fbb592b8f9e3,C0742,1024,122,10.0,1639.03
263f1b3b-9d65-4a0f-a1f3-bd453c632921,C0804,1007,162,2.0,1772.76
8f106e92-5bab-4e10-8513-28598f17f45b,C0333,1010,45,8.0,1776.63
94ea2b0c-f5bf-4605-b998-0bf5b5cc9744,C0277,1046,115,12.0,1361.41
3e9aee56-8e6d-461b-b1b2-ec0b107861ed,C0149,1024,38,14.0,64.56
8810ffa5-9d85-417c-b9df-431eba6d4747,C0872,1000,47,49.0,1398.95
ea7ffb0d-f50d-4606-889b-97d3adb45906,C0229,1037,25,25.0,1799.82
4ffef77c-f87b-4479-b576-899464f70cf7,C0340,1031,74,13.0,115.3
244d3193-4bc7-4677-a69a-ac8dc870b556,C0942,1009,122,14.0,1346.48
b4022e0b-d0ba-40f7-a96b-5542818753d4,C0435,1021,163,5.0,1954.85
c043c5e0-9929-4efa-a2a9-7896b82e164a,C0973,1043,145,40.0,1570.97
6d584e42-58c7-4241-833a-cecfc99f40eb,C0197,1037,170,13.0,1969.71
a0d71810-af8e-4762-ae3c-9d29fcfabc28,C0413,1001,157,24.0,57.19
45981ca0-48f0-4e53-85b0-1c3404271451,C0807,1005,134,47.0,439.25
082283ee-4a95-4f70-8e65-ccf0809c5fbb,C0032,1039,121,46.0,478.75
07193c23-1ff5-4729-b374-9bb1201c51ea,C0981,1043,22,38.0,1222.41
99a47381-2dea-4564-8592-d9c6ee1d21b2,C0492,1040,88,26.0,1231.64
f48d1bf9-7380-4d59-8e89-30a25e6dee44,C0464,1048,165,7.0,1765.25
a7cf81df-53ef-466d-8d17-2eeb959c92f4,C0209,1040,119,39.0,522.68
c40d8b85-7d56-4f0f-b95c-c964866ccf8c,C0915,1018,45,28.0,1979.61
8748fe49-ae2d-4654-a8eb-9b2b4e35a402,C0683,1036,127,29.0,1747.8
ae7d5783-e620-4610-940b-62b767f2c832,C0360,1015,78,23.0,421.62
23e54cd6-79dd-442f-9069-3de54aa4ea49,C0354,1032,41,48.0,419.55
718465ab-52e5-4438-bb59-dbf4a1166dda,C0414,1042,34,10.0,962.52
6c5abfc0-aab3-4800-89d3-49448f766725,C0638,1032,77,16.0,1151.87
7a5d89d5-f856-48e7-8d58-d19e5750ca9c,C0158,1035,47,40.0,1015.07
07f9d69b-652a-4699-bd92-948799f8b2ad,C0294,1044,79,23.0,475.02
8f5cefc2-d08d-486c-850e-2c7ce0273215,C0489,1016,168,32.0,825.13
a04843e6-73d1-4d8a-bef7-0d66929c250a,C0361,1010,150,29.0,770.86
00d17c2c-241d-4cff-89bf-c6c672794d29,C0819,1045,9,49.0,1733.11
c444598c-6051-41c3-a6de-c0617247a0cb,C0428,1033,111,12.0,680.69
ab1e5da9-eaff-45fd-8567-26312f828bdf,C0923,1013,88,25.0,331.8
af41e4bd-030c-4064-880b-ca3a22f42e48,C0683,1023,150,35.0,1015.07
c18a2882-8bff-4183-821e-14a3e1ce3d45,C0313,1010,83,38.0,610.65
d9243a39-348b-4563-b5fd-e78059a49b42,C0253,1012,75,7.0,1163.67
9a363315-be8f-4b9f-b4ca-7f779b8c29f2,C0133,1026,67,43.0,255.5
8fd39306-5ffd-40bc-93e5-7a91d71e2caf,C0018,1047,114,43.0,288.98
31ea2ae9-47b8-499a-bba2-d9c7b2d6ea76,C0777,1045,152,24.0,1141.89
a1a14002-a2ca-4ad3-ad87-d3353abf5d18,C0318,1000,103,41.0,971.27
6421bf41-3959-4000-a03e-5696b95fe822,C0339,1028,63,14.0,875.3
af317359-e6d7-4752-81ca-2f567d97d9d7,C0613,1010,33,46.0,708.83
2818a3cc-b038-4713-8a85-fa8438af0d8a,C0213,1008,143,43.0,92.78
f948d14f-2293-44c8-83d0-9a074a6979de,C0269,1040,177,15.0,1336.53
f569ad63-f24b-43ef-9094-360debc0e58c,C0318,1011,119,31.0,921.58
6f506c8c-7332-4c6b-a4d8-3b3def5a1dce,C0382,1041,115,33.0,1540.08
e858fad6-3a1a-4ad5-8c66-c6d18be04100,C0512,1017,9,42.0,471.4
11a46baa-660c-4474-8ff3-48535f4381ff,C0642,1009,8,19.0,234.24
d9fcfb4e-bc0c-4565-b1c0-9fef2988a5c4,C0109,1047,167,37.0,782.44
e08151e7-5d31-4044-8ee1-6cd2ba082195,C0017,1013,72,29.0,857.33
64cc6f23-1f0a-4ed3-86de-9d15161547b0,C0499,1038,75,22.0,1579.34
025d1d8a-59a6-4cfb-bf33-a3f2506d2e48,C0881,1034,171,16.0,1436.83
04424c11-13ed-40d0-b7be-54f14081ea39,C0433,1043,157,32.0,947.43
a2cc57b5-1d9c-45b5-9e52-611bdd5f671e,C0140,1045,116,44.0,719.51
63bd1f55-2140-4924-9f0f-539643d63871,C0534,1033,107,20.0,1810.08
9f30f70f-0ef2-4fd4-863f-2a35e45b516b,C0453,1013,101,26.0,83.21
b1149c98-d5d1-48fb-94bd-4e408ceba08e,C0909,1026,22,43.0,794.57
760c4a40-a4f1-4d86-bbc5-8e5b0870d225,C0098,1030,74,3.0,849.63
05388838-2dca-4045-9e12-6fde44df8241,C0757,1025,116,43.0,385.13
c6fefc68-08e3-4f9c-8a9c-93112b5cf905,C0741,1017,6,5.0,372.93
048ca517-59ae-4fed-ac1d-06584b322ced,C0114,1016,153,10.0,427.96
fdaf4c68-795a-4e22-9baf-50f0adacc7ed,C0509,1040,94,40.0,751.87
cf080cdd-9211-4e94-9e30-57ac01e45dbe,C0183,1009,7,7.0,1049.17
dc947c30-45e1-4ac3-872b-1a785ac34a95,C0065,1002,74,48.0,455.04
370eb0df-381e-4876-9794-eb895a3943fc,C0782,1022,21,24.0,1622.35
ff5ef7c9-562b-42a3-b23e-fc02d10c6818,C0699,1044,1,1.0,255.55
dd6b8dec-1560-4d59-96cb-4620cce178b7,C0689,1005,167,39.0,1923.79
4658f4fb-ea0a-4567-9e2f-4bdd90baadda,C0369,1032,142,35.0,896.53
98238976-4944-45db-8aa6-c6771a1d4690,C0092,1040,49,1.0,1016.08
9cd3aeb9-ecde-42c1-be03-4f587b258483,C0118,1039,54,19.0,402.97
32feb2fc-3c44-44a5-990a-7deb8bc87d54,C0116,1010,147,10.0,1108.04
8c07c46e-963a-4479-bc8e-1b2cb0e144cd,C0281,1047,176,38.0,642.28
0bd76a0d-af0b-4922-be39-24c0bc6b93d0,C0638,1004,117,25.0,1827.13
b40c6837-3f04-4263-80df-9d4bfd377c82,C0369,1039,146,14.0,1047.08
50e18e36-e7d5-43d3-9409-94d826b791dc,C0419,1014,157,36.0,1255.0
c6f3866d-0b8e-4999-8ed6-8b8dd22057b8,C0796,1011,40,4.0,535.63
6fa5f9c7-2e6a-4ac0-ab61-0c9812fd804e,C0748,1027,81,34.0,1536.12
e1c42e33-a973-4b10-afa3-aeadd626f362,C0020,1025,94,43.0,1615.58
45b67702-be3e-42cc-91f8-ab8c93abc19c,C0656,1014,180,34.0,1769.16
8fca1d0d-7d5c-4715-b0a9-d34f2d63a0c6,C0835,1004,20,47.0,1930.18
c102368a-25dd-4e5a-b94e-742a0df9d8e8,C0371,1008,174,10.0,1015.07
71e63f6c-dc2b-4bf5-810c-c22988f102b2,C0070,1049,117,38.0,1015.07
0de17762-c781-4c1b-8931-c7866a1b6590,C0748,1032,64,41.0,1609.97
cb3d1639-afc7-4938-9991-1233e406bb0e,C0464,1006,22,43.0,255.47
382018a4-0cb3-4379-b75a-40d1d80142f7,C0905,1029,121,23.0,840.25
e99eb8aa-75ca-4057-a96f-1990fd1141a9,C0776,1032,170,42.0,1195.74
8ceca7de-9101-4efd-97aa-781642632ba0,C0786,1023,161,29.0,1619.36
1a11b000-9693-4003-9dc9-a67acca22023,C0291,1007,109,45.0,1358.08
8a276fe8-0e7a-445e-8b78-6d9e6eebdaad,C0009,1024,20,5.0,1622.12
7d8691a6-884d-4049-b7f8-903989f963b3,C0406,1043,74,33.0,545.8
8d28008d-2870-4686-a660-1822c92a6d6e,C0269,1039,34,20.0,1285.35
fb8af8df-1bb1-49ad-9924-78a17686e265,C0058,1011,133,4.0,912.25
a7a2668f-c5d1-4241-9751-d7e7089b1fef,C0439,1019,140,49.0,1891.54
5da3bdb5-bec1-4ea6-8c8e-a6abe7bfd43a,C0517,1044,106,46.0,857.04
6ec779b3-1cad-4813-b21e-f6c9487941ad,C0526,1028,23,42.0,340.87
eda60a9e-ddbc-4065-9b18-08ca94f8432a,C0622,1025,66,29.0,1015.07
d27ed0b2-ccc0-4411-aa6c-e05ffad46a90,C0606,1006,115,37.0,540.27
89005ea8-81ab-4c69-b39f-10ed7d6f534d,C0723,1019,7,26.0,782.87
5bcc82da-a1c0-4759-abea-b462c1479eb0,C0282,1025,178,17.0,1671.55
9f0cbccd-5a3a-421c-a2ae-3307fc4edcd7,C0919,1036,115,17.0,215.77
66395605-7e60-4545-a6ec-bfea88d9d444,C0297,1014,12,33.0,1169.74
bdaa7576-9a8a-442f-aa45-6626120fc93b,C0709,1046,32,50.0,1121.41
a55cf5ce-a864-4b9a-9387-598d7d50b6e3,C0583,1018,99,49.0,890.15
8227750a-83ce-4df5-b63f-3f72ff1a0325,C0537,1000,144,10.0,1160.37
e14f0d14-44c9-4802-8579-558be1d8162c,C0836,1017,95,37.0,1001.61
5c311979-67ee-46f7-8812-2ff2b5880ef7,C0833,1028,147,14.0,1015.07
8cafb951-38a7-4d47-9155-67b2934e9d89,C0212,1043,179,34.0,1165.85
596433a0-6fc5-4e19-9a4e-600177e5486e,C0832,1023,107,14.0,967.17
21873e56-1f2b-4efc-bc28-446bebfe95fc,C0084,1013,49,19.0,380.84
3e92dd07-6222-4443-9a81-04acc5727c15,C0867,1019,41,33.0,53704.71
38b27357-34ef-469f-988e-531f56a02a5c,C0795,1025,103,40.0,1985.06
2dac0f8d-a301-4d7c-8650-05da9d8cb03b,C0314,1026,151,38.0,1431.99
c4c78960-9fc8-4684-9615-f55fd711aa7a,C0156,1041,69,35.0,1378.69
0edafcea-88ce-4ef6-a75e-f18d1468d361,C0141,1001,79,1.0,912.47
09d7f62c-08ef-4604-b26e-9141ad06af46,C0469,1043,126,24.0,248.29
7ed27002-6cb8-42c3-9e5f-55da6880a877,C0772,1027,80,21.0,1195.05
a9be0e77-801c-4e5d-a38d-e1cc61cf4819,C0360,1045,154,39.0,555.48
e62ca8ac-2b23-4c95-900b-f4bb0d605b1f,C0760,1027,81,40.0,1123.43
25c9feae-ff27-4fcf-8640-f7e426e92359,C0217,1039,27,17.0,1635.65
8418f6fb-97f2-4af6-a952-76882e66bd21,C0601,1034,105,30.0,129.07
d5fd565a-54fc-4968-8958-4352037a9be3,C0371,1039,48,43.0,745.07
17d3231c-3781-4fc3-b5df-7568f657e58b,C0130,1021,44,1.0,897.47
dc8c6e95-e6de-4c05-9e4f-e46305ca2626,C0618,1044,29,42.0,255.68
20561f69-0019-4f82-8953-fc2b17cdfaba,C0663,1013,179,32.0,145.99
235b451e-ff18-48de-a44d-775f3f02f334,C0758,1031,69,38.0,1492.86
6e32b160-019b-4e2e-b652-4406cbc3db1f,C0049,1015,12,18.0,1702.42
a785dd96-eb1d-45f9-872a-3f94bd3f8264,C0136,1044,41,38.0,664.45
bea97c7c-6810-4206-b4e2-2a140a56a43f,C0513,1042,117,46.0,1825.47
753d7b7b-a72e-4d3e-b0bf-1ea4a1a6ffdc,C0585,1032,108,47.0,593.84
554c1cbc-f0fc-440f-b30b-ea7ebc410547,C0807,1042,71,19.0,1288.88
b7edc912-ccf9-4cb6-bc4d-8462ad92aae1,C0856,1036,48,19.0,332.81
bf3a365c-4402-4716-8c65-a9e016ec3cd3,C0634,1010,24,38.0,109.25
32d5b960-0b4b-48f9-962e-496a3c0b5666,C0719,1038,39,4.0,1734.53
abf12116-7367-48e0-962c-38b96f2d541b,C0742,1035,111,4.0,490.17
58a652f2-c44d-42c7-ad68-1bfdf6fffb0e,C0394,1037,85,30.0,201.92
185c5b23-8bfe-4952-953e-253ba6395af2,C0932,1037,55,12.0,1015.07
49835616-019f-44d1-a945-a24d34fdfcf9,C0566,1045,20,49.0,809.62
2f0c005c-99ee-40c6-89f6-110b9eeb689b,C0677,1038,116,36.0,1525.72
9d95351e-fb24-4ab8-b0dc-74fe6e21af92,C0227,1037,162,38.0,1444.94
ffdf6bd9-c441-41ec-8183-8ebf4f6e2ab8,C0819,1029,117,9.0,1770.12
50b999f7-42c0-4613-ac02-52d3d2c68a7b,C0315,1004,161,50.0,1460.96
c923ffa5-dd76-4eaf-81dc-9a32f378765a,C0177,1013,68,4.0,120.18
34d0489d-40f8-45a6-8b91-87efae4c9545,C0024,1004,179,32.0,1234.15
863ba6b2-aa9d-44ad-9f68-c5efdef5fbec,C0046,1042,178,30.0,1956.63
9c189488-8713-491f-ba6a-29fec2c57fab,C0810,1049,34,18.0,1508.25
1cea691f-7a02-4a88-a69a-1c0e6cac7ff0,C0291,1041,16,25.0,829.92
eaf43d4b-9297-4b08-8584-fbceaaa76fcd,C0374,1022,62,29.0,858.78
dd67124a-e7c4-4679-9ffe-8640e3a6a6a0,C0525,1044,107,11.0,1220.48
7d61b693-3633-4aec-a446-f50d3fd9f910,C0833,1036,153,48.0,1935.72
7052ef36-2fec-472f-9be0-df82009fd2f8,C0660,1031,61,28.0,906.96
a791bdde-f025-4ec6-97d3-d351ee23dfeb,C0551,1039,52,5.0,1211.29
40b3e4ca-a94a-45d9-9234-3a86fcce51ee,C0141,1034,68,23.0,1227.56
418b9886-a87b-4686-b28e-fead310e5ccf,C0443,1004,61,49.0,1942.92
ca46873b-99d9-47db-98b4-c65ff966f7ad,C0414,1034,43,30.0,1821.0
ba5401ff-9c38-49ab-9c06-487c02ab67a3,C0726,1047,30,27.0,1969.9
e01058b3-cd37-46af-bdce-1112749c214b,C0732,1037,147,9.0,363.09
39a6e7fd-fd38-46e9-9ac3-f8051d4034a1,C0846,1001,129,18.0,1806.61
11a2768c-799f-44af-8531-8353f19319fb,C0198,1020,163,27.0,1202.76
e489cb93-8597-4a6a-b06f-f5bdc500db2b,C0599,1002,162,44.0,1520.88
c31ca9b6-a714-433e-8557-602bd991b2c6,C0493,1025,157,11.0,854.08
a10fbd69-5b9d-49ff-a444-446bb09f40d3,C0510,1023,142,41.0,1683.16
67062ef3-2211-4472-b6f7-2e4d93d6f49a,C0487,1038,88,7.0,1545.64
2f4b6634-43bc-4d43-879e-f5eca5e81731,C0306,1029,118,33.0,1404.2
6b66b52b-8854-4c26-bc0a-888ea59dcd3a,C0668,1034,125,12.0,1634.17
88314b63-5fdc-45c6-a4a4-157b36e2dc47,C0128,1018,9,39.0,778.88
ee048252-8104-4f7f-a301-22357402a97d,C0194,1029,117,48.0,696.67
8e25301d-7fdc-4958-9dfb-b59942a2e128,C0626,1016,87,19.0,51.77
4b75c88a-2e1f-4004-af6d-a827d8c7e613,C0910,1035,42,9.0,234.45
271e473b-c782-4fc5-a479-a7d35c677417,C0006,1025,123,25.0,1434.94
7eff1768-cd3d-4a4c-be02-a5bf86cd4ef3,C0837,1045,166,38.0,1127.27
826ffe52-536d-4ce4-986a-e061d91f79f8,C0412,1014,1,8.0,1486.47
2d2219e0-cd80-4b03-a11d-ca9bc2e1efdf,C0482,1032,160,44.0,78.46
56dee587-34e2-4075-b24f-4814e7539466,C0983,1036,60,34.0,1659.37
5109e52a-f7db-4e53-941e-e1d20686845f,C0267,1005,122,41.0,1597.36
d76b0030-b281-4f23-abe7-50381d471668,C0381,1002,164,12.0,1015.07
1ba837d0-ab85-402b-8915-ee881938276d,C0172,1020,75,3.0,757.97
da2137b2-7e45-44af-9912-58aada905521,C0225,1040,101,25.0,220.57
3e6fcee2-a40f-412b-843a-1b3fa791d428,C0235,1016,51,44.0,1335.95
e09a5b02-cffa-4e18-a4b7-00c2556fa3de,C0043,1030,106,16.0,1404.35
e1bba028-4b3f-40ae-8336-14539c140dca,C0924,1015,71,42.0,1573.02
e41ddb8f-7bfe-45e6-9cd4-35f8a218b9a1,C0671,1012,174,33.0,924.97
ca59e4dd-d1a3-4e4b-997f-d4586f3aa41a,C0617,1040,73,46.0,551.17
c510178f-90e3-40bc-b86c-1faa87fe0909,C0659,1008,131,9.0,323.19
835dd33a-0e50-4511-98d1-f76a12befa89,C0945,1037,90,19.0,413.39
d8c1a813-87b7-4438-9b15-59203bba6a9d,C0673,1040,151,34.0,623.9
4b9708e0-6ca1-40af-9f34-d34e1fbf7580,C0716,1039,30,33.0,403.41
01574b7d-dd3a-44ad-a679-8a1bd94c02fb,C0535,1012,11,8.0,353.96
7e479e6f-0ef0-465b-818e-46c08772468f,C0312,1036,175,23.0,1281.66
12c386a7-9864-4dbc-95af-8c5cacc19734,C0468,1047,134,45.0,1189.19
5290c126-31c9-4218-938c-975b360a6c36,C0979,1026,108,16.0,200.81
3d5fe7b3-108e-4bb9-a89a-0fe8bea22988,C1000,1043,49,26.0,1170.92
8fe1334c-06a5-4a03-93b2-db5828c1c228,C0149,1030,166,12.0,827.4
ca6f42a0-5b64-4068-9434-19be2dd23b62,C0066,1026,171,44.0,481.29
e4cfd0fa-4cbe-43a0-9531-529b07ad06c3,C0730,1019,11,11.0,1979.69
d28364a1-c58a-483d-87a2-5b261759f1be,C0802,1002,3,2.0,820.95
d86cd102-6588-42e5-b8f1-bb3da23f7425,C0329,1002,9,26.0,339.92
575eb18d-f260-4e9b-8d8a-a135c2bd5835,C0251,1020,96,17.0,1169.25
1e8784b5-bc89-4eb8-a750-81c41d6c301a,C0512,1043,60,13.0,1758.32
ec6b616e-ab7d-4357-b54d-846fd0bd5b38,C0815,1023,124,25.0,1546.64
4522efa7-9ac4-449f-bf95-58020137e4ff,C0589,1034,19,27.0,1719.34
d67bb8c1-a9bb-490e-85a0-78d59322c7e9,C0412,1025,58,9.0,814.34
d8781f39-3033-4567-a44b-685ab95600f4,C0028,1020,83,37.0,944.18
90f7838e-72c6-42f4-9f6c-287394290246,C0517,1049,45,50.0,443.57
ce319396-f8c3-4bae-bf71-e603da8e281b,C0745,1002,105,4.0,830.65
8782b54d-ed20-41ca-9706-33b314cc4dca,C0438,1035,54,9.0,1654.77
e007b3cd-12cd-4d12-bb8b-1206af6400f0,C0301,1029,122,20.0,1731.9
2ed49376-33b7-458e-9be7-f2e50eca7150,C0586,1049,27,28.0,1015.07
84a096b9-ef37-4170-8608-02845432e57f,C0551,1024,29,28.0,982.05
9329ec22-998f-410c-b0e4-a96780a39265,C0240,1009,73,23.0,753.21
eea11257-fcbe-49c8-897e-5e6752c13170,C0639,1027,73,43.0,1218.24
cc96081b-7773-4262-95db-a4283a29a4db,C0735,1034,171,12.0,63.52
107494ab-7b94-492e-91db-74e70aefbc9b,C0259,1032,94,10.0,68188.38
5a546138-6c9f-46be-99ac-bc8ee8d3e022,C0221,1000,47,3.0,1015.07
148661cc-2fd8-4943-be2c-f8f16f7135bc,C0067,1036,77,24.0,1492.33
63e2fffa-42ce-4e25-a63a-9e544c795ce5,C0666,1020,144,24.0,372.23
3192bf96-bf21-4e52-92ca-3d267aeb370e,C0875,1048,126,37.0,1934.27
ec020037-8e77-45f6-a720-0e70dc069d10,C0131,1018,102,33.0,1578.31
ed5f941b-d887-4f03-8702-e6abcdc8148c,C0205,1041,181,35.0,125.53
379561b5-aed5-46c8-8eb0-db1bc3ff3b1f,C0709,1002,155,39.0,1070.39
b4d53f51-f306-41ed-991a-42f7b5f5182f,C0358,1012,120,9.0,228.35
c12afb58-a1d1-4941-b768-81d8d26c2868,C0546,1013,166,19.0,1175.28
a20178fa-7261-4478-a1ee-fcd77522481c,C0195,1041,81,49.0,477.04
7160d422-37f1-41bd-ae19-fdb13e88f81e,C0911,1027,59,48.0,1401.65
3e138f24-0c28-4b68-9dd5-ba21f4ace92e,C0034,1000,169,1.0,614.25
14006ee2-5914-4364-b8dd-9ef1de6c16c1,C0634,1039,20,44.0,634.82
caddceed-0dfc-4805-bf9d-25f0ca43dd78,C0636,1023,33,3.0,740.55
1058e293-09ed-4004-9da7-a3f9e6a2134a,C0992,1049,40,43.0,1795.23
2299ec6d-cc12-42f3-aab5-bfa97c6317ed,C0204,1013,159,41.0,1710.3
f53160d9-c3f0-4f61-ac1a-0f5ceeddf805,C0555,1003,106,33.0,1235.77
5b6b635c-3fc5-405b-8d22-6054a98fe55a,C0262,1038,140,12.0,809.71
cc435fb1-eb1a-4729-9a7a-09a89fd1aa05,C0856,1001,25,22.0,726.18
a5dd0325-ae01-448b-a837-2dfab1220e95,C0053,1046,54,17.0,1974.02
7b5b06e6-360b-442f-adfb-98d0d43287a8,C0729,1005,145,18.0,803.04
98b974d9-cf14-4c17-a5c2-56a158e50e7c,C0576,1049,121,5.0,1797.24
d39ee764-74ea-43fd-89da-0c3f3307e0c0,C0047,1034,173,1.0,887.42
d3304301-a390-497f-b726-c48e0fc08ced,C0749,1030,181,15.0,1104.72
6b113a24-265d-477d-a9c8-22c5a080d88b,C0753,1013,143,46.0,1926.9
df7fa749-e773-4f9e-a9ab-6f85082a4972,C0663,1047,94,49.0,440.04
4b9b8f9e-bf6a-4255-ac82-0e77a8309727,C0357,1029,51,50.0,583.71
7ccb46af-8d6c-4f22-a127-98a0e46e5a08,C0524,1010,163,37.0,1015.07
bb9639e9-30e3-48ca-b22b-722c922857de,C0861,1009,62,16.0,1970.71
0000a3f3-b68f-43a6-b27e-03d13fdd447e,C0436,1043,70,10.0,325.66
a652a130-fa7f-4ae1-8699-b776124e8bee,C0380,1042,154,24.0,991.94
10e2e620-2cd9-4f15-b2a2-3c58292afc02,C0700,1016,158,41.0,1932.67
e993a28f-81de-4f79-a955-d452232039cb,C0436,1019,27,15.0,789.43
5f93c58b-0e5c-426a-ba91-25e56b10acd0,C0857,1030,137,11.0,1903.61
a362201a-e66d-4c3a-8520-78a68dc0dc95,C0097,1043,116,46.0,1646.11
eeb1f859-a9a8-4999-ac5c-f36de92a28f0,C0244,1033,59,43.0,1166.62
c00576f4-e3f3-463b-9c78-006e96763ff0,C0575,1031,85,48.0,716.13
ed7a0c26-08a6-4775-94e6-b3ca387ccd21,C0788,1021,147,43.0,1302.79
abaf3dc0-60eb-453b-8749-cf88675af7ef,C0446,1016,133,36.0,1022.75
1a54596d-97b5-40d7-9d2c-fd113aba972f,C0872,1006,22,34.0,1293.14
78d5d524-f9f2-4233-b9f8-3e290d5b077c,C0142,1025,172,47.0,843.47
7f4de7a2-d7f4-47d3-b347-a013e318e15d,C0147,1016,59,3.0,1172.44
991b49b3-6551-4814-badc-0db04aac34be,C0410,1025,11,17.0,846.04
3bb8d8ac-7811-4d3e-b833-54049fa9da00,C0649,1036,149,31.0,495.09
7da37695-eadb-4615-a9db-a076bfdf2778,C0813,1045,115,44.0,1680.54
6eb92c14-20a6-4831-b95f-6531e2fde299,C0333,1003,19,16.0,1026.01
c6d1c500-1dc8-4459-a9c6-de52a28c7b14,C0386,1012,130,41.0,1841.98
3a2c139e-761c-4035-9bfa-57b894d68ea3,C0735,1046,74,19.0,325.01
f22d20f8-4f4f-48aa-a789-1ce43b6fb567,C0735,1015,168,44.0,1664.98
d52d164f-e085-46f6-bd64-e35d04f07435,C0946,1017,27,5.0,1194.54
3ed24714-d521-4a70-a857-4b83fec73e2f,C0535,1009,114,4.0,1929.45
61a80a11-5cd5-4403-b675-de0ae524c29c,C0863,1008,54,19.0,91.48
340f3ce3-a121-4c4b-a5c2-ef9f211656b3,C0858,1043,136,1.0,501.59
ceae7491-ccb8-4a57-94d3-f9b7bca52a71,C0776,1029,26,39.0,1434.69
decb824f-c03e-4b8d-a8f5-e541fdac04cd,C0983,1042,83,28.0,1911.24
d33828b1-39a6-4bed-b769-d0f39f257879,C0335,1019,103,24.0,383.54
2f83860b-5c3e-4a98-b8a2-e1914a0a63b7,C0235,1015,158,3.0,1944.38
429c884d-3f86-42e2-a853-08af81f5d235,C0856,1024,33,14.0,1540.02
42dbe6ef-10c1-4eb1-af4a-7eb8365205ca,C0454,1047,173,38.0,370.04
3a4b42da-dff3-4fec-b406-63684f942459,C0501,1010,130,13.0,594.09
eb6a5861-29c9-4f8c-88de-7549f267b85a,C0223,1001,146,14.0,1691.89
1bd6acba-42fa-4f93-b6fc-88f34cb9d88a,C0768,1033,93,21.0,1427.4
5a506a28-c8be-438d-acdd-1b96b088583a,C0475,1034,118,37.0,754.19
ba60ee5d-1c84-4dcf-93c6-568930291a9a,C0083,1008,4,23.0,280.91
6cb8ee52-3322-467e-a9a0-e9e64130e036,C0690,1019,94,31.0,566.8
39ddc8c0-4973-423a-92c6-091cf6dff533,C0641,1017,129,12.0,1323.35
aedb86a7-2820-4b29-a8da-148f3f4d6e87,C0292,1020,155,8.0,684.9
aca2bc57-6159-43db-9cd6-4db652c8f533,C0094,1045,38,25.0,1038.58
4d569f38-6b8b-49ef-9c80-00cee0e80348,C0004,1001,160,28.0,1393.61
fd2e6ef6-b18a-4bf6-b5d4-ca3922853d67,C0146,1026,69,17.0,1191.61
6d514a63-b4ed-43d3-afa2-c7c4e250c565,C0654,1021,177,29.0,461.48
cf2d1da4-9bfe-4958-9000-3fb7acc0287f,C0587,1020,22,22.0,926.35
dd35815d-471a-4b17-8000-eecd6e0a0703,C0649,1015,35,9.0,855.84
8fc7ed4a-36fc-4d1d-bbb0-1169cc8d3c6e,C0099,1043,147,11.0,1712.91
67a5d0ac-aa12-407f-9d24-ca6efda538c4,C0519,1029,172,18.0,997.34
6e2319ae-a028-4ce2-9dc6-0415bb46d0db,C0574,1040,98,46.0,232.53
8f8a42ae-a32d-487a-97d9-6a615105c8cf,C0387,1046,11,38.0,177.77
4a9930b2-3a4e-4e9f-9124-5bb8fc3c2bf1,C0726,1024,27,29.0,602.93
110e0cfc-ba16-4adf-8a07-31b9c7808aeb,C0580,1003,78,40.0,1470.15
a0ff2e41-bba7-4ef0-9e9e-2df622c003c3,C0222,1012,17,20.0,738.85
b4e0c70a-2b24-42bf-861d-7a8e3ca32761,C0295,1020,108,42.0,1869.09
36569860-f367-497f-92b8-e113a06181dd,C0820,1049,132,50.0,527.47
47ca1de1-6176-487f-b15a-012564f750f6,C0784,1043,38,22.0,702.05
f040e5af-8c32-48aa-826f-286a4c1b01b7,C0617,1014,130,4.0,1044.6
0228a2d5-1206-4af9-9afb-8c1f6c472698,C0640,1022,55,31.0,1659.53
1433f127-cf03-4e33-8811-fbc6fe69d017,C0899,1003,165,36.0,1393.36
8985aa3d-53cf-48dd-a1df-98be025950d4,C0313,1035,46,32.0,583.54
2b1e1f82-82ea-4680-8cf4-ed8f0700eb4a,C0048,1024,124,3.0,1678.33
d10223ee-5d28-485c-8129-198d29899569,C0386,1006,38,16.0,1471.1
45da5cd0-d4fa-46ce-bb77-1bd7d93767d7,C0514,1023,1,36.0,176.23
73a99c6b-879c-4df3-963b-1fac2d9799fa,C0127,1020,97,8.0,228.38
208fd86a-b205-420a-9212-43a85685b419,C0389,1005,10,11.0,627.56
dcecd1f9-f443-4ac0-9619-f5c5bbc0bd84,C0135,1030,79,21.0,1565.43
231ad440-aa43-483d-8e85-cb457bf619b0,C0450,1036,130,5.0,97.74
8c8aef35-bdde-4e92-a2dd-d54c1b09af6a,C0368,1012,31,22.0,63.69
9c0b628c-b5a0-4cf9-9ea4-cdad2f01e25f,C0200,1008,11,14.0,705.13
f3f8f467-230a-4a48-a399-12d99092a6f9,C0935,1036,95,43.0,528.27
e35ae7c0-f12e-450f-b0b8-b4be86d6555b,C0598,1004,19,36.0,193.88
8d76d737-1125-430d-a24c-41e662c3c68c,C0617,1023,23,37.0,259.16
49b27f77-256e-4b35-9cbd-d157663ec0b1,C0324,1016,26,42.0,1547.09
3cfbd0be-4de4-44f1-9561-3e38e6cda1a1,C0450,1021,27,10.0,580.51
d21fa354-8f4c-4f15-89ae-6bac9ea99c2c,C0333,1021,63,47.0,1158.33
e683558f-14e9-4798-8bb6-96b2ad340031,C0856,1031,71,21.0,1386.17
4a363261-0f61-4794-b7ab-ba355b2fc29e,C0089,1034,3,19.0,835.98
be65c5d2-0843-4d10-9653-56e3e88e1158,C0185,1013,7,3.0,949.6
38c98197-6a6a-41f0-9f00-b742bf46ef2f,C0323,1013,95,35.0,1413.2
42b30315-49f4-4b43-aa58-3397d0dc77bf,C0997,1036,152,50.0,253.28
fb1f2564-5520-43d8-b9ca-57da115cba4e,C0638,1014,27,17.0,90.29
2635e54c-97f3-4af0-a007-466f7cf61b4a,C0578,1023,24,49.0,1663.39
09ebcaab-49dc-4ef7-a863-794d3dfa9ce2,C0771,1045,69,14.0,637.28
eea035d6-0216-4e3c-91b8-72c96270d1e5,C0330,1032,78,37.0,1991.92
27587328-0989-4a3d-8574-12971d5644d7,C0732,1017,6,39.0,1226.76
2f7e9d4a-8b18-44c7-97dc-b621235603da,C0319,1019,117,25.0,971.39
f012f11a-981b-4a46-9cfa-4ee8675cbeb1,C0524,1001,137,47.0,763.97
04d64a51-de31-4042-bbd8-4f63818a4524,C0287,1005,112,14.0,902.4
2b7c5273-3b65-4c9d-bb53-90a489567618,C0498,1030,169,40.0,1090.0
776e732e-e607-4498-9d96-c5dae64f3930,C0163,1031,14,30.0,216.69
b0860359-b4d6-4f3a-803a-e82b434c3087,C0126,1015,12,47.0,1851.22
6ad3c3b4-9393-4cde-b3e2-42d471b52401,C0172,1025,170,44.0,1574.93
75587b44-fec0-4711-880e-964497db1738,C0005,1018,159,14.0,1829.95
b0f353a0-363c-4157-9ee9-854b9ba46266,C0315,1032,73,25.0,875.65
ef7efc10-5923-4fc8-8e28-b061ae2be95c,C0491,1013,5,14.0,1327.07
5ab3a616-3509-4367-bbc2-bcac01e935a9,C0857,1036,174,28.0,87.48
df2a2251-2d7a-4ea5-ac88-3e3a2923d677,C0266,1043,119,50.0,909.04
a0e239a0-6a33-49fe-85bf-f6674c028cec,C0817,1016,105,7.0,1670.07
1d1ace32-611a-4fce-8888-1cfe59d6c958,C0898,1013,143,25.0,304.82
4b634cf3-4ac6-40a9-a172-cc8a10516a89,C0157,1013,35,39.0,1194.7
9d4effac-e079-4cd6-956b-3cf97828aa40,C0829,1042,125,33.0,1632.95
098b4b5d-88a8-4edd-b7b8-65e3ed2e1b07,C0817,1012,19,29.0,1108.08
2a1b379f-7a6d-44c9-a486-3abaaeca97fe,C0922,1013,47,1.0,202.8
5cd057f0-68fe-4910-aea9-2a395e1275ca,C0709,1036,140,23.0,999.22
b60d0c8b-f453-492e-afac-876a7e1be130,C0886,1001,144,1.0,1271.1
1a3a5293-f1bf-4a82-9021-64725beeb4c4,C0367,1026,96,38.0,1340.23
61e50797-3e1d-41c3-b9bb-896a369c8aa5,C0233,1028,33,3.0,1409.12
95de7e70-fe2a-45a5-89f7-493c8407f8de,C0591,1014,60,1.0,969.5
d67bf62f-50cb-49d7-8e16-da8a02512976,C0004,1012,3,16.0,119.5
1b75e500-cd0c-41e0-b196-162db47de09e,C0258,1029,69,25.0,63.52
566a8b22-7115-42d3-97b2-9c1de0f88d1c,C0571,1016,75,15.0,1559.08
f20af39c-b708-453e-a945-9e989b8adfb8,C0179,1004,101,14.0,1554.22
a42bab76-87d8-4a29-8256-51fdb91a81f5,C0133,1002,73,42.0,327.91
d3e96293-b594-473e-b942-e437d4c0b463,C0465,1031,147,14.0,1086.23
ae781658-eece-4d66-9d91-6018fc7dedb6,C0405,1022,3,29.0,1623.67
f19967b4-2f91-4ff5-9f20-1bb6a198483a,C0451,1006,69,29.0,1303.88
ceae15b8-9550-4ef6-b65b-bc66f96c54a1,C0067,1040,146,22.0,723.83
3b888ef9-c24b-43f1-a6a7-f6231e8c5dc6,C0256,1017,86,18.0,416.85
b02abf36-bef2-4008-abe3-d99b8e032faa,C0315,1036,80,3.0,884.16
916e9598-9af2-414a-859d-a9bce76c864c,C0700,1016,3,11.0,132.92
43d58971-9fdd-43fb-9220-07d3d5dca67a,C0720,1047,4,7.0,634.59
e9f70194-72c7-4fee-8bd7-81bfd6557500,C0911,1016,130,36.0,1496.89
2e730d20-d57c-477b-9b27-d5891c675028,C0115,1010,132,17.0,450.06
5d632f40-fa3a-4ea9-9b42-600c755ccff4,C0176,1022,97,8.0,1610.99
9676f12d-36d6-4e2a-a95d-d6e587908c1c,C0020,1010,116,40.0,142.69
99ca464f-5d95-4e9f-b339-3261c62c29e9,C0229,1028,41,19.0,766.03
1ef4923b-4a58-4679-9a8c-e69a44b8210d,C0698,1040,103,31.0,654.23
bd162669-5041-4e50-90d7-8267392fd6bd,C0682,1047,99,34.0,403.96
53a0255d-0611-4035-8297-dcc40e8a3396,C0524,1048,17,48.0,1760.84
827737bf-2636-4349-9418-70ad96f75abe,C0476,1010,120,37.0,1644.21
46e35103-f409-49b4-a09a-6efd1c0b035f,C0385,1027,113,42.0,1673.19
c16937b5-f581-4cfb-9a63-15dc13f0871f,C0687,1028,92,33.0,1472.88
bf928af9-f601-419f-96aa-860c7df32fa0,C0800,1022,175,18.0,927.57
e9177f41-53e8-444d-82b2-3f15a79034ae,C0733,1006,20,40.0,593.28
0894ea62-3f69-4337-ba7d-c0c7f6a588e2,C0074,1017,12,16.0,103.32
c1f56895-cb82-4a24-ae90-4e7943982cb6,C0601,1042,18,18.0,958.54
3004a0a1-7b4f-4811-a16b-9bbb64690e03,C0469,1045,27,35.0,1942.7
fafa4563-94eb-4ad9-adcd-5039d31c03ee,C0146,1031,117,34.0,1688.94
71244c42-ac69-4366-9f66-81ec4c792626,C0416,1048,93,50.0,1917.72
f3986b94-3925-4e25-b389-eb4b599d76a0,C0059,1020,48,27.0,481.88
78b3ccca-59ae-450c-b5d7-82348575f450,C0863,1033,177,27.0,929.23
4a62432a-4a32-4503-bca4-48efd843dc39,C0188,1045,105,25.0,381.12
47ff9b68-496e-4e63-a290-1798004d130e,C0742,1045,156,18.0,1547.41
f614c1f9-1cb0-4d79-8890-ea9bd922449f,C0705,1030,47,28.0,1225.63
097cdb4b-16c2-4c71-84fd-5bca2fa3e9ff,C0644,1011,52,46.0,341.0
8126ab36-8e44-45fe-aca2-5be2469a917b,C0384,1046,112,40.0,1015.07
25aab386-663a-4c38-a628-868f8692af95,C0838,1031,112,23.0,615.25
3a8932e0-cd15-422d-8927-423854c0af0e,C0452,1041,99,23.0,1409.77
5fcc8026-6c7b-43b7-b8d1-a14b741ca510,C0715,1046,143,30.0,1494.77
d75a1972-5d73-4156-bfc1-7f8e1f2a2bda,C0524,1011,173,29.0,1214.41
6b0a0e54-34d2-4613-bff8-104f3db6e634,C0542,1017,39,12.0,1213.85
4ea1d1fc-a369-4614-aab5-5d8eaec07a76,C0649,1014,142,28.0,859.53
3033a0a6-d012-4e18-8fbd-e9c736b28293,C0490,1021,95,20.0,103.68
0816311c-c20d-4821-97a9-d2ad510b10c1,C0963,1047,100,14.0,722.35
a1b4c115-0c88-4f71-b9f5-83e77493211b,C0640,1036,15,30.0,511.65
cbaa093e-2eee-453a-9664-5d16ac83bfde,C0768,1041,96,1.0,1015.07
0321d828-03b9-474b-bbe9-8bd7cf613f3a,C0860,1049,138,6.0,369.18
41f2d5b4-a60c-4bfa-b0f4-a60ccb9dbd97,C0400,1047,43,40.0,1446.76
26cd5a48-7dc7-4b77-8544-ebe4bb4438fb,C0171,1041,149,36.0,1521.45
1b3f0fa5-443e-440d-a520-21eccf493a68,C0533,1000,32,41.0,1869.39
3f4c5c6d-6582-49e1-b6d2-944a13d3e456,C0585,1048,69,27.0,598.01
e243c4a5-e499-49d2-956f-1f664ffab4f5,C0572,1018,40,42.0,817.63
416fb1eb-5685-4402-a22b-6690ca7baf04,C0145,1006,172,24.0,95.87
9ff90eb5-8339-4e88-94bc-ccb2df40e5a3,C0854,1001,24,22.0,1925.03
6a6ed246-8a9b-451b-8a8a-6db41aa72d55,C0148,1008,65,25.0,1633.73
f0a108ff-bb4c-4358-b8c1-15762ab15152,C0949,1029,181,32.0,1143.8
a76412ee-e6d3-489c-bfca-faffecbeab97,C0251,1004,42,5.0,723.49
09c222e3-5ff2-4f58-884d-1f0c1c606d44,C0689,1020,169,28.0,1345.47
54e0e557-7e91-460f-9e9e-39466c320b21,C0957,1033,66,12.0,1424.63
b98d5274-04f0-47c1-9345-85a0c4ff5dbc,C0660,1025,14,47.0,1015.07
aea11a02-d6f6-46e5-be90-d82156a4cc66,C0468,1047,78,41.0,61.55
cc0ed52a-bbdd-4cc2-86c1-528cddae1854,C0092,1012,136,40.0,1500.27
2168e727-f435-4d7e-b6fd-d4b3e33c6cfc,C0081,1038,96,9.0,1015.07
6981a496-2e5f-4173-b5ef-d84853145835,C0941,1017,129,14.0,80.89
be3847bf-cb37-40c2-8a84-4dce38db058f,C0194,1024,13,3.0,1572.22
7d4745c4-4947-4637-915e-c2b6f2e89d08,C0210,1030,125,22.0,878.11
9b63d042-2a67-4090-8392-7d4b782e12ba,C0295,1046,55,24.0,292.88
7f250598-3695-46d8-a96b-52e3cfa5f3b1,C0292,1043,69,25.0,385.84
85f99300-2c60-4073-aa75-ee20b35ee09f,C0558,1045,128,42.0,1120.98
5d4e3813-dc27-48ac-a155-24a41ae108b3,C0589,1004,106,20.0,863.95
19fcb97c-da7c-4e33-9f82-be954bb23d72,C0368,1000,61,12.0,1783.64
327ac250-c156-415c-8ab1-debbdef264f0,C0200,1008,134,26.0,1530.11
801d6477-4849-4d32-9df7-b67bee8acb8c,C0545,1017,78,4.0,994.19
509b0f08-ee83-4cd1-80ad-a185efc15177,C0989,1030,14,34.0,1307.72
2d9dbbc0-58dd-4ce4-958c-81a8b1d6f1ba,C0809,1036,42,21.0,697.77
6eaa58c4-403c-4ac6-aa5e-5d6480cf1287,C0338,1043,8,24.0,1415.45
9de5328b-3c6b-4ccd-8b37-a648b34a31ad,C0051,1041,174,38.0,1086.61
34902d50-a02a-47dd-b16b-1deca270d93b,C0881,1022,133,4.0,1015.07
779f2ad3-16de-447c-91e6-e5ea71e20848,C0052,1013,79,49.0,1949.9
60c789a9-2f44-4618-81b0-130c668f2173,C0381,1030,63,26.0,41931.16
71f5973a-cf98-474c-a8a1-b100bf7afe88,C0162,1045,96,41.0,572.7
33274a98-410c-4e13-9c51-c6e1f7a4aee8,C0219,1036,78,18.0,1095.89
57856645-3a43-4213-8cab-ef19f17891f6,C0286,1023,101,35.0,1122.71
806f0739-376d-46c5-a311-36dda2655e76,C0856,1029,95,16.0,1663.59
c85d37cc-4fd6-43fa-8c14-801ced0d079f,C0592,1035,53,44.0,480.84
707e9911-6568-4ed0-a6f6-e45887a584c0,C0882,1010,74,50.0,1845.19
804fb427-b4ab-496e-bbba-6a042d10e96c,C0640,1031,179,25.0,1886.87
80e7f43a-7f3c-4716-b545-5bb93a711ee3,C0267,1042,2,21.0,1135.5
02733139-1448-413e-98dd-823bdae08e91,C0902,1040,116,31.0,1169.61
36130f34-d712-4a08-b885-68241d65823a,C0057,1033,48,23.0,1927.75
379334ba-54d9-47bd-ad94-4f236b607f35,C0510,1014,177,9.0,215.49
0bcf74c8-aac2-4cac-806e-65bb1079d584,C0807,1045,36,19.0,1015.07
8e61673f-571b-4524-904a-4aac96c6c6b0,C0747,1039,73,46.0,1460.34
8691e41f-2e5b-4498-855a-781438d19662,C0286,1002,136,3.0,1083.87
1bd57125-8f51-4705-baae-50fea4d2fcbe,C0168,1007,142,1.0,823.75
c3d6fe53-af98-4d95-b4d9-c1876c4a7e66,C0561,1031,145,24.0,1015.07
f40ce91f-be13-472a-a242-32d5ebf2dc73,C0407,1037,9,37.0,992.63
bc61d2ee-8ef5-4bfd-bf0d-d2493677cfb0,C0676,1007,180,17.0,1091.72
ac710047-7a84-4703-8c99-d4eded6c7d10,C0385,1019,119,20.0,725.85
a438a82f-273d-4cfc-a368-6e345bb91902,C0158,1000,163,4.0,1672.15
bf1ae7dc-8627-4063-9667-ee6871e8d4a3,C0865,1042,76,38.0,299.21
5a22076e-ed10-45bc-8f5c-4a5ca0191aac,C0961,1004,102,26.0,1296.8
92e8f6dc-45dd-4bbc-873c-931d55f5d5ca,C0855,1033,42,31.0,1894.22
0eb23a5a-fddf-4631-bfa3-7e38151e557a,C0157,1033,56,3.0,1627.49
88a759eb-e894-4871-9cec-9232b1be323f,C0419,1005,94,1.0,1015.07
44834d5f-17bf-4273-87eb-d26b81bcffb7,C0610,1004,169,44.0,1522.9
a765663e-99b6-41ac-ac18-44d0a78bb7d6,C0719,1023,156,28.0,907.5
391ab049-1cab-438a-90ce-53f0fdb29ef8,C0730,1015,126,40.0,1561.34
cc756208-cbda-44d9-b240-799c008b0553,C0771,1041,114,50.0,982.2
f2818746-eeb3-4a1c-a7fb-de1efe63195a,C0751,1025,168,25.0,1243.55
c7f5dbf2-ed81-4f06-aff6-cf77c824b902,C0626,1009,69,25.0,659.97
2fdb22ee-d750-4ee8-8e16-13d0eb717862,C0799,1049,8,5.0,1421.13
59283a26-a0ef-432f-9f73-47085f80c9d4,C0392,1038,167,28.0,1015.07
df2839d0-34ce-45cf-b132-899f79fa414e,C0087,1041,114,22.0,1015.07
7ffe5bfc-1ab1-4031-b706-f1ed0fb387b8,C0210,1006,173,13.0,291.22
d7755aa9-b902-4e23-8e53-ceb38b058cff,C0271,1047,167,13.0,1015.07
657a228f-afdf-4deb-b643-0386d80fff3a,C0436,1003,5,19.0,436.11
e1d9e31f-567d-43c9-b945-f7ab992e657d,C0228,1039,39,28.0,1015.07
023c9c35-d219-40e2-9d24-e082d8ab822a,C0724,1010,167,35.0,1425.2
6113e8f7-b408-48f6-a6cf-2a042f4f0f6f,C0877,1001,181,8.0,1988.89
75d98b38-ff42-4e0f-9735-a583cb5c5f8e,C0152,1003,143,25.0,1034.21
7a4db502-d3b2-430a-910b-5f9cdf35da04,C0428,1047,154,38.0,1036.6
efbf5e23-747a-4bb4-b951-6c5dbd4e579d,C0153,1026,77,1.0,1941.71
08cb9f95-fbac-48dd-9de4-52f06e769249,C0198,1005,143,37.0,576.17
ed18b6ca-024a-4451-af72-5d94682cf73a,C0612,1021,16,20.0,1468.05
33eeacf5-d70c-4221-b7d5-9781f8d45301,C0837,1020,58,38.0,1281.4
ac143b60-ecbc-4437-9434-40a9f985b30d,C0486,1022,160,26.0,562.72
a7925666-b063-4072-b73e-4be5a2c5ca3a,C0045,1024,118,11.0,137.59
c90b0fd9-af19-4520-852d-434b1c0d0ffe,C0358,1032,125,17.0,1835.53
108a2fe4-c195-4be3-b86b-e76f315a97c3,C0820,1009,129,10.0,923.57
ab31460d-e9cf-44eb-ac30-2592ce6fc350,C0353,1013,67,25.0,1015.07
fc97d2eb-8338-4b2a-a1d6-f4af1b37a66d,C0014,1004,113,16.0,1002.51
455e6f0b-5ac3-4398-bf2c-0e6ba75bfa07,C0802,1035,36,19.0,780.73
6852f0d5-b515-4405-8885-66d854793158,C0542,1049,109,36.0,1691.48
fdba7686-c89a-424d-9a0e-cc3f3364fe57,C0177,1007,143,49.0,611.92
a8b3c29f-1e9f-4aa9-9e73-049bf1f08970,C0012,1003,7,33.0,1556.04
fc3cbe26-a795-4688-b5ce-007d9c064933,C0286,1006,110,9.0,1787.87
3db0348a-272e-4e0c-a818-83789dcb9a4c,C0819,1018,132,36.0,812.11
78d3901b-3b48-4a43-b54e-0f134d307413,C0647,1003,26,25.0,520.51
c3224785-4dcc-4f50-b86b-c0f57744f993,C0708,1004,138,15.0,1259.31
b50a0afe-3396-4ca9-b256-734b534d0bff,C0517,1021,110,50.0,883.45
45d37782-444f-455c-9e61-a1c510cf164d,C0545,1031,123,45.0,626.76
f782e93e-e807-4102-ae86-d75f97be8686,C0818,1010,69,13.0,1399.82
4daed08b-7582-4598-af56-0aa8c9d5cd1b,C0162,1039,76,29.0,73408.15
c8f7381a-0f4a-4b22-9086-d2756736754b,C0142,1004,38,30.0,1335.62
a019e7c0-1d97-445c-8b20-eea1f0a1e7cf,C0163,1047,166,28.0,997.74
5f7e7314-2563-4a57-a416-e4adf7d297e0,C0795,1012,104,1.0,1015.07
13bf9a53-4591-4165-b775-a9a442434990,C0627,1010,94,11.0,1616.02
2c1ec8a1-f45c-41e0-8db2-8cd96ec9031f,C0640,1030,52,19.0,53060.82
0e1b490b-7828-4bcf-9bb5-0e58b372a66b,C0067,1015,146,21.0,1188.37
17d8aca3-3397-49da-a131-64967611c78f,C0607,1014,51,14.0,339.16
506c726e-fbda-4321-b71f-5320c1eaea92,C0524,1040,149,6.0,832.76
7eb19545-24c8-44aa-8e2a-de9228a56c1a,C0581,1035,169,28.0,1747.82
6eb2e0b9-24bf-4439-8fdd-8f8e70ac36c7,C0934,1026,84,48.0,310.82
0540e19b-5b57-43f2-8713-56362dede3b6,C0206,1037,108,19.0,317.24
2f32c378-6949-40ee-8b42-cae3254f06f5,C0109,1017,119,18.0,729.66
b44c18ae-f50c-4a77-9dd0-408ceda88875,C0774,1049,7,6.0,1076.95
7dcde389-0c77-4c41-93a4-9c7d9c5aeb8a,C0577,1007,34,49.0,203.6
05e1f5a6-039a-4d3e-8093-66f39878da68,C0076,1016,171,34.0,215.06
87af458b-b014-4d17-8059-1b3084e92252,C0810,1042,45,33.0,1984.63
34673667-4662-4244-b18a-a6472e7e8cf1,C0572,1007,95,39.0,740.67
50fb1752-db0d-4468-97c7-94a4eba44916,C0759,1031,123,30.0,1345.89
f2c6b6f7-549f-4bd8-8efa-d43a52526bfd,C0104,1009,96,27.0,850.0
82e6daf1-c14a-4e31-9a53-4024b289e431,C0518,1010,75,47.0,681.24
99723926-04aa-4bbb-96d2-2687a1d7dec7,C0855,1043,102,28.0,1708.73
20b40629-9f95-4b98-aa56-22c19f57473d,C0919,1010,39,15.0,1067.88
0eacf8e3-4be7-4194-9bd3-390b5d20688c,C0452,1048,172,7.0,1843.48
c2c6b5d7-12ac-4b10-a81f-820ea462a9fe,C0558,1028,167,10.0,1089.69
8ce949d6-7d57-4813-8468-5f7d9e3da67a,C0122,1040,127,14.0,1565.21
0a247745-ef17-4fa5-a794-ee6bef7f5565,C0908,1022,32,9.0,1522.05
587853b2-079f-49a5-a1e7-89c3034d8290,C0654,1025,146,46.0,1608.78
59965dc3-7c96-4678-8f25-8529066ebe69,C0263,1049,109,16.0,624.89
cc572bd7-3b5e-4ae0-bde8-19e7efae4fd9,C0594,1008,93,36.0,1957.11
12e65295-a2e5-4bb7-88e5-c9051f532b22,C0576,1036,92,11.0,910.74
c78d8feb-b22c-4278-a779-2b1006ac1621,C0378,1030,115,29.0,1750.81
1240620b-4c58-49f4-8981-e266b450a8ca,C0387,1014,124,36.0,1295.95
927385bd-ad09-4225-bcd6-a8535d760b47,C0706,1018,124,44.0,1531.4
e47979b9-869b-4896-a8f6-f7ef1e12aa21,C0649,1024,26,18.0,1388.11
7a53ed36-f4a6-443f-a8c5-0618b610b340,C0729,1008,17,38.0,857.61
8dc3d588-2ead-4de5-b364-6aa17431e9d0,C0703,1040,61,36.0,672.7
f4790f4e-dcea-4f7e-b42b-440a49ecb4de,C0952,1019,166,22.0,1424.78
7dfc9d87-6a5f-4626-a008-e1a3d30f1525,C0916,1018,59,19.0,1517.49
048c2ad2-b5f6-4323-b743-f1d3bb77c050,C0752,1009,6,34.0,801.6
836ac184-23d6-403e-9313-b4edc580a1e1,C0638,1035,116,21.0,1877.14
b3ba85b0-33d7-4efb-aa40-37c4873021bc,C0749,1011,130,33.0,512.63
15c91521-8c93-4986-b3aa-e33abdf1e6e8,C0380,1004,4,35.0,1724.41
d273cc4a-9e85-49dd-b004-22bd8aa5b175,C0081,1036,151,8.0,1678.05
a904662f-f8e4-46a1-b337-a852e59490d1,C0866,1027,25,19.0,1379.31
cb37cdb7-1ba7-4bac-ae19-227ee006730c,C0077,1024,75,43.0,325.26
63da3d32-17fc-4dd4-839c-95a5ebacaf9d,C0468,1045,161,32.0,442.12
89ac85cb-8ad3-41ff-9bf6-4b1ddacce270,C0997,1047,126,11.0,613.37
370fd397-90de-45a0-8df9-e9e253200bd8,C0442,1001,63,26.0,1006.93
280934af-acfd-47fa-afc8-c4ee485c1fd2,C0368,1022,168,35.0,1250.18
6dbadf9b-1ea5-4d68-ad3f-b4963446412e,C0068,1048,181,21.0,1391.35
71b4bc73-43cc-40f6-87a1-b23bd098da6e,C0818,1016,15,12.0,768.01
da31d222-a052-4c20-a29e-aafa5b6c446d,C0207,1046,56,38.0,731.0
3a4448de-5ac5-4b7e-8ad9-878f02b18ddb,C0720,1037,176,38.0,1650.95
6f6123f9-886f-418d-8efe-c05d20db51f0,C0813,1016,179,22.0,951.18
e9d31b9c-0310-48e7-8266-b99136128384,C0939,1032,172,23.0,1493.86
394b42e3-a582-453b-8163-478aabac993f,C0599,1043,134,29.0,641.9
50355a3d-96dd-4ba2-a0a8-8a3bc8656c60,C0839,1007,6,44.0,1062.98
26f4b9e2-5a95-4468-9eb7-485deecff860,C0294,1044,114,49.0,247.24
42adf44e-6c8b-4094-a64a-d83901e56fc6,C0372,1048,41,19.0,374.7
b13ea393-4607-47ae-84c6-c20bf4cd648a,C0117,1014,73,36.0,291.54
558430d8-023a-4e46-8434-97c607c8f591,C0331,1018,48,36.0,1415.69
a4537b72-f2d4-466f-b5a3-a39eaa119063,C0840,1016,88,8.0,1186.91
aa14c3cb-21d0-46a6-8679-045b5894faa6,C0753,1034,30,8.0,150.14
fc9e9acb-d3c9-4bb4-a971-7750408629ec,C0200,1042,95,22.0,369.28
c9610192-df47-4d7c-b5e8-50bc40432833,C0788,1044,56,39.0,1608.62
cc48f100-3d80-44a5-8eb0-d5ded7f43c22,C0334,1023,96,33.0,503.45
52da2c04-861a-4bbd-8a67-e111e7d80acd,C0273,1003,9,45.0,1034.91
3d1bb1f5-6975-453d-bb83-f5c2e030a3dd,C0272,1039,85,26.0,980.76
61878b50-b840-43b6-892f-5d2a3906ddb4,C0874,1025,49,12.0,1446.55
51452cd2-80de-444a-abf9-a5d1d8364ff3,C0192,1020,84,9.0,65.09
a0fd62c8-92d4-49b8-abda-1cf69ad64458,C0425,1016,111,48.0,1139.0
7e77f49b-4368-4fcf-a468-47b53c0de52c,C0015,1014,163,42.0,1905.89
ab7ed7ee-d718-44ba-8b64-f32e9b080f66,C0017,1036,83,23.0,786.98
75e1bd17-b05f-4974-8c99-3ca0ab68a128,C0473,1031,38,5.0,1193.04
37fe68ee-9cff-4be4-9adc-cdac4f8a2731,C0639,1039,99,17.0,635.89
4c4a121d-9159-4ceb-b79c-d223b1e95da7,C0312,1008,29,19.0,733.55
76ffd754-06fc-43af-92bf-ef42645a21d1,C0988,1030,168,1.0,593.74
0b71bd65-f36e-4bab-914f-d038137ab194,C0738,1047,12,45.0,1810.8
e0c6b3d9-b4c9-4cfb-b39b-989657f3b7f6,C0390,1039,119,25.0,1070.4
767feb5d-b928-4c6a-b5b2-36ff1bd0b917,C0343,1038,14,22.0,852.71
7980ed19-abc0-4e60-9c61-d09f17a7a7b7,C0742,1018,123,23.0,1015.07
b45131e1-d0c4-497d-8940-f6cd5cecf364,C0905,1020,23,21.0,325.19
793231e0-4037-4fc9-abbd-2e9007e2f78c,C0213,1024,8,4.0,1424.23
eed2f5d1-e511-4f46-8b94-7a63d7d87787,C0665,1015,82,22.0,1412.39
853de1fe-868c-443d-adb0-bda1c0a8fa80,C0451,1030,145,10.0,188.84
bc6b3ccb-7c4e-468f-8a24-1c0ff778775d,C0821,1045,130,41.0,1303.71
0b76a10d-df69-4065-88ed-089c1c6bbe83,C0559,1045,98,45.0,1113.92
2bbd2907-0d09-457d-a997-6cfbb53d8df1,C0398,1045,114,50.0,73.8
ca88cae2-f7ce-4d11-980f-9d8359933560,C0196,1035,62,6.0,1418.02
8af85c4a-083e-4e14-be44-61942e964198,C0229,1011,119,7.0,57.84
93e11254-f23b-4ab3-93ab-40b6e94e16c1,C0819,1016,42,28.0,1850.71
3fee1345-eeac-44c5-9a36-193f481d4f9e,C0059,1043,43,28.0,286.58
2b9150c8-b3dd-4b25-bcb6-2eff5b891847,C0270,1022,116,28.0,187.59
b93ee434-c8f9-424f-82f5-2e987c893ed1,C0158,1015,104,23.0,1218.42
80abb959-c580-4603-aca4-1919b9b32d14,C0790,1003,142,25.0,1522.92
a03913e1-87e4-4450-9f27-699826dd4ef8,C0654,1003,18,36.0,1945.55
10456bfc-f5bf-4f55-84fc-48336fb27340,C0158,1031,136,27.0,116.18
b4419d90-c7f3-4eec-a81b-f34d4ba8000c,C0011,1000,152,29.0,1057.24
c8c81411-3edc-4db7-9267-85193b0836ae,C0176,1029,71,2.0,669.37
ea49323b-d1e0-466f-9cb2-f435908e81eb,C0081,1008,49,12.0,1015.07
55cce40f-fa03-4635-9756-eb1217e78729,C0491,1023,161,18.0,257.05
d3ba1f67-3a1d-49ec-988d-6d8051cd4a80,C0773,1026,13,39.0,1324.04
a5bc71e1-664b-4030-9277-907aae07a560,C0400,1032,32,11.0,1894.02
75e313a8-4087-405c-b2a0-0ca4ea691daa,C0349,1043,103,19.0,1433.01
c95be638-58d9-46b8-812c-3c646dac3e61,C0163,1029,121,24.0,67.96
15ef4301-4e15-4335-8513-7b8640bf9312,C0924,1020,116,21.0,82.52
fabf6a14-517c-4f42-a39e-e947a2e7bd0a,C0763,1009,176,6.0,1431.91
c9dbc70e-f80b-4586-baf3-4c0902d3797f,C0146,1048,43,20.0,1125.28
df2b72eb-f202-4720-a788-9801bcb35c5a,C0176,1013,140,12.0,1080.65
dc2d7d28-a9a4-4a14-9185-4d8eda1d05fb,C0303,1020,40,28.0,1444.29
a3f5580b-f198-4063-837f-ff18c7ea513d,C0674,1006,109,26.0,476.05
cb4ef12b-2560-4529-9f75-fcee20b393d3,C0641,1020,162,15.0,1675.65
39863484-88a7-4b5c-b8c6-275650cef259,C0277,1019,69,1.0,1824.99
ebffc1fe-7b4a-44d8-be63-12f13674d389,C0428,1025,131,26.0,1196.93
a17897f6-9f66-427c-b511-f22cfce2e868,C0986,1025,168,48.0,1123.23
180391d8-b603-481e-b0bf-e2ba67a0f1e2,C0644,1049,168,15.0,514.13
a818c589-138f-465e-a978-285bd480d4de,C0439,1025,98,15.0,1038.64
46ecbc0f-e902-4c06-91df-8138adcadd78,C0128,1049,149,18.0,509.89
e64f3593-4d9a-4f33-8f87-fa9ba8c8feaf,C0654,1023,70,45.0,274.3
d0c0264c-3e62-4811-9992-37af45798af3,C0888,1028,181,47.0,725.98
fb82a522-7ba1-46ce-bbed-9b6a21d7cbb6,C0544,1009,164,35.0,1637.2
d294183f-c172-47e5-be2d-ccb79895f813,C0771,1011,14,30.0,1015.07
c7058e25-5c46-448d-8d09-2334ab8bb655,C0955,1044,174,39.0,427.14
e6501516-39b1-4652-9d9d-b5c272661732,C0562,1026,41,1.0,473.92
2465b974-af1b-4f0a-939d-830d8497576d,C0459,1016,72,3.0,1527.06
d1429a84-b4ca-48c7-891f-abd6ef7a5296,C0924,1000,83,37.0,1984.64
a8a44712-a972-401e-94ab-6f59355e3827,C0530,1021,64,38.0,228.67
a7ac4b18-2f58-4b9b-b83a-26bbb987627b,C0104,1043,167,38.0,1915.92
e04a7dad-eb6c-4875-ac8d-3f71a486d505,C0783,1026,118,26.0,1015.07
cb9d6315-4f2f-4e47-9bd4-646bb41781c6,C0686,1000,54,12.0,331.23
1e989c2b-25a1-4bda-9b72-608da65b2535,C0592,1007,162,16.0,1001.09
0fd6e58d-cda3-42e0-8c71-3d7458c1c479,C0376,1021,138,24.0,295.76
d0457f3b-d150-4ab5-b78a-d5397867007a,C0439,1027,42,31.0,1398.89
e2a1554c-e7df-4294-b173-0976dedd2c35,C0739,1001,69,32.0,337.53
70c05a99-a498-4030-8083-ec8540e75516,C0576,1036,3,2.0,317.19
d5e09043-0768-4d21-926a-bbc875c636cc,C0886,1049,161,29.0,1661.05
43dac932-32e0-4dbc-8e5a-ee5e1304c13f,C0544,1007,38,27.0,186.51
b59283c4-4409-46b5-99b9-04c6d5ac02d6,C0514,1007,124,40.0,211.43
3447dfa9-d1dd-4cb9-b303-8f49f0e44e3f,C0537,1007,117,13.0,1578.35
f86e301d-8519-41ab-82ec-41cacaf22556,C0621,1008,107,20.0,257.44
fb82fcc0-0a26-43a8-a1ee-688ad21add00,C0844,1002,172,10.0,1937.83
3e0078ef-fe83-4b72-9615-54582cb5c153,C0874,1036,171,9.0,926.36
f0ffa8bf-565e-452f-a3b0-2775024b3cdb,C0191,1042,135,3.0,1317.18
269bc1f9-d4f6-418a-afc6-c0bc1d57aa56,C1000,1049,140,33.0,915.3
df714232-8a8d-4b65-a357-893753a6c7ee,C0998,1024,26,28.0,1774.72
296518a3-2b33-47ac-a3c9-a9f97e790222,C0303,1034,119,3.0,135.06
5408f75f-1c8f-4523-8104-39e674c41b6a,C0347,1030,14,21.0,1582.03
e4578a5c-f4f1-4640-a220-84fba44b9d0d,C0270,1048,23,32.0,53.77
e983a7da-9b57-47f6-9275-b50573126471,C0265,1042,86,25.0,1015.07
d7cb8727-843a-4f51-97ab-e01bb84ae3b6,C0863,1029,104,48.0,614.53
79f6aaed-e93b-4bab-a7ce-fac39345f69d,C0766,1033,143,3.0,395.35
bc70aec5-2c24-4dd5-97b3-6117284ac695,C0637,1048,34,24.0,571.63
818f0939-bb96-4e9d-8296-542a017cd128,C0125,1035,109,17.0,1307.48
de50d9cf-a641-4886-8541-508d3ef998dc,C0368,1021,73,20.0,853.82
7e9181ff-78d2-4412-871a-eb979e9fb513,C0243,1043,54,21.0,121.75
ebfe88f4-b900-44da-8293-62d8f559d128,C0030,1017,120,33.0,950.68
787bfdb4-627e-49ac-ad6c-cc7d6344ade2,C0659,1017,138,3.0,1835.14
f5833399-2e83-4cbf-b6d3-7d940ce4b38a,C0275,1019,26,25.0,753.1
ecb4594c-d462-497d-8365-5ff5250c6c34,C0480,1018,37,1.0,629.21
df2695ef-fdfc-45af-a434-1da6f3f17e67,C0086,1038,153,10.0,687.6
b1d241e5-bcb2-4ce6-b4ee-76fd1d69c085,C0253,1037,20,49.0,566.79
a9d5648d-b67a-48bf-8cfc-d8138446596d,C0345,1009,42,29.0,1015.07
e2072d0f-d1ab-46b3-8b94-80435be5ded6,C0789,1003,37,44.0,1116.6
355a3e0d-d584-4fa0-8956-0a630c7da145,C0017,1000,87,1.0,1015.07
11de5b77-d616-4880-acf6-d73cdbcfb383,C0349,1019,122,41.0,817.52
5ff0c1a6-11dd-499c-aa15-876781c79ea7,C0025,1004,76,6.0,816.05
8f297817-354a-429d-b3fe-87d1a4775ac2,C0047,1000,112,14.0,1874.13
07857318-35e3-44d4-af8c-62f1b9a74c3e,C0056,1025,119,25.0,259.06
34fb7d53-03d2-41db-b2eb-86514eb98f61,C0967,1024,109,8.0,1304.36
3f37b262-2cb9-467f-bb1b-3d1d4b0b4aef,C0708,1039,111,44.0,971.85
3d01d4ed-bc4a-4bfc-9609-dd64b0d797f7,C0124,1004,51,4.0,1044.07
b6e10acc-333f-4957-b438-4ca2a07e1b64,C0707,1017,1,5.0,536.18
c72fb40a-31f7-4b9a-baaf-bfdb03c98a35,C0348,1032,143,38.0,1015.07
defe5308-0373-42ac-a241-a3b85b2ea924,C0816,1011,124,6.0,657.82
8e4dc2ce-e76c-40cc-a815-9bb5ae2b9407,C0832,1037,75,42.0,1827.82
4a5e5ee3-e08e-4907-9442-1bfd1e0251a2,C0990,1024,21,32.0,506.08
78d45582-e2bf-49ee-9d26-1c81a62f4519,C0989,1017,153,1.0,660.77
9126b49d-154c-4dda-bd54-ac0d1249a829,C0827,1024,80,41.0,1890.12
f76bd89e-da6f-42ec-8e28-0cc5592b1749,C0933,1034,121,33.0,1666.9
427d868e-6710-485a-90e1-69f0fcbce31d,C0498,1045,171,30.0,50.78
96591d4a-8e90-4619-806c-bf4f66754882,C0393,1043,170,33.0,306.99
75ac85c2-79c1-40b2-9d38-b1b25a895646,C0937,1041,143,45.0,236.71
2828c94a-885f-4715-9340-30cdfd382a82,C0017,1003,115,3.0,1997.4
17847f62-a28c-49cb-aab6-5901b6b669e7,C0607,1049,60,34.0,676.18
544f9785-f5e2-4623-b13a-a3d8577cc62d,C0261,1046,115,16.0,244.13
39a61ca6-1737-472d-bce0-f8d845c0bdbc,C0902,1041,127,30.0,870.27
97261e05-5fe6-4c46-b2e0-0fc48319d2bf,C0153,1004,151,26.0,992.74
23b4d029-b253-45dd-b048-461883c3a722,C0530,1003,165,8.0,726.33
f27ae826-7c5f-41bf-b25c-306c3d6cf649,C0567,1032,27,8.0,468.21
1ec66251-889f-45d7-8d24-487965a02e93,C0858,1020,135,31.0,1704.06
816d7f53-e340-4465-91cc-fb52ae946d92,C0419,1012,118,44.0,574.95
e2ae9c4d-61ad-49be-b9af-75da4dba3dbe,C0782,1009,120,33.0,1884.28
71ede5bf-0347-4d8b-a4a6-78f001729ec7,C0400,1038,61,44.0,905.55
918ce5d8-7330-4874-9551-1e4827db35e7,C0001,1049,108,34.0,568.79
842c1b0d-3f6d-4d8a-9705-28d9116d057b,C0468,1018,138,11.0,1119.36
456e1a89-6a98-4878-93cc-e09801ad96ff,C0962,1044,5,29.0,905.83
c1728d59-fbc3-4490-ba8c-4b80a2cb2269,C0751,1005,96,9.0,1942.38
af658800-ab32-4405-8f85-6f11bfbd44f6,C0809,1044,51,21.0,450.39
889627b6-3861-45d5-8a59-c93331286fc9,C0413,1042,22,33.0,1642.5
58dffff2-45b9-4f10-9f85-b25ccaeee2ad,C0540,1017,160,24.0,177.09
8b15e6f9-0e61-4db3-b9be-ed3a64fc028e,C0444,1010,46,3.0,1796.84
f4d88f62-8c25-4505-be8e-aff947f99a3d,C0466,1042,91,6.0,1602.73
c6cda929-6a34-46ee-83b2-0ce9260f3331,C0964,1042,4,10.0,695.84
ea46d92c-abaf-47d5-9582-bf2203603478,C0275,1042,63,3.0,1341.92
5669b3b9-10ef-442d-ac84-e77ffbf38801,C0794,1028,7,17.0,1823.93
b8a351e1-55c3-47f0-a488-f068c5f3de01,C0808,1047,17,35.0,285.36
af9efd70-657c-4e05-acf5-4c200e3f4357,C0439,1045,28,49.0,1652.25
806d57e7-2530-4342-8f10-387204ab533d,C0747,1026,74,7.0,1951.91
926dfdc6-2913-497a-a805-abfaede3c15f,C0316,1041,176,39.0,1891.82
5ac5139a-d1ba-4c2d-886c-2e285e215276,C0976,1000,4,12.0,766.65
46c37aa7-4909-44ed-a6b3-8c6b77d050ad,C0489,1043,119,17.0,1067.56
a0fa8275-7582-4923-bed5-2f7e1f4f22eb,C0653,1033,88,17.0,1207.64
d360e18b-e965-4603-96e6-a0200264eae4,C0038,1011,158,12.0,475.96
356147f4-3b7c-409a-8b05-d3d4e4993df8,C0704,1032,143,17.0,1682.35
6a5c9f7c-11cc-41b8-ad31-9c0824b9ac52,C0808,1030,62,36.0,1515.11
b67d2df5-49b4-42e2-953f-8eb47965b121,C0134,1016,23,25.0,100.17
e7b5efc8-4dc0-4fca-a873-dfa85e6e7095,C0177,1038,113,23.0,1015.07
9ac9fd06-15b5-4d06-a009-6f6cb3e8bdc7,C0345,1002,80,12.0,1015.07
b69a7d66-7333-425a-977b-665f1776c81a,C0488,1023,80,31.0,1015.07
4b19d104-d646-4ea0-8b24-2633d33f61ef,C0026,1024,77,46.0,1755.37
df5ae389-7292-469a-afb4-b53af656b789,C0134,1020,73,36.0,314.3
0b7fc954-8d11-4c84-854a-15bcf5dab6ce,C0762,1048,81,3.0,671.88
17f6bac3-c5f4-42b7-9426-213ff5ae194d,C0154,1000,106,22.0,955.37
8ab17441-76f5-40b0-a3e2-28876d52c022,C0861,1003,76,7.0,1343.07
4145cde1-2e65-49f1-ac37-98bb9999b884,C0063,1009,112,50.0,975.75
2e4eaec1-123b-4862-8710-37954ff3ea09,C0041,1043,55,22.0,1337.64
77b27af9-f13e-495b-a477-cec366e9fc28,C0301,1013,169,24.0,1742.94
94c96b9b-aec9-441c-8a66-91f4d846f060,C0831,1039,118,7.0,1015.07
07bc6718-b167-4cbc-a3ae-60cd5e489e4c,C0696,1032,39,31.0,115.12
aa0f9bc5-6aa6-469f-9e20-f21e27984ed5,C0504,1038,58,39.0,1432.07
bb75a9b7-2885-485e-96da-1d6b96d66299,C0981,1001,58,25.0,1015.07
2dc450f0-9bb9-46f4-b5f7-5d745fd0a8a6,C0313,1045,91,27.0,971.25
a4e59ac7-6cf3-4afd-945b-f473a8117516,C0953,1009,117,11.0,260.79
dac79ec6-176a-4df1-943b-a6be5f69dee7,C0376,1022,55,41.0,738.03
35810b52-f448-457b-8ca7-164d2c354e6d,C0553,1004,49,11.0,960.73
758205fd-5d9c-49c2-92eb-d9dd7580966f,C0202,1040,70,38.0,1370.18
4c6605e9-b706-4b65-b2e4-036f5e173507,C0125,1014,137,31.0,1034.29
e55acac1-c75e-4a31-97f9-17e5e74e3cc0,C0732,1020,103,39.0,1253.1
5cd81f82-f78e-4b9c-a741-a9f07424c143,C0313,1039,127,20.0,1568.49
92a02d37-ee75-43e6-aeaf-0d2814e92ce4,C0221,1029,86,17.0,1967.89
bfb2d99f-5606-431a-b510-d62ae76f0051,C0904,1006,31,49.0,919.29
a17b1c1e-5e49-4de5-94e5-bae5c053b941,C0249,1003,97,14.0,111.73
fd45e5be-5f81-40c7-a559-e0e0b4fd564c,C0978,1010,150,35.0,1782.05
878376b0-8c5f-4466-b498-6d0ff45945ec,C0844,1047,169,44.0,1785.88
ffa0cea4-295d-4bfa-826c-292300ddd7fd,C0856,1005,37,30.0,1288.65
e76ee9a0-dcbe-44a4-b1be-200a53eaeb0a,C0087,1034,158,28.0,1248.91
d73b4c3c-9a0f-4135-8ea8-074d596cfa45,C0056,1012,102,34.0,1438.9
0fc2767b-25fa-40e0-95d2-6abfa229b4f2,C0232,1045,106,8.0,228.42
4d5241f6-5de2-42c1-9317-3a796297c234,C0640,1009,140,3.0,1888.19
d28ed50e-f294-4c9c-a337-61ef49501896,C0595,1040,63,32.0,935.71
a842f957-3c2f-4ec9-851f-4bc7c8071c05,C0920,1024,95,49.0,890.63
bcd7a4f7-9ccc-4c4b-a828-978620109e74,C0179,1001,25,37.0,1873.97
27f9e69f-7a77-4bf9-8ab3-fdef1ca1aec5,C0707,1042,47,18.0,1545.18
5aa5adcf-d542-4015-b1a4-3d815663fcde,C0775,1027,6,18.0,1909.26
f560a976-5351-4cdc-9dc3-9df0e726d5f9,C0971,1025,30,34.0,1002.38
8a8907dc-7990-47e3-8cc4-64378f3b00ee,C0674,1049,38,43.0,1081.14
94648d11-2893-4316-8398-12cbc4f5d223,C0827,1009,22,46.0,820.19
70ef9d81-66f5-4d4c-8188-f075411df34a,C0634,1017,118,42.0,1992.56
d3a0048b-636d-4748-ae6d-3c8f4ceb959a,C0730,1047,73,12.0,141.82
9bf64058-0d15-4dfe-b27d-a0cb79e31b7b,C0372,1004,71,42.0,1954.52
0786ce8b-fb85-4ba2-8c9a-2fdfbc479a84,C0339,1031,178,41.0,62128.14
c9db8e5b-a8d5-46e2-9e66-d69e61e749c6,C0702,1011,172,8.0,256.6
39a4a294-0108-4916-b2fd-4bb86e500f47,C0465,1015,31,22.0,1015.07
6827ac25-5450-4076-a0c2-03a897ae2ba5,C0862,1019,113,31.0,1278.5
a4e017a1-e1e7-401c-aba3-8d3662941322,C0468,1035,84,28.0,401.68
55b2a478-a839-4e82-894b-615bdb2b974f,C0597,1005,176,42.0,381.25
e7d931d9-585a-46c6-aa65-4598bd009d50,C0278,1041,93,29.0,1861.36
cd47a895-19e8-4091-ae00-8a1e13f8dd29,C0804,1008,153,19.0,386.69
9969a62d-5605-4eb1-877e-b466aafaa24f,C0017,1019,14,23.0,594.92
4ccbfd0d-30a2-41f2-9a32-8f53a9d28450,C0514,1047,92,9.0,1179.92
318408d1-7158-4467-abf1-32625b20b520,C0782,1046,8,45.0,722.7
4cf76473-e556-461b-878f-b62e256ea15c,C0365,1021,116,8.0,763.01
fbecf739-36bd-4e8b-82ce-dc22d3928f5d,C0832,1030,56,12.0,1429.03
0e0628fb-d44b-4da4-bba8-98f3d66d4348,C0764,1002,154,28.0,1512.44
97c16ca1-3b6c-436f-b6cf-46b244ab2b30,C0946,1025,10,42.0,864.43
809b116e-fb60-4f6f-b51d-7d1c065a1232,C0350,1017,164,41.0,1119.78
52fca971-0902-4ce3-8a5a-817dc7414eeb,C0648,1045,54,12.0,1758.68
0b4f9fb9-e966-4ccb-8f30-3b27609f026e,C0903,1010,169,50.0,1756.56
af7742ee-9ce6-4a40-91b7-df636783b8b5,C0640,1020,133,25.0,1563.81
79896e30-9333-487a-bbc4-31edabe1d6dc,C0435,1002,70,14.0,1075.13
88b6d86b-08b2-45b7-9c46-2c334ee365fb,C0345,1018,150,47.0,1519.75
da4f5c97-54ec-4fa8-b422-a593cca1cd5f,C0327,1045,154,2.0,59.99
9363b68e-835a-4fd9-9140-d51d1e838808,C0189,1030,36,40.0,1069.27
e8295e20-e710-4368-b1a3-481af7522e59,C0269,1017,47,32.0,962.88
aa1eb0b1-e986-4e9e-9726-32b0136c291f,C0092,1010,115,25.0,1212.44
b157e5f7-3589-4aa5-af6b-64f9782972e3,C0096,1012,73,17.0,1233.94
f196a22d-2fdf-437e-82a5-540ff315c63b,C0565,1026,88,5.0,33917.6
81a6fd83-c2bd-4db0-8353-4f26e6e8ae53,C0011,1018,117,8.0,166.5
d99a517c-22b4-4e39-bc33-8026d27bc973,C0758,1047,121,3.0,1015.07
d9db341c-329e-40ab-8b41-83292bb5ccd4,C0963,1012,99,8.0,1443.44
7f710222-8f08-45e8-92de-08dea97683b6,C0764,1003,153,18.0,1905.62
2ed04a8d-e605-41ee-bd92-5db0547c3352,C0798,1017,114,20.0,705.53
0ce47725-537b-44e8-9c42-f57ed1d30abe,C0184,1017,12,27.0,1517.06
aefac367-0d3d-4aef-b97f-9ee0d19757ae,C0596,1000,138,50.0,1309.2
bcad8014-2df5-4db6-8464-9251b7f08e63,C0119,1000,152,28.0,103.94
92271814-f22c-42bc-b23b-4bc70d3bcf96,C0128,1017,16,2.0,369.38
d6dd21cb-fdd9-4ff9-a659-9c74137bfb2c,C0005,1021,175,13.0,164.73
ef7bc9a6-af64-4a94-8104-b57ad2272249,C0185,1020,7,20.0,1875.13
7c3b0775-9894-4825-abca-9cd9ef841af8,C0938,1007,24,25.0,1447.19
d4f490cd-76ef-46bb-8680-ec552d863378,C0906,1022,114,9.0,1122.98
2541e80d-195a-4271-b36a-dec8ceebcbe2,C0537,1027,78,34.0,1015.07
b3dce4ea-e566-4de8-abf9-28aa68f0a3c1,C0081,1001,148,47.0,610.54
90b437fc-e6d8-48ea-9d79-95d537c8a1cd,C0881,1041,170,14.0,176.88
ee80438b-17a8-45fc-9e70-109412ce7aad,C0013,1009,15,17.0,942.25
31ae0c61-4dd5-44a3-83b1-312356f4feba,C0261,1021,148,16.0,406.45
f05c1bba-5aad-4d6a-9d20-c81e905eac13,C0289,1018,179,28.0,419.23
4ff15a7b-a3e1-471d-a090-39afe3fba10d,C0416,1020,66,3.0,1015.07
c9c3b17b-67e1-4b5a-8e9f-a142c332c4f1,C0226,1018,3,1.0,539.2
832acf5f-e741-4776-8bab-5daeab92bcef,C0515,1024,63,25.0,663.62
7626c5dc-b020-45cd-bdbd-aa49a9b9d5ca,C0338,1040,21,17.0,944.2
9bf52172-6993-4aef-b4e0-7cee018768e1,C0854,1033,119,49.0,413.99
85ed3402-9c6f-4af0-859f-c8a2051717fb,C0474,1004,146,9.0,1575.3
77547f1b-0b7c-4ef4-a563-d4864194b839,C0331,1004,132,2.0,1530.74
de494ead-089c-445a-be80-2594c4fe4e4b,C0380,1018,124,11.0,1678.54
58f0e058-eb22-474b-bbf8-c83465292fcb,C0658,1037,128,44.0,1637.19
b49d4b42-33da-4406-a11a-3bf4a4170c84,C0359,1011,83,36.0,90.65
f9fbaad5-f8a1-4a05-861b-3311407e0d61,C0283,1021,141,17.0,688.51
f1e9755b-30dd-4d68-9c00-e893a9df3218,C0138,1003,126,8.0,1920.44
c6953592-30b6-4e0e-9784-141afe6a5307,C0050,1024,43,43.0,1848.72
ff727a63-d0d5-45a5-9f6f-16e66699473a,C0724,1001,121,24.0,859.85
18373228-005a-49ba-81f8-aade8284b030,C0381,1032,74,34.0,1230.15
4372883f-7cfb-4b43-967b-9bce2af33b13,C0312,1047,54,12.0,78.43
4881f192-c28e-4c50-864f-6b388f5f44c9,C0350,1008,3,22.0,798.2
5678c6a7-262f-4498-9087-946ed162e619,C0685,1045,118,15.0,254.28
1df40ada-d0b3-4e9e-bfc0-004c7fbf43c4,C0270,1011,118,5.0,624.39
adf4fd71-41a6-4240-a54f-b08b691f62d3,C0872,1049,3,11.0,1015.07
fbcbf867-0cc7-4cd1-a97e-8472927558b1,C0048,1045,133,1.0,1375.67
6fc96756-6466-465a-a0ec-8b8f845bbd17,C0994,1004,116,32.0,1888.18
37596511-d0e8-41d4-bac3-f684ff742ca8,C0820,1018,108,45.0,1287.83
07643cc5-31f1-4f6c-8927-e91c43c469f4,C0466,1000,53,8.0,1815.58
9b723f57-290d-44d7-b70d-f9774821cd80,C0483,1029,38,9.0,581.46
d9abb707-f871-4c77-b2ba-288838456326,C0414,1000,76,25.0,167.44
842384ae-4c8e-4a70-8f28-97d4803c3db0,C0537,1016,117,35.0,72.08
54453a50-f965-4bb4-9096-ce82b243679e,C0212,1047,137,11.0,1583.62
733c0a4a-a8dc-41b6-89b4-1304267f7713,C0835,1009,116,40.0,1154.5
f89e0f4c-dd7d-4124-b894-fb5a9b7ace7d,C0662,1039,178,9.0,1268.37
95191f3e-ca05-4ef4-bb46-25f9abdd3741,C0410,1025,55,26.0,1015.07
759b4dbe-1bf5-4de6-8bbf-d7dc5f58a7c3,C0087,1027,91,42.0,1931.58
d9008b4d-b46b-46be-81a4-3db2c297af70,C0474,1038,82,26.0,474.87
61a81e9e-a844-408f-b21c-bb3cb42541db,C0353,1031,93,39.0,1919.33
cf00ac2b-83db-4017-99a0-c8e010e15201,C0298,1049,174,27.0,559.12
521e685b-ac2c-499a-8d1a-c3801b561a5c,C0534,1030,101,25.0,869.76
58205b9f-0d77-4619-a985-3db91b89c836,C0371,1035,111,13.0,1080.74
d6289a6a-ae47-48bb-aee3-5a9cd4d37417,C0839,1018,83,22.0,505.35
57c7af21-6917-41f3-91af-7b69791b5b09,C0492,1010,40,27.0,1239.97
172d1860-6559-44bc-add0-af5192200f73,C0160,1045,66,38.0,1671.89
9a1dac04-7c77-42f3-9829-291cf5124624,C0299,1037,172,12.0,1517.42
140368c0-e568-4a1e-82d3-d33418283eb2,C0707,1049,107,29.0,575.0
a7377806-58ba-4fbc-8658-83d40f7d0da7,C0317,1004,49,26.0,1024.53
52b66abf-667e-419e-8968-49792ee50159,C0823,1041,77,48.0,878.17
5eac8f37-9a30-479f-8197-e4ad2b64ada3,C0665,1031,133,49.0,1636.43
10b05959-cc73-4803-b753-fab9a3e2c945,C0688,1004,29,28.0,1015.07
f5ab1354-b3ba-4af8-827f-cb98caaaf2fb,C0383,1007,48,14.0,1201.67
e0cb5ff3-ddf4-43e4-9065-aefb69b515f7,C0895,1031,138,7.0,1658.87
b399b53d-9cdc-4346-8767-94321b331765,C0673,1049,79,12.0,1813.49
7bde6776-26c7-4468-9080-add6b40534b4,C0432,1033,176,4.0,1921.33
025d6dee-054b-4bbc-973a-0c52dd6d0b0d,C0151,1025,163,37.0,1207.42
670911e6-779f-45d9-9d49-0973c2c19e0f,C0651,1043,124,47.0,509.49
3e4891fd-ad7b-4ec7-801e-22476bb31ffa,C0428,1042,114,19.0,1434.54
962d48e2-a395-42e3-be67-209304c51352,C0715,1042,77,40.0,264.3
6e35af3d-ddc4-448b-aebd-d37badd28a9a,C0593,1006,139,33.0,1126.26
2172c17d-b1d2-4693-bbb4-387bf118ece5,C0809,1023,55,25.0,878.03
09f4c20c-e04e-4135-b6f8-b41ba15701cd,C0495,1045,149,24.0,1865.71
46bfe408-7fe2-4081-818d-2648d06f55cb,C0640,1011,34,3.0,1664.4
d378a8e3-1545-4afd-9085-929c84d927ee,C0479,1000,146,33.0,1666.44
06c079b1-9818-43c6-945e-8f50c154b881,C0153,1025,84,31.0,407.02
0a3361d9-401f-4d50-85cd-d2219625338c,C0138,1014,177,15.0,316.11
bb95a56c-e3ed-4fd8-ab15-85e6f77531e7,C0991,1048,66,40.0,1856.11
d032fef6-c031-4b1c-a7a3-06ae52ff0ebf,C0201,1024,75,19.0,1018.55
b18fdca9-0158-4b87-b266-1399ef53be89,C0047,1033,7,43.0,1776.39
a8bd9712-7db8-492d-88bd-033ea039a098,C0268,1010,15,13.0,98.92
5b669416-6119-43de-8d89-6766563e9731,C0566,1031,165,31.0,838.03
2cbf338f-ecf1-4a42-b5e3-e21c43a69481,C0927,1034,130,5.0,991.5
9ebf08e3-7f0f-4efb-bd29-87920d46c3f1,C0441,1040,103,4.0,1038.8
20658614-589b-422e-909b-7fb29b9aedbc,C0336,1013,117,33.0,1160.32
8a1d3c15-b7ce-4dec-89ac-6cd99ef5d5f2,C0498,1032,57,34.0,1290.22
e068541e-9f32-4d9c-81fc-4439e2659646,C0164,1019,54,5.0,1528.88
9ded0d47-6e5a-4ab6-a7d8-67bae6a4a8fe,C0132,1028,134,32.0,1981.73
960172a5-336e-4627-b871-e304b3a5a522,C0733,1042,120,7.0,1054.41
02fc250f-80e8-41be-a460-bf64e86b754e,C0857,1048,117,34.0,507.01
afd9d667-7e4b-4b3a-9582-f40e43ded1aa,C0769,1026,55,45.0,1055.98
6227f654-05a8-4fad-9d25-e28d2cc3d6ad,C0407,1019,174,18.0,392.19
b7fa0eaa-5237-4102-98bc-b38c09b90dd9,C0031,1023,100,5.0,1283.71
3dbf7748-2195-41e4-995f-92a91cfc99e4,C0163,1014,62,21.0,946.59
6063917d-ab6a-48c5-95db-064e53776fb3,C0106,1046,108,23.0,658.75
90a9e2f0-c3b7-4109-83fb-1bc2a7012bf6,C0114,1021,110,39.0,291.86
56a7c108-de21-44e8-9971-54fa48edd040,C0460,1014,164,43.0,190.4
27845a96-fbaa-4ae1-a5b5-4374c97e46af,C0967,1046,63,25.0,833.15
33304de4-2d84-4e73-9217-1b07303eb1db,C0450,1019,158,14.0,1015.07
5f41a66e-8328-49de-bf4e-e71c6b3efe40,C0443,1008,48,29.0,235.36
fccc65f8-cac1-4268-bfd4-cb25d5442444,C0539,1041,1,45.0,188.33
531e98ec-e7cd-4331-a0a6-38f35db5743e,C0855,1048,20,14.0,1142.48
2da67096-9511-4357-bbc0-5790530e5e9e,C0477,1016,137,15.0,733.7
44a70ad0-23fe-4bc5-b7ee-d8b4afeebd1e,C0314,1047,1,44.0,1015.07
92038f73-6257-445e-8848-d2bf56a0c5c2,C0163,1003,62,24.0,1708.34
10ff41e1-1ca0-4e63-b488-2b32011b8e1c,C0931,1039,98,15.0,228.94
b5e81fe0-160a-41c6-9383-31f340785edb,C0605,1008,166,16.0,913.57
9ff92f47-35aa-4de8-8d1f-be140852933b,C0585,1036,5,41.0,1881.37
cf54a8b5-b5e7-4512-952a-90c15e6e9b4f,C0924,1033,138,3.0,1362.56
68f5c07b-a77d-4be0-b0c4-568d1c56ddd0,C0940,1033,10,6.0,1915.76
5bf78503-9ac1-40f6-b847-d1e4f27cf02e,C0440,1044,34,39.0,1029.63
f3e1648c-2894-4408-b5a8-f7d98deb630a,C0650,1023,28,48.0,413.65
56b769b8-1d56-4a87-b30c-523b32ed932d,C0846,1045,55,4.0,1791.33
936a2023-9c9b-42e9-bcca-26da8832523f,C0396,1001,114,13.0,69.78
9838c8de-a242-4481-8692-413554e764e7,C0625,1024,146,20.0,1170.04
7cfa5695-62e9-40e7-935b-a451f1868f7b,C0824,1042,91,1.0,432.0
b140dc12-6c76-4d6c-a716-5cec4d4ded30,C0020,1015,171,30.0,1090.38
a52e9009-5682-4d14-a358-4079e990c16a,C0656,1030,140,28.0,487.55
4060756a-d8f1-41f0-ac6e-6eff09e85a76,C0427,1001,139,5.0,1552.55
780fbec8-460d-4ec7-b592-989072025a3a,C0255,1038,171,17.0,279.95
3026c430-3585-4c7e-a276-900089899889,C0400,1047,37,41.0,631.82
c69d4954-5598-4382-abc8-4ec9fcc30591,C0306,1039,126,8.0,697.83
bd55568c-6cce-46b6-afd7-b37ccec26759,C0050,1030,108,28.0,1800.08
a42c6ce4-98f6-4719-9592-14fbff048edf,C0675,1033,108,30.0,1758.09
239aefb1-701e-419b-ac67-f82e0fe5161b,C0537,1020,129,45.0,1926.03
49f44add-929d-4593-9a38-e5c30107d12b,C0331,1010,13,20.0,1476.5
514b85ea-948b-4237-99a0-ab46b61bc5f9,C0720,1000,113,33.0,968.44
74cb0671-2af4-4c12-97f1-55ad206ff18c,C0205,1032,168,5.0,1641.18
5bdcfc81-d638-42d8-b0fe-fa3b2783c535,C0714,1047,81,45.0,1788.68
2fd1fb6e-f14e-4e34-8299-b6f81cb0020c,C0723,1041,107,35.0,341.51
57cd82a9-98e9-4891-b70d-fa81771660c8,C0950,1012,68,26.0,1791.12
97f8f022-910c-45f4-bae7-bf1a99a06911,C0672,1034,37,10.0,1427.63
a48e060d-dbe0-4667-bca1-6e80d7f1bd32,C0464,1001,6,15.0,386.05
ed8e6f61-b894-44db-a10c-33e85b071595,C0497,1016,5,25.0,1583.19
ddb5737f-6954-4c27-8866-a1ebbab1525a,C0523,1027,159,40.0,909.39
8b4c5b33-8227-45e5-a0b6-195044e2d218,C0984,1028,156,23.0,153.49
16e22da4-82ee-4b60-9c55-a1d5997e45d9,C0823,1044,52,13.0,186.19
bfee6990-d680-47f3-aae0-aadc77f3964b,C0855,1010,124,8.0,682.37
c173ced4-664d-4a74-8376-03d7d6703b90,C0930,1025,180,41.0,1650.27
1f428bb4-f0e5-48ed-b1b4-19819d9c6206,C0361,1034,72,48.0,1350.0
7e06b409-84c6-4bdc-a809-5da9765bb5c7,C0818,1046,162,22.0,464.44
6984ee3a-81a0-46c1-b9f1-7a26c0c61a01,C0690,1014,163,26.0,1627.54
5bb80555-bcaf-4b97-840a-f3c55fd6953b,C0435,1044,164,46.0,1835.93
8d47c2a5-1e25-4db8-b04d-618ac2998d1c,C0118,1013,14,3.0,1015.07
6b6e6402-180f-412f-bb30-2059486f2d19,C0604,1026,94,25.0,1958.92
09dac6c3-bc91-44a8-b918-1761d49482b3,C0354,1013,103,14.0,1964.51
32e10f1e-eacb-46e8-b975-70d41c81cc4d,C0757,1014,106,9.0,949.96
9510570d-0865-4b8a-8c43-b6312fc26f5a,C0707,1036,116,42.0,1421.46
6b2e88b3-09ec-4544-9279-315714acd109,C0079,1000,168,27.0,960.33
49e63e09-5eb6-4e6c-a79c-403ed0b91f34,C0432,1011,56,2.0,1641.34
51c61462-52c0-4945-938b-2adc42cf26f8,C0670,1013,47,24.0,1522.99
ddccf5ba-709d-4c5a-97df-95cbfb3b0fee,C0742,1000,61,1.0,1999.56
aa0e2e05-195f-4ae0-8fe2-6618315741f3,C0465,1023,87,41.0,500.22
d2d0e7f2-3bb6-4c39-9028-8c251ba95a7c,C0901,1007,114,39.0,359.67
8b5f8516-3295-48df-8972-ed5405d13931,C0478,1017,90,27.0,459.46
984fcea9-3882-43f4-97cf-eaaeae2c55fc,C0898,1015,75,36.0,926.09
a96b1929-3019-4b8e-93fc-8e7eb724063b,C0941,1024,83,1.0,1113.1
cd392ab1-0aa8-44bd-bc98-3a09f92f2bb8,C0196,1005,102,44.0,243.42
db3d9db7-a7ee-4f97-b412-c714d9e9b35e,C0266,1038,71,2.0,371.52
61cc4fd0-2a45-4142-bbad-f428d5256cff,C0116,1013,9,11.0,646.45
1cb3052a-7186-4dc7-8df3-8eaa796337fa,C0681,1033,122,33.0,1073.22
03ffd895-7820-4bbc-9d16-a155d442c310,C0091,1038,155,22.0,1501.37
084422fd-1d0b-40eb-83aa-5d6f8dfc871e,C0229,1027,170,25.0,1739.53
2f133b6e-797e-4cb0-a1b1-cdce65e2c77f,C0087,1032,23,30.0,1235.06
c13384d4-6d32-4308-914d-7e98cb02fc46,C0380,1046,98,50.0,1919.85
399d3c8e-0032-4594-bc12-62efabea7982,C0007,1040,40,24.0,1206.1
200bc50d-d978-49f6-b929-dfa69912d438,C0858,1042,165,45.0,788.88
b2efc25d-fda9-4893-8759-6cc10729bf5c,C0061,1025,40,47.0,935.48
345da80e-c29f-457b-8872-6cd600cbc64d,C0713,1025,169,43.0,1573.86
31bcbd56-f9b5-46ad-80ff-a06613a3ecdd,C0446,1013,51,29.0,1385.57
4a632644-097d-4623-873c-9a6bca73f253,C0129,1007,104,42.0,392.31
e9b5194e-76a0-4ca7-9bb1-6a14e3e2970b,C0950,1035,87,38.0,766.56
c9e64e0d-6a71-4634-9e1a-c969567be51c,C0163,1026,131,13.0,1610.23
c53674cf-2451-4813-9bf6-f15d9bd0b3ef,C0851,1037,32,47.0,1592.44
323fc251-33b3-426d-9aee-dd9529815924,C0214,1018,124,10.0,269.88
be63fd62-e3d4-44ed-9d4d-987453d9ea01,C0384,1005,80,6.0,190.38
e360f1a5-2b03-4d45-b73c-f20e938ffc7c,C0731,1041,152,17.0,1490.28
e5b997a8-8ec4-4d74-8a60-4db2b0b5c45b,C0821,1006,69,26.0,1967.2
0c2a3559-ad5e-4343-b5c3-d808bf2905d7,C0147,1022,158,31.0,1502.1
55b83f70-04a1-4ce7-8432-87bead0f5699,C0700,1027,116,9.0,1449.75
604edf71-36f2-4f28-b40a-476e972657b3,C0290,1005,127,34.0,694.94
9cffa56a-924a-4cfe-80ca-009f50814f07,C0247,1022,86,3.0,1667.01
07b8892f-8856-4d69-9143-037b03d84f30,C0479,1024,109,16.0,1498.07
47e5db60-f622-45a9-b098-3e5c60694b74,C0003,1011,123,11.0,590.27
96e86321-684b-4bc3-8fc0-29c740573c79,C0266,1049,12,34.0,604.68
88fe6b17-af07-4be1-895e-e1c903d4232f,C0984,1036,176,36.0,728.98
31117517-14cc-43b2-b977-cca517e033bf,C0396,1028,1,30.0,792.17
08456e2e-3fbe-4c04-bb21-171d2796058f,C0522,1008,166,23.0,420.92
75e0ccd6-2163-4594-9612-23c3c23214ba,C0823,1002,106,10.0,377.25
f31ab947-2e9e-4155-a009-bad4ea8c7fa5,C0137,1046,87,20.0,1015.07
c491d498-c517-4a54-873b-bae94a4c9eaf,C0907,1004,51,41.0,1071.06
84cb5504-73e1-47a5-a5b8-e301cfc0cda7,C0111,1008,40,40.0,1688.45
307e5490-5ca3-4d8b-9641-b245b525bf2b,C0749,1021,104,10.0,1299.41
3354f398-04b2-4b2b-b498-bcd50d3eb155,C0747,1049,112,41.0,85.71
67069f46-f331-4f04-8bbd-bbcb12367df3,C0895,1015,146,43.0,443.61
5b8edc46-3fc6-4af7-be26-7caf5f428c30,C0346,1030,164,9.0,1114.82
bca98969-3411-4d65-b874-68831da01097,C0399,1021,170,43.0,1993.15
4f20afae-81f5-474a-b9be-95773d9d435f,C0268,1026,153,40.0,590.81
a22c4e42-2fd3-41b5-9929-188a3d001495,C0256,1010,79,24.0,652.73
769aeb13-7f17-4ed7-96a3-f7ebd605669c,C0902,1001,66,22.0,1371.65
18084591-21f0-438a-b051-c3a56e18e3a2,C0743,1032,28,26.0,218.65
db9ab762-0f6e-483e-accd-f3e20d80d7c3,C0241,1001,72,10.0,1015.07
2910bc63-fdc7-4fb1-9584-45975f39437d,C0981,1046,176,39.0,1314.36
c899196f-7d1f-45c4-b2e8-b4e4d1d121ed,C0819,1016,35,37.0,311.24
88d874fd-d3ab-4965-9f6c-7fd32d68391f,C0226,1036,31,11.0,487.75
5bc5bab7-fb58-479d-ba36-2434b3332e18,C0970,1020,160,28.0,357.93
88ce1a7c-a8bb-4422-a944-bee9e74e374e,C0044,1047,111,38.0,1776.51
3ff8ecb4-7b66-45a4-91da-ac8b655893c2,C0553,1033,106,37.0,510.66
bdfeaa88-2834-4e86-b918-98d0a7bebb76,C0949,1030,36,50.0,899.05
22725224-b400-4676-961b-156d8e95529e,C0519,1006,143,14.0,235.75
4638b5bf-0332-4fab-bde2-7df7bcb2854b,C0556,1027,32,16.0,431.56
dfa8f964-093c-46d2-9edc-08f1cda38732,C0569,1023,174,32.0,809.63
e306236f-f994-4617-8bed-5511040bd91d,C0052,1015,96,6.0,926.34
a59fa7a8-c2c0-4523-8a1b-40e5861d1ac6,C0302,1040,5,50.0,531.16
fe3ed292-f05a-4dcc-9503-4b1ef943b797,C0436,1002,4,2.0,468.8
0a6c8159-d027-41b1-aac4-b5d405737b54,C0044,1027,110,9.0,1869.78
6f90da91-1d8d-498e-b79e-a7340d71deb2,C0768,1013,102,11.0,113.88
532c63ea-6bec-4b07-9ff7-a35d59fb015e,C0964,1037,29,50.0,1635.23
4e5854ba-4d7a-44e2-b308-87fdae5de48d,C0743,1014,35,8.0,886.45
19d318e7-b40e-4b06-9b5a-f23a995d4b6a,C0084,1008,75,16.0,65514.97
99b0fc39-720e-414d-a22c-4c1c12559e4b,C0125,1032,30,43.0,1782.8
d713ed17-c466-4901-9bd7-041dec5268a4,C0614,1042,148,29.0,789.38
303524ee-e12a-4516-a4eb-d51c0f303fe9,C0871,1018,119,14.0,1826.83
143d7c92-ac13-4e50-85f7-1a033a00ad75,C0441,1016,42,6.0,385.89
5ff96070-cd2f-4e13-aa17-66b9c8de5e00,C0408,1012,41,15.0,1040.61
2293c9e6-0e49-487f-b7b9-21f8488383ef,C0293,1041,126,40.0,127.78
b0a78c77-e72d-4be3-bb03-7b7d11a67d5a,C0041,1002,11,19.0,133.83
e660b3ee-47e7-4cbc-9077-04d2d7047de7,C0058,1042,181,46.0,404.53
cfe00792-a06b-4741-a254-0489abce7399,C0563,1042,54,21.0,1015.07
10882655-c560-4e3f-93a9-46f78213a8f7,C0369,1001,158,31.0,761.14
3dabf80d-8222-431d-a36f-3243c5b130d2,C0452,1027,180,3.0,103.52
654d98af-00ca-47e5-bb18-f7eef4a557ad,C0082,1042,135,31.0,1699.46
f97b6c5c-f368-4f83-bd34-a83e0240c7d7,C0753,1015,64,15.0,1392.59
cd405626-f13f-45ff-a58d-1db7aac44221,C0358,1017,116,19.0,833.9
b335b13e-0166-4762-b34d-36d7ace57f79,C0382,1005,121,7.0,1387.43
684c8602-2ab2-4153-8edc-120b5a7aac66,C0435,1042,158,28.0,812.78
947beef2-28d1-43f4-809a-c3413def8048,C0699,1002,53,23.0,1955.97
fff23eef-7fa3-4d64-bc60-4440cad7f3db,C0885,1028,99,37.0,1824.27
92fb2328-1012-4201-bdf8-b7647988907d,C0699,1001,116,37.0,1712.22
efcd8cf9-d5fb-4e50-8165-c3b95bc1f1b7,C0977,1042,26,9.0,1015.07
494cf6d8-fc7b-4688-99cf-6c56537afe6e,C0151,1006,115,43.0,429.93
b5a1cc1d-c598-4c34-b761-49c6897803b0,C0986,1015,101,13.0,48945.03
f350e2b1-b3d1-42de-9387-98a0126629ed,C0855,1022,49,10.0,1171.4
79915362-a0e8-4977-afde-78af8288dc7c,C0282,1000,101,35.0,178.68
1b98d07a-09d3-49d0-9301-6a1caf278890,C0546,1022,74,1.0,1854.64
67ce491b-5ba2-499e-953e-e14107908cd4,C0279,1023,60,10.0,958.53
ecba1c9c-9be0-49f1-9023-e4ae7d3184ad,C0851,1003,100,30.0,647.43
42ecf1be-0c82-41fb-b40f-bdf8b837cb81,C0063,1013,106,40.0,395.85
701dd5c8-912c-419e-b80b-0e58b8aece55,C0818,1040,141,17.0,172.23
c5566778-706a-4146-9ac4-5ddbd23364a6,C0341,1031,167,3.0,851.3
05f3f499-c241-4766-92c2-52783f6ea6fd,C0116,1013,55,40.0,657.87
71585a4b-1881-4203-8bf4-9d8e5cc7568b,C0968,1048,115,26.0,1576.16
28bb1ba9-f145-44e4-a0c6-7c8726ffca4a,C0364,1033,169,38.0,1205.03
d3155317-2eb9-4cdf-aa93-1549f5a8fab8,C0017,1046,11,7.0,76.84
424678c3-a1a8-4c98-b873-9f22284f564a,C0022,1012,20,47.0,1078.91
0db23dbb-a2d1-4b22-b7ff-7b7dd9555d32,C0541,1039,177,27.0,1417.36
c911da40-518e-4f73-9d63-f226124db0b8,C0547,1003,47,34.0,476.92
bd80ebad-b475-405b-b2cb-f7ec2c69350f,C0676,1026,123,29.0,537.33
bdd0fcbc-1421-41fa-bd2d-a62e1837aa6c,C0037,1038,131,42.0,114.7
23f96dd2-4a72-404e-b253-6c006a925135,C0215,1003,72,8.0,1427.2
9b941244-4ac1-4589-8dfe-af59d74209d1,C0917,1011,21,22.0,1728.66
cc3407fb-7c4a-4eb6-bda1-1682272c5ecb,C0947,1048,169,43.0,1240.8
929e0b6d-4e45-421a-bcf4-0d5421b409d4,C0037,1048,108,3.0,1722.92
f86712ae-451c-4114-8a31-5908eb3d0c1e,C0073,1010,129,42.0,371.06
f306d27a-a078-4ee4-84f8-23ff048fbbdb,C0351,1043,143,12.0,1743.15
e1bd234c-03f7-49a9-a3ff-98ab4cc240b1,C0733,1002,12,10.0,1727.36
ce4cf085-e554-4792-9b9e-1a7b1ea79df8,C0269,1011,102,35.0,890.19
cc1df85f-30df-493c-8c5b-a22798fff060,C0214,1031,11,1.0,324.33
2441109f-a874-4fd9-85ce-5ace02741ca7,C0213,1019,48,43.0,1833.97
9c83d10e-9f88-4739-8430-3a5947adefbc,C0014,1002,89,24.0,997.11
696c8e91-288d-4784-a2f0-0a2e69e67412,C0518,1001,27,17.0,791.6
5b287e7a-70b9-4d26-bfb6-aa10caf04028,C0571,1004,154,36.0,1737.93
7d552bf5-ee23-45a2-a390-7224155025ac,C0600,1021,60,35.0,1299.82
99141c63-2772-41c1-bd4b-50e57e4198d4,C0380,1035,166,5.0,524.66
ec2f2e85-29d7-4624-aea5-a8b35e69c0c8,C0402,1018,36,25.0,642.19
35447090-e49f-4eae-a0f0-a46b4fcb727e,C0298,1018,61,28.0,510.07
a59626ab-d466-43d6-ac3e-750ca9e69f9b,C0845,1047,132,14.0,1146.88
a8149ec8-c41f-4ea2-ac7c-91eab884546b,C0031,1012,170,50.0,420.7
58df371d-bc8f-4f5c-9ca2-98b2a1bece83,C0902,1034,113,8.0,1810.58
508245a4-4a5a-4142-b07f-dd98f1c79558,C0942,1008,167,29.0,912.71
30a5d02b-cb8a-485d-bf93-817ede2990af,C0541,1030,35,25.0,718.43
c169686a-d1b6-42fa-b97c-869d80bd81bc,C0521,1003,157,9.0,650.02
3b4eceeb-afa2-4e76-9e26-1fe7c995dc2d,C0829,1020,122,8.0,326.47
35cd6336-898f-4a15-8c89-36d430f7d5e8,C0448,1015,73,27.0,1899.31
479e021d-8df1-41b1-92a6-a7c7772ea24f,C0797,1032,144,31.0,1827.95
861bf633-454c-49f4-8315-6f6de87de8ac,C0831,1034,140,32.0,1305.34
3567571b-ff9d-47f4-9146-34a33557f469,C0815,1042,100,40.0,1652.42
2d91414e-cd52-4bdd-bde1-e1f6254b5692,C0767,1005,27,45.0,716.42
c04e23fe-605e-42b5-90c8-f32392ffd80a,C0090,1038,48,12.0,1241.13
30f3e757-9e6c-4f18-b65d-e6318a470dbe,C0517,1044,143,16.0,1065.53
92bb8c37-34c6-4ece-b856-5555ae6a1a37,C0674,1040,168,5.0,1999.84
6924f0f2-fe2e-43c1-bacc-423ebf14b576,C0709,1026,12,9.0,376.32
e7d93ede-bdba-4271-8223-6a5a2be6c025,C0120,1007,39,21.0,1859.0
75e4da11-074c-41ca-b772-24bc935463c9,C0535,1044,177,43.0,1128.81
70d91d90-3b56-45cb-8f63-4c2eb38cf3f7,C0614,1008,146,25.0,336.19
8bcdf095-c2f9-481a-af75-cab227842744,C0300,1009,87,32.0,1118.91
eb9fc94f-e954-489b-9033-a31472111c71,C0792,1005,63,25.0,1473.04
6a4a4b9b-5375-4bf2-bb9b-dc64f2f41d7c,C0872,1003,97,38.0,624.74
4f748cf4-2d19-4f2e-afdd-ccb293b52050,C0590,1047,170,18.0,964.45
9e750442-8476-4282-a2ed-b7c9fa974068,C0593,1020,172,4.0,1934.66
02a748f2-db90-40ce-8066-2bc2dbfea2e4,C0199,1023,38,31.0,898.78
b7f33c3a-737f-4010-bd90-d806ced6303a,C0999,1016,39,12.0,745.07
b130ad78-58cf-4e88-b029-59d17cbe6c25,C0388,1021,33,16.0,355.17
61199f5b-4bad-4974-a9ac-e56beaba48d8,C0250,1037,69,25.0,625.56
462bf5b0-3bdf-4ace-a211-c400aa8495b7,C0380,1038,22,21.0,53.64
2784f22e-0468-42ed-ba62-22a45e64aa26,C0741,1009,142,9.0,677.05
6c7b62a8-3a69-4c7e-a81d-dce12f593f6a,C0250,1033,138,27.0,257.28
081059a4-cb9a-436e-9cb5-b0ecff1f5958,C0149,1011,114,2.0,1542.09
a84c622d-8d31-43db-86d1-0e0c14ade8a8,C0008,1027,117,33.0,1587.06
9acc994a-d13d-48a2-9d84-9ef72ca12249,C0591,1000,78,12.0,1395.95
eb166467-8ba5-43d2-b7b7-b42128902a4d,C0606,1015,7,31.0,1427.09
36b90fb0-6b30-4f0a-865e-a68fe0aceeb2,C0248,1015,130,10.0,1083.18
173667df-e9d3-41da-b152-914f160b1e00,C0235,1026,23,22.0,1183.27
8a2b4244-ed7d-472d-a818-3a9438e9755a,C0400,1027,47,8.0,485.74
d4c2580a-cdaf-4b53-9d8c-d55a2be34de7,C0724,1044,35,48.0,1901.84
43467258-c4d1-44a4-a965-d782563e8402,C0886,1002,56,3.0,1566.43
0d449119-2969-4ff5-b7f7-733565e21fce,C0044,1036,176,36.0,731.52
f0e20148-9599-4572-a043-95bac4d9fa18,C0265,1008,35,18.0,692.04
2a3990bd-4a27-4f09-8367-5ae905589a77,C0042,1027,26,24.0,756.43
8f7f53cd-2270-42ca-808c-7c5696fb50cf,C0120,1017,156,31.0,344.0
c2792a93-3bfd-494d-8eb9-1b9693edf2da,C0026,1013,83,16.0,1304.17
17f63242-f9e0-41f7-a362-05a7ca94bb18,C0274,1005,1,7.0,1760.18
82644003-435b-4cb2-a7fe-e2362efdcf54,C0779,1022,38,49.0,1067.35
13770c7d-796f-46f7-a0ac-2950e9e218e6,C0914,1022,170,17.0,1193.51
9202e1e0-2a07-4715-93ba-0342aa1f591a,C0600,1029,42,32.0,192.79
01dadacf-ae34-4397-908c-e587770d8a12,C0224,1020,128,22.0,1369.29
b9d14b26-b80f-4743-bfac-954739b501ea,C0135,1010,52,43.0,1272.33
b9058414-8871-4ace-9403-6ca9a706812f,C0314,1036,20,16.0,203.11
29cc04c6-bd4c-44d9-b104-9654a8f72c3e,C0051,1020,51,38.0,1898.11
d4984ac0-84b1-4284-9e4a-f0fb79eb5f6a,C0602,1006,163,33.0,999.1
a2da1d5f-c9cc-4aba-8786-73b571c75fd1,C0760,1002,60,50.0,1843.6
7f44429b-acda-4b45-853b-c713a4e7e939,C0791,1042,49,10.0,241.41
db54bfc5-9644-44e7-8b97-2feeadeb6dc4,C0963,1003,2,14.0,395.59
af0fe1c7-8411-4829-912f-5ca6ed5c0241,C0297,1033,167,40.0,640.25
d4d719b4-524a-4aff-982f-a0a46bbed3ef,C0133,1039,39,33.0,1782.29
a880a6b4-00d3-44d8-a63b-139fdaf80bb4,C0676,1018,105,32.0,1112.27
072262be-f7ca-420e-8da6-3cf7e2761865,C0716,1042,35,36.0,1311.77
84a50390-276f-41b3-9404-ea888cc861f7,C0160,1013,37,15.0,1733.98
a867e12f-a328-4193-b80a-c22bc2056316,C0336,1000,87,30.0,74.76
87577736-cfa2-42dc-9709-3c0c43260d1a,C0019,1005,4,29.0,470.17
d4b8efc7-d15a-48d7-b789-847568a1f24c,C0920,1012,86,50.0,429.82
75dce527-e673-46f2-8bea-6027c0c4af10,C0226,1015,62,4.0,1140.18
57c92732-abd5-4529-b4b5-7bc30722931c,C0886,1018,99,14.0,1899.79
0c97437e-c695-4571-8c92-72028f6e1fca,C0770,1010,154,12.0,1135.27
14e89a8c-a220-43f5-89e7-b05fc4a6280d,C0327,1042,167,10.0,916.67
78467a20-4f4b-42bf-a5e7-2a22a80ec4b0,C0769,1039,45,43.0,595.02
b27a8291-c121-41b4-9c71-9657f83b79fb,C0984,1028,63,23.0,816.08
e8e6713b-a294-42ee-9786-abb97ae9390d,C0397,1047,129,7.0,1458.09
a39dbfb6-24e0-4e04-a91a-5ed4097e1d31,C0931,1010,4,18.0,480.05
970fd6a9-e3cf-4474-a220-b1540a2b7461,C0838,1006,167,18.0,837.94
4b202d65-57a6-4002-a14b-8ce6c81853bd,C0285,1020,143,21.0,102.97
12397c14-6312-4039-a7c3-f4a443a9170f,C0413,1036,150,9.0,1842.03
01567ff5-e976-4e93-b846-5b8c032adf6a,C0798,1001,168,14.0,813.79
afcc87d1-f3fb-4dac-88c3-2ea5bbd57d28,C0044,1046,52,17.0,1096.84
362510b3-7964-4c74-a5b1-7e6aae3d466d,C0261,1046,36,32.0,278.21
6c37c59b-38a4-471a-b95e-7e362efbf853,C0193,1040,57,44.0,1517.38
196ef0d1-f205-4a57-9b5e-b87acbdb361c,C0288,1006,64,32.0,1816.4
a53e8c59-636c-440b-a0b4-42b5481ed1f4,C0073,1014,88,34.0,1829.35
0be56a36-559d-433b-860c-b52c84a00ef8,C0474,1025,73,19.0,1915.74
2c175111-f36e-480b-9a25-defaf73211b8,C0663,1029,98,28.0,663.68
973ffbfa-469a-4857-ba14-f7542300fbc4,C0245,1002,119,4.0,1378.63
2c64b4a8-bfaa-4c73-98ae-3b3edc3337dd,C0927,1006,9,18.0,86.69
22758922-8caf-404a-b011-ecbcecdc7157,C0555,1031,142,44.0,841.28
fe441402-2e68-4640-80d2-df67a67f8647,C0025,1008,102,37.0,1240.71
133ce858-47bd-403d-91f0-6f714af336ff,C0623,1006,33,4.0,761.16
350348d2-154c-4978-8ce9-0edfde3c9882,C0257,1009,144,32.0,1021.16
4fadfd2f-497b-46b6-a74f-cb4d041b4d5e,C0963,1049,25,36.0,1595.1
b4463247-4681-49c5-9536-4b78e09acfc9,C0742,1038,132,7.0,1063.13
b51fdb25-b6c1-4bf9-bb1b-eef03dc87b1f,C0835,1045,57,2.0,940.25
6983f423-64a5-48d5-8e78-23701608e421,C0392,1006,34,25.0,1017.8
a7c8d3e9-8893-4124-a49c-f13868d95542,C0735,1040,17,48.0,1938.64
9252f727-3aa4-42f2-bb87-9d4c42423112,C0264,1039,82,30.0,1764.11
c108202d-b63c-47b5-a7a3-3f077ef36e87,C0392,1011,135,39.0,439.65
b6894581-e54d-4d82-a0ba-b87f5d9cabff,C0684,1026,125,45.0,458.59
986eb3ad-8c48-41bd-92b9-f264dfb0a219,C0450,1031,180,50.0,854.4
2c1953d1-6736-4877-ab2e-f8405d4b1e14,C0796,1048,9,20.0,98.22
17689623-1a80-4ed8-ba9c-0b965cef7cc5,C0569,1010,50,20.0,1861.81
4017aeea-5eb1-4041-9e70-5022e7eab0b6,C0978,1000,19,5.0,211.79
43f8d8af-a319-4681-976d-dcb3beecc557,C0168,1049,48,16.0,1879.15
b9ddc27b-9dd2-4b29-bdf7-2cb352ca3f44,C0241,1015,51,28.0,1887.04
f197d6df-c5e2-439f-9cf1-d87596af7a87,C0188,1023,98,31.0,881.93
c110f7cc-bfb3-4aad-9918-9764bfbe5e81,C0090,1024,82,35.0,922.96
fefbc8e3-5b64-49cf-9f8a-3eecaeb01d96,C0829,1040,131,39.0,257.84
dd33eb97-938e-490a-81c8-1b99c1e1ee3a,C0360,1041,67,5.0,1297.76
e000c6fa-752a-40e3-8015-b6f3562e5f2c,C0077,1040,66,3.0,1367.11
50d16d32-5942-4157-8e08-9332134affc0,C0528,1028,176,44.0,1894.92
c7b6e60f-c63b-4952-a935-856f94d4a659,C0855,1042,30,3.0,788.76
49aec008-3e69-478d-9fdb-5c5d1eaf8422,C0581,1035,104,32.0,388.0
9c30a4b3-3dbe-4eed-b842-db8f004a2c7f,C0210,1047,167,20.0,1496.17
8aa174d7-2336-4baf-9e45-163f1ef37894,C0659,1030,35,17.0,605.84
f8824315-7644-40e5-ae46-d5e17282d04f,C0078,1005,30,16.0,1320.44
4c6e5001-c858-4196-8963-d143f37cdfae,C0300,1001,169,25.0,1121.91
9373685a-60a9-4d01-813e-bd0aa008ef29,C0066,1018,96,8.0,1261.69
f07b1c14-4a0f-45bc-b72d-c738fd884150,C0081,1040,72,39.0,1446.76
4b84c315-ad2d-4fb9-9f60-d0bb7e96b0a1,C0035,1009,102,29.0,478.52
8f8ab220-197e-4325-bf36-62830fb05635,C0231,1035,94,45.0,1412.85
8964a34a-c336-41e2-b4c7-700725f259a9,C0755,1009,155,21.0,1663.5
fd78ebc5-c4d2-436e-bc7f-44fe9dfbfc2f,C0025,1045,2,29.0,1294.04
8429f831-3fc0-449b-b7c9-f5094c93af99,C0425,1013,3,10.0,79.57
44d65d81-e0cd-48b9-9888-1818d559e35d,C0007,1048,56,20.0,1811.38
5cdfd1c2-3cc9-446e-8548-041d0335d385,C0170,1023,53,35.0,226.38
110baa08-39af-41a9-9489-812d3781e441,C0790,1004,123,39.0,1912.66
b6362cf7-ce70-4dbd-823e-9b6fd1a80bab,C0165,1007,116,36.0,1978.55
30434618-bc2d-40c6-8eb4-cffcd2ba6158,C0835,1018,109,17.0,833.98
71bfa394-8124-4b25-8f17-ce24644f1be6,C0765,1028,2,29.0,1148.37
e97751a5-01bf-4568-b462-d98a672a006d,C0371,1029,58,45.0,782.9
129fa941-9ff8-426f-a8b2-70d05ae98c02,C0143,1007,68,9.0,1015.07
15dc6b61-3289-4541-a301-b2b3e8504890,C0731,1035,39,9.0,968.3
2f2d164b-728d-4d3a-9397-1502464dd31c,C0544,1035,166,17.0,1823.83
1ae31a40-b527-40c9-a6a1-c7d7c9336c2e,C0468,1025,141,13.0,236.98
da4b424a-8839-4e85-95f4-d79f19805aa3,C0972,1003,181,28.0,545.36
7dad1e53-5f84-4539-9c41-e9760daed7ac,C0560,1031,159,34.0,1365.24
7c6f74f2-2b1b-441b-9e42-1a62448d0b34,C0549,1027,14,20.0,368.32
46b73c2e-4ebf-4603-9c7c-a6ea46cc3f31,C0023,1045,122,45.0,146.95
28c09121-c0d6-4cc7-8197-cf05bc11d06e,C0859,1007,164,12.0,113.52
f99ef91a-0d9f-4577-b470-d6a941801185,C0647,1005,120,46.0,868.17
018698e5-3cf5-4739-b902-9d4c8c31a4ec,C0147,1046,71,21.0,1321.75
fcc5737c-58cf-4ab4-9826-462ab6b60809,C0851,1014,76,2.0,489.61
ce66f6d1-d6d1-4d60-8057-5ec014c40150,C0982,1034,17,38.0,225.44
75ae53cf-96a1-4f8c-97c2-af315e222bf2,C0480,1035,64,29.0,677.59
20b590a7-b48e-4864-af10-f1e3be1124be,C0803,1006,110,26.0,61.46
9dd17111-45b0-48aa-a6d9-51ce073d6aa1,C0255,1044,29,20.0,320.55
8281b217-c9cf-46a3-b7bd-f767fc91218f,C0024,1032,39,45.0,1027.1
b2eed9c9-ea0a-40a3-a1c4-f6dc79d65833,C0462,1008,146,22.0,1873.68
cc718d9a-4405-4350-ad92-48e3ae663532,C0435,1043,49,42.0,1301.37
9ba61df6-62af-4c5e-b251-1670581caedb,C0363,1024,172,46.0,395.52
158c565d-d16d-40fd-aa27-212fb37421fa,C0334,1030,149,45.0,679.46
0dd60e8b-4572-431f-93ef-d77f2dcae4d3,C0484,1003,152,31.0,713.95
436d260b-61c0-4993-bbe0-007f836db616,C0326,1034,72,12.0,857.27
e64bef6a-fb56-4f60-8f8d-65dea2f1e448,C0385,1038,131,14.0,405.91
03fc44cc-caf0-4491-819f-0397dd84123d,C0732,1035,5,8.0,230.38
2c60202f-34fe-4629-888f-2308ab217aa0,C0225,1005,50,41.0,1015.07
e968a948-8329-4e7a-ad6b-e50e2df3e636,C0762,1035,35,33.0,736.66
8923343b-5563-4d87-ba93-7d07aca56e22,C0034,1032,77,40.0,1018.2
8722a2b9-6e27-483a-babc-79f4a4ff65cc,C0359,1004,103,40.0,655.5
6f705fb1-f387-483b-bc91-2d89041c8425,C0342,1041,91,47.0,1055.78
abb5e1c8-cd6a-449e-9c47-f69a70e8fc39,C0870,1022,153,27.0,1922.17
f0d17f37-d435-4faf-b2fc-98d35e825141,C0057,1040,177,48.0,1856.83
ca54bd05-2494-47f8-bd18-e801655f488b,C0838,1015,22,23.0,1613.7
c2edd03b-1c89-4354-afd3-3810f92c2d77,C0577,1019,25,2.0,384.93
89d35803-7c9f-43c8-bef0-273ac47a2ac2,C0163,1042,180,9.0,1015.07
22564219-8390-4884-8bd7-32cf62b5718f,C0039,1021,77,36.0,992.37
01448994-c4b8-4589-baca-497cc157941c,C0138,1033,60,20.0,1072.34
0f477342-39bb-4150-bc00-43d8f319a86a,C0961,1016,109,46.0,1673.6
802d2778-b9bf-49f3-b423-6d87759b7905,C0485,1026,9,30.0,529.91
18f8fdc9-dc34-4c8e-aaf2-27bfc3b0a469,C0628,1003,30,11.0,764.84
45d94949-65e5-4a43-bb17-f4d1c2f444b3,C0901,1027,91,27.0,1219.51
839f46b1-3fd9-4e17-b80e-509b6013c172,C0815,1005,10,32.0,1015.07
f52049a4-f415-40c2-b27a-bc516d944197,C0468,1018,106,21.0,444.85
a8eeabca-bd2e-4d30-a523-b02fcf0dfa36,C0438,1015,88,20.0,1203.43
09e06627-2c66-4240-a463-7e283be4fb38,C0451,1003,117,6.0,1237.94
2e95c346-bf84-4bef-a5e5-8d9044bb473a,C0899,1001,66,2.0,1015.07
0337c5f1-2e52-4ecb-a585-dcfcb68bff60,C0523,1022,14,18.0,1502.57
040c554c-99c9-4fa5-b950-cc659355556b,C0077,1034,106,29.0,683.08
c8fcf5ed-1167-425f-937e-5cb14cb0fa2f,C0035,1015,165,4.0,1085.09
6e5aa350-17e9-4da7-b399-fecbf4d97ef4,C0839,1027,178,48.0,1859.81
7a28588c-5a4b-4acb-9655-0e8add5d6040,C0237,1021,5,10.0,688.87
f50eade7-a9df-45e1-9285-785ac9f00c02,C0959,1035,167,17.0,1087.32
34201672-a9be-49bf-9806-695eafe151da,C0695,1011,15,5.0,231.95
9508bff6-1918-44bb-ba66-adfefc457e38,C0598,1001,92,43.0,410.72
e03a29e4-88a2-46bd-b976-57ccdab72dbe,C0494,1023,14,32.0,1363.57
fdbb9197-bbb9-487b-83d2-f2eacaa1c457,C0721,1027,93,7.0,1217.21
69933653-1c32-48e6-8eaa-06df7fbaf4c6,C0307,1000,160,50.0,824.08
b6cb3c7e-73b5-44db-a502-115c99e0d724,C0253,1031,39,13.0,1236.56
330f22bc-86ad-4622-a854-ce7df2c0a856,C0696,1019,157,33.0,663.21
24f4aa62-0745-4fed-a797-aa03070a116e,C0675,1029,95,15.0,1962.66
abc2193f-ef82-40c9-a436-6599ace150a1,C0226,1002,3,38.0,158.16
37593450-845a-4141-a35f-227690e0041f,C0940,1025,52,39.0,310.3
7bebe15d-69e2-4ec9-a531-ba8ae0812142,C0956,1034,29,8.0,572.92
34f0e5f1-000c-4f44-9fd3-2390eea5cfdb,C0028,1026,40,17.0,1751.93
278fff0f-4008-479c-9359-842f3c011ee0,C0760,1012,57,12.0,768.82
b38c03dd-eb44-458d-9c9a-7d1cc2735dd1,C0623,1038,70,5.0,1350.43
4a2e397c-5f83-4cf0-9ae5-1ef70eb69235,C0079,1021,137,14.0,1173.21
7dbfca52-0e79-49a2-a204-858f3f66dfc9,C0974,1048,179,42.0,31870.05
ff3dfd56-2caf-46bf-8f6e-e19c7d03f67b,C0181,1009,90,21.0,1065.09
10f4fb17-7c92-43ac-8cbe-db50d81e5ba8,C0356,1047,45,34.0,245.96
50cbc3df-be1e-482c-a823-cf754007e795,C0224,1048,41,6.0,1189.07
b68c6931-fb34-4511-b40d-ce431ae96aab,C0698,1006,68,16.0,509.65
839d0a83-0287-4209-bfb6-c119c6bc6c73,C0696,1044,55,38.0,494.16
c6648b51-3717-466b-9c6c-b3d499286df6,C0267,1022,151,32.0,808.52
eaecbbb8-4157-4f97-97a6-640289377b7f,C0677,1008,8,7.0,917.91
8e3a8818-180a-4998-b0fe-73aa184a910e,C0053,1014,113,50.0,1481.72
73247c19-db85-4e9e-b8ad-23373e9c7115,C0003,1048,70,39.0,88.16
2c69477a-cf39-409a-ae94-a2a3fc0b1d79,C0558,1005,165,22.0,1660.26
e19b9f6a-5f17-4021-9229-56c521528b9a,C0814,1035,63,19.0,1602.33
29ba0f4a-0e4a-4331-a61f-34f9976538aa,C0423,1020,40,49.0,1750.47
f4d82d23-ae19-4a83-8caa-86bb7fd36de3,C0912,1018,52,44.0,1015.07
2e39d539-1304-4ed7-9671-0f480630195b,C0143,1036,158,39.0,944.56
a51a9d07-b3ec-4744-b626-16ed4e96fccb,C0127,1044,81,21.0,1825.84
555fa195-96c3-47e9-bb02-ada690d0ba1f,C0107,1034,62,23.0,449.74
f1c92e84-abe2-4a8b-8e52-2074844d8027,C0497,1010,45,33.0,1637.22
319ba538-c47d-4124-b9c7-46b4c837d41e,C0979,1000,32,46.0,1085.65
162200e0-9c34-4f5b-926a-b7f7edbd6b8d,C0672,1025,107,38.0,1851.31
5afdbc55-b5cb-4b4b-8b57-6925c1c81334,C0037,1013,67,10.0,195.92
46b5cf11-841d-4a1f-bb8f-5cad5c53d52c,C0438,1015,177,37.0,1332.06
a0d80371-ee90-42cc-afc8-08b52cef091b,C0675,1010,155,39.0,1989.76
aebdc2ea-5c3c-47f2-b1ae-e61d11cf5bd5,C0077,1045,46,2.0,1507.95
432ed0ca-f103-4e1f-ab7d-8007d82fdfea,C0683,1041,10,43.0,656.64
e2e973f2-898a-418e-81da-47b16f7b4c5a,C0559,1046,146,46.0,1333.16
0f5607a2-6754-41b4-8050-8e90c85234c9,C0524,1047,48,28.0,367.87
95ddefc4-9afb-413f-90a4-f3e9b58d6c61,C0774,1037,74,4.0,477.7
51187e79-b58a-4449-a18b-be08d004a1e3,C0720,1031,169,24.0,1008.48
eb724580-e5a9-4113-b326-8ffddfba9288,C0559,1042,54,11.0,129.89
9f67a898-d570-4862-adcd-3daca3ed7c8a,C0663,1007,108,7.0,859.18
ab71d39b-07f2-4d0b-b203-06b69cf0a224,C0376,1041,50,48.0,777.53
847d94f7-c85f-47ce-9129-960e5f759efc,C0689,1013,174,6.0,120.08
a21907f5-cbca-40dc-a83d-b241771b7bfb,C0004,1016,60,15.0,349.05
a2ac796f-8a92-4e36-b5f7-5053b83dda95,C0538,1033,109,25.0,1228.78
6dc3e055-e80b-4078-9bf6-b11473ec32d5,C0338,1004,87,20.0,1541.53
e02187c7-08bb-4983-89e4-c646264b7f05,C0981,1005,121,46.0,1015.07
16cb994e-c6cf-42a8-a972-c3dd9dd13f46,C0882,1046,10,16.0,954.81
1cc4fe06-3e20-4291-b15b-3209c8597a08,C0735,1011,38,44.0,216.39
128e6e8d-7e2d-4c88-9f11-9c3bdfbdbbd4,C0620,1007,51,49.0,1733.36
789e43b1-8552-4059-9774-56a5e3210a9b,C0668,1043,59,8.0,1536.95
2b68ae8b-a58f-4c60-813c-c1f787c21e9c,C0862,1045,137,12.0,1795.58
d3f44d56-c823-4431-81a5-b5d12d7a8cf8,C0122,1043,56,15.0,721.34
2a0285bb-8e38-4b60-a37c-e7d313ed427d,C0820,1000,66,4.0,1887.73
b4d5e6fa-5c0e-4571-aedb-caafb9b61436,C0103,1000,71,2.0,1293.71
738c816e-7653-4b3b-aae1-50946c49d019,C0409,1045,87,10.0,74.12
6c4148ad-fcdf-4209-9dc7-bfbf99b2fd39,C0001,1004,159,46.0,977.81
72edbe9b-c99d-4569-91a0-857e7f6e8648,C0726,1026,31,33.0,372.37
e70e4e0a-f5fd-4000-a5ee-dd6e8b0b0918,C0414,1027,117,27.0,1132.97
3b755773-8521-4475-a840-b6584efd4c96,C0219,1044,84,18.0,1948.91
890d0112-0926-4bad-85d9-9f2d362a5b44,C0566,1019,124,7.0,1872.15
03d52186-3a2e-44bc-9e32-54bf0e2ffcb1,C0376,1005,143,25.0,1677.07
b1d622bd-1ec0-4ff6-8502-2d46817c926e,C0421,1022,30,8.0,62.68
75d87cd7-57e5-41b0-bad5-e87234f24897,C0490,1006,174,6.0,1983.1
d6ce8ca3-e2ed-4e07-8014-4d76d81b2e69,C0990,1041,72,41.0,1773.4
fb66d50d-e6c6-4231-85ab-c2e21eaaef27,C0835,1003,118,23.0,868.0
aab3ed06-c828-452c-9896-0654f693accb,C0965,1010,139,10.0,1300.87
6c6d2703-945d-4771-b783-5a02728fa701,C0765,1025,113,8.0,994.52
7f116f5d-dcd1-494f-935f-3857b4299ec8,C0584,1014,59,11.0,1015.07
c951d066-48d3-4deb-8b4b-732f087351f2,C0305,1019,133,15.0,945.9
ea0bcfac-1f94-43f6-a46f-fc067e7eb4bd,C0003,1023,73,24.0,788.82
f6b1dd42-a0c1-4983-b9f3-8343588141d4,C0037,1016,118,21.0,890.82
1f737fbf-d448-4870-b87e-9a904db43dfe,C0630,1009,51,29.0,1172.98
6439210b-7361-4fcd-b7a0-63bc0ea9fdc8,C0366,1019,163,45.0,1511.07
44569194-91fb-43f0-9699-d5cdf9426faa,C0298,1004,70,30.0,583.76
9116a556-92ea-41c2-85ff-a4ee6d6fec80,C0683,1032,50,21.0,1793.82
a970f1fd-aff4-44c9-9f77-bc5f342b7d23,C0556,1028,84,35.0,216.66
0701bb07-9a27-4914-a189-08ebe554abe1,C0066,1007,133,23.0,1421.65
d9b1e6e0-22a8-42a5-995f-2bf099a6ed37,C0116,1034,45,14.0,1806.32
060cf210-5936-4551-b9e0-ffb588707d3a,C0054,1021,152,5.0,1731.52
2811e8ec-b570-49f1-9ac5-6336dfbd7f6b,C0750,1003,167,39.0,585.65
ed7523a7-916c-46f3-88b4-8d334512e1d6,C0181,1030,131,14.0,517.48
59d522a0-c590-4693-83b7-4a63d97dfc6c,C0790,1039,135,47.0,671.44
5adfba7b-9691-42bc-91c6-ad92ee97ebfb,C0313,1031,32,35.0,1015.07
93c41cfe-89bd-40dd-afde-82446f0f856e,C0248,1025,23,1.0,1841.67
f0b08a1e-d756-4e01-bbd6-81d273eb53dd,C0566,1012,158,12.0,1150.8
68bffaa2-0f48-4376-a171-1b1c353d92d2,C0335,1001,31,26.0,386.49
76b7a139-eaa5-40f0-9686-78288e8f6322,C0107,1043,162,11.0,1774.47
9834cc4e-833f-435b-88d1-32588558d976,C0333,1000,93,45.0,1245.65
0e0b1085-971e-4ac9-897d-1f293974d601,C0013,1043,81,10.0,53.91
da76d92b-b9ca-4cf3-9f2e-c7d29f23200e,C0618,1006,128,26.0,1015.07
84b7bd6c-355c-4d0b-b036-be6ececf51d6,C0084,1026,42,30.0,1583.72
37f0b285-aab2-4ff7-bf94-6cccb3478dc2,C0464,1036,121,21.0,1015.07
bfc0072b-4433-4e08-970f-550cdfade208,C0133,1015,30,15.0,839.49
b36523d2-2125-4016-bcfe-0fdf8506e80f,C0279,1000,36,42.0,942.25
209d2f73-66c7-4fb3-af0f-88f1160e8619,C0636,1042,181,39.0,1235.32
64f0043e-37c9-47aa-b423-1e9ec852cb48,C0331,1010,37,6.0,999.51
e2192dc4-2ce1-420d-8c7e-87def24b41b4,C0570,1017,148,42.0,1582.04
0c88be16-90fb-41cc-984b-74eff4f649c2,C0780,1006,130,3.0,1004.7
991a5839-fde1-45e3-9d38-1156a5d7934f,C0628,1022,120,46.0,1178.83
77dddca3-e0a8-45d2-9b73-358abec37607,C0712,1009,178,7.0,1472.66
f03870d8-8100-4f44-89d8-6268abd5bee8,C0014,1049,106,6.0,1066.51
5b668ba6-5093-4834-9e3a-ab34b6c148a6,C0230,1027,77,48.0,1166.5
52d77724-1aa0-470b-a47a-917ff45690db,C0040,1033,40,41.0,866.67
2c40ebc5-4e19-43e6-9996-f55b42292fb8,C0228,1028,101,29.0,1533.42
48367cbe-9749-4151-97a5-07972f1b92a9,C0621,1049,119,40.0,879.68
f3cc7cdc-73a0-458e-977c-a84344b55221,C0497,1026,113,36.0,556.67
5d2b7194-a757-48c2-9d70-f1e113920d65,C0610,1036,46,8.0,518.03
6be5f3e6-539d-4b01-b2d4-aebe6c13ca26,C0909,1043,24,30.0,1015.07
8998ca7b-c5ac-4582-9242-d7ab368db09d,C0970,1016,108,12.0,1309.32
68cc1a18-e3f4-45e9-a8b4-c5408638331a,C0085,1004,59,16.0,71.07
3f09133d-81c9-4c50-90f6-2a6c7a4755a2,C0703,1035,40,1.0,554.7
9863e119-cdf8-40a1-829f-8753828a07ae,C0031,1047,103,4.0,1089.7
b3348c20-6f49-44aa-b7f6-b6e9b924ea54,C0144,1025,143,43.0,824.06
dfb64eeb-340c-4d51-9236-d6e0c6d2109e,C0229,1040,122,34.0,700.11
0550b997-b00b-4f50-968e-e6b4373a249f,C0403,1004,163,46.0,240.82
a0f37967-3d61-4586-b596-350861b1c232,C0032,1040,179,8.0,317.2
b536bb19-1af9-4e65-8c97-42e0b7e9e3a2,C0266,1043,50,9.0,1646.34
90022c2b-e7d9-40ca-94dc-403a74be0f27,C0249,1021,30,25.0,1492.37
5f8d6dd8-0b4d-4804-b52f-d6de84e2e96d,C0292,1036,145,32.0,1040.35
af3b3cce-6053-4783-b1bc-19c70ea35dad,C0013,1014,24,12.0,112.77
6c42fdae-f444-4b69-9ae2-ad7cfe877c51,C0198,1002,29,45.0,1642.0
fe54e954-15c7-49d9-9667-0eca88ff82a0,C0619,1020,167,20.0,1953.12
fa0f3515-ec09-4271-ac59-ae667f723f1c,C0662,1033,115,37.0,402.97
c622246f-7d9d-4e6d-a4dd-f35a2983709e,C0023,1032,149,10.0,1676.1
54fe51dd-835e-480e-8673-24bf2655ff3f,C0663,1048,66,28.0,1712.92
72f70d26-798b-4ee0-bebd-d9df5cf29fd0,C0229,1037,94,50.0,1964.13
ffef621e-7fb1-4273-9343-45da9bea51c3,C0426,1006,31,30.0,1015.07
7fa861b8-4e08-481a-ab79-b0c99e9a2a8f,C0197,1026,67,35.0,1748.02
eb50ff86-3c8a-4b93-8a7c-c51f5c12e6c7,C0435,1003,178,40.0,1224.13
f540b144-7c11-4640-9f19-f902e860fa33,C0653,1046,69,29.0,1577.45
f5fc8e3a-bdfd-497f-b811-a6ede2e337f9,C0984,1036,179,39.0,1579.39
c236ed03-6b68-4b89-9ac3-dc733ea76aca,C0133,1033,150,48.0,1797.19
d0cb8fde-50c9-4a21-acdf-16fd7feb74f2,C0338,1049,19,29.0,1940.9
adbd0255-7d16-448d-b86a-d0feaa3963d3,C0762,1002,181,15.0,1015.07
987a4f27-7110-496a-84a5-30b5f7d36234,C0157,1026,83,21.0,553.38
0f2f14f7-e6c4-43e2-919b-982c0fc6c850,C0966,1020,99,12.0,805.36
b6cb9622-3dcc-47ab-b195-b34f6b2dd6cb,C0815,1032,78,4.0,799.38
8cc907cf-5456-4dd4-a3b3-320c74803936,C0805,1036,90,14.0,1103.49
1ffeb3d3-01e9-4039-aba9-dd49b01c7bca,C0178,1037,165,5.0,662.27
57a39abc-0acd-48d4-89fa-a09f286fb0b4,C0356,1045,159,10.0,385.64
80e503ed-12ea-4a8a-a35b-800ec9bd0732,C0116,1039,12,11.0,919.13
e1485826-b5d4-42b6-b5a2-7e08a2bc2afb,C0985,1020,47,41.0,1605.91
7e47f11a-2b0a-4da0-8842-9711cd4b1ac3,C0462,1047,163,16.0,812.51
6c42ef98-1138-4122-ab16-0b1b96e37f4c,C0689,1026,151,50.0,1906.11
4eb31eaf-ed1a-4e9b-bdf3-0387320e9361,C0716,1024,77,32.0,766.77
c4192281-eed3-461d-a6a5-b78cfff147d2,C0351,1013,34,2.0,1085.41
8acb91b6-0344-480e-9627-20c2bf4ad27c,C0167,1008,68,1.0,1015.07
faa451f1-88de-46dc-8818-767d224c97ef,C0822,1045,153,29.0,659.78
ed1aec1a-98b5-4bd7-b3a6-b697577e7bf0,C0231,1035,162,4.0,1460.61
5fac6b34-6c41-47d0-80bc-002923ac0fd0,C0997,1020,141,24.0,1721.48
0a2449c7-7dac-4414-baf1-3642693a70c1,C0813,1011,12,35.0,1444.81
85df3162-fb06-49cf-af76-39e181cd8b32,C0676,1018,144,21.0,484.46
10469f88-5182-4c5e-af1d-ae95fa2e5d95,C0454,1036,107,6.0,1015.07
49068e63-34dd-4600-b108-537dd4fd2038,C0005,1007,169,16.0,154.03
f2857e7c-f59e-4b88-b808-8485a914fa0b,C0449,1028,104,30.0,1931.77
0bf228b8-2fc6-4c68-a6d3-3ffdf1a9e635,C0667,1034,112,10.0,1015.07
8176405f-6985-41ca-81ce-ce0ff3fe90d4,C0818,1003,14,29.0,1109.43
dc87abbb-503f-4cb6-95a5-28735f5d1af3,C0727,1037,28,28.0,308.54
26779d80-17f1-45ed-87c8-f8360e869c51,C0298,1018,60,20.0,1038.41
a5b41727-9e97-4c3e-9a60-6ad0177f08ae,C0329,1004,21,18.0,482.46
0b3d7d19-6a66-4c5f-8edb-a087cbc09ce4,C0363,1038,167,15.0,360.75
981240b1-c65d-4a02-b31c-46275e526391,C0402,1031,132,12.0,1675.2
e8bf2101-5c1d-4017-8e56-d1f5894bbebb,C0718,1039,23,11.0,1496.6
a14300f7-1535-4cc5-b3ea-c74313740eb4,C0294,1014,112,17.0,361.36
921520fa-0282-44cd-b555-7672ceed2417,C0635,1041,138,23.0,1273.25
405f9ade-f97d-44d5-82af-d45c14bc045a,C0001,1004,123,7.0,670.17
012ce126-d34e-41f4-8d3c-6d91e4e2a6b6,C0655,1002,133,23.0,1377.03
f19b50e9-da09-4d68-a71a-63a0e1467fff,C0152,1032,94,22.0,1297.55
07c182ec-f508-4dbc-a817-dacfbfb4daae,C0187,1040,56,44.0,1073.08
0aa3786c-5389-478f-afec-cc6dbcc81d86,C0490,1034,146,47.0,1055.64
d98157ef-24e4-4944-8970-4e13636a88cd,C0515,1032,146,48.0,864.64
6d6bf454-1fe7-4717-844b-2e17006e45e2,C0109,1043,60,26.0,562.13
b6fe3820-22fd-49a5-9f97-df13f6bd45f7,C0319,1039,142,27.0,1306.34
63961934-0bf4-44e2-b032-1f9a6e5700da,C0987,1000,1,20.0,1648.34
c7a48108-d023-4d02-874c-c110db1a750c,C0209,1020,143,44.0,983.91
73d37296-c4ab-4521-8efc-e5c2f09127fb,C0065,1038,126,10.0,1171.44
71fc78bf-3057-4993-8af6-d29157766ddb,C0821,1046,78,27.0,1569.22
3fdb33a2-9c1e-4a2b-9706-f661bcb59a9f,C0612,1019,39,25.0,1251.37
9f92cbc6-1225-4f02-8a55-0ab68eb60676,C0765,1029,129,24.0,1028.31
87a4a069-96d3-49f0-9353-106592c1f4e3,C0444,1002,90,48.0,1268.89
00d04402-2e88-416c-8b04-dbd4c3da6360,C0668,1040,177,12.0,1587.3
1f6ec7e4-3b81-40e3-9b83-7b555f1b02d6,C0677,1012,79,8.0,1603.83
5e826219-c666-44f9-b08e-f0583524bac9,C0659,1026,175,41.0,1015.07
1dbb4fff-795a-47d5-97eb-d4b83913f26c,C0898,1042,96,26.0,1506.68
742079a1-df31-432a-b8c2-314a37f5af1c,C0867,1015,38,9.0,627.65
f962c626-b9eb-4394-a3eb-7b17abeee9ca,C0481,1020,176,12.0,1531.61
9f8374f8-511d-4a0d-b9b6-b3ecda0f60e0,C0776,1012,52,4.0,1899.9
7e3469f4-e85c-4878-8610-be7959a4dee3,C0166,1020,181,23.0,370.75
09f1108d-e743-41bc-8f4b-5fbf6e744cac,C0091,1006,81,18.0,1732.8
e92db9d4-1c6b-49ff-9b02-c175ece02ad7,C0662,1006,66,4.0,449.51
e2c0a417-36db-4128-a2cd-8ec4d6e96434,C0705,1030,155,45.0,598.29
26502234-c204-4643-b20f-5094f709af55,C0403,1018,114,1.0,424.99
04e02a00-5397-4a40-b3a6-e073445643f6,C0180,1029,112,42.0,969.82
3bbc21ca-4008-434d-85d3-8df9c0b074b3,C0073,1002,27,8.0,690.71
aceeea8e-d9ef-4828-ba84-b61cd385029b,C0371,1000,100,25.0,577.62
2ba46383-5668-431f-951e-261babbdaeaa,C0966,1007,43,48.0,1320.9
eea2776c-9bef-4185-84d3-00e8e3a3f7db,C0893,1033,159,33.0,1108.82
3c23464b-20cb-4912-b2c6-b964efee7b01,C0018,1024,38,27.0,1199.81
a1860a74-d71a-4ecb-bf6f-9dc69a487d1c,C0345,1014,138,28.0,529.72
365649f6-b8a7-4c09-a78d-9448b76a4fcc,C0904,1008,82,42.0,503.47
c149c472-cd97-4676-8174-e9c57cf2d81f,C0412,1044,143,4.0,1606.58
a257d022-f27f-4af2-a55b-1d54b1645f7d,C0748,1000,71,35.0,1150.99
1b315aed-7974-4bed-ad70-33b8e586abc4,C0239,1037,49,19.0,576.57
0ae47718-d059-4300-ba4a-8481a2c2425d,C0638,1038,155,37.0,784.64
1c2d1184-94a7-43af-b237-4c6e2148015f,C0595,1026,44,48.0,783.79
10ce45be-73b2-40fb-bd95-eb59c69f132c,C0322,1008,37,10.0,777.24
9f5e670b-5e2c-4d3c-a9c9-89bab6b1ec3f,C0600,1006,77,21.0,1466.46
5b5a3f54-9ea4-48f2-baa6-ffc358a85541,C0332,1000,92,29.0,841.06
672b5339-3428-4642-b279-6e671dfb33c4,C0491,1000,163,34.0,1573.38
7e2c5a80-f37f-4361-b449-8895d5d424eb,C0184,1014,72,42.0,1767.92
9862eebc-3f54-4938-acba-07c7ca63f1b1,C0709,1034,168,3.0,298.71
a8d0f862-c90f-4149-a226-ed7961af9242,C0867,1000,3,17.0,1478.72
828d6de5-5533-4351-a769-04448c66105b,C0475,1009,22,47.0,741.46
e1b627d4-1249-4f34-98b3-6bb11c9ca611,C0554,1000,102,50.0,980.84
a2e578e7-4ec1-4f34-9135-5663f1af4755,C0815,1020,80,4.0,1303.58
17096ee7-f972-4ae0-b1c1-41934fc5dc91,C0200,1015,14,39.0,1024.06
d24aefde-150a-4771-9767-1e99d522c910,C0606,1044,144,20.0,1563.0
8944e908-a0fb-45c5-b64d-56f6fb066f3a,C0758,1006,169,40.0,1085.98
af9d02f9-6459-427a-ada7-a2988db87e64,C0020,1036,41,49.0,1599.77
682db02d-f976-4dfb-ab5e-d399321aa49f,C0983,1048,100,19.0,1736.62
a2ca5b20-90e8-493e-a843-1311022887be,C0084,1038,136,13.0,1051.09
5729a1ee-da13-4ce7-88ff-7441ce158193,C0282,1046,74,33.0,1608.2
3039efa8-a96f-4a9e-8abd-bddfed11c18b,C0654,1039,150,5.0,1015.07
989eb1fe-b390-4185-93c7-ef623ebe0a78,C0799,1042,73,43.0,677.18
bc61c74a-67d8-4da9-9e8f-e666e99550f4,C0164,1025,42,24.0,1015.07
0432300b-0935-4246-9731-26b294857a25,C0858,1048,4,2.0,638.15
65414f87-8c2d-4571-892a-38775f7da65f,C0958,1021,105,11.0,467.34
eadf4db6-2d65-4b6e-a5ba-3f22c919c8c7,C0847,1025,65,1.0,1415.13
71f03059-966c-47d7-8c5a-c7327a1bd6e0,C0371,1047,96,50.0,1852.97
90a34503-efca-4b24-9fe9-9ca7b52cc001,C0379,1001,22,1.0,98.84
a4182fd1-3276-4c4c-8b9a-2f0ccfde6ba0,C0274,1037,1,13.0,1913.02
01267fcc-e206-4df0-a7c6-ba6110ba9ce5,C0699,1031,178,19.0,1852.18
9acdbbd3-9987-41e9-8080-c3ec6f1875bf,C0989,1017,95,11.0,1003.43
99d6f5d4-60b2-40e3-b548-941340ba3711,C0556,1026,114,23.0,627.79
a7438949-9389-45bf-8638-b82c0e701cd3,C0738,1007,95,1.0,285.35
c6136857-760d-4d9c-b703-5014a2d92edf,C0549,1001,94,41.0,443.83
139d4be1-40ff-440b-8c6d-5e0ba8f9f1c9,C0026,1037,75,12.0,1208.27
f4add594-9788-4bb7-aa1d-867283347d1f,C0594,1018,46,11.0,836.09
ebb79e32-cf0d-41d3-8ffd-0a7057aa5c6e,C0774,1035,71,23.0,1017.47
dbb2d1de-b6a4-409e-a77b-842e49aff609,C0395,1038,153,44.0,1047.73
a0fbd518-ef87-44e9-9ce9-c31ae86c1843,C0903,1035,79,41.0,1814.61
af1948f7-0eee-4614-88bc-0f9be8e519aa,C0957,1018,100,39.0,74975.93
93910697-daa6-459d-9bbf-6a6d3185c441,C0968,1008,143,36.0,1929.66
cc2982ae-83f3-4605-95a8-72a3b440ecee,C0457,1010,96,46.0,112.12
e78349fb-237f-43ac-ba8f-9f8294e161fe,C0214,1032,40,26.0,1234.36
0a069b1c-e692-4447-9581-81452eeff6d3,C0807,1041,147,16.0,817.69
f0bed9e8-a5cc-448c-b44f-c391927e6f92,C0440,1049,124,23.0,1887.61
b3870c47-3191-4676-b0e9-3b80b198068c,C0197,1005,85,4.0,1385.6
81b192e1-bbde-45fa-b309-79cbf971dbec,C0467,1022,72,17.0,1705.94
05f4b5e6-d69f-4c93-9e6a-00d00a61ee72,C0164,1045,135,33.0,1226.78
97133a10-0aff-4b30-923c-f908f5b01cf8,C0182,1041,98,19.0,1164.91
fd434c06-69dc-45c3-8c35-b47288ffbb80,C0383,1041,46,15.0,708.39
b5ba10ab-72e8-4ff1-99a8-947cae3e8fba,C0338,1006,20,37.0,1967.39
62eb89dd-7b5e-44c0-a156-6152a7d4495e,C0274,1032,16,21.0,253.61
36d6b720-a069-43a6-9e5d-1f3a1956848c,C0363,1009,89,13.0,175.71
36bd80f7-4dca-4184-9f70-ee2df484965e,C0667,1009,101,8.0,119.66
7750f8b5-072d-4643-ad9b-b28dd4ab6847,C0323,1002,29,35.0,1212.78
9403a40a-2992-4872-9aef-bce9beb7b4e8,C0634,1026,9,2.0,1727.91
13439025-0a1f-4af1-874f-07af3443b02b,C0903,1032,175,14.0,1015.07
1fb4d877-219b-4424-8068-b59ab14618aa,C0918,1045,178,15.0,686.55
f70bd449-989e-4d56-a50a-219c13dd1a5b,C0940,1023,36,5.0,1303.7
446ba258-2582-4638-a0b3-36d08409bf66,C0989,1001,89,19.0,1838.81
30406d92-4121-4263-9be4-1fa534af7240,C0689,1010,39,33.0,1015.07
141e003a-3b5c-4a0d-9389-f02642d3cab9,C0846,1011,139,36.0,847.02
b245e128-c3b1-4820-a252-25fbf663f1af,C0187,1029,94,13.0,73.8
76ae1025-0315-42e3-a3ed-30399d086b4d,C0810,1001,71,40.0,451.63
a4a7b886-0358-432b-aed1-aa9b183345aa,C0918,1006,68,27.0,1612.56
95873d4f-f4f3-4658-8872-8d9720f75f67,C0145,1040,148,38.0,405.74
2a58b488-e743-42b0-8a85-c217897adf24,C0461,1046,77,30.0,1872.2
269fc879-e91a-4f4a-8871-28a82a4c9a32,C0460,1036,81,32.0,330.27
a39f7e3f-e45c-4a0f-a8a0-bca7be86ab3e,C0453,1006,7,37.0,76.63
580f2a4f-5f50-4be7-acb9-a20ce46d6643,C0641,1037,136,25.0,288.76
2bf5ffa1-c437-4402-b860-3a095633b9cd,C0287,1014,100,6.0,589.6
084fd7cb-5c99-40bf-86f9-32137b005646,C0705,1015,8,35.0,959.36
9d62f410-7fc4-4575-b12a-111af0da1a90,C0357,1002,170,19.0,396.46
da629630-5c88-45bc-a7a7-408ed7d61399,C0860,1028,84,9.0,612.05
f405baf3-c7c9-450b-a7cf-f820df2b372f,C0995,1000,58,21.0,1779.5
f114ae33-3c6f-42e0-ad2e-95520d39066f,C0484,1030,15,27.0,1457.19
ff3f45ff-9ed1-43db-9779-f7c470602997,C0468,1009,36,30.0,1467.11
35d4db77-2bc1-4a65-b7c1-a5308f6fa594,C0757,1014,159,12.0,89.78
73e0de56-ef01-46e8-b3b1-21a1002639cb,C0945,1042,165,34.0,1741.59
34fc05e7-5f61-46ce-b352-6d037ee50144,C0949,1019,154,25.0,414.94
b0aaf37e-0576-47e8-b81d-304ae7df37c5,C0876,1005,42,18.0,802.93
41c0c2d0-f354-44e2-8127-6fff577e2a60,C0435,1009,13,22.0,1527.93
4d4393e3-4f9c-4786-bfbc-59c0d384216d,C0178,1029,12,38.0,639.46
c750fe37-5c7f-4830-a5c8-03d5e4d52b73,C0184,1017,92,24.0,498.17
d9d2711b-1b64-4f10-82b3-ce332f74a9fd,C0079,1015,177,34.0,1378.37
01dd6d38-e6c0-4020-a98e-86db3721d583,C0867,1040,85,2.0,1535.16
4203af17-b547-436b-a18b-8b93aacca20f,C0997,1029,118,18.0,1017.36
3e66220f-5dca-4746-82ae-32c753a15c1f,C0621,1003,26,39.0,1015.07
3b093c1d-c5f2-4f48-af4b-480a35b8aca8,C0422,1019,175,38.0,1015.07
7fe22ad8-c059-4611-8202-8d7d1a808cee,C0322,1017,23,39.0,913.64
9cfceb43-0c77-464f-8b72-57e6d63c0207,C0758,1010,148,32.0,1217.07
f30b1bb6-ec43-4e61-ac76-d309ae06fbe1,C0220,1025,42,8.0,1315.09
485e8f04-1f64-4939-913c-bafb3b992902,C0468,1049,179,11.0,1538.95
b5f3f3b9-1556-4669-aca7-808339179bb3,C0015,1024,102,49.0,1027.64
f43f0b7d-38fd-4de7-b467-fb3684df89e2,C0800,1038,134,50.0,1998.14
63e6ebe2-a8d5-4f60-831f-60ee9ca08ab8,C0709,1016,15,39.0,1381.37
5bc49be2-09e0-46cc-af93-857a9825297d,C0660,1000,66,4.0,1015.07
579de368-ba30-46bb-b913-3ec66856ceb1,C0040,1028,156,4.0,1882.88
e742c881-0aa2-454d-9ccb-66650fbfee9b,C0571,1043,150,5.0,1918.5
f1160333-71e6-4461-a084-c5c6e1ee5f08,C0414,1027,49,23.0,109.58
7a77472e-0d55-4703-b267-98d5aedda0be,C0132,1022,155,50.0,1670.22
697bfb2a-0065-433b-9fd4-a5f675981850,C0551,1001,96,22.0,1652.76
746c42bf-3ab7-40a5-8695-f9ca5c42a55c,C0435,1014,66,7.0,1656.91
ca903f80-9787-498a-b87b-3e3a341e598d,C0515,1008,58,5.0,1178.72
79fb4f43-832a-453f-8336-318619fa5d82,C0305,1019,165,36.0,1357.18
493dffff-8669-4304-87ad-9a63299d36b7,C0806,1017,73,45.0,638.93
f1197330-10ee-4ee1-b165-373b76d73ce3,C0597,1048,175,8.0,1969.95
2d271245-2f44-45cc-a44e-974a396bde13,C0752,1010,21,34.0,162.92
ffed65cd-5594-402c-9d70-b7fcd88eeeee,C0221,1016,49,20.0,602.53
aa1e2a64-e6ac-471c-ab99-b39fdeac9462,C0338,1041,70,44.0,1879.42
4f06813e-0149-48c2-a8e5-4093ba28b545,C0295,1046,179,10.0,886.33
436ab867-0ccd-4c9f-9e1b-3d5b1498a389,C0623,1044,141,16.0,1080.53
7ffd8d75-d385-4aa5-b07e-8a419697575c,C0086,1041,48,21.0,738.63
4b817411-784c-400a-9835-ca3f6c6d3343,C0981,1007,70,47.0,1040.2
367d0871-bc4d-4ae2-8b41-f47193b104b4,C0053,1017,104,38.0,971.33
ce2e7bdb-77bf-4a7e-9f9f-7c1c9ea60a07,C0223,1049,10,2.0,269.17
18989170-ed68-4946-bc90-dff4d8bfbcaa,C0648,1006,6,16.0,568.97
c79c093c-6b02-46d1-a6b9-9f41f08f3ce3,C0099,1028,142,25.0,1682.9
edbf5feb-2bde-457c-950b-f7a797ffe021,C0340,1039,55,24.0,1348.28
b7359acc-5de0-4fe5-88c2-427022d0c260,C0802,1023,172,19.0,1114.05
9a792f6f-3c86-4e10-8353-69a1821432a8,C0464,1044,161,26.0,1015.07
b6daa5c4-e806-4960-9a26-c8017c184fd3,C0231,1006,72,27.0,1794.21
1f2bceea-5fdd-4e1e-a3b5-db3f0a2e88ac,C0705,1039,72,50.0,845.81
8d04de2b-eca2-4954-8311-8e1b2c36fdf0,C0378,1029,56,44.0,237.82
7a9a31cc-a72e-4912-af75-c3afb215d49f,C0871,1002,147,23.0,1857.33
b6b20f91-7bd9-4e29-a55e-e3b8ab818fe4,C0642,1007,176,27.0,193.28
20548d7a-df02-41ca-9ae5-a3ce83b55034,C0837,1008,19,4.0,862.78
83faec54-6592-4890-9bb0-452cc813b717,C0138,1013,66,1.0,1015.07
ce621858-fa9d-4b4f-bce5-91ec68909c61,C0533,1036,50,32.0,726.19
72be0740-2759-452f-b4ee-703330797f30,C0767,1034,162,48.0,363.18
84b242d9-31b4-4ea5-a572-7881b2f2e984,C0683,1004,49,34.0,96.16
b88e6d2f-fc6f-43c3-9afa-08983b5b0b9c,C0484,1001,54,32.0,1516.52
f56cd43d-9bb8-4f40-a0b0-bd9b08c9f5b3,C0213,1014,62,2.0,1342.86
186fcc1f-b36a-4363-823b-fbc3c0eba971,C0038,1011,103,8.0,57947.39
8d2fd401-cb76-4e0d-aede-dfc5a46cb011,C0414,1002,104,24.0,1963.24
65f0e908-bab2-41dd-bbbb-4407055022ca,C0899,1046,56,1.0,1274.76
197b2b31-b009-4246-b165-32b67af32d96,C0665,1041,41,29.0,1883.2
351b2e80-855e-4b42-9e31-b538878f6ac6,C0776,1025,169,24.0,1357.03
e1d72021-f4e8-458e-b422-eb850d8037eb,C0150,1039,173,46.0,1292.63
e8856edf-3305-4dcd-9b35-c092636f6b0b,C0624,1032,57,18.0,1251.65
42e4f65c-f905-4c2e-9134-098e710eed2d,C0932,1027,106,42.0,936.38
671f8654-4e53-46ce-b31b-4df8a32b09a2,C0537,1042,55,22.0,476.19
8b422e12-f596-405b-99f2-aada7437eb8a,C0161,1024,141,3.0,1323.54
49b493dd-82d8-4b2e-bad1-8ebc849fbc4c,C0204,1015,51,28.0,1890.53
58717b51-ce4d-4996-aeff-b50da2bdfc38,C0063,1016,158,10.0,1526.69
1fc46947-7d84-4527-950f-85df468bc1b1,C0094,1006,115,8.0,1327.35
b1193c41-019c-4cdb-9b9e-43bb1c1fe837,C0322,1035,119,40.0,1186.27
858076bd-2931-48e2-b595-cd194518b37a,C0163,1039,145,40.0,1745.11
5fe91635-6c7e-44b8-b6e5-5e6836a469ea,C0675,1006,170,44.0,1246.91
bd2031e7-1049-407d-9ad6-c71e993ef455,C0182,1044,98,20.0,1853.04
edcc8f5b-8f09-4a65-8ecb-b3f8677b7f9a,C0599,1009,160,8.0,1954.27
5b782240-13ec-46e8-a6a7-47a8d81612c9,C0098,1040,147,45.0,107.45
b5dac3c0-c62f-4393-a5e3-28ebe01dbc60,C0765,1027,75,44.0,232.91
34c7d2c4-cb27-452b-8e23-0e2c3d88f2a0,C0105,1037,163,30.0,1219.89
008b488d-439e-4131-8f98-00d15a38cb89,C0436,1008,38,7.0,449.11
c2a417c8-6cbe-4be5-bd1c-cad4a4391791,C0902,1023,52,45.0,1015.07
2907ad7e-ed84-4247-a260-e65885982cba,C0732,1027,136,17.0,261.2
29b8bfd7-bcaa-4140-b1b3-d37862231044,C0166,1040,180,42.0,983.18
61ed3bb2-770c-4630-a570-7df4453f1bfd,C0504,1018,175,11.0,655.16
cd12c3c7-f425-4662-8691-7467ee6a04eb,C0770,1030,108,25.0,572.12
f271eb5c-5d9a-4f2c-9261-8d21ad8782a1,C0026,1027,165,16.0,554.81
6e9491a8-813b-407b-ad26-55d1049d1859,C0439,1043,147,39.0,1354.03
f8407209-8fc1-42b0-82e0-2acb1d32ecb1,C0168,1037,95,1.0,1486.14
7bfa4763-02d8-48cc-bc31-6ac03f9f42cf,C0386,1017,24,45.0,1917.51
69e32fe1-8802-4317-9440-5472982e732f,C0020,1009,113,40.0,1123.52
d5c00ad1-dd67-448d-89cb-ee3ef1707f4d,C0417,1049,34,23.0,1866.35
5b0b9016-ef9c-496e-b93f-f3ffc4cd964c,C0009,1037,95,40.0,1169.64
af07a838-f2e4-4893-9781-746ade9463c8,C0997,1049,30,23.0,1738.77
9f47ea98-e0d2-486f-9021-29afecd0b97e,C0414,1023,79,11.0,1131.02
acddbc0a-0972-4c04-a2a1-09b253e45c96,C0735,1041,159,24.0,1107.11
84ce7556-8e1f-49d0-9cb2-d9a58f0c1a51,C0024,1036,5,30.0,562.38
92b7b24f-a76e-4890-80f6-a7f1c0f3c726,C0807,1023,30,25.0,561.3
cd04c988-0a30-4e9a-ada8-404d8b5d34dd,C0118,1007,156,37.0,1887.92
13b60ab7-5e72-4910-b22a-f6c54ccccec4,C0616,1040,97,48.0,339.44
bd903631-e81d-4f95-8e45-c002739db381,C0761,1012,43,50.0,1458.79
6894e91f-0c0a-4494-9b15-ecbf893e8b5c,C0626,1021,9,35.0,641.1
e0a67d2f-fdf7-4566-be61-7b6ebd2d31fa,C0360,1033,72,25.0,1351.51
b8731a88-a8ba-4c73-9c44-90d01e6ed7e7,C0864,1022,97,18.0,706.51
8ce892d6-eb94-423e-96a7-e12772f05396,C0177,1026,113,38.0,306.14
ea907499-c97c-4775-af88-1f87ef600c35,C0869,1013,45,27.0,1015.34
2114d816-5d4e-41db-bce8-82fb251bafc7,C0854,1018,128,14.0,1604.41
b1e0a186-e275-4c37-aec1-8eb2b021fe5c,C0363,1044,83,25.0,1781.61
d4ceb686-2bce-42d5-8261-2d283f5d5363,C0766,1045,156,37.0,488.96
dfa47e58-2d52-4327-a43a-daef9db1ffbc,C0916,1027,93,7.0,352.46
46981e0f-c993-4865-97aa-3d7f88870794,C0040,1030,49,28.0,1500.76
11fb7c2c-9add-46bc-9eb5-41f4069ab2bb,C0308,1001,8,25.0,1057.57
c7ed5fd5-45f2-4c23-bbad-5c9f8138a0e9,C0224,1033,1,40.0,1949.77
78a7b04d-c35e-47fb-b989-74445a73b6e8,C0164,1040,93,9.0,71.98
40bd5cda-1e34-45c4-a621-25f748bc0058,C0423,1010,160,9.0,1573.43
6dc83202-450c-4545-804c-213b389e787a,C0231,1001,52,28.0,855.88
8d90e007-596d-4f15-a637-8c676e133a41,C0179,1025,171,18.0,863.68
cd265515-82b9-4b32-8ba5-04531b40dcd1,C0883,1024,89,34.0,678.57
4bdccb6c-06ee-4660-8200-72f9fd2688a7,C0530,1007,163,29.0,1219.4
5d228c08-885e-4061-8924-4f5633d94da8,C0727,1043,20,33.0,697.89
a8011ecb-8e95-4770-af88-8b3accea86d7,C0865,1002,34,6.0,1110.42
d3087e4b-f6c0-4d75-abc9-34188a4b8fc5,C0555,1018,149,1.0,1015.07
d66bd98b-db86-4aaf-bfdb-9260fa08661c,C0180,1025,55,4.0,1412.3
b13a9ec5-247e-4b61-8dc7-536b98d84851,C0378,1003,143,20.0,1487.14
84fa710d-f385-4af6-8fbd-aa853373087b,C0214,1016,77,43.0,1646.56
d0b438c9-c151-4051-959a-eb20e39caa5a,C0955,1048,147,23.0,1367.46
ee0bc2e0-9232-461f-a541-61f788abb0aa,C0806,1013,43,14.0,970.96
c63f7f44-20dc-49e0-b744-13145fff6e10,C0871,1045,143,47.0,252.44
f1f2c8f0-8415-47b5-a567-2290831cafd6,C0312,1000,47,1.0,329.69
7b6a1c65-c130-4b8f-b4cb-655d19f4d54d,C0296,1011,91,37.0,1109.81
571cf09b-b3b6-41da-9795-224c08472027,C0661,1035,27,41.0,290.54
7b0366c9-bb0a-466f-8010-1030ac1d0be0,C0851,1023,135,29.0,1744.95
147e8e87-acc9-4f76-9845-3b1bb667b8b9,C0782,1011,144,35.0,608.98
e0ae9c82-2640-4ccb-9cc6-4b14223410cd,C0743,1024,4,4.0,952.39
3f20a3d0-cc94-4fb1-8b68-fd5e48a2c13f,C0880,1005,114,47.0,1654.8
ad560161-3d3d-461c-ba27-206afd453e7a,C0367,1032,132,20.0,324.72
efd05a11-6947-4f54-9606-8ceeb6bb5976,C0672,1026,181,9.0,755.13
7a794715-ef62-4372-939a-d9bb7201ce1e,C0153,1033,24,25.0,903.19
6148c67a-3f1f-4ad5-8bd1-26cc9aa1a84c,C0676,1012,144,29.0,976.81
52696f49-4393-4c96-9024-8ec76044f411,C0086,1031,137,15.0,928.06
f68f346a-c278-446b-9c53-d886b7c1f30b,C0714,1030,87,50.0,1015.07
c3f7c8f9-0da7-4cc8-b7d4-c8e3a396ee33,C0924,1037,79,38.0,1391.39
b0da9cf9-a952-4a96-af72-942b586c2276,C0751,1023,66,31.0,1932.03
84dc26db-e474-444a-8c48-3db56d338cde,C0834,1031,155,17.0,538.81
05fded45-02a0-4039-a2c8-45e17443d9b6,C0818,1022,148,46.0,742.15
abf07ace-f0e4-4767-951a-1c9565f35aa7,C0470,1003,112,44.0,132.37
1a1e79c7-5960-4ed2-96ce-643eb620c913,C0583,1007,63,35.0,1345.3
91334560-9874-435a-99e0-4bdd34b34b4b,C0351,1019,150,50.0,520.74
a87c1839-1e8b-428c-9364-52bd1d53db8a,C0815,1036,131,33.0,1593.64
93123726-5a1e-4075-a4a0-18278aa7920a,C0524,1032,148,13.0,1736.71
75f0649a-8ef3-4a60-9841-aafff2902fa9,C0846,1022,152,22.0,1076.48
fd4f915c-cc5c-4431-a49b-66edb780511f,C0526,1028,24,19.0,672.24
f7e701a8-a385-453b-bf27-6f9fe68d16f1,C0147,1023,133,12.0,1719.04
7467d0d0-fa6d-4412-8f47-e60a8a78f9c8,C0589,1027,113,11.0,460.23
4ca0da5d-8d29-4945-b438-154e41720871,C0585,1003,143,45.0,614.84
bbf06a39-efad-4976-97a6-c87908b0a478,C0217,1018,54,24.0,1015.07
2b8e9a1c-6a77-4ef7-9215-997c0286ab8e,C0567,1022,51,11.0,1514.88
60f83f63-0a7f-4f71-8ff4-e4521f6caf04,C0075,1026,159,19.0,324.59
a463c54e-b502-4a2b-8a2b-16eb0b42c86e,C0292,1034,166,45.0,1252.74
a88f963e-c3a3-4b26-9e8d-f5fbb40c50dc,C0351,1022,83,29.0,424.04
c2a5edbd-d6c2-49f3-8387-4d61cb874ac6,C0057,1028,178,5.0,1198.12
0e41bfe4-253f-4d86-92ce-042a216454b5,C0346,1006,125,35.0,702.3
234bfc4c-b7e5-4c27-a4cd-e74ad09db624,C0737,1014,157,26.0,860.87
d14d5888-51fc-457c-860c-0b99b69c623d,C0387,1019,125,2.0,321.65
6ce90a64-ed12-4f6a-b41c-4e943bc9546e,C0277,1023,162,19.0,1081.97
afbc7f66-cc3c-4f8b-96ad-c6931dee1658,C0854,1000,149,15.0,1901.31
0d7dfa0f-1c8c-44e5-99d2-caa39523d16f,C0138,1004,90,43.0,712.85
ae742497-9baa-4b6d-a752-565498fb44f7,C0748,1002,36,46.0,1358.81
1f00eb95-f3aa-4bfa-95b8-2ef83cf4f4dc,C0906,1031,16,17.0,1848.51
0c615746-48be-4a03-8125-2d457c736d5e,C0796,1027,42,24.0,1642.79
b308bf5b-7246-4e5a-a238-adb8f588baa8,C0008,1034,85,37.0,1432.51
d52fed9b-3d53-4478-b059-dc9ce930c8c4,C0366,1014,1,12.0,405.16
64a048dd-6c81-496e-8864-fd7f10b69651,C0728,1014,138,16.0,494.24
0c22e6b2-9690-487d-91d8-1bc09ebbf34e,C0446,1007,27,39.0,1062.42
a4e7fce5-2160-4104-a5b6-18c8572c612b,C0165,1004,141,2.0,497.61
71399c3a-8ab6-4514-9a67-f895c589e64e,C0048,1027,139,38.0,1465.79
7dac984e-22f1-4445-bc14-d89fbdfea8b7,C0563,1047,41,35.0,995.45
50c1b694-f11e-45c1-a1ea-4b452e18fe43,C0105,1030,92,40.0,486.27
1faa1c26-3603-4009-b425-4a9644dfd512,C0787,1009,149,24.0,1788.4
172f155f-35fc-4be9-99d1-0be1cf35e3d3,C0704,1027,42,40.0,1393.61
604053ce-e237-46ee-8d9e-e3aba7678ca8,C0566,1015,159,6.0,860.29
b957cc65-e021-4f49-92d8-9aad073362dc,C0593,1040,34,5.0,145.95
9422f893-df71-4b21-b411-e7e3649fc90e,C0013,1029,29,14.0,728.17
98e8c2ba-429c-4136-89c7-94ba73d33592,C0082,1021,88,7.0,1431.16
636c4846-70b5-417d-8092-4bbe696dc169,C0075,1035,106,17.0,962.44
d7396349-8d2e-4d1c-9014-3c40b7444a43,C0519,1031,38,17.0,601.83
ceb7bbf3-2212-4fe5-bc00-f3798b1fef84,C0818,1038,81,33.0,751.04
9e24170c-9d8c-48e7-bfd7-7e0d4359b2bb,C0127,1029,3,23.0,1000.74
23724598-c647-46ea-9e04-d388c2e8cdbf,C0363,1044,121,25.0,271.96
fd7f8f70-dbf1-45ab-9acb-15f1494bb97d,C0252,1046,127,6.0,479.7
91f4f6ce-db0f-42f1-960d-a775926638ec,C0259,1035,62,40.0,1420.06
228dc0e6-73c7-4858-9d1a-dc00f69a72de,C0404,1002,106,30.0,1015.07
a1be0620-1410-4b8f-9e28-dbd84fa85595,C0203,1014,141,14.0,164.73
7bfe695d-00ea-48c1-b08d-d2b93533d944,C0533,1016,155,49.0,915.02
bd9921ae-c5d7-413b-ac24-80c847df574c,C0831,1005,15,44.0,1102.56
ea905288-40b4-413d-b8a0-ed3f612a13a2,C0165,1000,18,48.0,295.83
83618174-a526-49ed-8a0e-ad00f70b9155,C0219,1023,108,6.0,1349.1
27d5de68-3799-414e-9e3b-6cf380fdcbd9,C0256,1041,15,36.0,1403.03
41044105-e5de-4f58-98a1-f8ce170779f6,C0592,1022,123,25.0,1638.35
1a01067d-feed-4290-8175-ead7816f651b,C0290,1048,152,38.0,647.87
c4b370a9-c73d-4028-8e69-09c84c54cd80,C0165,1031,125,31.0,1805.38
9a779059-8bc8-4041-a87f-1380b6a6bd93,C0017,1008,90,16.0,1420.41
0611d835-0de2-4bf2-a39c-d228e9a31708,C0210,1028,181,23.0,1957.58
b15f06e3-5a9d-415e-a65c-15a41257025c,C0901,1000,50,40.0,1115.85
cdd58995-118b-4c97-8aa8-8b5993e9017f,C0945,1029,43,15.0,519.54
b444b076-e513-481e-af57-6ac5b2344d0f,C0542,1012,122,6.0,1078.83
0f798351-b00a-459c-9f2d-dd15ff6cd66d,C0682,1008,139,11.0,1532.27
726ecc48-59ab-469b-98dd-ff0d5f35c795,C0929,1008,120,12.0,450.19
1ee75beb-d71c-40bf-aa35-de2ed89ce697,C0437,1009,116,33.0,1371.46
0c9e7f5a-dc4f-40de-9f4e-02ba2040ecef,C0226,1046,112,17.0,1418.86
08803f53-8873-4f7c-83ac-addf7f3a283f,C0226,1012,59,35.0,1267.95
0ee25e39-3083-442b-8abb-ea9d69d564b1,C0133,1010,135,46.0,1714.05
1e74abde-9d14-4f3a-99f8-30cee03d5578,C0084,1003,99,25.0,335.11
1d87c177-4150-402d-a769-3a95a4ab9240,C0447,1008,102,47.0,216.34
6d52b8c6-be35-45e3-b9d8-26cfe5e9f9ce,C0725,1000,22,15.0,1429.94
9350550e-eae7-42ed-8e39-8f797395a462,C0719,1025,53,41.0,744.39
225204fc-9ee0-4080-9a31-3a633a815f08,C0632,1032,36,34.0,1626.16
9b4a7e62-ccff-4e58-a62d-4e30c6770c60,C0049,1003,48,15.0,1914.87
27d94727-08b0-4466-92b7-0b0f291f8469,C0798,1031,117,26.0,885.34
6b344fd2-f5a8-4cde-976a-11076157ff3f,C0711,1023,97,30.0,1663.36
3dda9802-bd29-4abb-8a10-1f943b845efd,C0719,1016,176,22.0,1624.64
539024f0-a859-49fe-88a1-07805d744768,C0105,1021,32,24.0,1441.86
e13e04dc-a348-4320-8870-e32618c24660,C0179,1045,45,34.0,1385.82
69398204-32a3-4bb8-b8de-4695198a0faa,C0056,1004,7,14.0,1579.09
114949c6-d8b8-4a8c-b631-be5dbcefe221,C0426,1032,141,5.0,1319.0
ee78a657-f451-48d0-a267-a30ce7672702,C0164,1015,140,48.0,522.56
7abe80e5-bec5-4940-9b04-bfe68a130118,C0224,1017,178,24.0,1064.66
2716959c-9e12-4b8f-bc78-a43fe4bdb41e,C0188,1045,91,29.0,334.43
b91fe025-f365-4883-b6ba-cddc4503b664,C0422,1006,178,28.0,1142.24
6a3619c5-4f55-4c8e-9fdf-70270e9b21fe,C0676,1023,41,49.0,371.03
8d4f3a3e-f620-4c5c-9274-2f574d093415,C0884,1018,181,5.0,1419.18
4e32b3cb-5083-4222-b815-3cae8692d55d,C0002,1004,136,27.0,363.39
fbd34f13-2760-4ef1-92fe-4b5c5875cdfd,C0319,1010,168,18.0,465.36
a9f8f101-db6d-4e31-a663-70a85dc57fab,C0621,1024,33,36.0,211.1
bb51e490-2f7c-46e9-9485-91abe7605ba7,C0959,1022,4,10.0,418.49
5742ca8d-bf56-46a3-94df-de86c887ba6c,C0068,1028,33,34.0,1170.06
558bffd5-ed0e-4309-8161-deec64df95b0,C0077,1002,16,24.0,417.04
39c01e8e-dc95-4242-b00f-67ccf64ceb56,C0041,1036,160,12.0,1258.56
cd3d5600-ffbe-46c9-8017-271ee075342f,C0285,1006,86,42.0,1807.4
c3b2b053-7df2-447b-ad41-55512fe89ede,C0255,1049,153,34.0,657.08
555178d7-30a9-4c47-a5fb-249fa05fa488,C0517,1031,127,50.0,1411.16
1515c637-8f3d-4bd3-bdcd-4f5661a2a9d3,C0577,1042,29,40.0,1620.69
de89fe97-9009-4965-91be-83d49b2a8e13,C0200,1013,135,6.0,1119.19
97c87a68-bcc6-4329-84bd-e65de33deffa,C0678,1001,44,31.0,1015.07
9622e350-9e95-4025-9cdb-0d5bd1669911,C0067,1029,77,1.0,1490.18
b2cde40e-a830-4ec6-8f55-241335aae7cc,C0823,1033,48,10.0,1378.82
c8da6b8b-1eb5-4c47-879a-62b364249732,C0154,1039,175,30.0,892.19
e689d8a5-1236-41ae-8039-b8d6fa5b7346,C0617,1007,30,24.0,1909.73
467c91df-e90a-4124-9a29-9327a50340de,C0980,1017,10,9.0,1015.07
a0a478cd-8ab9-415d-85b5-803acc17c25b,C0796,1003,78,38.0,1256.13
9ff9a9fb-6368-4cd5-bb67-42cf5b61fa18,C0257,1047,143,48.0,274.16
dcd24495-9bca-4ee4-8bf8-a19c383879c2,C0616,1040,50,6.0,1648.36
0411c7d7-2776-4283-9974-cfa68afc6be5,C0695,1034,109,34.0,1876.31
2b84bfcb-ed75-4c49-9879-b6dfa2e4b5dc,C0604,1022,117,13.0,697.29
4d365c41-bcda-40c6-9b49-0cb8f5a41a47,C0017,1025,179,23.0,1126.56
e65527af-7d8e-48c3-b2eb-519aff5f95d6,C0472,1035,108,28.0,1133.51
a035c6d1-a9d6-4362-9d18-596d4b94982f,C0993,1017,117,47.0,1237.45
c689f7c9-8e85-4739-8572-9bb90a0a2c24,C0382,1008,159,25.0,179.32
d0beb938-5bf5-433a-824a-bea52d22b52c,C0849,1002,97,18.0,179.38
09756b81-d295-425e-a8b5-6980de210bae,C0800,1023,131,31.0,714.34
ffe78d83-1032-4f4e-96b6-c7b09b512c69,C0091,1040,144,50.0,1422.53
be399d0c-6892-4a9a-a3f2-bf5503ea6732,C0134,1022,174,33.0,346.09
7b410b4c-033d-4408-8f2c-99d5b82151b8,C0215,1010,176,29.0,904.85
2a2b8cc1-c141-4ee9-9970-7d17c2b2ad3a,C0156,1000,23,8.0,1570.49
9b4a2e0a-c513-4844-8cb7-ce4fc644f73a,C0171,1020,9,49.0,1939.81
d9ae0d0e-6b94-4b66-a2d4-107d92b0d1bf,C0958,1017,32,28.0,1074.23
695dc421-a567-4ff9-af2c-614639abc740,C0112,1032,47,7.0,329.82
bd081815-c7ab-4430-9365-997cc26dc78a,C0643,1024,118,42.0,1160.87
a73e5ccb-a04f-4b05-961a-ababc2704c95,C0605,1009,72,47.0,1671.42
f3376615-5e13-40bc-b48d-f2836cf85c54,C0502,1035,103,9.0,424.7
91b43ffe-c971-4a39-acd5-3f613026a4b9,C0279,1039,127,18.0,463.35
f4354428-68b0-4106-8fc2-4a1ddd698a3e,C0782,1010,119,13.0,898.13
0e9cca06-156f-48b9-a72a-bcb9156de690,C0957,1028,60,10.0,1373.87
f2aaf669-9254-4ed3-b9b3-b19a53086ab9,C0725,1024,80,37.0,624.92
e7319784-09fa-42c3-97fb-c2fd0eb69423,C0866,1038,87,40.0,662.4
5e3c261a-5875-4025-afcd-7c4bc36a5437,C0226,1043,163,37.0,1379.48
b1c90a4c-e854-45af-afef-1565492dafb3,C0747,1020,128,26.0,686.62
261f507d-6cf3-4c05-b6f7-3427a3114768,C0266,1025,9,13.0,363.99
af72b036-4b94-45f0-bece-8eb5240c4aa9,C0780,1035,146,32.0,1951.39
b8457903-2463-4c0e-950d-7747ded0974a,C0016,1001,86,28.0,917.34
9924af4d-ab88-4671-a493-a5b64afd0b61,C0851,1029,153,6.0,1033.61
cd35119f-2720-4b2e-be39-3a6edd90075f,C0596,1008,152,16.0,303.63
161fc32c-1010-48b5-a38c-78ae05b43f6b,C0703,1019,42,8.0,175.58
c10d9eba-28cc-4695-b959-e8c56c8d8426,C0112,1043,136,20.0,1219.73
905a73e3-c06e-4704-b99b-507ca9694cdf,C0937,1040,165,50.0,446.31
a9e241f2-b9d0-49c0-9628-79b8f08bbcee,C0002,1040,115,29.0,1374.93
8a668c7d-f185-4887-ba71-0a9c6235a4c9,C0133,1033,59,40.0,62.74
d6969685-ee4c-4eba-8b99-036dfa79084e,C0673,1035,102,40.0,870.49
3dfa1df7-5f04-4303-a659-39ffa17ddcf1,C0797,1040,119,22.0,1291.29
b3ee9d23-d70c-4e30-8b1c-63830a899f5a,C0857,1002,35,38.0,674.91
ef92b1ce-46d9-4d8c-b300-8760e44bbba9,C0523,1036,50,38.0,1596.72
aee1f8d0-b57d-4f01-919c-9938adebc508,C0970,1045,134,37.0,1967.08
a20dbd82-ac0c-48a5-a854-38a1f427dbcf,C0156,1045,3,36.0,1435.06
600730b6-d8c5-4083-b2ea-ed6c720bd9d8,C0824,1009,35,42.0,183.85
586d6c29-cb5e-453d-aede-28d9567c0505,C0012,1006,84,50.0,953.63
6a5e7c0e-537f-48b9-a106-ae97115677a9,C0625,1039,134,27.0,762.0
04c60e0c-79c8-4f20-ba44-77e58a312a8d,C0590,1035,1,24.0,543.81
1b8d942e-ba19-4e07-a05f-eaa36bfbc55d,C0284,1038,124,40.0,225.6
67f8cb27-b226-4315-9f44-4f2c01bb4270,C0179,1016,145,14.0,1959.14
4fdd0f11-f4de-4ef4-beeb-44ffbaf19794,C0563,1022,148,49.0,255.49
e6fcb493-5a48-4395-a3b2-e0fc28005252,C0793,1000,179,41.0,476.29
21ee9450-bf11-48cc-95a8-b2c59f2780c4,C0735,1020,53,21.0,697.64
5e2bd60b-b5c7-4f25-a855-b7532a14918c,C0285,1013,49,23.0,1680.87
96aa66dc-bbd2-4edf-b7ce-e57a12591051,C0588,1049,80,39.0,1195.6
bd989669-d369-4007-a4a2-671c900553a2,C0454,1036,88,50.0,1012.44
2cd147e5-8d92-471c-b15e-5d81d5bf2ccc,C0321,1042,83,20.0,897.68
3c411526-d1a0-44b6-89d0-d520a9d64c95,C0225,1047,53,14.0,706.36
91af45c7-c03a-4d85-8cb0-d079574743ab,C0726,1019,152,27.0,1674.81
a0bf595e-8d20-4fc8-ad4e-112803be2626,C0370,1009,1,49.0,992.52
6c51766e-03b8-4099-8952-bc0ed29cae38,C0908,1000,55,11.0,1608.0
b7d94cf2-f0f3-40ec-b7a2-163b31f855d6,C0026,1030,123,36.0,675.06
11e7922f-7668-44fd-9f01-9c3ef21c2425,C0383,1035,25,29.0,1942.11
0165cb3c-6b5f-4152-b0fa-f462d47037c9,C0627,1049,135,29.0,1000.33
65fbaa4e-e55c-4165-ab95-79ccb024b57c,C0033,1012,76,35.0,636.65
eacc3ab1-1747-4011-836b-927ede60e244,C0068,1035,28,46.0,1015.07
2321a13d-0f46-4588-98ef-7f9b1f3064d7,C0110,1046,84,47.0,227.83
2c5fc395-228f-4fbc-80a1-8d7b89d48718,C0368,1008,22,7.0,1015.07
924b77d2-6be0-4bb8-8a1d-b3e1a5ea2a22,C0794,1019,38,25.0,1414.31
82091c7f-f451-4059-9535-009c6225a915,C0411,1031,132,25.0,541.62
37eecd6a-c299-4797-9ebb-3b2899f340a6,C0047,1015,156,36.0,1422.35
7f63b922-198d-484e-b621-20a684021742,C0468,1037,5,22.0,1044.94
be57dc1c-8ca4-41f5-bb16-488731d55c8b,C0967,1038,11,19.0,1538.59
18f9bb79-bd2e-4c86-a234-44245bea4599,C0552,1037,15,21.0,914.59
ec05e9a0-4f25-4aba-a7c6-651b5bb8feea,C0342,1010,173,14.0,1015.07
c40e31e2-21a7-4c54-94f2-df6eecc6c6df,C0390,1031,93,6.0,884.23
17f3a4ba-16cc-4a51-af34-4084ef148f27,C0749,1032,161,48.0,559.84
b12108f5-5dbf-403b-9d47-5485e9fcd2c4,C0375,1027,11,46.0,1717.95
df9fdebd-35ad-4e90-b16b-38a925b9f5ff,C0317,1011,116,47.0,1528.04
6a27fe7b-2850-468b-85a1-62e5e783663e,C0596,1027,101,4.0,1247.16
c121990a-9bd6-4440-9a96-1ca2d6262fe8,C0717,1001,123,34.0,594.08
5f4b22ca-185c-433a-becb-2c5afcc9e956,C0367,1049,65,8.0,246.25
b30d7bca-5188-4710-b00d-1322d97b2f5b,C0502,1040,130,15.0,1455.11
be38b9d4-fb4c-40dd-8323-14cc851ca4fb,C0695,1049,85,50.0,657.34
04dfa5c9-53b8-4a82-ae28-817350d756f4,C0586,1030,61,36.0,1084.19
53e3badd-9179-4142-b3ef-300f2090cfb1,C0783,1000,41,34.0,1826.14
38df0031-cdcf-409a-9617-0c5b7b09444e,C0335,1033,156,25.0,1512.96
33f8e0a8-cc95-4111-958a-a78589d4dc5e,C0517,1040,121,24.0,1155.52
83e005de-f6a4-4cfc-9d2f-ed71a71623d3,C0857,1002,54,44.0,981.94
cb96c1d0-1965-4bcf-988f-bffb7bf50ae7,C0142,1031,136,42.0,50.97
7c4d210f-846b-45f1-805a-c82f53385a6f,C0179,1015,85,8.0,1443.35
8daf12a7-5811-40ba-923f-97c87dfe90a1,C0746,1002,131,34.0,1957.53
4bee0456-3bb7-439b-9636-c079518a4f1a,C0026,1026,172,12.0,1618.88
16a0519a-bbc9-419e-ace6-f234f0060a4f,C0095,1012,118,5.0,1906.71
8cb1df77-9e5d-4071-9768-4ffe1b3ec633,C0331,1019,178,7.0,1631.83
47b48c5d-eab4-4e2f-a7a3-4bbc462cb70d,C0597,1024,116,26.0,1996.4
a3ba5325-1dbc-4431-8e81-eb09fdecde73,C0908,1013,74,11.0,1932.01
df071b8f-56df-44bf-b947-bb3b8bd06202,C0893,1036,1,34.0,1552.3
efe51e3d-e0ff-4777-8d25-582e10e15ef2,C0959,1009,36,22.0,1894.79
fd0e3381-7de5-4af6-8b98-1a74d1610ee7,C0842,1007,57,25.0,778.21
3d8fb0ed-601a-4e56-a897-793ed95cc72e,C0293,1013,13,41.0,649.06
de535afa-e0f1-47ef-9258-0eca88650b26,C0509,1049,45,28.0,1272.97
8983575e-8da9-4107-9218-3fe4107cee73,C0846,1017,124,19.0,1109.46
8093711f-04f7-4e72-a8ea-1a47e4546d8b,C0155,1004,78,37.0,401.48
3eb743d5-19ae-4291-ae0e-5485a1d681ff,C0393,1006,29,12.0,1102.69
940b40f5-c416-4a6a-841f-db51ad4c3f14,C0120,1035,154,41.0,159.03
8cccf011-37dd-4210-9a85-42219e2b67fb,C0623,1018,90,25.0,557.44
35b711a2-0d35-4e29-ba31-647c8299e24a,C0724,1006,131,5.0,1574.24
76e3a14c-e85e-4d59-a377-350a3e622687,C0599,1004,18,31.0,339.07
5508c826-3f6f-4621-87a5-b76dbbaa30ab,C0651,1006,140,23.0,1557.63
0f1311c8-f6ac-4139-aea5-8641b7b26f3a,C0936,1041,19,9.0,732.07
dae8c411-0acd-41fc-9027-e051114b39ab,C0821,1025,137,3.0,686.03
2ed9de07-655e-4262-9e1c-8777a6027675,C0501,1022,7,21.0,862.55
1a709c50-d6bb-4db1-a148-2d65d38785d8,C0989,1014,134,7.0,1729.87
c09af74d-a035-4bdb-a1f1-0c9aecc87c7b,C0383,1006,67,33.0,841.11
fc5ca328-560a-4e87-8398-9bd1fefa367a,C0506,1018,89,14.0,1579.1
5da5ca4e-7777-4fd2-bb11-75ab38715693,C0015,1011,29,25.0,661.69
a9ae28e8-8b47-4dd2-a613-8f439c347784,C0833,1030,119,3.0,1374.09
f44deeca-0712-4e40-bc78-370b4311cbce,C0745,1003,179,24.0,1993.28
de58653f-b438-48f0-b9b5-bef51bc99a54,C0414,1045,30,46.0,1137.53
10dd5018-9c53-4afa-8cdb-0ccf3c17173e,C0385,1003,56,2.0,91.48
0376ddcb-fd86-4918-8f9a-c22a1f5f64e2,C0530,1022,166,8.0,950.9
1dcf71f5-5208-48ed-b8b3-8ac643af84bd,C0883,1033,140,35.0,741.83
89484481-a882-4de1-8dad-c7e7d503261e,C0735,1037,41,28.0,946.83
ca112a02-cec3-4e23-9eac-0a8eb5c37f3e,C0720,1029,33,28.0,50.39
8ee9ec5a-9891-464c-a2d0-1a51b9b4605a,C0094,1015,26,5.0,727.29
94246edd-bd49-49a9-9617-805b8dbaf4d8,C0411,1029,115,5.0,1257.84
2dbd3877-2f39-48ac-bc19-1e8fc422924f,C0119,1011,36,20.0,1954.81
4dbfa2f0-1aae-4d5b-b689-427b33de0e44,C0604,1007,106,11.0,654.34
a9950de2-2ab1-46e5-94d9-dbda64cd9625,C0039,1031,156,35.0,286.16
20314205-de98-430d-8ed3-07f1722681b8,C0475,1039,76,45.0,1125.15
569373e7-2b11-4ee6-ae33-ec2ec4dad074,C0370,1045,38,26.0,820.01
af37bea8-9b30-4889-b1be-83b0c5467389,C0402,1012,46,33.0,611.88
3d944d06-19d1-4dde-aa0d-4f1024c57f2b,C0534,1048,80,35.0,278.28
ed995d65-2b1c-4416-847c-788e04de8a7a,C0559,1011,147,25.0,851.44
e142e2a2-2175-4bff-a0e4-e82696c255fa,C0753,1019,104,9.0,1164.65
6e6832d9-33b4-49bb-863b-1b357dea831f,C0976,1022,178,24.0,1015.07
3c14bf5d-428a-495f-b854-dc03c849b839,C0810,1027,164,20.0,900.76
77d44449-4234-413f-b4d5-cb993ea9add7,C0810,1015,14,19.0,1926.59
420fc09b-8082-4353-b528-05ec678041f0,C0207,1039,100,21.0,792.86
662a57b4-bc3c-4c63-af37-d47f518ce8ff,C0126,1009,136,45.0,1885.69
096830a9-544c-45cf-ba49-bbe5a2a5a5dc,C0170,1022,111,13.0,308.96
8fadbee4-ae72-4a1e-be35-33aa891eaf2b,C0539,1007,3,2.0,876.92
9574741d-e352-4b00-920d-3686bb3f2002,C0287,1008,9,20.0,1515.39
436a9055-e465-40b0-a921-8e467ae9b533,C0282,1030,150,11.0,1112.8
24b7cbec-29a0-4960-930f-5dcc4167f867,C0898,1027,46,10.0,246.26
82d0ad9a-7f8a-4148-bce0-23a4b7b2ee3d,C0900,1042,118,13.0,1015.07
f2e3a77b-af9f-43fa-b189-bcb6d1051ac8,C0617,1019,115,4.0,146.27
f206f29c-fe59-4363-ac1f-39feefd029e1,C0021,1028,124,40.0,883.43
8a2a4757-538d-4b94-8ad8-70b3642dc3e2,C1000,1033,19,9.0,1325.74
4227d6d1-d5bd-4f59-aa1c-27e711cc6247,C0254,1003,165,39.0,164.99
153aff1b-b2b3-42d2-8688-e0cd11090f59,C0720,1047,3,35.0,512.74
0a888877-49c5-46df-954b-067c8170906b,C0008,1018,138,3.0,286.36
f1cc7b24-b768-478f-a7bc-7fc4075e78dd,C0294,1013,166,19.0,157.25
288f81a6-28bd-426b-82ab-feba45454457,C0180,1046,102,49.0,833.82
8797b675-ed64-4bf4-9f16-b1f79d38e7bf,C0961,1025,70,40.0,1015.07
5b71f48c-dae2-4e41-88fd-528994a86d9a,C0249,1013,74,13.0,1001.02
0fcfb563-1bdf-4a72-8cff-dea83bf3de6c,C0176,1047,96,35.0,572.27
fc54a554-b61d-4430-b0f3-c264115bd272,C0325,1022,63,27.0,435.28
b7829bc5-41df-42e0-bfcd-f5b1aff408a2,C0611,1001,175,34.0,161.35
f145cfcc-f939-4d60-bbf7-a27112413984,C0944,1048,32,24.0,696.18
32c638ff-1320-4b7f-8efa-c9f5d9e0fccb,C0091,1000,60,42.0,1851.16
66bb2c3a-b067-4a73-b7de-1001fef0137a,C0948,1017,159,25.0,1831.76
9e6fdba4-dfd9-46ba-b166-efbcec4b7047,C0601,1043,181,43.0,651.46
17c7bf95-b10c-4e30-b8c4-8850df033102,C0695,1033,123,50.0,1364.03
e7666542-be4b-402d-846a-383eeb32b889,C0456,1034,36,44.0,1015.07
be3de547-1c0a-4ec1-9259-42d17dc66163,C0318,1026,169,12.0,213.68
e31646d8-9c93-45dc-ade8-1780ebcc1e1c,C0068,1033,90,40.0,878.54
153c8962-e733-47ef-9bc6-f52812c12635,C0833,1041,108,3.0,885.93
8309bab0-b24c-46ec-b9a9-eefcca7a27a8,C0781,1025,127,12.0,270.15
6325e15c-3e0a-43e2-ae2d-f88839258352,C0968,1000,154,37.0,1776.38
7159de92-3f16-4d8b-99a1-9477c9cf55ed,C0712,1016,116,17.0,349.55
6ec13a63-b610-4549-8a98-c9a2af5f69cd,C0550,1011,40,40.0,396.47
d226fbc8-6174-47c1-ba4c-b7cc192bbc6a,C0101,1045,16,29.0,1483.87
92bc34a8-6be0-4359-a9d9-5e51cba223bd,C0515,1049,94,12.0,912.07
7a7a2c44-9a43-4ecb-805f-5ed13bce58b0,C0555,1018,139,47.0,1025.04
f89a5e45-ee65-405c-b095-ae4749f10534,C0058,1044,168,14.0,274.38
02c8e435-d2fe-4cd0-9147-3184f12369d2,C0989,1025,170,6.0,513.43
85d6c14f-8567-499d-8d3b-6d6bbec083ca,C0021,1000,116,38.0,1015.07
e8c92a91-040c-4e5c-84fa-0e69d7457a0b,C0960,1009,107,2.0,962.4
3edea2f7-0558-476d-b5eb-9e186ea34d5f,C0887,1014,165,17.0,1897.14
732fac83-033c-4a24-a914-e7819db9b10a,C0030,1039,172,33.0,773.54
183a7344-9ed2-45de-9e18-ddbba312c5fd,C0902,1026,37,43.0,987.78
7b816371-2912-4a46-84ba-51c17888d47a,C0504,1044,40,4.0,778.82
ff27a166-175c-46b2-b0c4-c08ff403018d,C0991,1012,154,4.0,1015.07
4ef8f157-cc4b-42b1-ace6-0b4a609093b7,C0181,1026,84,2.0,440.32
86b090bb-ea74-475a-a8c2-143b654657bf,C0173,1020,19,9.0,1158.0
5fd11722-761f-4745-a68d-22c86544e7dd,C0493,1006,74,25.0,604.97
374884c0-99ea-4099-827f-31071f88fff9,C0390,1009,78,25.0,824.4
32b0d474-64e0-47c8-a4b9-983aa4ee62cb,C0895,1020,57,1.0,1364.34
b0ccc035-7083-4036-a963-93689c6a6049,C0534,1049,8,23.0,989.95
0b815685-a796-4c15-afc6-636f7cf8286b,C0795,1025,93,9.0,1015.07
704c9a1d-b3ce-460d-9ba8-a3922a393541,C0176,1005,93,6.0,1575.06
b3410993-9357-46ad-a690-f248139c6115,C0938,1023,54,29.0,1725.9
34567cbf-78f7-47f5-819c-a34e86f023af,C0591,1049,159,32.0,82.37
5ed2fd58-561e-4076-9c49-69089ae94862,C0593,1035,158,16.0,1169.86
1ef2e3f4-3964-42ad-a7f5-c6fe25b77869,C0337,1031,16,50.0,1015.07
f7a65b25-ed9e-4d85-9b06-d7300da5c10b,C0479,1001,27,13.0,458.44
cc53a9d2-4dbf-4561-be18-66bcbff899e6,C0112,1028,68,22.0,604.57
7bcea613-4504-43c7-af82-d778832a30b7,C0847,1016,43,36.0,63242.95
97aba2ae-470f-4c51-8e4c-8f9e19b51903,C0664,1032,25,6.0,1015.07
7f61b318-2302-49d6-b32a-961670180576,C0612,1030,31,9.0,1307.63
73b87b7f-77b3-4d68-98f4-ea86c0c6e29c,C0551,1006,63,45.0,151.68
57229c50-8bb3-4055-859d-4eada1d54d53,C0590,1044,151,41.0,1557.55
bad0982e-a724-4a2c-a69b-09bb902b6084,C0972,1047,94,39.0,1305.7
857f6f22-a479-4f66-86ed-f780fa821567,C0499,1049,172,14.0,1699.19
a605a255-dd20-402f-b2b5-4fb262b97300,C0903,1040,103,21.0,369.64
88b44eb9-8072-49d2-86e8-e8cf3cecbf1a,C0656,1031,120,24.0,736.68
33409123-eca8-42e3-823b-8574551dfe3f,C0026,1014,109,49.0,328.62
388439c1-470d-4b96-ac2c-36c6b70281cd,C0982,1002,30,36.0,1385.98
a4378f1a-0044-4b7d-b171-4edcc5c10b5f,C0845,1041,85,25.0,1427.68
fb9aef4f-9a30-404e-babb-248d11f21d3f,C0359,1020,155,37.0,995.54
d3e37738-0ac9-470a-aa29-941b5654f6cc,C0293,1042,34,14.0,446.13
641bab62-d216-464e-83e8-68a552bf9ffa,C0483,1040,58,38.0,1164.87
c22ce58b-912e-4e44-bb97-612ce21514b1,C0292,1024,36,48.0,1422.36
2b6ab443-e318-4336-a1bf-e7982b153829,C0983,1025,22,26.0,945.26
82088c0b-61fc-4467-aad9-7893678ab80d,C0377,1043,28,1.0,981.96
7294f2c7-3a2f-49dd-bc49-7b1d27570939,C0269,1046,20,13.0,52.82
e07ad5bb-5d47-48fd-a3f8-2f739525677d,C0744,1021,52,22.0,858.82
5a6e6c34-32b5-4082-b373-1e344b146e1d,C0374,1042,123,1.0,1845.6
49360b61-aea9-4744-bf19-7613a23beff6,C0032,1047,42,50.0,1919.73
e5793b1f-0f76-4c71-9b17-f6563be858c9,C0153,1013,127,47.0,1566.07
0f155621-3d6e-4f33-b964-8e8ac42029b5,C0126,1018,1,46.0,818.36
be2a8b80-8447-4a51-910f-d686977fc9f1,C0891,1037,181,44.0,875.72
a5596354-383c-4cfb-b1e4-83688f8f8e2a,C0964,1041,138,18.0,1437.05
d56fa780-7e80-45fa-878f-dd6f48781f6f,C0690,1032,105,9.0,1502.15
3de489c3-33f5-47ce-81ab-4884af0f5496,C0136,1011,42,19.0,813.06
0b48f0b3-9948-403a-b7ff-4fc921e9e127,C0993,1047,111,25.0,1534.11
a8623973-ae75-4594-91e6-c71033fa8540,C0191,1037,158,17.0,186.33
d15b2e3d-a959-41af-940e-c568262f19d2,C0861,1040,173,2.0,1228.39
f69dfecc-a53c-471e-a890-b5c122d27257,C0695,1008,80,28.0,1137.86
e78bd819-2d1b-4371-9b29-ed7c0c5e1699,C0202,1006,5,26.0,461.67
62517741-3bf5-484d-85c8-1b114cc72013,C0199,1033,46,12.0,1015.07
d6764f46-f92f-4136-bf27-3aa62d9b7dee,C0039,1021,41,33.0,92.65
e5e64f6c-e666-487a-a274-5dcf19815845,C0396,1048,102,46.0,157.94
f4cc4799-cf96-486f-9328-3f81c8d2b497,C0308,1030,46,45.0,1964.55
a4695896-17a4-4422-b6dd-4bbb0762024c,C0706,1024,89,15.0,752.51
7e00b16f-5460-439d-af77-9e30e93e68d9,C0578,1029,160,37.0,1819.96
6d160ceb-e43e-47ca-9bac-7939fd083d56,C0259,1022,181,44.0,1543.42
73ccb2c2-0c42-49f7-a007-fcec9900577f,C0845,1002,177,30.0,680.17
82563a92-ff33-4da2-a462-ba65bf3fc355,C0599,1048,175,11.0,1186.97
593f119a-73f2-4948-987a-c7bcf11b9ecb,C0234,1049,36,10.0,246.5
1659c9e4-c45c-457d-a0a3-0576ba12c798,C0293,1011,56,24.0,306.06
0e9728eb-1e33-4530-9f03-ee1d7ec65909,C0511,1032,162,6.0,1015.07
c8a991f5-1af7-4831-94ef-5f5a637b0761,C0112,1019,163,9.0,1015.07
32dfbd1e-13b9-4c6f-9b88-5e0371a6b51d,C0639,1001,71,25.0,329.74
b1dd8c02-1799-4730-938a-4deed4ad092a,C0807,1017,95,42.0,779.18
563c862f-7835-4ea4-a171-37dcf71af9dc,C0219,1025,13,39.0,1975.33
90f31154-d640-46aa-b225-bf0b73c78edc,C0151,1025,53,5.0,518.69
6a19f743-2940-4ac7-8a31-b6c4d4e748ce,C0436,1010,169,7.0,970.64
c0289593-6577-46f3-bb20-2ec38637de73,C0968,1025,1,42.0,1712.96
34b8863b-619a-4b14-b07a-0a5eeed024b7,C0810,1019,144,7.0,1015.07
383262f3-d56a-47da-a8bd-8bf1af8c4ca4,C0524,1000,144,15.0,1860.17
e528b384-8a25-442f-9a14-dfbc1329a4b5,C0745,1046,112,41.0,1697.22
5d2f31cc-216d-4d75-b473-045a61d73df7,C0814,1000,37,41.0,915.26
cfa02769-a826-462e-b38b-04a2a4a268db,C0427,1040,59,26.0,158.54
5e4f24eb-98da-4091-a9b5-9fc3db9ada7a,C0496,1028,178,28.0,1061.67
fd1d4a01-9a51-4ee7-9a39-a035796f8a78,C0456,1036,118,2.0,556.56
a681f4c2-c47d-4ac0-9078-103749f300d8,C0482,1049,20,22.0,1904.81
a673adb6-7eaa-492f-a4b4-62871d14ce80,C0456,1001,63,15.0,1301.23
9bd45998-6b78-4c33-b917-ef485cded3b7,C0495,1047,122,21.0,422.55
518c7695-5628-4c2b-b2c4-6323e6fc1c40,C0986,1012,50,8.0,1075.77
d0635289-5afe-4c9a-87ec-99b016189cb4,C0495,1041,10,22.0,922.74
67950dc2-dda2-4652-9116-71d9e683e3c7,C0439,1045,37,4.0,54.37
8552f54c-0ec5-4916-a813-44a437bc3fb1,C0088,1009,48,38.0,1015.07
dca15a87-9c68-4812-ba46-1a6c8a67b068,C0882,1030,39,1.0,798.89
e9cac2e1-bc8c-40c5-a00d-409fea6c91a2,C0482,1015,11,20.0,1928.14
d3d38a44-ac84-49ea-a163-eb53afd6af59,C0584,1001,1,36.0,575.54
abb4a821-627d-4ae7-b28f-3ff23636969f,C0198,1004,31,31.0,1579.17
cfdbeb47-2a5f-4078-b75b-81a1c8d0f3fe,C0711,1039,5,40.0,1015.07
c84cbe8c-8329-4c92-89ce-399afb69c576,C0891,1024,12,1.0,282.99
e55ea63c-53ea-476c-8f80-b52dd32c4b59,C0430,1016,40,18.0,952.63
2ba08303-31db-45bc-926a-07ad447c2a9f,C0690,1033,119,8.0,1048.64
0e327b2c-4137-4d45-ae12-75948719a940,C0300,1008,111,44.0,1015.07
e10548ef-c839-4489-8c1d-a29325fd9973,C0860,1030,164,49.0,782.47
92c9f8b7-a6f1-4044-8ab9-b73473a12a60,C0266,1014,42,14.0,428.08
46110a26-1441-4c68-a0f8-5e2f1fb0deb8,C0671,1023,156,29.0,538.59
15d28cec-6c72-493b-a641-1f4badc2b60a,C0237,1034,16,21.0,1422.87
c36cf449-7277-441f-ba31-4ed78809e52d,C0376,1017,34,32.0,1837.76
7cd09ef4-255a-4e52-9faf-0c23cb2ca417,C0246,1014,33,25.0,848.63
c31a97d4-8851-4bdd-82c0-11f93e429287,C0604,1000,102,28.0,1069.65
54f7cb5e-25b0-49d7-a744-b3113c3a6d64,C0184,1034,144,44.0,1446.67
17788fa1-7152-4e65-99ff-d6d1a6c69f1b,C0784,1048,102,41.0,138.5
817511d0-0136-4b7b-8829-d0082a8f9ac9,C0704,1006,100,48.0,1080.38
75f316c9-575a-4ab8-a081-1fb09c125bd7,C0447,1032,23,4.0,31585.65
f98a0ce3-85c1-4018-bd3f-3f22b71eed91,C0954,1033,47,17.0,672.46
5cd098bf-d549-4a7d-995d-3f3b8bf671f4,C0269,1041,114,48.0,192.55
f0513cf6-f783-4823-a6c4-fd71a7dee80a,C0944,1045,72,34.0,903.02
2c6652ff-673e-4e8f-ab90-1cb104a63df9,C0414,1022,11,13.0,724.25
eed8ac91-d944-453c-a3f8-66521bb2f286,C0923,1010,88,23.0,317.24
efaf9822-c465-4d4a-9c08-061e4f2f4e2c,C0655,1037,114,30.0,620.59
930b005a-f01e-4ea2-8594-39d712633c05,C0808,1013,37,10.0,1971.08
8dab1862-8e35-480f-b721-e9693644420e,C0810,1024,136,22.0,1015.07
4bc87953-ba4f-4333-b6f1-9080511dfb89,C0833,1014,155,4.0,894.24
a541d605-8c5a-496e-bab1-4139411c57fc,C0833,1004,71,28.0,203.24
bac904c3-5aad-4d09-aa2c-1c7eb2436691,C0991,1042,72,15.0,674.55
025a57f6-e899-4bc1-ac4d-6142dd5a50e2,C0846,1021,4,22.0,1619.0
a6a041da-3811-44f3-8f30-8ccce73325ca,C0654,1007,148,20.0,228.73
02b9aadd-bf9a-4774-9c23-f2fd693b443f,C0380,1002,95,45.0,965.08
a9b8f952-8d6c-42c0-9340-1450162355dd,C0236,1024,101,17.0,1250.01
4a3ff4af-567c-4a1f-9d1b-716e0efa39e4,C0990,1038,115,49.0,1264.21
04e39de4-176a-4725-a127-cf4120abbf0c,C0391,1011,67,12.0,1009.4
db9248a8-c1dc-4ec9-b6ae-12ffb95890b0,C0312,1013,27,28.0,250.85
d0e7dc69-a766-448d-95f9-b6e6cdcc6a5c,C0436,1040,79,40.0,947.39
f0548e45-3890-4fca-8c16-28962bda904a,C0808,1046,72,37.0,225.41
6d8b8dc6-b053-4ed2-93f1-35bd1d40a490,C0286,1004,122,25.0,1315.64
aee5350a-d1be-4e86-ab7e-879aafaa1c5b,C0309,1048,72,5.0,1960.98
741d77df-9d12-4ab7-9466-bd41d19ad053,C0968,1026,76,41.0,1565.2
85f93a3c-9264-4aef-9d19-c7e33d89347c,C0449,1002,49,25.0,1058.47
a845b424-2991-40f0-af56-a47675bc622d,C0598,1042,24,20.0,628.03
615f41ed-7d7b-445b-b6ff-fb72be68e8e2,C0374,1007,134,42.0,1431.04
e9d073df-11e7-487f-a741-00a1121c7258,C0376,1025,173,14.0,151.82
d6e7156d-dabb-424e-9dc9-e3696a98b73d,C0576,1044,180,29.0,1596.26
4decb003-9234-48bd-97b6-f448911d0ae2,C0611,1035,32,35.0,1698.3
6c546dde-639a-4589-999f-024688f657aa,C0083,1031,110,11.0,963.45
a9333803-0f6e-49a2-9bc0-4cedcbeccb73,C0316,1043,154,2.0,1579.35
2578a447-d85b-4bfb-b767-a34b82437935,C0675,1035,42,4.0,166.61
a668fecf-2ae1-4b3b-b320-1d7782175124,C0278,1037,77,25.0,75195.85
f72da15a-e2f3-40c9-b27c-4bc27f43f670,C0828,1015,181,15.0,1005.74
eb6d8614-6c2c-4b0c-b68c-9b699e595226,C0549,1040,65,6.0,723.36
34039a75-f8dd-4e22-b2ef-2d31fc4429fd,C0920,1028,123,6.0,848.02
fc5a966e-6717-4750-b527-d5f1bfa51cdb,C0412,1040,73,9.0,308.82
e5744c9a-48bd-4ae4-8728-bfaab92ba854,C0876,1047,168,18.0,1948.85
5008d5e5-c5c6-43ac-91e6-f3aa6a18bdae,C0646,1009,129,14.0,1015.07
dd513e14-9876-47fb-8ef7-d6a7ee8b204c,C0048,1033,104,20.0,305.8
37346e4a-ddc9-414e-949b-72e8148136f3,C0507,1033,153,27.0,1441.2
636b3539-28c1-4e42-886f-6b8d85b2c913,C0542,1039,31,9.0,1336.44
7ec810e4-2ae1-4645-9863-6ae794fc1f50,C0534,1022,175,26.0,78.83
3ddc34ae-cacd-4cb8-b066-e7e08f6074de,C0435,1016,147,29.0,1393.86
b0c20c15-fa11-408f-94c9-bb7fa4acce3a,C0333,1002,13,39.0,1272.95
b5d2a699-bca2-4b02-9dc5-8ee916b7f06e,C0326,1019,158,14.0,1383.37
56c62dd4-9bcc-4bb0-a971-b97f004ee22d,C0372,1048,133,47.0,573.53
b852ec44-c4db-408b-a9d0-972ef39378cf,C0827,1031,5,49.0,899.36
e6ccee74-63bb-4586-8e4a-72547b61522a,C0611,1047,8,39.0,1646.97
6252d99f-2552-4918-98e5-7435bd57a7dc,C0642,1036,106,39.0,1252.62
b2880cc5-4fff-42b5-9906-bcac9504ea38,C0359,1033,180,10.0,860.6
3ebf408a-d51d-4227-a49a-d1ff092d5dfb,C0171,1043,169,20.0,998.1
d11d4cf1-be2d-40bd-aa3a-fbbb50490ab9,C0690,1043,144,9.0,1127.42
3c231dc7-2932-4e0a-89ae-a62c7467f787,C0462,1006,173,35.0,1589.8
34b2d709-bd11-4afa-a113-eaf41c5be60f,C0755,1048,12,47.0,786.62
6583b1f3-51ba-463d-afb1-48285d9373f0,C0026,1030,4,2.0,1578.61
a0c123d8-7900-4988-b918-547049261120,C0983,1010,31,5.0,577.37
58c0ce36-2c38-418d-9a98-98ed051bfba7,C0420,1033,5,22.0,941.86
727485ad-794d-4433-b29c-4e696b49fecb,C0509,1012,166,11.0,1729.94
16e0b5d9-5e9b-474d-8f09-40f9c54f195f,C0189,1011,127,10.0,1038.98
394bad51-f930-4fc6-bcf7-4e4c13e1af27,C0331,1007,133,23.0,1635.51
434e23de-b8cd-4e97-8a4d-ef3c2eefdd8f,C0356,1032,58,9.0,576.79
49833193-88f9-47cc-80b5-d7cf049bccbc,C0674,1045,15,29.0,653.27
e279ec31-03d3-43a2-8a89-05b1ef6c2dd5,C0047,1021,49,13.0,1841.97
8439eb09-a453-407d-a7ad-d21c2a6ae2cd,C0546,1024,79,4.0,843.3
a2d1392a-e903-41b4-9939-6a43a4904885,C0595,1013,147,30.0,1628.74
9f099441-a234-4ee7-98d1-32f4f4c3c128,C0860,1000,52,26.0,1984.86
c4f8af3b-ce97-4eb9-ae87-46300d2b7fb7,C0733,1007,101,19.0,1254.62
5d74811e-c3bf-40a0-ab09-cd9d86525f7d,C0228,1016,12,24.0,291.15
5fa4a9af-75cd-4cab-8a17-52f536fd27eb,C0267,1000,16,34.0,365.81
892d7160-835b-4b9c-aac6-07a9e5648ee0,C0302,1038,63,6.0,984.26
e56786f2-8cc4-42af-9c1d-8cd53dcabdfd,C0876,1011,143,15.0,1694.74
eace38ca-8e0a-468b-ab38-d8459e1929c0,C0277,1033,29,4.0,230.36
387c9ea3-1503-4e14-8a9d-3453f0039195,C0796,1003,158,37.0,258.58
f8af318a-869d-4f27-9fa1-0c4a750aed73,C0194,1040,39,2.0,694.43
59e71daf-c4d3-46a9-9fcd-7215fdbeccf0,C0104,1031,94,17.0,1413.48
447f6e88-87f3-4c9b-9327-bf52ed0cff0d,C0900,1010,30,30.0,669.33
aee46c58-049e-4769-8a0d-ff7fc67911d9,C0400,1001,100,42.0,1899.66
76b5856d-e498-44df-97d3-cf3397ba6c18,C0674,1005,29,42.0,688.47
6abb56f6-02fb-485f-bfe3-43e6dc30d460,C0661,1042,130,30.0,852.31
359013b8-d61c-487c-b1fd-9263eebb79e4,C0341,1042,155,33.0,1090.83
b7dc43a7-8b3c-4f78-9cb8-590c6bce3410,C0861,1016,108,32.0,858.1
db1a45f5-7f0a-46ec-98a4-538480705300,C0081,1005,47,23.0,1472.06
ef7826af-f881-466b-bbbf-ac35f5cc3243,C0555,1029,76,2.0,1541.0
96874557-e64b-4974-b348-29972ee51b04,C0642,1042,155,14.0,64.13
73da1c5e-1dca-4e8a-9358-84219d58c41e,C0058,1046,24,46.0,1978.63
0de0f3c7-b36f-411c-ad00-cfd755007e13,C0263,1034,166,48.0,1015.07
1b51e607-0caa-4228-b88e-7e560ca5c966,C0107,1007,129,24.0,1671.56
1d90dadf-f0d7-4bd4-beb9-7c68a00a2d57,C0746,1036,130,12.0,273.3
1be7e535-6bce-4234-9366-86c57b6288a8,C0256,1013,30,39.0,1015.07
34f8c732-41e9-487c-a6e2-d61a807dfe36,C0720,1001,68,12.0,1015.07
a1fc394a-54e2-4928-a92b-adba3ca09501,C0520,1019,54,38.0,982.62
f505da24-5caf-413e-ba52-451e72b0c1af,C0734,1025,163,15.0,1659.9
bf6f5652-ec6e-44d8-9fbf-2407fa4e6fcb,C0241,1022,163,37.0,221.0
60c2ecf5-7189-4b20-a02c-2d608a3e54cd,C0948,1012,92,16.0,1015.07
8b369692-01f6-441b-ae62-1876ebb503bf,C0037,1038,2,37.0,1015.07
3581f459-83b5-4149-85df-4c752eb309f0,C0453,1010,109,30.0,1153.46
8ff69f25-e99a-463c-82f2-9a90faadfc92,C0873,1007,41,50.0,1861.53
d149f22b-a4ef-45a8-85f2-737308d20a70,C0623,1015,59,38.0,1402.39
6c7c253c-9729-4be9-9a76-486d9c304a07,C0528,1047,57,2.0,769.4
e437fbad-313c-472a-a257-5722901e6242,C0818,1045,29,15.0,1559.31
f461a39c-c97b-4e47-a891-b747471d4c71,C0236,1032,122,22.0,70.15
217aee38-e1cb-4fa2-adf8-168f9d1e0e84,C0711,1049,171,45.0,709.17
16690fbc-d4d1-4ffb-9f12-f5dfac58708d,C0800,1019,111,28.0,1577.61
66aad30a-869f-4a5a-8de3-803b6c0d8067,C0605,1000,45,50.0,284.44
21691e0b-59ba-4fe3-87d7-49e5c4b3fb8a,C0134,1030,24,44.0,975.5
3400a6b3-b9c9-4fe5-ad5b-265f5b2331a1,C0170,1000,140,43.0,304.52
80c0a602-1995-4fc4-ac5d-ca7858e6c39b,C0281,1043,150,19.0,1211.12
eec82113-6963-4e83-89b3-0247073fa7e9,C0570,1045,146,34.0,353.69
3d3565c5-adf0-44d4-a02e-c456e782bbbc,C0971,1046,19,46.0,85.8
ca0a0156-a164-4487-a8f8-a2cb1d34603c,C0517,1030,175,38.0,868.56
3e97bb37-59dd-45d8-8b61-77d1a297c6eb,C0982,1000,137,34.0,1213.67
5007f3af-f0b9-4217-82d6-053cdf447c44,C0290,1009,124,43.0,1300.35
ead4cf08-a49b-4877-a5e9-414e71195016,C0063,1003,91,41.0,1251.62
3a1b2880-40d7-495d-9a33-cd182b11e868,C0747,1002,21,26.0,719.53
23acfc14-a76d-44c4-8b32-3ba3e6fe0348,C0704,1002,25,31.0,1674.62
f1ad29f4-9f90-4258-aeea-7a185168ae18,C0758,1033,97,38.0,685.56
809e909e-f698-43df-840e-512b133efd71,C0341,1005,41,21.0,1566.27
a9c907be-61d7-4fe1-84cf-3183a158c770,C0256,1038,22,50.0,1685.2
77e8e8cf-ceed-47b5-a82a-07acd860adf2,C0353,1039,162,16.0,1596.81
4ab67885-caf9-44fa-a7a1-3a7c88b1df1b,C0253,1004,102,29.0,466.57
1a35dd24-5d21-4bc3-97b4-a79a6ff23d87,C0864,1034,60,16.0,1418.46
aedb4084-5db2-4638-a51a-478b4b1380a0,C0568,1030,167,48.0,1888.31
b95d6a1c-f978-432b-9c29-7820464d4575,C0611,1020,31,12.0,295.99
db49ba7a-6c3f-41ed-ac43-91967ea36ae5,C0946,1026,69,25.0,636.26
cc506579-e80a-4ec2-9df7-c96c44f30340,C0750,1011,162,17.0,366.58
c026d4fe-2e5c-4fd1-ab2d-04c04ccf2a2a,C0598,1001,175,46.0,1765.62
168d55fd-2819-49d8-b148-e8c230d25732,C0186,1033,50,29.0,322.29
fa599082-aab0-4e24-be3d-23a1064545de,C0056,1021,113,20.0,811.63
a80d677d-7a6b-4f9b-9743-38f6301cccd8,C0484,1016,145,7.0,1851.45
08e5b048-4232-4fec-a2ef-c9ed33a56748,C0768,1032,31,17.0,1015.07
963a4c67-ead1-46aa-9ca7-d6d6411c7f6a,C0574,1008,70,21.0,325.04
f9f92f60-0cd3-4150-b662-0bdc0a5ed171,C0427,1022,47,19.0,1322.95
2cd3ff80-8c6d-4ecd-8aa0-7ed4333c0ef8,C0965,1015,70,11.0,872.27
ce2976d3-e6e8-48c1-9fbb-3dbd14bc7254,C0321,1026,75,41.0,248.16
2c18e81b-cb3f-414a-b381-858a6a785709,C0525,1044,58,1.0,1639.19
de2c9954-d00f-4205-a4d5-2e50d2f2bad5,C0676,1044,93,47.0,1659.98
3ebc4a1a-daab-40ff-ba09-b50a02dc27e5,C0041,1040,47,26.0,1534.97
0112af18-ab34-428c-851e-8d5547e1f69f,C0321,1040,179,24.0,237.02
ecec246e-2846-4c0d-a287-69fa7ae04bb4,C0732,1028,58,34.0,1507.56
97c574d3-9d03-4a29-bc7d-6be3c97aae36,C0068,1027,180,13.0,1141.55
9aa89eab-f7ee-4e82-8f5e-8c545c0547f0,C0918,1035,77,13.0,1015.07
a59beabc-8010-4290-88da-ef850791fb35,C0718,1003,8,39.0,357.11
18722990-18e5-4ffa-b5ef-299070e09cf4,C0852,1008,95,7.0,1420.92
dc422e0a-51e2-40fb-bf04-fd0eea8e8c97,C0864,1013,17,24.0,173.27
e315c0b8-1fec-4ede-868a-f4c0d9350d08,C0375,1011,133,6.0,1180.56
0c0d31c9-293f-4388-a817-d777fdf1ce64,C0861,1032,115,3.0,1015.07
10af8c3f-a68a-46ff-adf7-13c79292fc4e,C0742,1008,100,22.0,708.02
fd42bd4d-b31c-4877-ba0a-024149f0df68,C0399,1005,46,11.0,1850.64
bb5ad4a9-c5f7-40d1-99d1-29e96891180a,C0637,1049,62,1.0,1293.82
5a7f9edf-a917-432c-bafd-46b72bdaccfa,C0368,1009,50,50.0,1393.27
607008fb-e9a3-49a4-9d83-f4861a5c7b18,C0717,1003,159,34.0,923.13
f1084dcb-5338-4229-8242-686b814dbb94,C0312,1029,103,23.0,230.93
e5022bcc-9edd-4338-bbb0-4210f9e98aaf,C0805,1015,18,9.0,234.01
f9b2c9c8-9bf2-46eb-a549-a05a9a967508,C0184,1007,172,36.0,1857.32
5a420e30-8a1f-4c64-af91-394017115d4a,C0336,1025,172,10.0,1252.68
b7652258-8c19-4425-846e-02c552e70676,C0863,1016,155,12.0,72.43
50f8a17f-2a1d-4f22-9774-0da673fabeff,C0070,1011,101,21.0,1100.66
8bfb2155-8239-46fb-8c72-e52406fbeebd,C0937,1016,38,20.0,100.4
34793430-b135-4a11-bdfc-2b0fc2b2e67e,C0429,1024,58,50.0,1130.2
9ff69ee3-937c-4caa-8e4a-e1aba45a3012,C0058,1031,149,40.0,419.29
452d42e3-27fd-42fb-8e6c-a7c684eaeff7,C0434,1031,15,8.0,747.03
f37679bb-0fc7-46a5-ae2c-a21497637d11,C0237,1036,90,50.0,672.29
572b460f-64c8-4a4c-9a99-92701ad3c9ad,C0625,1035,94,37.0,822.06
81c5e94a-5c16-4ca7-9097-de1d63027231,C0646,1033,115,38.0,613.22
05bed33a-23d0-4df6-bbc0-fb172f433438,C0795,1013,127,3.0,1951.46
cd340ae6-0dd0-45cd-aae4-5040641de360,C0122,1037,68,25.0,21923.45
2852be90-df28-42e7-bb59-433baa4fde47,C0508,1020,45,28.0,1626.3
f257e478-060e-48e1-b21d-12da97448211,C0925,1025,74,14.0,1929.3
58121277-d22d-4adc-b6aa-235a8c529927,C0157,1046,86,18.0,1015.07
3ea2e4a9-4b3d-43ec-a0ce-5826cc795b6a,C0125,1024,33,46.0,225.18
5c4abff6-82bc-4db9-b96c-0dba4b266a49,C0152,1043,132,35.0,1516.1
f00035f8-13d5-4e2d-8fba-cf07891180af,C0693,1020,35,40.0,1507.52
2c0c62a3-3460-43e8-8cb6-4107e9a5d428,C0175,1007,102,34.0,302.55
8abd789e-6e5b-4b07-95a4-30ba4beef71f,C0333,1007,57,42.0,604.15
f6d887bc-3a50-4b39-ae49-18388abdb65f,C0027,1007,108,13.0,675.86
67c0b35f-292b-4864-882d-8ee613cad1b4,C0100,1047,77,29.0,815.62
630db4ab-1faa-4e5b-871b-57ffd032ed33,C0382,1011,67,9.0,1948.71
410f8f61-251d-4382-8ce9-00c14421db53,C0037,1033,146,25.0,1913.87
325ee219-916d-4248-88c7-09deeb8f9d3c,C0520,1000,10,31.0,154.99
b034b3b5-05df-422f-b087-e91ec34048eb,C0452,1002,83,8.0,472.52
8b881e31-a097-4199-8db6-900437329025,C0034,1048,176,38.0,1204.6
bf5ad18b-ceca-49ca-a22a-a3c94dd6e0d5,C0211,1010,78,38.0,330.06
9ee837e7-6ce0-4aa5-a92e-d13402a5f06f,C0746,1045,119,43.0,828.11
415cfe5a-bcc8-4799-8faa-cf65790af340,C0063,1037,62,22.0,147.93
167f0ccd-e09c-48df-a59e-7a982bf561ca,C0610,1025,45,38.0,1286.13
c737bffe-4dda-43a6-86c5-8485a23bd0af,C0373,1002,128,7.0,96.61
6daf84d6-58f8-43ca-9e8c-17756315f713,C0935,1031,141,6.0,486.85
f4e2a747-6f2b-4cc9-ad76-e20b945a89f6,C0378,1008,91,18.0,295.33
0434d5e2-6af6-44e2-8ab2-8cfb4f51737e,C0361,1038,138,8.0,758.85
22a74da4-9c26-4c1a-9bad-efb77f29fd1a,C0046,1045,17,29.0,206.52
9ae6be37-8002-46ea-9dab-fb5be83cc019,C0815,1022,132,3.0,781.86
0f824b06-e093-4385-8ebc-0f696a9c7391,C0607,1039,60,48.0,320.6
5af82a78-6178-48eb-9b8c-790952fc91a3,C0866,1007,27,5.0,1506.78
ce572085-fae9-423c-904a-d32071b17d84,C0104,1026,75,19.0,541.41
44c48914-16b8-4e52-9ec6-7e83fa0ee1d5,C0053,1025,48,10.0,1015.07
9b44f346-9e0f-48d5-af10-f68f3bb46098,C0099,1000,93,42.0,495.82
7fb7bea2-039a-4ff5-a198-d6ffd83a4ef0,C0297,1039,154,48.0,1015.07
5ce752a2-1c8b-4d08-b8a1-8e6ff5900158,C0075,1021,130,46.0,321.86
250d4b0e-dc53-4d62-8893-c23c4b77fed2,C0640,1044,173,14.0,1015.07
46050d94-5e8a-417c-a397-cee3592f298f,C0990,1004,145,50.0,132.82
697888cd-ec20-4ea4-8c5b-bd000267bfd3,C0306,1010,124,48.0,1221.13
ed6f95df-a27a-40d8-80d7-3238ae4a4fa1,C0519,1001,147,32.0,1466.65
48db856c-600f-4aa8-9260-c588ee91f4fb,C0165,1038,123,28.0,1173.53
d2d13da4-240f-4e7d-8b62-5e78da3b7757,C0092,1024,3,19.0,132.83
9f353e1f-ad8b-493a-8aa3-22774afe7333,C0544,1048,162,37.0,1870.68
cf62360c-1cd8-41f3-a077-f4dd584690f3,C0070,1044,6,29.0,1237.4
f41ac71c-31a3-4afa-aeb9-c977b2b1f1c1,C0080,1013,19,8.0,1015.07
1e2699c8-8491-4018-b275-e00364a4325c,C0070,1038,112,32.0,1733.9
1e682783-f0f0-4512-8140-cd1473f3d2ad,C0833,1017,25,2.0,1633.22
c46d20b5-eef0-4d62-8797-2f7c152251a5,C0688,1034,25,20.0,520.68
2385fcd2-ae2a-49ee-896c-72ecc627852a,C0971,1038,131,47.0,1258.13
2d6f29ed-de8f-47be-bf18-df88d8ddc141,C0394,1002,80,16.0,162.37
4b7a6693-5876-441f-a5c0-969b45587d6d,C0208,1007,177,14.0,934.12
7bdf64f2-9bec-4322-80b1-40b976cce066,C0516,1019,180,4.0,607.0
a90d7cbe-14b3-46f7-b49c-93e72025ee25,C0358,1038,159,47.0,1177.15
080f2854-d224-4ce6-824a-c3c2ac03cb88,C0949,1032,93,14.0,1220.51
e6617518-42c0-4168-9213-f5a398377323,C0875,1017,32,20.0,938.94
ce03b487-9500-4bd1-91c5-e10cd1e1f61d,C0742,1015,156,18.0,1445.39
3496569e-ab8c-495b-8054-3c23dbaba575,C0032,1029,147,27.0,864.72
5b7a04bf-c25c-4791-a0dc-faf4f98fd7c7,C0141,1021,136,41.0,1966.89
1d9cc283-f5d0-4900-9f28-1c920a005ffe,C0519,1004,169,31.0,679.53
58a09a38-f272-47c8-a09a-769117907263,C0963,1045,15,8.0,892.58
7ddccc97-04e4-4399-b1a3-74162d867659,C0357,1022,64,1.0,1426.3
d83d11e5-d990-4901-8e99-82254f271502,C0502,1002,165,2.0,1401.36
ae7b5378-a571-4a5b-80c4-9dbf428ab2c7,C0621,1031,68,31.0,264.4
25c2ecca-905b-4479-af4a-f8a05c4f4b6f,C0965,1043,117,33.0,515.93
35f63617-65d3-4560-bf3a-aba25696f4d9,C0147,1025,97,2.0,910.08
f000d828-73b1-4974-8e86-213a03a0528c,C0413,1032,77,15.0,1579.57
f5135214-282b-46ac-947c-9a24e556b68f,C0757,1011,172,8.0,1678.08
5be4cf12-de66-44e0-b304-7d71bc1c807c,C0714,1009,22,14.0,999.07
e64adec5-722e-4398-9728-1e9c432bce6a,C0884,1027,1,23.0,1066.05
66a76d0c-6a10-4a85-a6dd-ce20868b664c,C0657,1036,60,10.0,678.65
74089d46-f51d-4911-ada5-ebe02c2c2418,C0837,1044,81,25.0,1015.07
9d00c5ad-c245-4099-ad57-6d1133299650,C0302,1012,124,36.0,75.07
870237ba-5253-4cd3-b3da-e20395c7a505,C0843,1011,170,47.0,996.55
324d7b19-70a1-48c8-b3ba-6589ed1ec2a6,C0318,1033,45,23.0,1270.73
20803c0e-ebc4-4661-8691-a4ae5b1e0120,C0575,1005,89,22.0,1015.07
c53e8977-2056-44d6-9b56-0f37cbd5fa0a,C0011,1045,152,1.0,1875.64
ad658bc8-4b67-4b35-b8f8-e8a3d5b6ae8a,C0093,1049,72,31.0,1545.62
ae01326f-aed1-435b-8f04-bbafce938b39,C0700,1005,42,5.0,1330.51
323b26d0-7d01-4919-a624-4c975cdc7b4a,C0898,1044,30,38.0,169.73
79023286-354d-44d7-9bc0-a12bfd4b0b26,C0843,1040,113,35.0,1359.94
211a4533-a25c-4744-ab6f-020a79906b63,C0124,1011,71,43.0,1866.66
89d80ce7-3fae-4702-b3a4-6fe4132e2937,C0483,1041,128,28.0,765.32
36da7f01-4998-48ff-8c1f-21a7ccff7b2e,C0019,1001,42,6.0,1469.18
61439fd4-d873-46f5-9561-fe84569e59e8,C0163,1030,93,39.0,200.11
a60eddd4-c74c-4104-add9-126d0f3bb023,C0271,1048,63,36.0,1162.96
c7b0f13f-2dd2-4c41-995f-63beecf75f00,C0313,1014,76,10.0,1431.57
c2339e31-2d87-4f03-b066-d099a94c1228,C0318,1002,175,43.0,1747.71
5eba6b26-429f-420a-bbf4-ed69195dd681,C0386,1039,177,3.0,1774.74
26d242cc-71ae-45dd-8754-a3a9c48a8e67,C0670,1011,144,7.0,309.73
2a597cf6-202a-40f3-9ec4-60d6d4f3920f,C0677,1019,92,37.0,376.13
81d84daa-a3b6-425f-989b-be9414ca946f,C0256,1005,7,19.0,1015.07
47ca7b8b-dc3f-493c-8d1b-3edce8a8cc74,C0005,1037,154,46.0,511.39
626633bd-0e1c-4484-8c5d-7eec7da3591e,C0370,1017,39,11.0,97.47
9aceda2c-6a09-44d6-bace-d037234f2ad0,C0048,1017,136,34.0,713.7
449d3f05-c1b1-4772-8826-73d2d2a544de,C0287,1002,151,19.0,1746.92
8a102fba-47a3-4c81-b871-cc58d981c2ce,C0394,1001,131,42.0,307.29
8823acac-b710-4fd3-9241-e071422d9202,C0485,1039,150,15.0,268.83
bba9a3e0-3a04-448b-be40-f0cc28695a6b,C0386,1030,11,22.0,1090.23
3a6851ab-5871-4064-90de-a386a41fedaf,C0843,1031,34,32.0,325.81
01f584ce-42e4-453b-ab95-a8fffe0b24d0,C0871,1001,172,6.0,1782.98
f8cf39cd-a5f1-4678-8697-56b9d230513b,C0190,1009,164,33.0,1647.14
d8c84969-0054-4f1f-a251-55e21327ab8c,C0750,1025,120,47.0,347.07
72fa485e-0996-4960-9afc-7d1e51cd9383,C0413,1008,25,6.0,1015.07
af0d4cc0-334f-4569-9f8a-406a743ba170,C0234,1031,26,47.0,1829.98
dbb2e2c5-fc6d-4535-90e0-6fb86d27ff14,C0517,1048,119,6.0,366.22
c7d0a1e3-5fd0-4cd9-8a78-63a6b038f374,C0472,1035,149,4.0,622.88
e14e5977-1c87-4740-80f9-49826ef342e8,C0288,1045,73,25.0,1788.64
c15ccd39-1cbe-41e1-97af-fb5dcb5e2df6,C0211,1022,79,18.0,738.2
19fbadf3-ee54-462f-859a-aab98bfb1f1c,C0115,1006,86,6.0,1963.49
0c5bf2c1-a7b6-401f-8ae1-a3f49909c8d3,C0743,1017,2,8.0,1810.66
a5e04245-94cc-4b78-b366-bfcab4ddd673,C0154,1003,16,7.0,1712.69
2f14299c-2a21-44a7-81ae-7779f3c8618d,C0966,1028,175,11.0,142.28
a49429e1-1dd2-47a9-94a8-e5751e23b5a6,C0596,1008,137,23.0,1556.24
5fa2d1b1-f0c0-4fd6-a24e-4c40912621fc,C0277,1045,88,30.0,178.36
e720b484-4de5-41c5-9009-98c8feec7cca,C0114,1001,76,3.0,674.67
ebd7de81-2127-44b4-bf8c-563d3d89f755,C0336,1022,131,17.0,1896.92
dfc95465-ce4e-4d66-9b56-c3324c4357fb,C0882,1005,81,9.0,308.86
884465ad-aafd-4242-b631-62dd12ce6547,C0861,1045,11,15.0,1876.14
25ec869b-f71c-485b-89b2-2a205e53b816,C0988,1014,155,37.0,749.08
27f53982-4bb5-45b0-99a9-eb877c083d49,C0383,1020,103,44.0,512.7
9df555e6-30d9-4423-97ad-34a263e28dc2,C0862,1008,77,44.0,557.08
97f30237-95fd-4c1f-8d3c-9056fdf8f9cc,C0921,1025,130,42.0,884.67
ac298c09-61ce-422d-a40c-4c5b9ee4fa31,C0354,1000,14,15.0,707.26
a591d8c9-a65d-43bf-9c0f-a15cb069eb43,C0028,1001,55,36.0,328.99
fdcdf1a0-cedc-43a1-bf61-b72e7d82d3ef,C0500,1039,39,49.0,246.69
62dfa6cb-d764-4ac8-8661-6bf0e60fe5be,C0891,1029,43,40.0,1140.8
2ca9b60d-ee43-486f-bcce-511087052021,C0370,1036,35,35.0,105.2
b36ad54b-9087-47c0-b335-6ce68bae538b,C0369,1017,77,19.0,559.41
d8931c6d-ccb6-4047-987b-96946c6a2422,C0014,1000,41,42.0,61.12
63ab736b-87cc-406f-a585-63a55aa912ad,C0680,1032,12,2.0,471.5
da8fab37-ca26-4a99-b3ee-ab38bcace388,C0036,1046,98,27.0,1781.34
af2b5dfa-7c31-4cc5-a254-a065b66f1f51,C0639,1009,19,21.0,82.66
afa9e639-77c8-4a69-8e5f-141302462857,C0867,1002,154,29.0,318.02
efa5374c-b948-4b9b-b14c-d34b96e3645b,C0303,1025,170,50.0,559.2
209d583b-2e67-4e36-a7b2-1cff08698575,C0087,1015,134,4.0,460.4
0c2a4618-77a5-4793-8d9b-443cf3977be2,C0318,1024,179,34.0,934.96
05722241-6317-478c-9f5d-72721548d575,C0780,1001,63,40.0,994.08
d9a7f777-bffd-4a87-aee2-0ba3bebc7fd9,C0719,1048,93,16.0,1660.11
61a439bd-ef7d-4430-b8fc-a64d0a1963ba,C0918,1046,20,17.0,1991.52
53150c7f-9e33-4997-834b-52213e7d724f,C0941,1000,165,47.0,964.25
4cfc8358-d32c-470c-afa1-f9ef9cf38174,C0128,1005,109,39.0,158.36
5ffefb55-8f12-43dd-ab51-b112b3a1ce1b,C0774,1019,63,35.0,1317.41
058f8e57-e065-4d7c-a1b0-768f9590aa03,C0343,1024,99,49.0,1670.84
a9008591-b5ae-47f6-868e-593526025104,C0127,1031,7,43.0,1874.84
6c6f387d-187c-4e6d-ad58-fc542f6b8d74,C0231,1032,134,46.0,311.76
549da877-7366-4f25-8e7b-c89bd28b9e63,C0452,1031,159,22.0,626.31
f938cf85-b5fe-4610-85aa-775d0f3b5fd7,C0468,1027,173,23.0,531.65
e14343c9-eb17-4082-b6b2-1ad5121530b3,C0175,1002,94,11.0,219.58
24ae02b3-95c6-4e11-bf4d-1b189275741c,C0871,1000,81,45.0,432.3
04025243-5dfe-4bdb-9adf-9fac009701b1,C0497,1025,48,29.0,1948.87
c0ad0254-028a-46dd-9a16-d3431eb5249d,C0608,1020,108,27.0,1877.77
ce8b4dac-de1f-45f9-b827-62241b3cf541,C0040,1010,122,41.0,1921.73
658bd669-2a6f-42b2-8d24-980ead141a70,C0882,1049,17,32.0,1519.98
b08f0a74-7a3f-4924-922e-caaf3cc0ae8d,C0229,1039,152,30.0,1121.59
b11454c9-0580-48f7-8be9-2c72c343a0e2,C0380,1031,141,32.0,952.6
eb5b7701-d295-45ee-8490-adbf26185271,C0703,1006,41,2.0,222.75
58988fe0-c6d9-4da7-b97a-02aaa41399bc,C0774,1016,82,42.0,1953.31
5aa38b50-67d4-431f-a338-929ba7fd7ab6,C0617,1028,39,14.0,135.79
b1a06f6b-7b2d-48b3-8f7b-6b9cb97fa553,C0268,1020,32,12.0,663.26
32917fb0-979d-405b-b2c5-d5e150b87eb3,C0968,1015,70,36.0,597.72
4395d758-75b5-412c-857d-6e7aba1d86b9,C0628,1042,6,12.0,183.51
d3704f36-7b02-4fdf-bd2f-8c1d60f9f1d0,C0604,1039,124,18.0,1670.83
cfd0c39a-1d92-4cc3-ba99-3760ce9b69e6,C0643,1010,58,30.0,1886.13
e4673a78-c7b5-4509-b0ee-9942d7135132,C0620,1029,11,10.0,1630.45
d83bc259-1475-4048-9508-1dce54ae5764,C0155,1028,6,37.0,1497.55
39f9278f-5dcd-4402-802f-3194de420f32,C0164,1011,81,16.0,1079.68
a0abd89c-727f-4198-9217-3346b86aaec3,C0759,1038,155,37.0,1883.68
111d7a09-70b0-4649-8fc2-04fa66d8dc8c,C0021,1009,72,11.0,54.99
c5a86d2e-c81a-4dda-a09f-a0d713faaab9,C0140,1023,101,31.0,294.66
cfd8371c-d93f-4a1c-9cb6-7f673b22c4e8,C0467,1022,50,47.0,1194.2
869ab33a-d599-4842-aa14-44b2e0d816f0,C0687,1006,144,7.0,1015.07
78836038-5fd2-48e0-adc7-00a64b8ea65d,C0412,1015,138,34.0,761.96
59329733-13ac-4311-b6e5-ee8d980c83ea,C0705,1032,167,35.0,1706.75
4b42b0d9-70c5-4c7a-94a2-033827678e28,C0572,1039,56,28.0,1578.49
c1388e1c-6079-4042-8d21-7a6beac5815d,C0292,1037,71,35.0,218.82
848c1fc2-8679-4159-80ff-049f7f5512f8,C0758,1031,59,10.0,408.97
9a0a50f0-779c-40f6-b46f-aa81d2d9f124,C0993,1028,135,43.0,1322.52
3ed2c414-08e7-43ad-aef7-1f3d4634aa0a,C0304,1008,155,13.0,1236.39
d45b3cce-a002-4fe2-9700-2d95d50eea65,C0221,1000,110,21.0,717.72
27a44cdb-4f4c-4f09-8397-ced346d4163e,C0737,1015,113,49.0,870.76
c8aa459c-d856-406f-b20c-f151dca361d5,C0393,1029,86,33.0,899.79
1ecf435b-27dc-4292-bf16-51db212d8996,C0722,1043,95,32.0,481.55
c60a2043-2c94-46ee-875f-0960eec71b32,C0436,1041,39,45.0,1989.96
9b58fa74-f3ec-4753-8c86-c99710b006e8,C0363,1026,13,41.0,1169.1
d9eca511-835d-41c8-b9e9-7327204eba60,C0729,1021,153,44.0,808.63
7d65c999-54b9-4294-a9fa-61cd8556963c,C0630,1012,32,37.0,669.05
59c3c76e-3533-4c67-8dc2-62bfcb213f79,C0050,1047,6,15.0,247.29
4f08ce6a-36bf-48fa-94a6-67b361a86df9,C0102,1029,5,39.0,565.17
cb931058-e3e5-4ed2-9342-b7e70be1ca11,C0105,1028,33,42.0,968.69
fe117f98-adc9-4ce3-b28f-1c5a05bd108e,C0673,1046,143,29.0,1807.12
c63170b4-8a18-4a0d-9b73-a85c3709749f,C0220,1011,46,22.0,1230.33
61505ddd-c685-42f9-8647-4ce2ab0c237a,C0537,1045,81,22.0,882.06
cd6c0d9e-7e32-4fb1-8063-b2d9f866954f,C0858,1009,100,20.0,1979.51
486dcd48-a26f-40cc-a930-5ea37d67907f,C0400,1033,163,7.0,660.26
93f05b19-11c8-4dac-804b-abf5f728f75a,C0556,1003,67,2.0,921.7
f352d36b-2717-4b1a-a583-f32cae0e1bb7,C0128,1031,31,14.0,1298.16
985a74f2-b20b-4e5c-b8f4-c1b39ad8a584,C0123,1012,59,21.0,488.5
2c77b828-9692-454b-b3fe-6107892d3355,C0688,1004,146,42.0,685.51
f26bc80c-e812-4ec7-9073-41299be50090,C0222,1036,71,44.0,142.26
c771feae-088b-4afc-9abf-94a1bf96422f,C0812,1046,3,47.0,870.32
fd2ed11f-f36c-4fce-910c-2c5e7ece8a09,C0416,1042,32,15.0,529.75
de439b70-adc6-4777-bf11-1a289dbae6ea,C0497,1019,162,32.0,1500.58
8c134c2b-c2b5-49b1-a16d-26b089e8e6dd,C0662,1001,4,12.0,1240.12
accecd94-7d7f-4fc3-9feb-927a45502926,C0357,1003,11,25.0,363.43
25f12a8f-517a-4c57-aeb3-c1d93be6e152,C0294,1008,73,29.0,357.9
12e2cab8-79ec-4938-8a83-c1c7b5b07000,C0961,1043,78,41.0,876.31
d7cc3d69-243e-412a-868a-09cea075b633,C0372,1011,116,47.0,1825.65
15170cdd-cf56-48a1-93e7-39631c7357d0,C0846,1023,107,2.0,699.02
cc0a073a-d638-4dbe-b3b2-dbbf367b3ed3,C0480,1000,115,11.0,1064.73
c40a73a8-2153-47b4-8c0e-a6ddfc2a5cac,C0199,1027,61,49.0,514.5
219a4026-2c0a-4e5c-a453-aa535d518d6a,C0822,1005,67,30.0,682.26
bc00f8f8-4873-4d9a-a499-1ef06b26bbbf,C0618,1045,155,36.0,1987.61
f057117f-ec79-429d-95e8-44a4bcfdb83f,C0632,1017,54,30.0,659.14
a23dddb0-2bb5-425b-a801-995ba4db912a,C0392,1049,73,38.0,478.25
1cc6f63e-c3f3-43bf-b3ae-ac727c3519bd,C0003,1034,97,40.0,1973.14
8772ec94-e041-4c52-ad8b-adb08e5e8407,C0942,1004,44,35.0,671.33
456e2ac0-7777-4f39-92ff-8853ac5c9eb1,C0099,1028,154,1.0,1369.24
7b924a31-616c-41da-a65e-1b24da79c1ba,C0320,1039,83,21.0,687.28
2923e336-a939-411e-89fb-d322e089517a,C0155,1016,161,4.0,863.41
48e55b71-e0fd-460c-8a6e-d8cb7b57f763,C0645,1034,104,16.0,353.94
096f7026-4f5e-4583-bcc3-c0de00d2c67b,C0909,1048,73,40.0,172.19
7da0c1ee-7b0b-4081-a626-075940af0d2a,C0144,1009,38,26.0,1806.04
4512bae0-ce79-4c8e-803b-6cacebf8c575,C0664,1018,62,39.0,1084.9
c4c7335b-700b-4881-bbc0-e60bbc26a15b,C0913,1017,126,33.0,278.47
87c18089-02d5-4890-b761-9cf4f78ebf8b,C0573,1012,159,32.0,185.76
c56a8833-bf4a-4084-9385-8e343033d7be,C0835,1015,136,45.0,69.74
6b1addcd-7bf5-4b35-aefc-f0470a749ad3,C0507,1008,57,29.0,1862.3
e6578558-0f03-496a-8c34-836403b129b0,C0116,1032,105,31.0,1350.96
f28668b1-b0ce-4596-8f8f-d45d45bd7882,C0378,1000,136,20.0,218.79
3509d880-7c74-4527-996b-76995af398fb,C0960,1007,151,38.0,1166.54
d67077cf-5243-450e-b7a6-d2a3d88a8a37,C0544,1046,99,34.0,1751.27
d7daf9a1-d09e-4f20-b298-da5b3eeff7a0,C0116,1024,153,32.0,1422.8
9780ec35-23ad-474b-a4f6-294573019b27,C0956,1019,116,30.0,762.46
d1c251c0-4ffe-45f3-be87-af07e61116e0,C0769,1034,117,10.0,855.19
c5b9bc3b-5d9f-4921-97dc-f646c3b05363,C0804,1001,17,4.0,464.85
facab733-3921-4073-ae28-ace3ad33c97d,C0223,1040,43,11.0,1015.07
a28b15a1-8ca6-4de1-bc2c-58f8d68e5bbd,C0973,1041,163,28.0,1015.07
7943ca8c-4160-44e6-bcac-502c0340408d,C0348,1035,79,33.0,126.68
9a4311f4-63c0-4dca-afa1-8cc8b436370a,C0194,1022,12,30.0,1349.43
a0a4aa5b-563a-468d-bbb2-c65a4f7746cd,C0450,1003,10,47.0,1194.85
9eb00a81-2525-4f49-afb0-60a6bca3d09a,C0339,1037,74,45.0,772.01
7a395c53-7060-4bdb-b111-4381b7617f78,C0321,1030,41,30.0,598.42
5ccac768-be64-460e-839a-f5ed77d4d54f,C0387,1038,132,11.0,1863.28
a65e72e6-fa3c-41d5-80fd-690285357c48,C0729,1023,157,39.0,1226.69
5d6460e9-34ff-492b-b4bf-b12135bed682,C0002,1044,173,15.0,1457.72
346d2114-2238-4c4b-93c1-3faef769c49e,C0437,1023,9,40.0,1203.13
502003fa-344d-4ba8-b0fc-0277011cd867,C0008,1001,8,49.0,1569.42
0908b540-19c5-4b7c-bcc1-c46245005d8d,C0058,1024,119,25.0,1109.93
f6112713-aee8-42a1-9464-9049b517820b,C0336,1032,20,17.0,1928.56
bdeff0ef-9bd4-43bf-aeb6-64f3f718140c,C0024,1028,95,45.0,638.22
6836d603-1cf6-42b6-adf2-652401df18b5,C0428,1001,82,12.0,1291.75
5d18e676-8820-43bb-908b-830862dd963b,C0687,1042,105,45.0,689.76
82e837f0-24d8-48db-8c5d-c04aa224e5bc,C0263,1032,176,17.0,934.36
6135164e-597b-47f6-86e4-dbabe1e3d558,C0833,1013,105,19.0,845.0
75b93767-eeda-4e12-9719-775cc0829f09,C0859,1024,3,46.0,853.38
3af31c6d-c942-4d16-ba20-200ae5ddb1cf,C0959,1002,178,21.0,1320.59
57e626a1-55e3-4475-a950-7c0847617558,C0865,1030,18,6.0,1036.48
5e4069ec-c99b-4216-983c-3a1f857be278,C0112,1028,178,36.0,153.09
c98de032-7d96-41f5-899e-1aa340554069,C0407,1035,31,16.0,669.63
5ff93dab-5a42-4fb7-8053-fc1c919fb401,C0149,1037,181,13.0,716.24
2513009b-ee28-4a30-9c02-a30bfa2e3382,C0431,1022,92,21.0,1119.03
2b5eae11-566c-4ba3-b836-b79b7a047d21,C0128,1010,44,37.0,297.06
cddf1fc0-f14b-4e89-9290-bede8a47dd61,C0574,1023,11,32.0,1606.68
44eb72ce-9019-4bab-9237-db06499ad8d1,C0227,1030,167,41.0,934.7
497e0753-3361-41c6-a19d-d4071372cc20,C0602,1019,102,30.0,1274.73
4277df99-066d-4dc1-bf3d-c786b97cade3,C0747,1037,21,24.0,141.61
326d1093-8462-4e25-94e8-a07624498185,C0310,1005,107,31.0,1077.27
a9de5b96-0e93-4bc1-a159-dbdff158d818,C0784,1040,176,20.0,184.07
01cbd8e8-8de4-40aa-b580-aa812b3f85bf,C0808,1002,105,31.0,405.71
70a1f9cc-fab5-41e2-b448-c4e2aba4a8d7,C0903,1016,153,35.0,704.36
ff9ee88c-c311-4714-916a-00b2125f4129,C0149,1006,176,29.0,1015.07
4d10db28-960f-4eff-be50-2aa0ed07fab7,C0336,1037,110,46.0,1712.74
569eedfb-2a74-4697-8fc9-e58a656e71f3,C0349,1044,27,48.0,243.42
a21dbdab-3569-481f-b516-969fb6e942be,C0667,1015,5,23.0,670.46
274a9426-7fe9-4196-9e48-4494dc9be5fa,C0740,1016,41,23.0,1265.84
47dd2b15-688c-46a2-9a61-266f31a38fcb,C0813,1016,157,38.0,1558.88
ac62a28e-e0f4-49b1-8109-92725337f330,C0272,1003,112,14.0,955.38
c248f61e-5de9-436b-a19a-f2828cf60c56,C0517,1046,3,10.0,82.65
5ae87edd-7b53-465a-821b-ee6a083c4a73,C0272,1032,48,43.0,1036.56
f8ab02b6-fecb-4580-8c7d-d11bf45e4213,C0128,1011,53,36.0,1286.52
912e657d-2277-495e-a4a7-1d68ddb8eb27,C0577,1038,60,44.0,1555.12
361efb8c-a709-4a85-bfde-99535c4b130a,C0170,1038,159,42.0,1016.35
3c33f7f2-f84d-4029-9331-82ec1fbf67a2,C0262,1013,35,13.0,150.25
4d026980-4d39-4ccd-8c36-ef7593b1a288,C0390,1013,144,14.0,1649.16
542f0a6c-4e8c-4a0a-8b98-917963d9585a,C0617,1033,39,18.0,720.79
3a683b05-1276-4044-933d-78a491667785,C0661,1040,106,39.0,224.97
83453521-6ad9-44be-a776-aea651c3b2db,C0530,1009,109,22.0,946.54
05a809db-1971-4317-8d43-136a9c05757a,C0540,1010,58,26.0,1015.07
b817849a-53c7-4fc6-b689-ace1760629be,C0507,1004,51,30.0,359.39
9b5cb3c4-88e6-41b7-a89e-ea6a1b6e3d2f,C0543,1045,76,35.0,1904.4
752d69ce-5791-4d5a-98a3-7e7a591505e3,C0950,1018,137,15.0,1799.62
65feba9d-b378-4782-898c-f0d168c51ead,C0085,1039,61,17.0,1015.07
d4856e84-c3ee-4db4-a510-b09bc620883a,C0707,1031,9,24.0,1014.01
3d59b295-bcad-4727-93cb-01cf5e817c9e,C0825,1019,62,27.0,732.45
23b90d48-4033-4473-8385-fa6818bc0991,C0435,1023,81,47.0,742.45
ee3178f1-64bf-4e96-aa07-3c76266fc64b,C0879,1047,51,46.0,990.22
25271b42-1da3-44e9-82e5-ab99c49cf41b,C0778,1041,39,20.0,483.58
92da4865-961a-4337-9987-c964c5d43b15,C0909,1018,157,50.0,1444.51
a37eed27-20ce-453d-a95b-3e675a24abb4,C0163,1030,180,15.0,252.97
97519206-45d3-47cf-919b-30b6ac3acfce,C0239,1012,42,33.0,1068.95
b1e6e7fd-1b37-40c6-a664-a67ac8b69558,C0329,1040,176,25.0,798.59
62726b94-6f9b-43b7-aff9-fb1422b6f528,C0139,1017,121,40.0,1214.94
c75b7e6d-6da1-4f42-bfab-8211f746f51d,C0573,1031,110,42.0,192.07
259538e1-9c37-4973-813d-0217faa6b254,C0267,1012,44,8.0,1354.19
3c7690d0-aae9-4c74-ab8c-b25e1990b2da,C0595,1047,95,4.0,920.11
154ef101-f44f-4bac-a603-aa80b262dccc,C0827,1012,7,32.0,1015.07
de97e269-e37b-46fc-b9e3-c884faeb8fce,C0994,1033,181,18.0,1384.06
65dd3768-a93f-4d8f-b33c-2dfb406ac914,C0403,1045,127,17.0,812.44
ebd63f17-1d3f-413a-a02a-e8a41e6a84d3,C0951,1013,163,47.0,1002.35
2c39f7fe-e5e5-4d91-af07-a9390d6e535d,C0048,1026,118,9.0,213.16
44661b42-f69c-4ee2-9063-c9f251b59472,C0858,1020,165,17.0,1455.5
96df8c1a-3deb-4658-8f67-5b51bd88fa3c,C0949,1016,136,12.0,1125.49
f8978341-abe4-454b-9bbf-a6a8d7bdc55e,C0337,1009,70,32.0,426.89
ea677d39-8421-40ac-81f4-e1cc15f3034a,C0135,1021,3,28.0,141.17
5aa9a391-c847-4865-a439-be4254539da5,C0205,1028,155,23.0,1246.41
7d6983ea-acd0-45ef-a8c2-e6377cc29f5c,C0124,1018,138,1.0,1015.07
c08e6514-9a26-4242-aa8a-fde5d479c28d,C0009,1041,65,9.0,1594.31
be442458-0656-4876-86e3-e004cd782b7e,C0447,1002,170,7.0,440.95
5bb4b3af-f350-4cec-8fc1-dc92fa015275,C0618,1018,3,15.0,282.11
83932ffd-007c-4558-ad27-1fa976539112,C0300,1014,164,12.0,462.11
cf3e1aab-448c-4875-b126-c40e8c88c1ef,C0866,1014,165,8.0,569.53
d25a364f-76a4-401d-b4ab-15cc136f05b4,C0428,1007,140,41.0,850.19
cec64072-a470-468a-bf36-019d2fd6209d,C0058,1003,144,2.0,1547.8
15c95296-952f-42ad-af19-988918562515,C0431,1028,47,13.0,740.01
9f8b10cb-6886-41ab-8831-d08705880293,C0219,1041,10,32.0,1583.27
622c691f-2b57-48ba-bfb5-86d796965ba8,C0913,1030,5,38.0,467.44
d1dad35e-1eee-4b58-99dd-cbe3930dffe8,C0054,1011,19,20.0,1060.25
1509ce00-61de-4159-8947-3f0bed6edf98,C0058,1047,23,26.0,1604.06
21c62a28-b6e3-4de2-8722-40807a886245,C0261,1038,146,15.0,181.02
5c0f09b8-2a87-43b9-9a56-7a7a8b1cf3b7,C0210,1028,63,35.0,1000.23
aab5c2ee-fb70-4510-9b7a-8ab520cc4fb8,C0923,1010,6,13.0,1309.81
688b1fc8-09b9-4de3-8a23-d00e718ffd35,C0761,1041,86,31.0,399.66
f0f91289-9e04-4ada-b354-229cec828c9a,C0913,1048,100,18.0,197.18
ea1de6b6-3e16-4e8a-9902-9a0655c20d00,C0504,1008,48,28.0,1537.37
b5a1f358-be44-4cb8-93bf-96c62d0dc0cd,C0398,1045,140,21.0,228.05
55badc54-3c6e-4965-bf0c-50e9a5b0f852,C0626,1044,120,8.0,937.97
312345af-ca8c-4d2d-b89b-9ee07f3dd7a2,C0312,1045,139,10.0,1771.66
d85f77c7-06e1-4afa-ab05-42b97e64dc1e,C0545,1043,113,41.0,1398.8
71419936-2dbb-45c5-a686-b98a1c9e3018,C0071,1013,137,27.0,293.52
166ae607-9c42-4c76-9236-d22af7bdcb14,C0918,1028,110,3.0,1086.48
11c26728-a50b-47fe-a8da-20fa0852d0cb,C0011,1029,24,47.0,319.87
7f4753dc-b595-4962-a73b-22732893d0a2,C0885,1005,105,44.0,449.83
cf63eb7a-cde3-4ea1-9780-042574b2fd29,C0495,1007,157,27.0,257.41
03efaeb4-c2c3-4394-a6a4-3502b356732a,C0427,1024,95,5.0,1817.93
0bf8e671-034b-4174-aee3-2526981f0a66,C0358,1030,27,5.0,926.81
32e5fea3-d002-4b91-9590-a4925d6a3a25,C0487,1026,128,13.0,51.56
05228f3b-0958-4bd9-bf0f-45813422d74c,C0320,1030,176,29.0,1558.36
22110c33-4a22-41c0-82c7-0da389d17516,C0558,1010,71,32.0,173.59
0a78353f-4363-4d18-b36b-3f9171aae2b1,C0103,1045,124,49.0,1360.92
e01b1270-e442-4c95-b0b1-f5c1d6f187d4,C0411,1045,53,23.0,979.55
863e3b2b-819a-4b17-b0b9-2804502d8505,C0823,1012,165,39.0,1351.27
27f81e7e-66cf-460a-895d-c2873d68fcbc,C0091,1043,61,20.0,1508.29
224f00a0-b8b5-4d22-8cc0-cd2f39a9db93,C0661,1049,116,21.0,111.74
9e3e869b-08a9-44fb-9f13-e5f27023209d,C0176,1014,60,31.0,891.74
e00dc35b-f122-4f50-bcfb-832e31333c93,C0409,1014,71,36.0,1646.0
3381ce7d-a9b8-44af-a24c-cc72a0edd48d,C0544,1045,19,45.0,453.39
5e756463-c3e6-4048-8d70-712dd40a309c,C0942,1005,12,50.0,892.12
8c84607e-a3c2-484d-8f07-4a49b24295cc,C0683,1018,50,30.0,790.13
82a0e8dd-dab0-4bf3-9779-4948762542d6,C0148,1037,120,42.0,710.22
5c87a4c9-b272-4cfd-95a3-bc0c50ce0308,C0156,1034,10,9.0,830.64
81cc3632-a99e-4393-8297-17d64fcbf9d0,C0716,1046,6,47.0,289.48
f73b0b0d-b4b5-45e0-a36f-e57484b3fcab,C0797,1001,41,39.0,734.89
ab7b02cc-4149-4184-b0d3-afd997527eab,C0331,1011,52,50.0,142.86
eec60a59-67aa-4cea-a647-d7094979e3a6,C0561,1007,163,28.0,1488.54
f20132d3-0a5c-4a94-ab82-3071a89ef133,C0322,1042,139,1.0,638.58
b1a9bcf3-b6ac-44d5-84ab-4de628670891,C0786,1038,110,21.0,1611.47
c5c3bc54-59f1-4be5-8435-0acac1d702ee,C0365,1016,43,25.0,835.57
a849a185-0bf5-4a13-89c9-023da4cdd7fb,C0645,1012,37,25.0,1608.53
db771f62-dd36-40d5-b685-688256fe2058,C0448,1049,42,47.0,1140.96
44426d37-ab73-45ae-a261-fef1b65cfdf4,C0070,1046,80,37.0,222.12
fee880c3-8ae5-4c5e-8f18-7b034cafa696,C0051,1030,122,27.0,1684.62
01bdb350-f5aa-4ef5-8888-e7be54bfa0c3,C0417,1036,51,33.0,149.96
ade3bb30-b430-48b1-84ca-b79bb8b1f014,C0022,1041,110,37.0,129.2
37bd202a-b5f2-4761-9682-9deb60d617a2,C0434,1039,124,41.0,570.96
c5f2119b-20bd-4f90-895b-bf54793cbf14,C0326,1030,59,44.0,991.2
bfdbf197-56d4-4453-b7df-235fe240a6da,C0416,1035,156,11.0,475.87
88452e1c-c7a1-4a8f-90d1-0210f71a4218,C0705,1048,109,22.0,1884.08
5ec929d8-f6a5-4a0e-b6f3-b30b5683c68f,C0524,1046,112,28.0,1281.33
c1bc9de7-8b40-4cdb-a29e-0e9b71549a62,C1000,1010,173,10.0,215.16
2f3171f8-ccf2-4c03-9aad-0bbc76885b4f,C0345,1022,134,22.0,256.11
ba57ac3d-e71d-42df-a6d9-2e4bf717fa55,C0705,1015,45,45.0,937.22
c8cf1199-b513-4bd0-96dc-bc166d6bfcb2,C0698,1033,65,12.0,1959.62
4e4ddc5f-1ede-402f-ac8d-23a88d5246db,C0332,1015,41,20.0,1175.51
d014e839-a17a-4050-91ad-8d5de7685973,C0034,1017,72,32.0,1614.38
f0956368-f9d6-4b3f-8502-c5fc76d25bf8,C0200,1010,70,26.0,1411.89
28eea001-699d-4716-8f8f-322443f0345c,C0911,1021,13,30.0,1998.51
8ac268bf-b97b-450c-ae73-0fcb2ae0843b,C0858,1045,169,34.0,1087.44
b64e56f6-7628-436b-bbe4-49760f23d99d,C0940,1028,95,31.0,1755.2
821e8cc6-f6cb-4cbb-a25d-a0cad84b05e1,C0842,1026,59,9.0,66.8
196b6e2d-e0bc-4840-8bfd-f0eb2b510007,C0696,1034,17,43.0,1132.79
1da7c4f6-e5fe-46a4-a2a5-524cd16768ce,C0299,1004,63,42.0,466.78
69bf2c97-ef4e-4163-aa82-4254310458d5,C0841,1032,70,11.0,266.99
3190d167-ed25-4c32-a18f-21792a660a8a,C0273,1024,106,36.0,1723.9
66acf6ef-d407-4388-b751-9d85568edb26,C0706,1047,66,12.0,1004.14
642615f7-1f60-41f3-b0f2-2c2af0fdc7d7,C0857,1033,142,37.0,590.08
8622442a-6c77-43c2-94c1-67931c98c6d6,C0532,1021,80,49.0,489.61
c7c2627f-f321-4083-9bc8-de94a9237483,C0334,1022,52,34.0,188.17
38a84938-25eb-4e0c-97fc-7d2be7f620da,C0243,1001,97,3.0,948.39
40233fcf-2049-4dfb-9af0-cbb06581edd1,C0116,1029,32,44.0,981.65
3c85b121-0a55-4e86-b314-b77828661f4b,C0376,1042,35,45.0,1299.32
c290b167-d679-4c09-bf86-3e868f8f3586,C0780,1003,25,2.0,1769.18
b149b074-f00a-4a03-9a66-6c1d394ce0e2,C0296,1048,96,44.0,1381.76
a40e1128-5e1e-47ad-a0e7-057cdaec9069,C0899,1015,139,9.0,429.59
8c262705-edc6-4e03-881e-31078619faed,C0867,1034,130,31.0,115.76
f85ca4a9-f2e1-45cd-959f-7b2bed46d5a2,C0243,1000,105,40.0,1072.17
e473e2dc-189f-4e05-9c46-3dbd6d70bf71,C0965,1007,76,29.0,596.64
58cfb432-ff6c-4763-b266-c650cad6d074,C0934,1005,109,1.0,1704.35
dc55cf29-d48e-4b1f-adde-cc1ff31cbbf8,C0129,1015,68,14.0,743.65
66e272d1-a553-40b8-a31d-bb812f5e7fe9,C0823,1023,104,3.0,1746.8
3ed80cf7-9287-4b53-b5b0-a6b7e5cc96e5,C0635,1023,89,35.0,1124.48
fa5c335d-aef8-4fee-9775-d8decf64a16b,C0912,1021,59,16.0,1925.58
9f7d4929-0b47-41e8-b070-89279691b675,C0487,1020,92,24.0,873.98
08d97af2-d261-4ee0-bcd8-a8318d660cdf,C0530,1027,149,16.0,557.74
a2eaf191-f74a-4c12-b3b7-a86435f7a04d,C0076,1022,90,1.0,446.26
350383ac-49f9-4900-819f-ab929b736236,C0983,1047,15,5.0,1001.08
ce4b426d-02d4-4de3-a6cd-0cf6d9e2b4ea,C0166,1012,181,19.0,1309.87
277e6f64-8e76-4413-9295-55d0a4c537d9,C0050,1045,24,29.0,1698.39
cd81b856-d7ba-404c-85be-3387ae5b25ae,C0133,1013,53,21.0,1615.5
0ed7e518-5f3b-4a96-a37b-b0f716d66cee,C0557,1026,57,8.0,112.89
26d87479-ffa3-4b00-8ff1-29f5c285d100,C0355,1011,57,22.0,1143.11
563de245-c46f-4e3c-8a75-9c923024e9e8,C0561,1023,30,42.0,838.36
fb04fdc2-f781-4531-803c-8aa1413ec6ba,C0048,1000,139,10.0,1509.53
44959550-fd95-41f8-aaa5-2c406569ab79,C0082,1046,51,43.0,1769.49
e56b8963-d803-4edd-9f0b-df29f51e524d,C0116,1015,126,29.0,1902.73
034179a8-c4fd-472c-92fc-7431290131bf,C0733,1024,9,5.0,114.25
cd9e2c5b-7bb9-49ea-8117-c1bacf30935e,C0142,1009,27,34.0,797.4
ed76c6d2-3bfa-44e5-8058-d5c5cd6cc746,C0569,1018,7,26.0,487.61
05357dbc-fccc-4835-84ca-12229eaae5bc,C0915,1033,137,30.0,926.26
48de3a8d-47da-4eae-a9ea-cf603ecfe05a,C0907,1030,43,7.0,1641.92
bb892852-1acc-456d-8e8d-2dfcc19fa7a3,C0597,1027,5,29.0,1376.44
d3251c83-f310-47b2-9c2d-bb2023680ddb,C0157,1038,23,2.0,1462.06
ef460b25-daf9-46e1-ac56-8fe37291d954,C0486,1024,50,3.0,1604.07
782cdbe9-70a2-464b-8e97-1385ff7ff46f,C0387,1004,129,20.0,801.57
731d239f-3e68-41d1-a159-1579a19f5231,C0384,1021,129,37.0,1211.79
a7e8d14f-8c69-45ca-bf40-70f9d57d7d9e,C0640,1029,127,48.0,783.95
c0762894-2756-4f13-a5eb-96e85f0e3cb4,C0266,1008,40,39.0,402.02
7621895d-1073-4333-948e-477413f95ec0,C0465,1038,160,37.0,1321.48
4eaaa06d-832f-4cef-b847-e02332a75906,C0693,1014,115,32.0,1393.54
0aabbd17-d019-4653-9a7b-5b97736c766a,C0553,1019,50,19.0,810.93
c3a5d916-ab66-4875-ab87-c731cdbfa491,C0297,1011,111,6.0,561.38
42cc0a11-14d0-4f7b-8f89-8a316b248ff0,C0780,1012,82,26.0,1923.82
9e460ded-f85b-4b1d-9ec6-299e31de563e,C0439,1012,129,29.0,788.27
c431ff3b-4270-4c5e-94eb-d74f60c0268a,C0499,1016,26,5.0,1706.41
806218db-65af-4e35-92a3-859f818145e3,C0708,1018,15,19.0,1431.95
cbdcb4b7-4f1d-4d64-9da3-049bf8473cb6,C0675,1022,9,49.0,1224.09
0c3d3cc6-bcc4-4d39-9069-fd54b82c0a79,C0610,1043,150,41.0,1618.02
e338c317-2ac4-49c4-8f33-8a7c24e596cd,C0995,1032,109,23.0,398.4
ed4a5f9f-8e88-494c-9c7d-786af7b8ef9b,C0703,1046,144,41.0,1940.28
83e60dbc-5959-4175-95cd-15ed7eda8b24,C0392,1004,125,46.0,1335.92
6da7bfb3-8a7e-41bd-88cf-1d0779f7c0b9,C0801,1042,25,10.0,1606.55
a5db943f-3d96-4e3b-9b4c-faece916aa59,C0994,1005,3,27.0,1583.54
08e3ec56-94a4-4060-99bb-d7d9d814b8a8,C0959,1045,57,23.0,1504.59
91c3678b-a8f6-4313-883e-43506b99c5d5,C0235,1039,154,35.0,73.84
61d3328d-1b59-47f0-a2a8-dbf9c9a864ce,C0294,1041,134,39.0,443.73
cb8b517a-939b-4d08-8047-a860dfcdc97f,C0226,1049,60,24.0,1488.93
5717fb24-2bd7-4a5b-bddb-804b3a1e98aa,C0149,1006,176,50.0,522.07
0ed0ff1a-ee6a-4411-a999-00f94e64a715,C0833,1007,108,37.0,173.07
65fb77e0-62ae-45a5-a02a-61f55132ddde,C0450,1030,88,8.0,374.02
44af398e-601a-4f3d-819a-0cf2efea360a,C0921,1040,126,34.0,1628.09
2f137239-f36a-487a-bf65-7005c67d81f6,C0448,1024,49,46.0,842.02
ca5d6407-3d96-45cf-a5fb-56eb10409b47,C0971,1049,14,5.0,1746.47
5a3fe251-4b98-43b8-b69c-77040036f7c1,C0732,1024,62,17.0,332.42
ca10fd42-1b26-43a6-b4c8-9a81193ad29c,C0758,1042,6,37.0,1980.08
c799873d-89e1-47ff-a6fc-e7ae2af585ee,C0897,1005,127,17.0,1334.41
96afad5f-064e-43de-b503-404f6c9578d3,C0021,1044,96,25.0,1555.5
b1f4b36d-f5f0-446d-8189-13fad69daed4,C0635,1033,39,29.0,462.42
eedd962a-3da2-488d-ba47-1cc89bdcde10,C0845,1046,41,45.0,938.76
745b7adf-58b0-4670-93f7-a4bcf1f3a872,C0814,1025,170,24.0,1015.07
a9c55e25-fd02-434d-8854-2f3c04c9a0a3,C0499,1002,159,29.0,1814.55
da5853be-8e42-4084-98f7-00de1da961bc,C0023,1049,89,37.0,1287.74
002cc89e-5c55-4d2a-93de-9d0d488a2c0d,C0018,1015,15,11.0,1106.28
f31dd415-3036-45f0-9dff-7face28231df,C0930,1048,34,8.0,1237.38
d1732ea4-a156-4bb8-9707-ca3231f6e612,C0151,1026,126,36.0,403.15
acfb5b75-d576-4642-a597-8ada0661e533,C0826,1000,12,44.0,968.98
d2bb6f7f-c53b-4859-8781-8517c12c9d92,C0196,1027,144,43.0,939.07
07d88071-ad88-4e03-b26c-aaa01acff9a3,C0857,1024,128,41.0,852.32
c5422dc6-1f53-42e0-9525-7dc3e1817f8a,C0180,1035,41,34.0,1679.27
215f9316-c823-45a7-993a-aab3e9db398a,C0920,1003,39,37.0,1045.0
6a552c7f-5108-4b29-ac61-74cb27b65522,C0490,1045,10,3.0,1514.67
c9fe00cd-3050-4a93-ac7c-3ab808cf61f4,C0703,1018,80,17.0,623.9
7dc93acb-ffa9-494e-9b9a-137ed443347e,C0244,1016,46,3.0,1434.87
75dc38b0-a7ed-4800-97bf-4b0b9ad73b6f,C0973,1012,50,28.0,1547.91
129c4752-7254-4d74-aa3c-6b3aa561b624,C0773,1044,113,44.0,378.25
9a02166c-2217-4562-b0f6-a331793501b3,C0965,1007,137,47.0,968.76
c27debce-c74a-484f-8eee-5559d8c37d84,C0336,1047,159,29.0,1554.85
dd1e16cf-c9a0-4c06-8fa8-6977f13aeee3,C0348,1044,121,38.0,669.91
6a52babe-7eb9-4dff-b5d8-9f07a95d9fb4,C0277,1043,98,40.0,1494.44
81930780-6407-4e77-af60-f361696abbfb,C0840,1049,172,35.0,302.41
4a18c90e-dc5d-4d78-b8a5-141b9e795145,C0345,1018,131,3.0,1015.07
545aeb07-1904-41fb-a3ff-be92bf6a9510,C0590,1023,75,29.0,681.46
74d870e8-406c-4912-8b6a-65459ca11e1a,C0743,1005,146,38.0,1196.68
39bbf86f-815c-45b6-b20c-01a5610bf537,C0219,1018,17,6.0,1656.34
e30d97b7-0d8b-4391-bb4b-16537de08440,C0098,1016,160,21.0,1992.64
2ea2fd11-a7a2-49d5-bc79-85102e8d3481,C0925,1045,17,34.0,678.78
48e69f35-f2f4-4100-b7af-0b13b76b7e74,C0126,1010,3,11.0,463.67
6ed425ad-429c-4edd-b9e3-b01e7cb928b4,C0605,1005,45,11.0,253.2
78a647d3-9247-4d8b-a174-38afa1c61c8e,C0261,1025,32,38.0,717.01
edb9e52c-c27b-4833-a5e4-05bcfa24828d,C0064,1008,15,44.0,1047.39
42945c20-12a2-4f4c-a41c-0ea0ed2774c4,C0914,1036,127,44.0,1015.07
8914e9b6-28aa-47b3-a907-4358ac4c2aba,C0637,1016,164,42.0,1609.77
9ab29a3d-e050-4619-98e3-6835d7b2db5d,C0051,1020,54,35.0,1450.78
43119ddd-a04d-4697-ae25-c3eb19a9fdab,C0445,1028,58,38.0,1526.68
76c2a43c-0752-45e4-841b-ee0901a3b1ce,C0130,1026,18,50.0,472.8
372c615a-2655-4dd7-b26d-fe4a3096679c,C0456,1017,8,42.0,1592.82
3e1d8f68-78c9-4c26-b034-a54afc188916,C0436,1006,10,45.0,606.51
f5886aa1-4ab3-421b-b74e-843b1f1167a5,C0121,1026,12,49.0,1588.01
45e38117-f80b-4e8a-b715-4f1f37d3a055,C0157,1030,44,13.0,471.84
29d43264-d21f-420e-a35f-2a15ecee3b6c,C0705,1022,64,35.0,1153.07
70b88d5e-b185-4f9f-8428-394dc12b7e7b,C0766,1010,181,45.0,1763.85
c4d4ea3e-3379-4aaf-bcae-c12d174a8816,C0991,1028,14,9.0,278.51
2d63f346-d874-4001-8e6c-5f3103731987,C0539,1030,180,21.0,1576.85
5b7132f7-d556-42c3-bce2-9cbf54ee2a33,C0390,1023,139,24.0,1015.07
a7ea94d8-4e40-490e-b51f-64b89b67949c,C0390,1040,6,8.0,1646.79
d3672724-4848-4f9a-9e81-e87c03b8deb5,C0773,1041,156,19.0,1545.04
f359567b-798c-4987-ad89-3503aa663de4,C0055,1038,81,45.0,1571.19
e86a77e2-64eb-4522-bf8b-20a9b27778f2,C0047,1048,67,22.0,1142.38
4b55f7c8-b2ed-4e26-911a-491c456544b5,C0453,1004,166,43.0,1673.76
1bcf7409-6128-457b-9e48-25572b97f267,C0519,1041,135,45.0,1319.41
488a420c-5244-40c6-8349-e4e71de30824,C0380,1011,171,48.0,1051.63
f29a4e36-d9cb-4940-8473-fef3aef28a0a,C0610,1022,117,25.0,1717.24
f816fcb7-b1c7-4943-aa02-168fdc0c0553,C0402,1035,177,31.0,644.02
800df3b4-d977-42a5-9ef8-518571f5e614,C0194,1040,135,24.0,353.02
e627db43-60be-48ad-bd26-7cd4456703ab,C0884,1013,74,47.0,410.7
03f20288-5fb6-4a7b-9d84-c83ae9f299c2,C0596,1032,79,44.0,1601.95
d087c541-b007-42d7-a618-2b5fcd628c01,C0287,1017,91,22.0,1231.4
c37bc196-bcb0-49e2-8f45-8ce5d444fb4c,C0871,1008,105,21.0,58156.88
6ed35324-2f85-487c-934b-017528dfc4bf,C0863,1020,174,12.0,1064.59
d2730bb6-5610-4c07-934d-aae30c00687d,C0752,1041,152,22.0,1764.23
a77281b8-c0db-4589-8f3b-95ad488dd4ad,C0170,1041,104,50.0,1028.61
a4143c8a-8611-4997-8bbf-3405dab4b5bb,C0726,1027,113,10.0,223.6
ea6ec8e7-3274-402c-ad5d-ee57b6d0080a,C0498,1033,99,33.0,1990.33
43ada594-bc63-46f0-9330-fca88143f6ba,C0326,1016,103,18.0,1597.82
85be339b-ec7e-4897-a523-805abc92de44,C0426,1016,174,42.0,1398.3
c00c5d24-bc6c-4438-8f70-3cfbef93a9f5,C0274,1046,47,46.0,1106.65
91c34289-fe93-4221-a94e-c7706cf0b1df,C0780,1004,153,9.0,1062.36
2a5f3bd1-dc45-44a8-b331-c4b1cd60bfc0,C0927,1010,63,25.0,946.84
977eaf45-9245-4f77-827f-2adda6aa33fa,C0630,1024,123,33.0,520.53
db108d50-b556-41b9-9932-b3ebbefe2eb7,C0265,1008,180,2.0,721.68
b1725e7d-5366-42b1-8416-d732c20c27ab,C0506,1012,79,11.0,1550.97
b152d4c5-d336-416f-bc2a-eb6cbe123263,C0942,1002,169,50.0,1320.59
f30b4d26-9d43-495a-8093-4aaf09653742,C0122,1008,5,15.0,1543.08
e100ad6c-49e4-40b5-8182-8305d2c8a373,C0971,1033,116,24.0,1015.07
73637151-e223-488e-a8d3-a573ec44ce67,C0348,1032,84,31.0,1015.07
5f34a61c-6d61-4ac9-ba08-16aa88cc3f0c,C0346,1009,83,8.0,1217.35
44bff65d-462e-400f-b0c2-9b82b3e6e867,C0145,1007,141,2.0,754.68
43260188-fff5-48c7-84dd-5fe60cf9004f,C0918,1002,142,9.0,1729.21
3f99ecd7-3c54-450b-9e0d-7314c009e714,C0365,1046,30,11.0,742.98
63e4d145-ea2c-4560-9dda-ba6e718c5a86,C0734,1028,48,49.0,1077.73
eaa312db-9619-4dc6-ab0d-0d16d7921586,C0592,1029,36,35.0,1642.01
9b664946-9cf7-4ba2-b100-f7b752dfd85e,C0639,1026,60,50.0,1015.07
69b48072-8146-4d17-a95a-79be2a527858,C0677,1033,56,13.0,986.16
d8456b67-5f80-45f4-9d18-335491205e68,C0269,1027,64,16.0,1463.14
9c71a3f9-4053-4342-b576-adc29d7cd48a,C0219,1032,12,50.0,1515.42
42f05aa0-94a6-4bda-92d0-0edce832cedd,C0351,1034,97,1.0,1578.7
3a4fca7e-86dc-4c9f-9dd8-002640a71b6a,C0967,1002,111,48.0,1943.51
1a8d6031-2c63-4dd4-a959-5e321e0eedf3,C0620,1021,126,48.0,938.37
110291e9-501c-4fd5-bcc1-5ba26582f443,C0719,1022,19,11.0,1416.95
35839148-917d-4f5d-a07a-201ad9e4a17f,C0914,1039,170,21.0,703.94
f8c51ae2-9ac4-4f7d-9d9a-a977925af65f,C0564,1040,112,7.0,915.47
56e315b8-b050-469e-b0c2-ab7083949e6a,C0058,1046,107,38.0,119.45
9191e922-30c2-4537-8eb5-435c53a68d57,C0671,1047,1,43.0,1553.96
d17de057-0931-4a0a-96cb-9e7e27336994,C0519,1041,87,28.0,414.23
12b7521a-065f-4714-8e84-c60333e7e035,C0156,1035,80,27.0,325.31
490bf0c3-a0fe-494e-a354-670afbd582d2,C0048,1043,84,49.0,439.76
2505a072-86b0-4100-96ba-a39897b0af0d,C0735,1035,35,30.0,1959.99
f7acd5f6-d1cc-44e3-8c18-2b817029d829,C0444,1000,179,40.0,1070.79
b03fa8fc-6c1f-4320-849e-ac37afe9aef4,C0217,1011,74,31.0,365.9
44318d0e-0e2d-4427-a36b-cb1a05284bbd,C0260,1030,66,34.0,132.69
f93a1693-34a9-412a-b270-2a3690ffa5fb,C0808,1049,69,46.0,873.16
d1e170d6-2ae2-4686-8d45-712f744c96e8,C0138,1013,9,30.0,766.34
404b62a6-137d-4954-82e3-a50f1e5e85b8,C0389,1031,19,35.0,863.84
97b813bc-9b1e-4c1c-8889-1eed09feeffc,C0226,1028,97,7.0,796.37
c0c6eec1-9fb6-40c1-8d01-651f9d5b00ae,C0407,1017,23,12.0,1912.14
bda542cf-3665-45d6-8d47-f6d491e2b51f,C0051,1044,116,22.0,1098.08
d3b98322-f8a2-438d-9484-9ff5c1d82bae,C0129,1040,75,13.0,760.47
55f09e7a-ef95-44ec-948a-6e48ea349eb5,C0981,1042,120,29.0,214.45
7106582b-0353-4c68-bd98-fb4ee4a5dd48,C0579,1045,105,44.0,1832.12
5d391cf6-ca63-4422-a396-38b67f4f5f0b,C0944,1036,38,17.0,1863.67
baa59e17-55ed-4cff-880d-19bcd58ac86d,C0944,1007,11,46.0,1015.07
f58a8baa-092e-44dd-a287-7444caee60da,C0548,1006,157,31.0,1037.78
8e313d55-a044-4ad9-aab4-e8f2849bc7ba,C0978,1024,66,41.0,879.53
b8dfbf24-a950-4ce3-b5c2-59248a468d77,C0521,1042,128,18.0,1036.66
b77f87dc-0a13-4ccb-812c-0a016da2673c,C0463,1008,130,22.0,1322.09
e2f5fc74-10e8-4bdb-9e35-2b5a513d9929,C0647,1006,49,50.0,202.28
2b4ca3f6-c775-4363-8d7b-d971f2d369c0,C0540,1007,137,35.0,955.26
fd18de90-1215-46f0-a7c8-a022c12a14c6,C0672,1018,99,19.0,1036.21
5d0b794d-b653-49f7-b871-eb7de8d3e20b,C0600,1033,87,31.0,150.86
32e586c2-1e78-4098-9045-254f72aba651,C0546,1021,60,5.0,66.04
00158c87-2c6c-415c-87e0-65e1bbf36e88,C0318,1035,55,16.0,577.6
df1f11f6-61a9-447b-879f-20c37943955c,C0457,1025,41,2.0,1015.07
a1a0eaf0-8ee7-4f84-aa54-56de28458fab,C0705,1023,86,27.0,744.75
80cb0c35-325a-466b-a2c1-bfd6eafa899d,C0126,1004,94,23.0,1465.13
df00ce87-c94a-4c3e-a5a5-a8879a2c3f54,C0289,1039,60,30.0,223.67
5d7e2f4f-40e2-4281-a9c6-9bcc52a2d573,C0214,1021,138,38.0,1030.54
e6914dba-5c5d-4b54-b3e0-e137e81aac2c,C0745,1025,85,33.0,1470.99
572bfbb8-4f60-4d8f-9054-0a2bbf5b7b09,C0223,1024,95,7.0,1436.76
269ff491-ecd9-433f-b39a-38ea5637ac8b,C0752,1036,120,20.0,1431.42
964954c7-2daf-42b1-8486-556e00bc993a,C0852,1032,93,9.0,565.83
00f4074a-967f-4a68-8d29-6a2e435a57c9,C0265,1022,55,38.0,757.09
09914281-b4b0-4c04-ba11-70ad7be0c9ad,C0861,1032,27,45.0,89.84
68bcd008-df6d-4063-be0a-6ccb0c35e61c,C0436,1021,24,3.0,1622.54
8a034642-4d1c-4ed8-b2f3-e975b2850e34,C0011,1042,153,37.0,1015.07
5d6f417e-2a3b-472a-85b2-a2ac98d2e83d,C0068,1003,49,4.0,610.29
c83d1a23-201a-4d58-bb53-183de0a3530c,C0265,1035,11,29.0,585.38
cb751994-e813-4113-b2d0-e80e37493505,C0869,1030,170,9.0,1300.71
22f98959-303b-47d9-8a61-4e8071e5f136,C0343,1000,40,26.0,1012.89
ebc4d362-43ae-44d9-bac9-5f02615e7d36,C0393,1038,153,35.0,1206.97
d582cc19-ef36-4f65-999b-5c8dc55ad7a5,C0799,1031,171,26.0,1889.4
0516258b-93c7-41f3-be38-488d575d81e3,C0914,1048,36,12.0,1048.09
e440c6ce-2c3e-46d6-9d31-804046d97109,C0426,1007,134,2.0,1510.44
e58e853f-b00e-469a-b388-e76692d23bed,C0127,1041,177,29.0,1905.01
b72dbcfd-29c9-44e6-95e6-3186a5157982,C0144,1026,10,16.0,631.46
aad5c7df-3f39-4bc2-a5a4-18a0976d1479,C0062,1010,81,2.0,1844.78
ff30077b-018f-424c-b01f-659b9abcc64b,C0368,1006,83,14.0,1599.28
23543a68-b1e0-480b-a623-f09ef100370e,C0412,1046,22,36.0,722.76
4c5442b8-b36c-4cff-a1c9-93eeaf90b252,C0838,1026,93,6.0,744.6
4fa355f9-60e9-4772-bb69-81857780782a,C0329,1045,155,33.0,1887.76
9bf5cd05-04dc-46d7-b443-9138cb16baec,C0792,1005,110,39.0,1015.07
e674b371-1d36-4526-92cc-1acb1e744e01,C0163,1038,14,14.0,913.53
d26d918e-6237-4197-8861-e2d1ef4b7871,C0790,1015,28,29.0,1740.86
54802eb8-d8c3-4dcb-b968-0f4d231e985f,C0204,1023,53,6.0,1218.46
2b9cab77-89d1-40cf-bde9-4a579bdda844,C0278,1039,71,28.0,1225.86
fa66a559-2dc5-40e2-ad8c-c1416baf9700,C0024,1011,51,19.0,1992.49
d1d73f43-473d-43d1-8962-0751fedd4ac7,C0209,1015,89,41.0,1896.88
20d1da52-ef59-4db7-be3f-a7658cc4736c,C0966,1040,22,10.0,954.77
9ed29a98-0391-47e4-b5b2-a8afc774598f,C0855,1005,93,20.0,1367.63
c3c8cba2-ef77-4b30-a520-50e09fe3a0b2,C0623,1014,5,42.0,1007.94
ac715f21-bd83-4d3d-827e-09e330e23926,C0048,1036,108,3.0,117.7
7fa417cd-cf20-41af-83bb-a7ca9d4b65ed,C0536,1025,75,44.0,730.9
bae5683b-5773-43c9-89d8-f915270ff383,C0082,1002,124,2.0,946.87
2209a8d2-45d1-4033-b107-05451aca0c8c,C0937,1040,55,34.0,319.7
cb0398c4-0c83-40a6-b8e9-cc2631cef17a,C0136,1025,10,25.0,1015.07
bffd3760-0831-4788-b61e-585d1972f1f3,C0106,1022,59,30.0,591.69
9df88d48-2384-4422-9aab-d8019d157d1a,C0665,1019,20,43.0,1374.68
5c83df45-2c6b-4357-94ad-44e400d0fb4e,C0717,1015,178,12.0,889.58
61994679-13a6-418e-a123-2e0665c59e94,C0626,1025,98,8.0,689.32
9a99ef1e-9edd-4aaa-9a74-2710a269dffa,C0288,1031,162,38.0,1859.26
e2d905ee-2d29-43f9-b979-ade28fc877df,C0985,1007,38,49.0,1921.15
2e4f85b8-9ea4-4a00-9bf5-a5b303e12936,C0973,1043,144,5.0,1929.19
b66cbd6e-9150-4a68-994c-ba66e4f435f1,C0830,1004,71,28.0,1668.05
8ddf1615-d372-4cb4-81fa-761160aa0f0c,C0757,1048,143,1.0,156.28
8c5b50e2-45e4-4dd1-8969-231a120703e9,C0905,1027,95,24.0,892.14
ca71277a-2d46-475b-8ff2-c1a8a918d6ee,C0273,1005,125,37.0,189.41
d474f502-55ec-44cf-ad9d-913fb5d7b808,C0544,1013,40,4.0,1078.94
1e03ff58-b3e3-4b47-9fb2-f9549ece5a3d,C0528,1003,58,34.0,888.29
e6cab7ee-df01-4543-ae05-cbd204ae9744,C0638,1020,181,18.0,1995.99
ab672499-2f83-4bf7-8812-8f98ab40a0b2,C0948,1021,17,50.0,1519.62
e22c8a34-1b42-4a41-9dfe-a4bb618ece72,C0710,1046,53,35.0,662.48
59bf0de8-e9f5-4989-a47b-d75ad4ce3655,C0907,1039,154,25.0,171.54
bef62e31-47cd-4fa8-b189-1a19a1f24d15,C0297,1027,124,15.0,1015.07
d3ad88c5-c8ae-4dbd-8687-80865232ff04,C0934,1040,172,4.0,817.91
93caa2db-88f5-4d2f-9ada-3c0150f20740,C0965,1038,170,30.0,91.58
5b9125a9-849e-4f28-a795-ffbf839a2a21,C0870,1033,128,34.0,1796.22
290ba098-37a6-4a37-9d5f-b248c74b3afc,C0785,1043,151,11.0,1214.57
cfcbe930-89a7-4177-9145-2979efe905a6,C0217,1023,172,17.0,1510.3
673860ca-96bf-4ea8-9623-b5ba2a2c8323,C0515,1041,44,16.0,1299.74
9b64bb21-27d9-4652-a83c-d0284c7c2e39,C0224,1014,63,23.0,1167.54
301a4a89-2b02-422b-bbc7-0a4285fd4bce,C0996,1037,123,12.0,1417.93
d3b05630-e56e-4516-b4b6-0be32815418b,C0290,1027,153,13.0,536.67
108b300e-f050-4d70-80d6-b279d30f9762,C0517,1005,3,14.0,1631.78
105e61f9-cf7a-4245-aedc-3faaa93a01c4,C0856,1036,178,25.0,310.54
c58642be-19c1-4618-87bf-cf639872331b,C0910,1008,42,12.0,418.92
4af44237-19f1-466c-a139-3694651815fa,C0507,1048,115,49.0,293.23
f2495139-1daf-43f9-ae39-c4b8e096e874,C0655,1042,150,50.0,548.91
8df455e2-85f2-4cbd-b33e-295116d452bd,C0722,1005,147,41.0,768.64
c5297cd1-be81-4362-867f-c3e52e0bf74b,C0034,1022,61,31.0,1015.07
812f6096-fe06-49d0-be86-d93f19fa6aee,C0446,1039,78,14.0,366.19
7b1fa662-d366-4250-bd78-638cdba71827,C0842,1047,49,42.0,1883.91
c8df5878-1f3a-40e9-be09-3490f8013e89,C0522,1005,119,48.0,834.1
b11aba5c-9354-4848-9da0-78e940e3b31f,C0700,1011,120,16.0,496.51
e0f2a085-daa7-4208-b0ef-59af0bc9e41e,C0893,1030,127,45.0,229.51
f50b7702-d750-48dc-8103-4e3ff93c283c,C0716,1017,38,25.0,236.56
6881a32b-87db-4795-80b0-714f850d05bb,C0808,1031,28,36.0,287.49
3b68545d-52a0-4744-a153-b5c4ccfb790a,C0180,1026,24,44.0,1925.86
a1d85cb1-ec69-4175-aabb-faa595ca7e00,C0182,1034,32,17.0,510.77
86496f19-6b02-482d-8e3d-5afd4e2683c6,C0490,1013,169,34.0,1001.52
e059b8b3-913d-49ca-b58f-af29f1b3db62,C0672,1031,154,11.0,253.6
769a26ec-b1d3-43f7-a8dc-afb01d50099e,C0381,1029,90,1.0,729.59
7683ac14-e2d8-4d8a-92e1-6b8b29c73bd2,C0568,1007,144,31.0,1890.35
16458e44-dd85-45d2-b8e1-16e0d020fd47,C0729,1037,159,17.0,1523.69
1356d3af-4c2c-488d-8be9-7a0f214a3077,C0412,1016,7,42.0,1615.54
7a0664de-da4b-4919-98c7-5ffe6bb2009c,C0464,1036,152,15.0,422.89
2decc4cf-048a-490f-a456-129ba2698303,C0891,1029,70,32.0,1155.16
ac7a098e-163b-49cb-87aa-004f14a09f98,C0081,1011,51,10.0,560.11
977c636b-2863-4317-9ca4-ff22b18c33a7,C0514,1046,87,23.0,389.22
911aa159-5fcf-44d0-8f7e-f1714803cb98,C0235,1014,5,34.0,906.85
43a3c923-f5f8-4a8b-864f-0d9e86d98d1c,C1000,1033,97,27.0,727.58
df37ea74-5935-442b-99d5-468fdb3b8fb1,C0300,1031,150,9.0,1398.08
d098fb88-6afe-4188-863c-5bcddd01881c,C0138,1031,53,14.0,1709.99
a82f3de5-a3b0-4f20-9ee2-b2243e6ae95a,C0071,1022,41,41.0,325.47
1ee94bc5-3a3a-4ecd-9bd1-48fc3271212f,C0252,1006,126,50.0,1015.07
c3817b64-06f2-45b3-8aea-aa22371a8d77,C0234,1005,53,35.0,995.49
71017eed-9567-4fc2-9c58-f34b90d6afda,C0376,1019,56,18.0,951.82
88ce358a-8e0e-42f1-a762-06fa802c0a95,C0003,1011,158,3.0,863.95
db949d51-32e0-40b0-bc95-79ebb408252c,C0780,1018,70,50.0,1324.58
5c12e585-ef78-4dfd-a068-12ab1511fdb9,C0206,1032,74,24.0,1971.98
db51ef1b-d7d7-41bb-9303-9d79ef68d723,C0598,1011,146,37.0,1015.07
b9c7db6b-d87e-40eb-bb99-e6e8731daf13,C0131,1003,80,39.0,1245.26
22b64213-4958-4726-ae0c-dea8126c56f1,C0613,1042,147,36.0,877.52
fae9ec08-50ef-4d75-8945-579a26631a91,C0516,1046,5,46.0,1592.81
a2aea8dd-85df-4e51-abcd-cfcc1328b9cb,C0690,1024,166,48.0,685.27
56df2dd3-ea97-4fd4-82e2-cd538bea676a,C0989,1002,75,12.0,1120.64
deb787fd-fdb5-49a0-807c-3a13c87e45c7,C0654,1000,25,27.0,1833.11
4887cc81-5105-4696-9f68-15b1b4599a06,C0375,1014,71,30.0,721.75
643be45c-96ab-4fec-bbeb-eb025b554bbb,C0341,1024,52,25.0,261.54
677274d3-6bfb-4376-b271-c4e7a13b3378,C0009,1011,169,42.0,1259.25
f92f359a-0f53-4a97-af9d-829f7c8c70ac,C0391,1013,143,3.0,1579.61
57ceff6c-d1d8-4b63-a163-03c42c47bcbf,C0292,1049,75,25.0,151.7
f317582a-296c-4209-a8a6-34597033867d,C0498,1037,37,10.0,536.28
0bc2fcbf-3cf6-4c7e-a2bc-7050daf7d5d3,C0230,1037,9,27.0,1698.64
4ccf911e-d62a-412f-91fa-ed347f282034,C0813,1036,143,3.0,1611.87
27079e38-7576-451f-8637-00f55f67748a,C0084,1004,34,49.0,312.67
ad78c932-1e31-4c1c-94f7-c753fe2f0970,C0225,1037,76,15.0,573.11
2bd7cc29-3f98-4143-873d-236a238ac7c7,C0385,1048,27,42.0,1274.45
4c03d340-3183-490f-bbec-aebf30b47bd6,C0244,1042,43,18.0,490.59
490390be-56d6-4220-8d83-37a1eee8fb9d,C0782,1023,99,32.0,1791.75
ed37b4eb-9fa7-41af-b545-643f24b83f5a,C0842,1029,100,46.0,773.2
6a951d8d-4647-4b32-a80e-eb7255b540df,C0461,1032,124,19.0,1550.13
7a1e30a1-cf20-468c-abb9-5c4ed92a27de,C0201,1001,167,15.0,1392.8
8ed37b9c-a4e9-48b0-ae02-1768cbe46e0c,C0823,1030,169,6.0,1671.55
003f489f-8cb5-46df-bb71-865189898bcf,C0490,1037,127,25.0,692.68
7001b687-ab05-4d10-b010-858df2cee1e7,C0667,1030,24,6.0,1489.44
2a8e8bc1-c2f2-439e-924d-5d82780123bb,C0963,1039,120,9.0,666.27
fc41a03c-dec2-4ca5-bb9e-47299dbb5010,C0378,1020,142,31.0,666.52
e96923ee-edb2-47ae-aebf-466f0d305c4b,C0133,1029,86,39.0,1015.07
df35fc3d-b74e-4c4b-8694-bd1dc4695bfe,C0365,1014,63,11.0,110.38
35ecdd96-cd92-4124-a1b0-62f4828b1571,C0447,1030,116,45.0,1687.2
d02dcd84-ed6a-4c4a-a641-71d55e5f28ed,C0139,1049,50,7.0,618.97
f50528ca-7579-412f-b22a-9b142e51264d,C0698,1049,9,17.0,69.63
3cbee9be-1838-4056-b50d-e38e6d1d0cef,C0881,1016,2,4.0,451.04
ecfc3e51-5d3a-4266-b1dd-7d40150ef8b9,C0881,1031,29,21.0,1642.77
11c38b06-3e4b-4f56-b0b9-19858cbb4359,C0780,1034,175,38.0,658.09
92b857cc-a01a-4c38-9883-1adaa5c11a16,C0965,1021,116,47.0,1596.68
cb762350-bcfb-4647-b7f0-97a413076f2b,C0259,1047,33,19.0,583.96
4330301f-8b02-491c-9db9-e066a322b819,C0797,1003,111,5.0,360.64
e17ff217-a349-474b-8b2d-6c75178e30ab,C0228,1011,85,7.0,1226.58
b82ded14-b3e4-4949-99a7-35bec949bb2c,C0232,1042,99,12.0,1326.25
726bf889-f8c5-4502-be66-7fcdc1028ad6,C0939,1023,144,29.0,1619.73
5803f7e3-c1dc-4aa0-87a1-58848b8cb3c0,C0857,1048,68,14.0,1015.07
bdcb9731-fe19-475f-abd4-95680fbc4e83,C0543,1033,150,38.0,242.78
f437c4c6-3f78-45d5-a7cc-f169716b2c61,C0188,1016,131,40.0,1824.92
8012ed0a-b72a-4b5c-84d3-1908fac10b1a,C0854,1042,13,48.0,577.18
55d5ad2b-2554-4a8d-8a26-eb5bf1664407,C0973,1042,49,10.0,313.22
f0c8ed3e-7930-4b33-a422-21b764bf0d44,C0254,1005,175,23.0,418.39
d1030f9a-0b67-49a1-b5d7-16b97329427c,C0453,1045,24,14.0,1598.91
8e1c6b1a-ca14-473a-9b3c-cfb00e72a84c,C0004,1034,109,6.0,1902.59
79f4029f-4164-47b2-8dc3-32ab7a1550b5,C0392,1049,129,50.0,1614.83
fffc3328-7fc8-4107-b1a0-d415cc4f1a61,C0416,1007,110,27.0,839.4
d2538b56-9f6a-413d-a6ec-8382f6fed119,C0340,1028,77,31.0,1964.21
b7c944f9-c530-4be9-8a0d-504d72a90020,C0198,1006,7,19.0,1015.07
4ec77179-22db-4080-9edd-dd6d06c109b5,C0969,1016,84,17.0,412.27
2e7ebb28-9d60-421c-b090-c78e69f0762d,C0302,1026,165,24.0,86.76
0d01c673-c93d-469c-b591-9a4a9e2c0e3c,C0512,1047,55,20.0,1635.27
377df844-f278-48bb-a2ee-5498df1e48d0,C0716,1030,32,5.0,1766.35
83b16c6c-c0e0-4b59-abbe-ee207e89cf57,C0312,1029,66,29.0,1239.08
65c249f8-a84f-499f-a810-e7e08906483e,C0453,1024,18,1.0,957.75
51473d5a-5ad4-48d4-976d-fb497157f533,C0122,1003,17,30.0,574.19
39b6d9f0-9dd8-40a8-b291-8dc413bbae3c,C0235,1014,45,25.0,648.62
3923504b-ffe9-45cc-9609-ef216034294f,C0570,1038,124,27.0,133.86
ac92159f-cd3d-4b40-867d-887d2aea66cb,C0657,1027,158,40.0,1771.49
f8533154-26b8-47a3-98cb-0caefd445be7,C0295,1031,140,43.0,266.94
b41c7cc1-e791-48cc-8fce-04d77ccd48c7,C0640,1030,115,38.0,1646.56
b66af8e5-e8ce-4735-8fe8-5cebb13928ed,C0162,1012,44,22.0,840.69
6c5bbeeb-2540-427d-8af7-ace3fd35fec9,C0611,1047,62,48.0,1215.64
b6bddf08-3f23-43f9-897c-420272a8b13e,C0150,1031,162,8.0,861.05
d59f78ac-4fef-4832-b842-21a70b1fbe31,C0502,1011,54,31.0,225.76
a6d3afe9-0035-4025-9bd0-e1f210737821,C0855,1021,164,16.0,131.89
bfa1bcea-323c-4bb9-a35e-8371057b22e2,C0502,1044,29,17.0,1792.36
08efa8fb-111f-4d8b-b5db-463222c5516d,C0235,1026,166,37.0,592.45
09d64c3e-3318-4a78-b288-42ac8f5f1877,C0339,1029,125,30.0,853.54
502b42aa-cecf-4438-ad04-e31d574c4b34,C0563,1027,162,19.0,906.82
4ad745be-608f-4cbc-85ab-f05eb380c123,C0304,1037,139,43.0,264.86
02895a82-42c1-404f-9c80-871130df47d0,C0082,1032,155,6.0,754.42
9337e5f8-af5c-48c4-a6c1-4c063fcea089,C0835,1030,151,45.0,910.55
24e824f6-e82b-441d-aca3-dd37926efed6,C0244,1004,24,50.0,1015.07
7260f968-ae1d-426b-a14a-9052ee06404c,C0201,1022,55,40.0,1344.15
862943be-98a5-47cd-a66e-692c20e3599b,C0842,1034,29,34.0,1015.07
844cb73b-5672-4c8d-bf8e-c2c5c48c5278,C0600,1008,109,31.0,1067.14
98ec2871-d937-4463-8191-eebc483b135f,C0509,1006,81,38.0,1061.86
13dc6ee7-76a2-44d1-af09-746feb6c210e,C0804,1047,66,22.0,1250.2
e8dc4599-dac7-4c67-a94e-aa36df5baaed,C0699,1005,123,1.0,1039.78
8cef0fb3-9aab-4888-8852-cd56a6ae4e4a,C0672,1003,111,5.0,554.58
99a899ff-1def-4523-aafb-ef595226e4e5,C0551,1009,132,28.0,145.55
bd9069c8-68d1-4d87-a871-317b71080764,C0306,1007,33,45.0,1459.14
93fb314e-176b-440e-ac24-49a30f3df118,C0215,1028,155,19.0,23179.0
b6bf3298-f917-480f-9e45-55aa233b6f68,C0066,1016,118,39.0,301.48
9edc11c0-ad96-49dc-9699-829d9592c362,C0827,1010,48,8.0,1052.35
c34cb7fa-fe41-4bb5-8d05-136338035670,C0990,1030,142,43.0,1886.54
7604b608-4d5a-45af-aae5-44f6fbcd807c,C0876,1010,163,6.0,103.93
31194691-4723-4a31-9b2d-b11da1932642,C0338,1023,71,32.0,926.4
445ece3d-fa94-425a-82ea-59ecb1df4f08,C0130,1000,103,5.0,1570.51
9a1d6536-65b3-4370-97bf-e00904e94495,C0941,1021,30,6.0,1601.05
4da49941-4e3d-411b-a98f-5b7d10a9ce5b,C0953,1031,74,40.0,1242.8
5a169c3d-fb4f-4760-88a9-ca4a000eb70a,C0531,1030,106,11.0,1258.77
0a5a719a-0e29-4d05-a61a-8968176a08e0,C0633,1046,64,23.0,758.94
9d202837-b0a7-4db9-8b6b-5a1347afd694,C0854,1022,56,5.0,1716.29
92e0cf37-7673-42a7-8902-96ad24e8b450,C0647,1047,172,1.0,1742.92
244f6aed-c6b7-4c9c-a027-291fabefd788,C0218,1039,177,12.0,947.0
5538daee-4d53-4d29-a853-8a07d508a41d,C0707,1020,25,8.0,1204.76
a8acb44e-fd8a-42f3-be8f-69a12959dfe1,C0517,1022,114,3.0,162.72
0510f84c-bf47-46b1-bf9b-81cf4775423e,C0350,1028,129,14.0,1538.69
80b8d64f-fac1-4744-b08f-96da07260ba5,C0584,1046,110,41.0,1015.07
e7e1edc9-4725-4e74-afb7-a6d047aac35b,C0741,1038,117,43.0,1812.3
6176bc55-50a7-4c54-9b5b-c3354aad1b92,C0235,1021,109,10.0,1998.0
818f8631-1d57-42c8-bc1f-d508442e0f54,C0853,1033,133,29.0,921.1
37320482-2d99-4562-9f65-679a81ebe8f7,C0222,1017,9,13.0,55.99
eba2b31a-afe3-402d-9b98-1608ba20385c,C0408,1023,75,8.0,349.77
0941afeb-969a-4c3a-88f7-6902125feed6,C0982,1037,87,14.0,833.14
494af7f2-9e38-4a96-92dc-ff341126284e,C0115,1043,35,11.0,1087.64
3eedfa82-c95a-4688-84bc-5edaa3c31891,C0747,1044,65,11.0,745.93
9a85da80-b3c5-41c2-9046-a43bff4eb564,C0569,1038,157,37.0,27898.57
957b1832-33a9-48a1-b55c-1275ee432bc6,C0592,1025,169,8.0,1090.52
2d975b1b-b9f1-4941-b037-841aae6592ae,C0965,1028,48,19.0,1278.57
a6d24721-ceb3-4820-b330-5b5157f5a8bf,C0503,1034,5,35.0,979.74
3033a4de-edd4-4dcf-8e43-56610eac6565,C0727,1007,181,22.0,196.52
c0852915-fae7-43ac-8d7f-4d92365c4a5b,C0248,1033,148,2.0,568.29
47a41e1c-545c-40db-afcb-0ab9cf06956d,C0205,1001,51,5.0,1015.07
1c7e7bb5-fe65-4cf6-9dd7-bc051897caff,C0918,1016,143,26.0,1015.07
e641b412-0306-49c2-99ea-de13ab249e00,C0118,1034,122,28.0,1427.76
2ed074fd-b73c-46a5-8d72-3ddafb1c3684,C0826,1008,43,27.0,409.64
5ba08011-c843-4c2b-922b-2907bb023a98,C0014,1040,32,42.0,1015.07
a4d352c3-8ec0-4653-a329-ca1a32285423,C0152,1008,14,25.0,77.15
2853d0ce-ddbd-4f8a-81e7-5991515b9067,C0709,1039,115,1.0,768.82
685bb9ae-bb40-48d6-93b9-b28b6e9d2b01,C0781,1047,111,19.0,1056.9
3845ef9e-229a-4a0a-a3cf-d0df25839e86,C0999,1005,127,8.0,1499.71
5fb2e63a-578e-40ae-87a2-6b2acca6faa4,C0846,1013,54,42.0,1245.86
1c19bb51-fb21-409f-8dc3-dfde7352a510,C0714,1033,112,20.0,1813.51
d9ada09d-4ba3-4421-9f4d-2edc5f424d73,C0132,1032,181,40.0,1234.74
1135e7b0-54ed-4e75-ab8a-858c69244645,C0176,1017,165,50.0,518.44
dcf5e97e-0a46-4432-ba07-33c17520caf8,C0581,1010,143,46.0,182.66
851357a7-693d-4590-af94-e14898e37e02,C0271,1044,51,35.0,1015.07
6b2ed301-71b6-4624-9613-93a52d74f832,C0519,1037,36,27.0,1221.73
1ca6b426-7cd2-469f-a437-8a2ab56574fc,C0484,1011,69,25.0,1220.79
c71857c5-2731-4394-a786-9704afd68d08,C0327,1016,122,42.0,271.93
9c403326-bb0f-4878-a0ac-73ed8f2fe8fd,C0443,1029,79,17.0,655.1
5ac5ed7f-fdc1-4190-b489-da954d48a8af,C0471,1045,5,36.0,418.9
5b934fae-4e1c-4be3-aaef-4781f3c2c267,C0904,1041,131,17.0,798.63
1f94f188-4018-4747-9920-3b9bdede5af5,C0676,1041,83,8.0,1071.62
0f6092ec-5681-46bb-804d-6367251d570b,C0508,1002,68,34.0,839.85
15f560b9-4729-4b17-9161-5162338f8896,C0028,1001,44,38.0,1346.68
cbba48f5-6503-41b6-b8ac-419631497bf0,C0318,1045,127,35.0,1384.28
929a689c-c414-46b3-9d4c-ffd6f5523f29,C0399,1042,49,22.0,1580.44
1cf04045-0723-4793-8d69-76e3f46e0d2f,C0963,1025,95,43.0,1015.07
8c33249b-a846-4bb3-9c7d-c515c21f1b41,C0109,1011,68,37.0,1716.12
3278f171-8f43-4aae-9766-bceee4dee1fd,C0038,1006,137,34.0,424.35
95c5f14e-667d-4528-8f3c-9299e2096103,C0546,1010,179,20.0,860.1
bcd60052-4ab5-46cc-b841-88415ad70667,C0643,1024,153,50.0,1467.62
6749404a-00b5-4bc5-ba0c-b9bbdb9ed2b4,C0535,1023,76,13.0,794.76
8dc8d9cc-29ac-41cc-b0d6-77a470b6bea5,C0413,1007,85,39.0,1331.21
24d666e2-97f8-4d03-bcc6-799c23fc3ef0,C0424,1026,120,12.0,175.25
21623115-4bc3-4092-be3d-3038ee15bc4b,C0880,1037,154,9.0,1015.07
6605b4c2-eac3-40bc-b3f5-81a31d088eb4,C0673,1041,140,33.0,1660.49
90ece0f2-8ed3-41ec-b932-693220f33d20,C0328,1008,101,3.0,909.09
d6162c0a-1868-46d1-9bf9-afbf162a99a9,C0397,1000,80,7.0,271.4
f5a945f1-f0f3-471d-a2a8-ce6af7decbfd,C0784,1020,164,8.0,761.79
49f7f90a-fc08-457b-9ce7-f463c21ea7f8,C0706,1039,4,30.0,148.86
b22439a2-3216-4f5b-97b6-166f4d0cca1e,C0130,1043,85,31.0,153.85
51b551ed-b8f4-4207-8b1f-281662388092,C0207,1007,14,13.0,1157.54
193d9e3f-ae4f-41da-8802-b9d24fb2bd13,C0095,1024,16,22.0,674.05
ca54cc9b-8328-43ab-a2fa-1ba8775bb11e,C0461,1032,18,38.0,1210.06
cfe338f5-9a0a-4dea-aca6-0abe132267d7,C0892,1017,28,1.0,81.41
2e496051-246a-4d46-ac97-2f35f1ded3cc,C0705,1044,168,12.0,1979.79
04d2a5b7-4d94-4eca-b56d-f277371a3870,C0286,1027,63,24.0,332.49
e1f82347-599a-4f1b-989f-ea71fd011229,C0530,1032,174,8.0,50.34
64334875-3633-4b80-9e42-7ea542b595e3,C0004,1036,153,22.0,718.11
2c205916-b0d7-423b-bf9b-eb9fda6a21ef,C0371,1017,150,17.0,1905.94
b3316312-0833-4f63-b2c6-537dc8b341fc,C0589,1024,148,21.0,309.82
05b89685-7782-467d-939c-a5759dd963e0,C0396,1043,147,50.0,1421.64
8a039565-f869-4e09-9197-19e6a141028c,C0965,1042,36,44.0,875.44
a9d3f00b-22f9-4eae-89a1-1e0ecc800b25,C0692,1032,6,14.0,1015.07
3db92073-5863-48ad-813c-0dfd6970f1aa,C0440,1049,69,13.0,800.68
640558f7-f7f0-4c98-9185-9918fc22c8d9,C0913,1030,44,22.0,1015.07
fc2f8ab7-00cd-4754-aaed-4d0d748e9ed9,C0905,1034,113,22.0,1579.16
f8204a51-50e6-4058-a785-d9bc18ffd6c5,C0526,1023,121,47.0,784.01
50e193cb-932d-43bb-a3c4-503c74b4c044,C0940,1007,52,8.0,653.54
b94c6ecf-a1b2-41fa-ba2a-f7ccde59c98b,C0435,1033,102,39.0,76454.1
acda04c4-ee69-449b-a0b5-407718c1fdb0,C0023,1041,98,26.0,1888.59
4ed14c49-4074-472e-aae5-b32aaebecfef,C0925,1004,22,9.0,437.15
ee53599a-dc74-44db-a1c6-09ca189ed176,C0521,1008,149,8.0,306.64
5f4e6936-6250-44d8-adcc-4e15bfc3337f,C0321,1016,73,46.0,88.96
2c0bc5df-0347-47fa-8c73-b3fba64c5916,C0628,1029,134,39.0,1100.38
3b070965-bfd1-4783-85b9-d70ebf9ba596,C0559,1000,57,23.0,1015.07
adbb5197-25c2-4cd9-bdcf-db1ef75c7e59,C0669,1002,157,19.0,571.28
6a44829e-27cb-4deb-81a7-d4ff0577bdd8,C0388,1002,13,23.0,1897.75
170d6f52-1547-49a2-80ae-29d3651ae34f,C0904,1009,47,10.0,182.0
5a69c357-42fe-444a-8de5-ff1b6a888ea3,C0656,1019,32,2.0,173.09
36e40d31-285d-4a2a-8d5b-3f614bacdaf0,C0643,1014,152,12.0,1246.78
754afb47-3015-40dd-a2b9-9e1308a00a90,C0472,1020,112,23.0,549.79
db0ca213-9022-4cf3-bc66-92cf2eac3777,C0388,1004,69,16.0,1283.52
a2cbd267-2123-4788-bebe-fbb1e7e9f3f1,C0962,1003,13,48.0,1401.36
60689988-34ec-4f91-9e0f-a5357c621a79,C0511,1035,78,4.0,48019.45
d3831622-6345-49c3-8e85-1696a655c88c,C0241,1046,161,16.0,569.03
ce94b5f9-4821-48c0-9137-a47581bf1bf3,C0810,1037,113,3.0,1515.16
82ffb8e5-ee42-4413-a2a7-a4dde0dea56e,C0142,1045,147,7.0,654.91
6147ece2-d54d-4b0f-ba81-714ad07c2933,C0711,1030,150,7.0,1210.08
d2ee0413-3ee8-4726-9704-d3bf5ea85650,C0680,1030,61,8.0,1098.59
25598ca1-36ab-4102-a068-024b455ed1e9,C0393,1023,124,23.0,54255.61
883609df-c5d7-4920-96dc-d6c3e44ac7b1,C0293,1004,31,14.0,1942.31
327e5b17-6d17-4ed0-be8a-a5f85099e4ca,C0313,1047,126,30.0,140.62
3eeca6a6-7b32-457a-b649-89ffb100952f,C0663,1036,127,33.0,523.78
7ae632d2-5044-4aeb-9e73-a782f5bacecb,C0838,1045,99,31.0,1464.28
75823ab0-cad6-4b1d-920c-82e2a99fba2f,C0609,1005,148,26.0,1140.76
ca3eea64-dfd2-4073-9210-564f52ae8c99,C0493,1011,51,46.0,123.57
42bd7e66-4b4f-4e1f-b27e-22c476befa80,C0819,1000,3,11.0,1714.16
1d980b2b-1725-4679-a96e-ce49eedb189b,C0197,1031,60,15.0,1671.65
cb1074c0-86f9-4a0c-b898-04da4f2615f6,C0888,1010,34,38.0,645.87
e7746932-131d-4a74-997a-c73878796c17,C0013,1030,102,33.0,1199.95
d2e6311d-010f-49dc-81c5-4cf8c03722ef,C0193,1047,128,39.0,1698.4
31bb6339-2e7e-4dcc-9111-d0e16e5c1cde,C0885,1020,64,18.0,624.39
657b7047-0f99-4c6b-a5f6-88773210b062,C0231,1034,80,37.0,1141.42
a692d751-92e4-4b76-b9bd-561d84f7dbdb,C0874,1007,93,42.0,1184.5
9c4e1d5f-10e0-44e7-9c5d-c4f0b3abddd8,C0493,1029,60,25.0,1311.25
51072cf5-2619-43fd-b3c7-b4b1d580d0ba,C0373,1037,64,18.0,1360.55
716acc67-0e6a-483f-83b7-cd5ca4d6b207,C0270,1011,150,26.0,934.22
27d6783b-5aee-4cfa-9a6f-8a3affd61dfc,C0362,1016,28,35.0,308.29
1494b636-eb05-4465-95b2-e2e2fbf9c414,C0837,1010,144,25.0,1731.03
5469a0ff-8fff-4a51-8a5f-47b014b7533c,C0783,1037,24,18.0,1882.57
392a6b60-c613-46a3-80e2-5bc4865fb7db,C0826,1035,18,22.0,1734.52
521e75ba-5899-4a9a-b0de-77685cfa85af,C0900,1043,140,23.0,1788.54
3d4a11f1-6be5-448d-93b8-b0dea3f9257d,C0489,1004,14,13.0,576.55
13e5624c-f1f7-47d7-819d-6b429c2cde33,C0270,1008,98,2.0,1856.79
e64368f2-db99-44f3-b04e-97bb27841acf,C0448,1038,61,41.0,1055.35
e5b3b662-24fc-4d4f-aed5-edaf649d0a14,C0909,1026,4,37.0,1439.15
0b0b4af3-4e81-457f-b668-7eeefd25a99f,C0130,1020,35,10.0,1533.47
76c317f5-39ca-49b0-8eb6-85d66aea5f8a,C0858,1044,11,26.0,1183.97
395500e3-39bd-4b26-800f-5b86ac1ff54a,C0645,1005,136,33.0,950.84
eb752243-3df9-4318-9de1-8724d883b621,C0806,1049,34,50.0,893.29
dcb63ccf-ba12-4adc-a2d9-198cd154b47d,C0753,1034,74,50.0,143.24
d88fbee4-4cc4-429e-b35a-ad44a9660e31,C0278,1019,1,42.0,959.74
22f45168-be86-428e-b00f-962d49e0aa95,C0019,1013,165,8.0,1723.36
5a937222-76f8-4b48-a904-1ceb1ea6cc72,C0468,1020,151,38.0,1345.71
c44ffa56-19d5-4f7e-bf38-3d4880c33cfd,C0348,1026,36,2.0,1008.91
f45c56b3-a04d-4495-a046-3d3c2a770309,C0517,1022,149,42.0,1857.78
9ca0e2c9-8243-493f-8079-0a9e531e8ec7,C0650,1025,53,31.0,1793.33
070f8e38-d9e5-4e21-ba3e-312b022b5275,C0372,1016,179,2.0,152.25
9a0f4d18-2bab-49ec-9ba3-1dd248ee385f,C0370,1022,134,28.0,1429.11
50a30f1d-eadc-474c-b573-7cb286da35a2,C0489,1023,43,25.0,239.36
4639fac8-9b59-4b06-b14f-d1a0a9a08dae,C0998,1036,120,24.0,61.76
9204f655-f24b-44f5-8f0d-6bd1b0829c3a,C0016,1031,71,25.0,1245.23
41b44043-4ac5-4757-9f41-7829e23bfdd9,C0468,1033,116,42.0,997.14
e2f1cdaf-870d-4f14-88cb-13c1c94a3258,C0543,1016,87,30.0,350.68
b8b8c8ac-2885-42eb-a724-9e9fefc08fd5,C0070,1025,44,9.0,861.17
32a4a1c3-c452-4222-8c91-aacd3542a326,C0334,1026,92,32.0,1403.67
bc0df93c-6372-4380-816c-db342099bc80,C0804,1008,101,5.0,391.41
433977c8-49d5-44ad-a383-1e4dee1fd694,C0188,1049,41,41.0,1688.32
99cb2006-f460-4c2a-b98a-ba6c9e3ae97a,C0018,1010,127,45.0,182.28
f5f00643-a716-4405-afa9-9adcd41ca832,C0370,1023,176,2.0,883.98
b52f152a-ca52-4e9e-b605-4a6c2c8edfaf,C0135,1011,163,4.0,1806.53
5797c0f4-48ec-48a4-bbe9-9eebc697f19d,C0649,1025,61,42.0,1754.71
5dadc02f-f609-4282-9768-770b50cea572,C0896,1015,116,2.0,1342.79
33d95aec-90dc-41a2-939a-80abf0ec14f1,C0530,1033,114,50.0,1182.62
fab67962-0788-4f2e-9c2d-68d6eb86d92f,C0795,1025,118,37.0,1095.71
0ed89438-a3c5-4c5e-83b0-c664c60cb4cb,C0378,1015,59,15.0,94.44
9f24314c-059b-48ee-bb6e-c0ab3dbec835,C0848,1001,124,46.0,1610.22
caffb001-43a0-44ea-8b76-ddbf180901bf,C0355,1018,170,18.0,795.29
d15da940-681b-4bfc-82d3-4ae0541524de,C0673,1019,113,6.0,1190.17
c3350a17-fcc1-4fe0-9c1b-7800253e5276,C0260,1044,34,25.0,1859.92
8ad6d7e5-560d-4fd1-a294-caecad2dbf20,C0713,1036,20,43.0,1159.87
d0ee44d5-045e-409f-b4cc-534c606025a7,C0427,1015,14,17.0,1061.66
db76eb1d-58b2-498a-ae0e-857a11fa39cd,C0312,1012,180,13.0,186.29
fcbdf904-079e-4887-9fde-21fc979aff7a,C0148,1025,148,42.0,869.49
7494f039-545d-4934-ae4d-3368639c6c14,C0376,1028,132,37.0,160.47
8d6b417a-c71f-4fba-a2b7-03b5f2bacaec,C0822,1003,67,30.0,198.52
4477343c-4b92-4816-a8e7-b544e451ed64,C0071,1002,18,37.0,370.4
2b25adf0-8ec3-4cc4-90a2-4a7212f14d34,C0730,1046,156,49.0,1565.38
cb70c6a1-46e9-4831-8b2e-f377c1ef432d,C0955,1000,52,30.0,941.5
95849765-701b-434f-828a-c83f63aa1c3c,C0335,1032,128,9.0,834.61
64718c3c-5eac-4ee8-a6cf-81d055513a37,C0832,1042,119,50.0,1291.87
8c1048ff-9058-4be5-b72d-dbcacab13080,C0591,1010,39,37.0,359.34
df7e7b43-1dd9-4dc8-b5fb-13c3e162e696,C0363,1016,6,49.0,1016.29
5ed96759-fea5-4f7d-bcf4-2b4548b5fc6d,C0864,1010,95,35.0,598.45
7c744ae8-1b0c-43de-bbad-a2294f6b195d,C0131,1023,102,27.0,1905.39
17328130-35f6-419d-b102-39021b87190a,C0873,1008,46,15.0,942.32
c5cded1b-bf23-49b1-928c-c57adc1aeb99,C0743,1003,4,12.0,1059.53
eb269cb9-95cf-4351-b552-f6323c22c5c9,C0892,1003,87,9.0,1029.07
77fc0e50-d9eb-4dea-9cd2-e3f4a10b8097,C0241,1034,7,14.0,1775.18
fd9d3702-0f9e-4a78-b19d-8c87de91815b,C0273,1000,137,27.0,750.49
199dfb11-3673-4b12-b650-1946c0926320,C0401,1003,124,19.0,351.74
b6355a24-d033-49ca-89c3-601e338886f7,C0750,1027,142,27.0,1412.54
ada2da84-3a0a-4c50-97aa-26509fa7d6c8,C0290,1024,33,13.0,359.6
97b59012-55ef-4904-a4da-42f62834ac6f,C0330,1031,53,26.0,1628.54
88ba04c8-4740-43b7-9a3b-47e3408d83b9,C0656,1030,71,43.0,1461.56
e6d89c26-302e-4956-8f7a-e47c86b240b7,C0266,1040,87,23.0,1015.07
4c4a6975-6069-4336-8b80-35a2b98b8630,C0342,1036,92,9.0,547.28
cb65c420-7439-4a52-b31f-4cb82968f01e,C0914,1043,56,15.0,1652.15
c34728a1-c608-43ed-ae80-ccd73e44a5ea,C0796,1022,148,18.0,1510.65
ec75f0b1-608d-4247-87e0-f3b138490563,C0792,1033,133,19.0,909.49
6e42e2cf-00ce-40d0-8791-9276d82a36b9,C0619,1001,100,14.0,278.6
8786b302-5e72-41d7-9f6e-9ac55645620d,C0071,1005,149,48.0,1818.02
18e1e16a-730f-41ef-9d7c-f7bc3b9980b0,C0488,1044,152,46.0,564.54
84887363-3e5a-48a5-9710-5bf6d2446a72,C0618,1022,29,42.0,893.14
28d05adb-a3b9-4e3b-9480-5f412a2f8b34,C0293,1001,170,20.0,676.96
4f6761ec-7383-4e17-be11-f4f9030ac9e5,C0379,1031,39,16.0,359.95
58a2da81-75d7-417f-844f-52411012f28a,C0819,1024,118,49.0,590.37
18679c30-893b-49db-b7e2-c82c42ebfcba,C0245,1015,17,37.0,1288.9
44f7073b-eddf-4a41-b74f-d0d3bc7e5c59,C0139,1047,20,42.0,823.47
ea7e06eb-7ea7-464a-b1ab-2077d2bff481,C0034,1043,131,4.0,1190.37
32e578cf-c7f5-4b3a-b2d5-a970787e5aee,C0509,1026,25,29.0,1600.02
a6b663b8-1fcc-4e8d-844f-d37d0433ad8f,C0680,1019,142,18.0,1688.39
31ab3160-c250-4bf5-a791-a2835840a335,C0959,1044,112,1.0,1181.33
84b6f5f7-536a-45d2-9c3c-956cc2bf3fd2,C0786,1026,100,15.0,697.16
faa54cb4-0fbe-4336-bcac-c268ed7808d8,C0701,1036,3,31.0,773.53
92a02a3d-8be4-4fb7-a0bd-9624f39e6f81,C0023,1012,44,18.0,448.68
72da6c37-cae5-4403-9a7e-1eab3083828a,C0022,1049,126,32.0,1630.54
4b38e831-951b-48b1-8e48-bec21ad008d1,C0859,1022,128,30.0,300.52
250adf2d-b703-4afa-8f37-a86ca5a47627,C0485,1021,19,14.0,992.07
053710fc-8518-4ead-b997-e59d42866522,C0127,1030,67,42.0,946.23
bce5c630-20a1-4853-b53e-bcdc350f2a21,C0203,1044,31,30.0,1286.91
0aebe123-924f-4431-afda-bd5f31613dba,C0779,1043,9,13.0,80.41
3436649b-6caf-44eb-9e2e-86c84be9b5db,C0148,1021,97,30.0,428.08
af6ccf50-1511-4e05-acff-4a2e74a56d70,C0247,1008,170,35.0,1088.19
8dbc0b5a-7074-4391-b7ba-1090bd66a05f,C0130,1044,54,42.0,788.65
a892ed5a-5288-4ea9-a542-f98c6267c6c5,C0306,1035,177,36.0,796.75
60ac13b6-b050-4147-afe5-79b49da5040e,C0295,1043,51,40.0,822.05
63c81660-34f9-4d1f-aa2f-e8f45b4bddf2,C0345,1002,162,26.0,1689.77
1939bafb-3ebf-41c6-9145-516087e3dec5,C0129,1031,172,10.0,1937.46
90abc5ab-b68b-41ed-919a-9b3d8bb8c91c,C0408,1040,170,47.0,1848.25
be73f97d-18e3-4532-beb9-74a96c19b305,C0759,1039,135,42.0,1138.72
6a20023e-84aa-4bfe-bf6b-29a7b1c89a1f,C0918,1021,125,24.0,1997.09
69625d0f-3716-4b70-9f7d-585c22902d5e,C0802,1005,179,30.0,234.23
03513fa6-777d-494b-9502-5db4bade3559,C0317,1046,105,49.0,54598.26
fb8d5514-e868-41ac-9d73-a6af805c5d78,C0728,1039,63,5.0,1530.96
792b9d57-788f-4831-aa2b-24767d715d4f,C0690,1003,63,4.0,283.05
7d514510-2818-4b37-9bfa-0c70c8873bbc,C0536,1004,162,27.0,375.91
23e23796-11f1-43ee-b2ec-d131ee71b8b7,C0063,1041,179,24.0,1039.35
9a0a257e-2889-446f-af97-9657ea21a673,C0841,1049,66,13.0,61.77
5230d564-a9bd-443d-b66f-f53f0f135720,C0834,1017,52,46.0,1220.91
356fefe8-3b21-4615-81e3-fc577d08b1c6,C0330,1041,4,19.0,1026.2
cb3cf9d9-0461-467a-a81b-dd6833b64674,C0301,1030,130,47.0,797.55
1f6acdb1-04b9-4ef7-9225-7219007a1d7b,C0819,1035,137,23.0,1305.13
27b6cc2b-ff6e-49c3-9399-c527985dfae8,C0978,1034,170,8.0,1537.69
6cfefb63-63ad-4bd5-bee9-48d3852b1a46,C0112,1016,77,14.0,1903.21
1e7ed340-f8f8-43a1-bd6a-ae43a141b974,C0219,1026,13,12.0,334.07
4de68adc-64c2-43eb-9cd8-49f066a93943,C0318,1036,23,9.0,1265.58
2e8a0e30-59fa-4ec6-ad28-eda71ec09236,C0499,1048,63,34.0,1377.88
6b2f07a1-cb21-4353-ab08-682204ebfd2e,C0515,1015,110,45.0,412.71
82c08aa3-8da7-45e2-8f59-a251c1c50f31,C0149,1033,159,34.0,1524.92
0d4ad08f-0718-4ba2-b7d7-5538f83696fd,C0907,1025,80,38.0,1015.07
0a8abcbb-a046-4a82-9a8e-5319067db384,C0286,1009,99,21.0,319.23
53ace1fd-7e1e-4299-a467-1208b0fbf11e,C0555,1012,163,30.0,1668.01
a6836ced-3165-427f-b43c-949a1e696024,C0152,1047,1,27.0,1015.07
8efcc909-e1d7-4063-a25c-1db8df97892b,C0858,1015,173,36.0,1090.97
282f2926-5805-4e35-9623-02b92d6db2be,C0191,1027,10,45.0,913.4
584b3dcf-1a75-4b7b-bf81-17e8cbb116bb,C0631,1038,113,28.0,408.72
59447141-a647-4bef-a68e-e4b487ea6c4a,C0044,1026,178,11.0,1332.75
7b38ea68-4174-4a94-bf59-ce7db8cce4a2,C0395,1044,59,37.0,1015.07
2b42c0ff-4c89-4039-b511-b9bdbb39d7bf,C0367,1013,63,13.0,1156.08
15477c20-072e-4722-9e1b-61f545907d44,C0692,1026,133,37.0,1792.81
b24c0a11-81b7-46ac-97b3-065d3abfa0d2,C0302,1030,29,32.0,1649.59
4b27a3d1-55fe-4fe7-a168-7dac1d72d252,C0356,1022,153,26.0,260.44
78447b25-894a-4d2b-9466-233d936598fe,C0251,1035,128,20.0,1548.46
8c1c1d9e-7ba0-4495-a0c7-97a3041d9a6c,C0378,1041,84,8.0,1158.77
bf40986f-c281-4cd4-a430-ae6ee2fa199f,C0721,1028,161,39.0,530.8
2da45ba7-1c9b-4a3b-b86c-43dbe16ff5b5,C0179,1002,123,46.0,1481.17
bcc0a6c4-9b7a-496c-86f3-9cf1bde9165b,C0077,1005,176,12.0,713.81
0c0486b6-7a60-400a-9982-bf458a521b8c,C0856,1010,21,40.0,683.55
5ad8c1ef-2595-4fd3-85a3-d4bd01d2abd5,C0856,1007,27,9.0,1837.09
7e5eb9c1-7654-4bee-ab2c-725e4095047f,C0411,1023,95,3.0,1373.19
0eb79fd5-6af7-495c-b429-02995cd4cbd3,C0485,1020,153,31.0,1602.22
fe7f49e3-0e53-4f6c-9567-d2381ec37f1f,C0642,1006,110,5.0,1802.87
c701c433-320d-4b64-82dc-2e9c5ba2951c,C0432,1010,28,38.0,280.37
d090f22e-baa9-4657-91b6-dd8a6e33a6a2,C0742,1020,175,17.0,946.78
05f21047-b456-4f84-8e44-8a7bd5e472a2,C0488,1012,111,3.0,1015.07
78314a8a-0ffd-499c-84cf-329e8647646d,C0854,1037,83,35.0,660.56
fd32695d-51ff-4f1d-b07a-838c39a75ce8,C0605,1007,108,41.0,971.78
a3ce9e68-2a47-4c8d-911f-872a955e6eb2,C0166,1003,144,24.0,418.68
118cc023-9a7f-487a-8e9e-3240ca39ce3d,C0341,1024,120,50.0,221.93
ca7d6ebd-f4c8-459f-b683-9e070b1f36ac,C0032,1018,62,49.0,1816.14
c2e2effd-fb80-478f-b916-38345afbcfe0,C0950,1031,121,46.0,1095.77
fede2d94-d582-4740-ba16-501c1c98902b,C0221,1038,28,39.0,1015.07
0a62d904-c5a6-4393-ad1a-a63cea5096c9,C0574,1037,113,17.0,1749.98
62abbd96-fe69-4908-8150-4627f7a8389b,C0115,1026,107,27.0,1422.34
2aa9ee37-ef9b-41a8-aa2c-3cfc71ab9208,C0545,1012,143,10.0,1964.15
3e773fdf-f5ee-46ef-8de4-802c33db3e1a,C0998,1037,170,41.0,1700.63
c75e41bb-d766-4baf-b880-ae74d186ca40,C0508,1039,55,13.0,627.82
af2febe4-776f-42fc-b36f-8435ba9b6ec3,C0406,1021,33,48.0,804.86
895579ac-0732-4dc8-8eb0-8d0509b0b93d,C0470,1017,5,17.0,647.75
6dd95609-e237-4287-ba23-531f7228ace3,C0378,1027,72,18.0,1716.86
e02951bb-d720-4d71-97a5-252eb2f2bf8b,C0332,1045,125,9.0,1406.43
e5f18b30-6b28-418f-949a-e59b239da7e8,C0914,1026,28,17.0,1255.77
25d55438-253c-4220-922d-86db6acaaa88,C0476,1003,143,23.0,1862.31
fc4f96e1-85a8-4196-87b8-19d1c6c7cdf0,C0064,1025,34,38.0,1278.43
cf0efa7a-5458-4a6c-ab16-bb3b66d58c60,C0736,1008,6,32.0,816.89
c1a44190-c691-4d3d-a708-d1bcc6d8f046,C0599,1035,53,17.0,395.62
934d2b7c-f974-4c04-8bb5-ee6e749ad540,C0576,1047,57,37.0,838.78
9e60de99-a271-4a20-a4c9-3107c568f7ea,C0398,1011,170,32.0,413.63
1697467c-8055-4cf4-a588-38402040881c,C0784,1000,94,39.0,1899.84
cc303c83-95ad-4106-bc61-f80c00e30473,C0011,1037,104,47.0,536.52
36fb04d3-546c-4cdc-9557-8ce15a5b1229,C0532,1039,170,18.0,881.96
ee41afc6-ba36-40e2-9512-3dcca6fbe0ae,C0538,1018,47,49.0,1608.17
2a349339-0b38-451f-8326-5a3ebb7436c9,C0054,1031,60,44.0,115.18
ef9c1db0-f0ec-4ded-bcfe-4f8470a0de91,C0869,1043,4,24.0,1087.8
1bdbce9c-60e1-4588-8f19-40602250a303,C0496,1034,155,38.0,1014.56
2d93ff19-6c30-4075-9f82-b6ca8d2008f6,C0036,1016,107,3.0,1092.36
f51acd7f-f7d2-470a-8941-908e9a982bab,C0725,1008,109,30.0,1407.63
fd0137ac-be01-400e-a675-f07d8518af40,C0319,1041,65,4.0,1179.97
b1b83882-4eb0-48f3-8170-62a0ba7914ff,C0178,1023,158,41.0,676.88
50d9e043-8a08-4147-bc75-e5deaccbb48c,C0133,1018,117,7.0,957.07
9defb804-4e53-425e-9394-7da1648175f2,C0324,1027,83,12.0,907.92
0058b608-9cdb-478d-9b33-4e564f69c5d5,C0572,1002,122,38.0,1525.18
87703616-c786-483f-b8ab-04a095e18766,C0843,1046,46,35.0,1903.62
b6f5c4f6-31bb-400d-8c9c-b009b7aa9b7a,C0717,1025,123,12.0,1075.71
d36853a4-4500-40f0-b87d-4a366ae05608,C0943,1027,38,46.0,218.36
36678da5-f74f-438c-a17a-cdc0c82a6c45,C0524,1024,25,27.0,231.55
e360be45-35b7-4f9d-ac1f-4561d9d3bc4f,C0017,1004,80,16.0,165.43
dce1139a-a1a3-4448-bb16-6acdd6a4f679,C0621,1032,142,37.0,731.71
b8f84737-eb00-411c-882a-02517383e739,C0581,1046,177,44.0,1401.22
09338b83-29e6-4d6a-9495-9c3aabd83335,C0900,1007,158,30.0,378.07
c0d9263a-2a21-4e56-92b4-e00e9a802f3f,C0092,1023,55,25.0,808.18
9e4624e1-67fb-4443-a6e6-9109bb31f296,C0757,1005,9,15.0,377.32
a78fdcef-8e0e-4f92-b10b-43de5d255db8,C0386,1010,32,21.0,798.69
29437294-188e-41d5-a214-3e03c4051c66,C0141,1022,126,2.0,305.61
23ab84f7-fce0-4362-9e24-3d73b6cb87dd,C0826,1015,4,32.0,1422.49
5ac251f5-0098-4c9e-b26a-d6cc9c5e4eef,C0362,1041,3,47.0,248.51
3dcf818c-00c0-4791-8ef3-55034a928d87,C0989,1003,50,8.0,689.1
d7890503-2719-4e17-a34d-bd61ce3f8269,C0261,1002,154,37.0,1015.07
2f10ae89-eede-4357-93a9-81eb8050d4b0,C0038,1032,146,15.0,461.69
8796f76a-78e3-4d0c-b6ce-71cc1c9499b3,C0096,1027,10,3.0,1197.64
93674073-e022-425b-88a1-78ab7ffcfadd,C0818,1032,90,13.0,319.83
85827511-1c59-4cfd-9c59-5c7e7d1fe91a,C0868,1008,119,45.0,796.59
c0125be7-bf08-41d1-b71b-a51fe0d7ed7c,C0206,1002,2,18.0,132.03
02e9a9fd-1fa7-4686-8ed9-b4d1afff44fa,C0784,1040,164,17.0,454.69
ed54fdde-662d-4712-b2f0-4544a6522ebe,C0621,1035,122,3.0,1018.32
2d4eb72e-2d0b-48db-9573-b7d87b9426ba,C0947,1038,6,50.0,693.96
0a165075-169c-45f1-97aa-f67ee4aaac84,C0578,1039,90,22.0,1710.46
166fa0ff-026d-49d9-8d8c-d79a494c8e3c,C0512,1021,8,25.0,1120.59
0a0e2a5d-3c54-49c8-857a-fb5de0f785d1,C0994,1040,151,2.0,263.03
bd162848-f1f2-4513-8ab2-f2d1089e51bc,C0702,1017,62,25.0,450.8
63e6285d-8e38-4c85-9ab7-0306f7191194,C0890,1039,140,36.0,853.87
1ec79534-877d-4376-9911-9e3f83762206,C0974,1011,140,5.0,983.1
6a13f0c6-ca40-4dea-965e-c8db5cb6b84b,C0324,1042,105,30.0,1023.07
0696877f-6456-4c27-be8a-3d552661fbac,C0710,1014,175,29.0,783.61
1b68d509-19fa-4b23-afc0-b091842694de,C0889,1018,138,48.0,143.64
2adbda95-0b7b-4f55-9dda-d9b57fecb7bb,C0271,1046,132,14.0,1015.07
7a16c82b-1ef3-4957-a1cd-cd1a0b8c028a,C0661,1039,137,31.0,1996.37
b4e7c987-2de6-4677-a246-d8883b13be17,C0294,1015,4,45.0,130.39
c64ff9ad-1866-436a-a897-6fd6e5ca6166,C0135,1000,69,29.0,1641.22
00c57d74-0fee-410c-8ef5-6821362e9b64,C0797,1034,87,28.0,1827.71
0161806d-e337-47f7-9385-a6baf4c53e5f,C0195,1007,146,24.0,1109.46
1357a907-5077-4c1e-9a67-9d75229eea78,C0918,1019,56,5.0,1683.04
045975c4-0895-41a9-99a8-1c5d5add867f,C0322,1048,121,11.0,1410.62
58cdfc32-a860-458f-ad9e-4480780f21b2,C0927,1041,93,37.0,1399.81
9ab1aa39-e5c6-49ef-be93-ac63e4115855,C0227,1033,132,11.0,297.63
d7e4ef7c-3bc6-410e-ad55-424ce08b5100,C0329,1040,171,11.0,1010.26
70671f44-d233-4ab2-ab4c-ad5b0c31ff17,C0428,1000,63,34.0,629.05
93abda4b-2660-4295-bed7-1cad582e1247,C0002,1019,159,39.0,1659.79
5cae8220-0a92-4adb-91cf-8d45d55bf30e,C0817,1026,12,1.0,1015.07
84c6eedb-1dba-4a24-94f9-1cc53a64491e,C0390,1018,99,46.0,881.81
1f0723d8-47a2-43e5-81d0-9d19d9d9d633,C0154,1041,165,17.0,1821.94
23e7d547-8f8f-40d4-8fe0-38cdb67d6e59,C0324,1030,97,2.0,1738.61
1fe1b79f-0e8d-47c3-ad95-eddf76febb7f,C0778,1045,94,42.0,1375.63
78b679bc-be3f-407c-8a6f-4837945c0149,C0426,1006,30,10.0,1578.84
2765d8c9-d8b9-4df8-9137-b2bbd43f77a1,C0429,1000,153,14.0,1192.61
098f9e15-d508-435c-a121-f7b4618c2474,C0627,1008,22,25.0,787.51
70904324-d105-407e-b081-eeda8e34ecb0,C0418,1024,61,23.0,1728.51
41a13c99-176f-41e8-b6e6-a4ca012fdd7c,C0675,1038,122,8.0,1836.48
0b24d894-f450-40ae-a241-c5e668cad610,C0590,1049,51,17.0,1015.07
35bccbcc-1cb8-49e3-94dd-b8c5509f28cc,C0670,1029,87,9.0,190.12
6473ba79-9215-4a8d-832a-038e99b87a85,C0910,1021,147,7.0,1040.21
e0ce8d47-4c2a-493d-ac0e-f56e4bcd6fc0,C0481,1048,12,35.0,735.31
4acd33e6-a933-4f86-b69a-158bfb70d9ea,C0420,1024,160,11.0,1657.02
5817afd4-d49b-4405-85d2-84996b992c59,C0279,1043,166,43.0,199.65
48c422d9-69de-4a4d-bdca-192ea45bcce2,C0568,1026,19,36.0,1136.7
d710cc76-753f-45cb-96a3-cfc02979360c,C0443,1017,136,18.0,695.37
834c929c-cb4d-4bd9-b901-d1827a6f11d9,C0326,1032,160,29.0,275.01
2bf08f83-b425-4a4e-a6c4-ea8fc8c423ba,C0616,1029,122,48.0,662.26
f77d712d-2937-4ef1-9a71-76c19515793d,C0920,1027,7,25.0,1560.42
f889e96b-2b46-4687-bfa8-6874b886e7cb,C0941,1021,124,25.0,28741.27
a5dfbe22-c4f7-47c6-bb90-fcd7c7307224,C0885,1039,24,38.0,1277.6
d449f17a-1845-4fcb-ad09-b0380fd7b169,C0803,1041,26,24.0,1415.43
d95beee2-d0cf-45f6-94cc-f9db0307d321,C0601,1011,125,13.0,804.86
2cadb3b4-d2cb-4c1e-9605-2d544355a8b2,C0492,1040,168,32.0,644.39
bd262f2c-314c-4c32-aeb7-8b9bcd768d82,C0355,1001,98,35.0,621.98
1349f832-5626-46bd-a5f0-45d0b5be542d,C0709,1013,174,38.0,488.95
e1576643-a1f9-4f2a-bb19-0d9854eedf3a,C0176,1041,143,31.0,1690.74
31145b26-0d13-4185-bc3c-f346ff659a5b,C0190,1020,44,21.0,837.42
7d2d583c-b364-4b91-aeda-7717ff774dcf,C0683,1046,136,48.0,162.81
9303ce0c-253c-4fde-92fc-e7be27f1f855,C0042,1038,37,11.0,1210.3
4b290127-e15e-4097-aa2c-8c6d857b0c47,C0289,1036,61,24.0,1534.22
bfd4beff-18ef-4c92-a28a-2faa6169a82c,C0251,1025,20,14.0,72.59
716b8e00-4c7c-4955-818f-4cb387d8487e,C0036,1044,36,34.0,1394.09
fcf3e568-0239-4bc9-90d3-6204f2bf6d62,C0160,1026,85,45.0,377.05
c160fbf6-6ee0-4361-aa4a-1d30dcafcbc9,C0626,1038,158,21.0,642.46
e86c9dc5-75fa-4d70-9b64-3c6373ffe462,C0143,1010,20,49.0,649.78
b620a361-5668-47d5-b91d-515047466b9b,C0097,1034,166,3.0,1237.63
920fd5e7-9a2e-4e93-98c5-07dfc61e662d,C0359,1027,137,34.0,578.56
8c3785a4-de42-433f-90f1-acd010c514ea,C0446,1049,56,15.0,1327.96
3c77a9f2-a246-42b4-91f3-d719682a1cb2,C0248,1004,14,12.0,854.64
66522477-edeb-4746-b065-ea243b8320db,C0683,1019,143,23.0,785.55
92dda7b4-1d10-4105-bf4d-2b23cc504bdf,C0537,1023,144,45.0,1924.64
8246dbf2-77f5-4ede-9d87-8fff0257b460,C0235,1049,140,25.0,188.64
adf3540f-1ed4-4267-9e1f-65610afe1bef,C0967,1007,78,43.0,1015.07
4d4f233f-9466-4527-aded-4df0db3caa9c,C0855,1034,140,31.0,1156.74
ef6c50f9-41e0-41a1-a85e-961fa4cff1e6,C0889,1031,42,2.0,826.18
8f02863e-cb36-44c4-b4a6-471e73c9fc7a,C0611,1043,151,21.0,311.43
d6cf0933-93ca-4bcc-8168-0126a1b79eb7,C0769,1012,82,30.0,1666.93
26cd779c-8700-4abd-988e-88b3eee94495,C0384,1005,95,26.0,1809.59
c8b2882f-a3ff-41bf-ac91-912314df4457,C0486,1022,86,48.0,1052.75
fd032cb3-ded4-402b-b0f2-e7f87c8c6a55,C0829,1047,27,45.0,700.62
ae47dd22-d63b-49b5-be30-ed2891c6eefb,C0385,1047,31,45.0,1305.49
00419d03-eac5-42f5-9caf-f92282f54aef,C0128,1002,129,35.0,1569.65
b494a991-3d25-4a8e-a1b3-4b763f27d51d,C0920,1035,44,49.0,1542.84
92160984-fe7e-48a0-8fd7-08fc775bf8f2,C0991,1013,154,48.0,540.59
248ca4da-0e14-433f-9dad-64205499cea0,C0762,1009,77,29.0,1948.02
8e0e3d88-d290-488f-84c1-ef5a8584dd02,C0292,1006,65,16.0,420.47
d92b5716-1238-4c1b-9a54-009d4f01d1d6,C0940,1011,102,10.0,747.62
5f8a0457-c847-457c-971b-a84442c5ecdf,C0793,1046,50,48.0,104.31
99b97ae0-385e-4035-b762-b1c667bfb155,C0519,1002,47,48.0,310.08
e3d43065-72c4-4876-beff-f63f98176f98,C0565,1017,99,45.0,1852.6
fafd2331-0149-4dec-a473-d90401bc2530,C0286,1004,126,25.0,429.67
b393bb55-446f-41de-8fd4-f3fbc47cac4c,C0748,1046,175,36.0,1379.41
ee4cfb34-03d7-40ee-9df4-55c2bbf3c1d4,C0089,1000,6,25.0,1031.97
c0c462be-43e1-43e5-ba7f-b13e94aa23f3,C0372,1008,11,4.0,1674.35
dc218959-9b71-4f63-8b36-108ae9771368,C0380,1044,52,3.0,1535.45
4e2afaf6-47de-4021-aac4-0085c930a9fe,C0751,1034,137,43.0,636.91
60168c85-e54e-4941-bd05-467c82319838,C0781,1010,122,15.0,1227.42
1e15a2ed-e512-4a09-bc55-5f1186a53558,C0742,1007,150,14.0,937.81
018094bb-b7fd-4f2f-82ef-11062005c056,C0246,1033,108,11.0,1248.66
dbdd0cfd-a932-47c0-bd83-e602f53d699e,C0227,1009,156,45.0,161.99
f61aa8d4-8c22-4d6a-92f5-a43f4d9338e7,C0190,1002,51,24.0,1417.17
487b61ee-079a-4255-ad02-def5bfdf1b9f,C0919,1049,99,44.0,687.32
5e1121df-e6f0-4137-aa44-d0dcafa89997,C0280,1032,53,25.0,1285.32
e8d511f1-f806-495e-a789-98979a629495,C0301,1042,77,2.0,1058.15
7b046e04-9411-4f67-8f48-fa7893f9dcb0,C0651,1043,39,31.0,1658.45
16dab9d1-48c4-4ed3-befd-f69eb428a0a5,C0110,1030,120,15.0,75.53
125f002c-8968-44de-ac9e-04cc95ba0918,C0515,1025,138,34.0,1154.55
ac585347-9b60-4f37-88e5-c35763fd5cf1,C0115,1025,175,25.0,848.17
8cfd91a0-c7a3-46c2-b7b7-5be1b620d699,C0802,1009,28,26.0,181.41
172a1b63-f0e4-43a8-896a-8b189ad9c5d1,C0266,1006,42,11.0,1737.18
81d70e67-4b4a-4f5f-97bb-580cb1708080,C0108,1035,142,7.0,386.59
6bb59cd7-0ce0-4ba7-b342-bd5f1d9526e3,C0749,1025,62,40.0,1451.09
9e8babc8-9cb6-45a5-9602-c1ce51ea2f9a,C0680,1030,91,39.0,1887.62
bfcce8dc-0e80-457f-b996-deef35f9536a,C0627,1011,24,24.0,48055.78
cc75e6ef-df19-4e87-bf2a-c04e06a37b4b,C0108,1026,138,17.0,284.59
7fce84ad-32be-4bb2-ae15-8841e24f6231,C0353,1021,159,2.0,1855.33
f7770c7f-146f-4b99-bfd9-83d401fce387,C0773,1002,113,1.0,1563.85
d8864480-78aa-458f-a922-349626b0db8c,C0419,1005,100,8.0,155.78
924f3fbd-1705-4aab-bb12-3cb9a00c7d0c,C0581,1006,47,29.0,1970.42
01c7e06b-4275-471c-8c4b-ab68491a8440,C0798,1016,67,39.0,819.26
aad67ad2-c78e-4ef1-ab31-5d509f26949d,C0759,1030,55,21.0,1160.04
b3f619ef-44a9-48e3-8f64-56bb0a7333ee,C0009,1022,96,6.0,1555.62
f988fd87-e8a5-4d49-884d-0402aef928ba,C0741,1037,146,10.0,562.81
0d6ca165-f7f8-4936-9406-7329ca495b6d,C0594,1045,56,15.0,1824.22
bc757373-60d3-4dd3-a23a-721e3e63e4b7,C0554,1011,28,35.0,694.27
09488ce1-650e-4713-ba0b-218409508da2,C0026,1014,50,17.0,906.32
81ed51ba-7388-4be3-a71b-5b0da45ee36e,C0608,1006,110,8.0,1092.43
7f13c62d-b5d8-4faf-b298-e54fe8b6c32f,C0938,1037,125,19.0,1454.29
3099057d-ca42-4a51-aefe-3df7459b682c,C0634,1034,27,16.0,1131.91
25dbed7a-acec-48fd-af3d-898c6d654ca5,C0287,1015,153,8.0,881.0
0b90bdf7-36b4-4ff6-9850-77d66dc455ef,C0102,1028,35,27.0,631.7
c8b9416c-f6da-4781-9e71-e3f347ab590d,C0071,1008,129,23.0,1999.41
910ee2a0-6fb1-4364-a26d-b0d5690911cc,C0131,1001,52,27.0,370.92
a2cc208a-2bbd-4050-82d5-cfe4d4fd383d,C0336,1006,36,42.0,1244.47
e1f9fbf7-0e84-4af4-ac1d-b0d852e66f88,C0277,1046,43,21.0,1015.07
9a599927-c525-4c7c-a72e-28eeeddf099b,C0486,1041,24,27.0,1929.7
bac4e5fd-5cdd-4f02-a7ca-bfb895856668,C0421,1049,145,16.0,1791.82
b923ee1b-8287-4d77-9c3f-425b1e9778c4,C0531,1031,45,42.0,730.27
e1e63dbc-40ce-4c0c-b3ca-fa47b488c33c,C0738,1027,58,26.0,1053.54
cb8dc920-80e2-4ffa-831e-24913185e52f,C0524,1021,21,40.0,236.02
1211e396-a71f-4c91-ba81-2e3904a7356f,C0712,1031,40,23.0,473.41
fb450213-68ae-4495-bbec-e67083ee004a,C0221,1036,73,50.0,1616.55
e8c984c1-6e06-4f5b-b974-f12f81d2fc1a,C0411,1040,114,25.0,722.61
ba438edf-15c2-45a1-8dbf-ab14210aefee,C0835,1006,162,45.0,713.14
a60f157f-994f-4588-a968-227efc263bc4,C0688,1013,114,46.0,1015.07
27666fa0-1643-4651-8aac-162f5360ca57,C0498,1009,119,40.0,1919.44
dd8f7e4d-2bec-4a9a-a9be-2d36558d69f2,C0645,1049,128,30.0,603.85
c0254229-958b-436a-88f8-55c8dc5135c2,C0576,1020,151,45.0,915.72
8ef2f52a-4e06-4c1b-9372-b72bd13803ca,C0828,1013,145,23.0,928.01
d3bcaf83-fb26-4d20-afe9-694cc5984224,C0103,1024,171,47.0,1924.96
2dc40515-c12c-4026-999b-2f276cb5ec27,C0302,1016,45,31.0,1410.59
a369c752-4d01-47ae-8b8e-a585292d5bda,C0011,1005,163,16.0,845.28
da18dd60-f3c6-45bd-be66-21e79a3ebae2,C0639,1029,8,17.0,1505.21
98b85814-2830-4823-bc14-162e247607a9,C0682,1048,26,12.0,1301.86
8c14040a-1b07-492e-9171-16c25c6ab1a8,C0078,1017,4,47.0,1015.07
e3807716-92d3-4aba-8412-323dfb5a57a3,C0393,1004,152,16.0,543.0
5758a4b1-3d07-467a-974c-556ab7b5093b,C0351,1024,137,34.0,1299.95
783429ee-cf7e-4ef5-98f8-6395a7618c3f,C0966,1038,23,4.0,1015.07
f1de1056-c4e3-42e2-9a0f-010e141f52c1,C0437,1024,66,25.0,153.28
e2ffa35d-0274-400a-a26f-065575855a99,C0888,1000,45,31.0,1995.25
a8ea246a-9152-49a7-990f-6c90e3a171df,C0017,1040,37,5.0,772.0
716a334b-cb34-4239-8a2a-ad42948f350a,C0076,1036,97,8.0,865.95
fac56078-d6d3-4728-b7b8-e52d9e27b094,C0246,1024,72,10.0,1716.43
c5461852-86a7-44fd-bfe0-4a1b5d569036,C0040,1013,22,2.0,1862.78
7275b06c-e8dd-45e9-bdcd-86a20a865bf8,C0417,1009,138,42.0,1586.37
2b192945-34bf-4ee2-a2ed-18d46a04be98,C0344,1002,11,9.0,954.08
c35f4771-255f-4ab5-8fe5-38358794785a,C0724,1027,177,18.0,95.31
fe0f3f56-1fbb-4914-8834-2cbdf32f768f,C0555,1026,133,48.0,834.22
e63c0d44-48b5-46b3-a9a8-d9a5f4ea980e,C0842,1038,171,9.0,1902.83
9c2d3d3f-93f4-40f7-885b-ee392c4737e6,C0728,1009,116,11.0,582.44
75ea8aa4-a849-4dec-a1d7-58afcca9b401,C0965,1004,37,13.0,167.99
ef0aadc9-4b28-40a6-90a2-8adc87e47489,C0211,1010,39,5.0,459.53
308ec6d1-fd78-4bdf-9fa6-eff31d92d0ec,C0433,1048,153,12.0,1236.49
276e894c-57af-4dd6-ab88-6219ec6e7100,C0757,1018,28,44.0,147.8
9ab87edf-4478-4914-820f-12d46be001a1,C0534,1041,113,4.0,787.94
9888d48b-06ca-47c6-bbe7-b7c7243313d5,C0090,1027,177,20.0,1872.2
3a5845a6-102d-4331-8203-5e89b874cfd8,C0970,1041,76,16.0,1400.15
f44d0ab0-3a96-402b-997a-8cc32eb25ceb,C0116,1030,124,12.0,946.3
106a16bf-6f25-4ed2-b5d6-7eb74fc7fde9,C0199,1011,106,16.0,748.62
b9416ef7-dd48-42f4-9493-178bebcdacc1,C0907,1001,177,15.0,608.57
e41d08e5-348d-431f-81d4-3682b53546e0,C0549,1028,156,29.0,1015.07
afc6b721-badb-4636-a582-7b51598c5f37,C0970,1000,7,12.0,1160.64
79d0f668-3598-418c-a2a2-2f77c17b0f9d,C0178,1029,139,37.0,618.46
fe6a71d2-75d5-43b8-a806-1cffdd13dc94,C0480,1005,43,6.0,620.25
ef5683fd-b82d-4dde-b548-04e77e8a3e76,C0840,1027,75,20.0,171.8
493295d3-0f19-4998-9cbd-82e12cb2efdb,C0531,1015,14,12.0,1698.83
d52318b6-bd78-4d44-ac79-b9caad4d1c83,C0682,1018,51,44.0,55.29
e757a3d4-1019-4ae6-a8ca-c259964966c4,C0602,1008,72,43.0,72.01
fd68694a-df5e-431d-a19c-8c203072b16c,C0728,1011,42,23.0,1776.51
ee640d50-9d1f-4865-be92-d74703bc9b13,C0508,1040,33,13.0,788.44
e4d348db-947b-4bd5-9864-ea29b44a50bd,C0798,1042,108,9.0,973.28
5da7a6de-903c-4d4f-82f4-8b7e478e8288,C0722,1023,40,46.0,274.4
a01a059e-d538-458e-9b66-2d35323ce09a,C0877,1044,50,33.0,326.23
dbad1a76-e671-4abe-b214-33a47d952a14,C0597,1009,45,23.0,719.52
c8b13fce-26ad-4269-ba7f-782644902340,C0026,1044,159,6.0,781.59
86bacff0-e16e-456c-bc59-a96414de9320,C0183,1029,111,30.0,1760.89
2ffdd4eb-f0d0-4504-a100-6f5964ba430e,C0651,1040,54,2.0,1130.55
6b4facfd-466a-4362-bae1-14c2eb5f3f18,C0117,1016,110,8.0,1107.99
65724ac8-9d5f-4674-9cac-148d021b2ef2,C0473,1006,15,10.0,1390.33
e6f854bb-c893-4ca3-ae8a-16ac2c833735,C0196,1040,137,25.0,1509.86
3fdbdc1a-3e85-4fb7-b1ee-59e880c3a836,C0552,1001,144,5.0,1395.63
affd683c-f3d8-48ed-9793-e23a7caa906f,C0742,1027,54,4.0,541.7
7a8e0547-8feb-4afc-8b87-260a8f2cde19,C0735,1027,53,3.0,302.9
2bd81455-42c8-462c-9d7d-ad296183a257,C0568,1007,112,32.0,1957.29
e31783fc-bbd6-4278-8adf-e71484dec5c7,C0699,1027,164,42.0,1584.72
0ee68cb5-67a8-4196-8a16-87eb44492a75,C0728,1006,1,40.0,455.28
fe218c3b-8e37-479c-a4ed-17f62f941d27,C0274,1047,124,49.0,547.4
e26b59b1-ae71-41eb-b655-4113fa60a4e4,C0686,1009,48,14.0,725.11
3942d892-90e7-4777-9a68-5a6b463cda8a,C0313,1039,66,22.0,1781.21
74ecaae7-7185-4bbc-b650-3ca8ced8c853,C0247,1038,100,17.0,1941.17
0a283431-7c89-4221-a686-5714ce50f0a0,C0784,1016,6,46.0,709.78
a9b8f15a-3860-439c-9359-90da07b8df5f,C0786,1016,140,27.0,1015.07
3b4d42c5-b8dd-47f9-82fa-8790a12e5d16,C0966,1015,86,33.0,1123.0
b716edff-ac14-4150-a40a-0ed4539b424f,C0903,1032,42,31.0,137.02
90ab5469-b13e-4fca-9ed4-159772a648c2,C0592,1036,169,48.0,794.46
6bc34dfa-ef63-474f-9651-af676cdfb300,C0529,1038,101,20.0,1264.85
a4f0e186-f5ea-4bd4-91b9-11ed90aa7960,C0268,1041,69,17.0,20319.92
4561f8d7-f124-4afd-b21e-dcd13b66fe62,C0924,1024,55,42.0,1894.16
b6ba7c42-46a4-4692-bb43-02473440e889,C0204,1031,114,11.0,233.17
bf3651a0-92a1-437f-b39d-de574065bb8b,C0339,1033,96,15.0,1969.8
6aff6e43-912d-4b27-910c-f5d94fbba299,C0104,1026,64,2.0,644.11
15743758-89f0-44f0-8688-a69b390c55d9,C0751,1013,146,23.0,1311.21
3d0d1f18-d5a7-4758-8899-2cae48f6db25,C0364,1008,97,42.0,1086.55
2e19bbd7-dfc4-4b43-a118-dd7af7190e35,C0564,1007,112,44.0,1353.5
25f51794-d86a-4931-b48c-d2c20664b7db,C0864,1010,80,19.0,1580.27
58150657-30ff-4ec5-a0cf-87b39bbf137e,C0821,1011,147,13.0,483.56
3498987e-623b-43fb-bdc3-c553fac954e5,C0648,1023,29,50.0,407.83
f81d33df-eeb4-4c4b-b8f3-c0939acbbfa7,C0094,1005,26,25.0,130.69
7e72b2fd-64a2-4913-b90e-52464edbd8f8,C0906,1044,118,32.0,503.23
a49e9a16-fa3f-4002-8d09-af15c3bf9639,C0462,1000,150,27.0,175.76
cd04f85c-fc82-42a6-aeec-6263260d3f7c,C0460,1010,49,31.0,321.6
9eab07d7-5673-47db-9bec-88fc6a931828,C0495,1042,140,25.0,1742.24
dbd4d42e-c5c2-48d0-b7c8-e9993ec93e7b,C0562,1032,122,47.0,138.29
73d2664a-1cea-4f94-b792-b2203cd23a75,C0946,1018,18,7.0,804.95
04dc8814-5fe6-4d9b-8fdb-71d82a4954cc,C0496,1016,138,36.0,46066.78
c87334a2-900f-439f-b602-0ed4ccb39945,C0676,1026,175,21.0,1867.45
7219d682-cb21-40bf-a093-475f7715b271,C0898,1034,151,13.0,1278.62
ce98a298-abdc-4415-83f4-63e39629ec39,C0384,1046,64,25.0,560.75
68f84b26-1a06-4042-9d08-1ce16c87a41d,C0228,1001,12,39.0,1426.97
12146316-d841-48cc-a062-eaad264c2ec1,C0321,1000,149,44.0,785.93
e8225d2d-a5b5-48d0-981c-315e040f2bd1,C0332,1007,127,27.0,669.2
1d4f072f-2983-4d8d-8907-6741b152da54,C0981,1016,56,7.0,1867.81
0d5cd330-543a-473f-a39d-cefa59086dc1,C0759,1048,145,19.0,201.71
fe40841b-0a4b-4bf6-bdd2-7f981826329c,C0989,1023,112,33.0,797.76
a159a1e1-abe8-4f3c-86e4-78c809948981,C0108,1027,115,35.0,829.42
dda81eb0-f42b-4e1b-99e2-a45856fef071,C0441,1043,93,8.0,1015.07
9295b62a-8cfe-4ff8-8353-89e0f188e5c4,C0191,1027,83,1.0,68.86
f4cd11cc-4b9e-4490-9962-64f8816878a4,C0828,1043,145,15.0,731.31
25c5f248-c54f-4c3e-9113-d1c9e4ec732e,C0331,1024,100,27.0,969.9
8b263b2b-e896-4a73-8dd5-3f7bc6d385c8,C0046,1017,88,17.0,1439.16
175e16ea-308b-4bd7-9bb6-4cd00ac1c03b,C0779,1018,136,50.0,392.13
4ed174f9-e384-49f4-bc87-8188111272e7,C0063,1008,83,50.0,368.39
7cc4d329-1bb6-47ba-aaa2-3e5f1bdc595b,C0313,1042,87,25.0,99.03
6532cd68-06df-4417-975f-9148ceac08f9,C0919,1019,115,21.0,1801.81
b3b1bcb0-f6c3-4533-80b8-a7be65ac03c6,C0667,1009,19,1.0,1895.86
0d373f10-91d6-4a64-ab45-643407006b1e,C0300,1023,172,49.0,1606.24
b733f2b7-3319-4fea-a7cf-7d8c88a0d7e7,C0098,1042,39,17.0,1171.87
d4dc0b45-af4a-4dc6-87ac-ece4abf240f5,C0558,1043,78,34.0,1017.45
19a483fd-7b36-47aa-8ec2-5b2ed50553b0,C0650,1042,15,23.0,742.52
28045d91-5048-4e5d-bd92-bd4402e974e2,C0732,1047,14,15.0,595.89
541e2ba9-516b-43db-9ba2-cd87520c6fe9,C0589,1007,119,27.0,776.2
37cce866-0116-49c6-a959-f563c114a47f,C0199,1024,130,47.0,1899.6
26a469a5-3fba-4b36-ab05-08ff5f2c38d9,C0215,1034,169,30.0,1231.43
1c5684a1-5594-4bf7-abec-cbdd16716f2f,C0884,1020,19,1.0,147.03
2f3948b8-94c7-4ddc-be78-eefc1517ebc5,C0872,1032,147,11.0,753.68
6ae85778-5eea-4325-9eab-976c8b3f721f,C0636,1018,158,27.0,946.01
8774c6e3-6ec9-4fe7-a09b-707d1e6fd0d6,C0960,1039,60,41.0,290.28
36606390-3b96-47c3-b89e-42abea799865,C0218,1039,48,9.0,1893.57
bccdf064-d488-45ea-8c04-4a88c5a1f6c3,C0990,1035,92,40.0,1506.63
efaf1dba-80ca-4673-a8d8-95576e66113b,C0102,1013,100,49.0,654.62
ebf43e0e-2a60-4cdb-bc92-71919c141611,C0978,1042,5,3.0,1770.01
5a2db340-50a3-4c44-a653-2996e850559d,C0237,1047,65,23.0,1371.89
13ca38a8-7988-4939-9931-8853d0df6055,C0322,1011,87,36.0,1035.36
a1be46da-450b-48e8-80ab-875f5ddf181b,C0034,1001,15,48.0,539.54
d4249a13-fb85-4379-b743-6118d69d34c6,C0679,1038,72,44.0,954.04
ae5b8cae-863a-41a6-b429-fcf80588ed48,C0813,1027,38,33.0,804.95
86d181b3-2394-477b-a317-695213bfc5d8,C0454,1042,169,19.0,1467.7
e6ee77ea-745f-42ab-afd4-2574e371663e,C0370,1045,57,26.0,158.39
1fa527ce-c1a9-4add-86ba-cc9253ba349f,C0098,1025,46,42.0,1089.68
bc5c55fa-5f49-4e5f-a56b-890ff80a0b9e,C0133,1047,17,30.0,523.21
910c7d33-3d70-48ba-b1db-86bebbabc29e,C0320,1013,141,18.0,907.82
fca9868e-e21f-4df7-98d4-9f7f9adde21c,C0558,1027,106,45.0,454.83
cef7b0a2-d344-496a-9bbc-fa9cd0ba2a0b,C0686,1044,87,39.0,1671.53
f64b9deb-d914-42e0-8344-0bc1fe022c5e,C0025,1018,107,27.0,1156.79
42440d21-8c0f-4eb6-863f-72496b9b0224,C0576,1040,24,11.0,32522.53
1ca57679-1db9-4c40-9985-96393d7f7ff2,C0779,1002,149,2.0,841.43
36bc53aa-cc20-4b70-9dae-59423b41eae6,C0327,1036,21,43.0,1775.21
e86cdcd0-9d08-457e-b697-5db166bd9b80,C0206,1012,129,47.0,550.12
e6f5ce75-9bfc-4d33-b399-22e539b155cc,C0732,1024,83,19.0,481.14
81b091bc-a73b-4600-afd4-a7838c1399ce,C0201,1028,68,48.0,1495.99
5a1fe8af-8aa1-4cdb-bf9f-2ea3244cfbb1,C0263,1014,56,36.0,852.36
0ceebddf-60f6-4286-8b53-cb6c654adfe7,C0210,1018,139,19.0,1966.51
ccd45b71-f82a-4c12-94c1-d6bfa0909d9c,C0877,1044,128,17.0,56.2
6e8d75d6-4afb-491a-b4bd-ec33f5199d97,C0122,1027,170,29.0,1504.98
7fa1d0ba-a95d-4d82-b6c3-fdc4b013fc49,C0969,1002,76,24.0,354.06
e3de9406-17fb-4c8e-8312-ac2ff34a18da,C0018,1028,84,9.0,1015.07
f0cbdfb1-2568-49c0-a803-6bf7c40e5fba,C0327,1000,87,36.0,1015.07
79409fe7-296d-46d6-8c1d-b065fcb074f0,C0316,1027,54,46.0,581.11
5e9ba3ba-ac65-48dc-b6c3-39f911c36a49,C0832,1045,97,24.0,485.11
ba9c0914-c184-41e1-b6d8-cee666b4174d,C0237,1014,181,48.0,1541.18
b67fc8fc-fcf0-47c9-828f-51a3de654267,C0428,1048,7,39.0,1513.18
0c9989a9-7666-4b52-b6fe-0c906c148c7f,C0494,1035,98,14.0,1914.83
51dd793a-382b-4f8e-bced-d45a353e25ca,C0852,1038,14,45.0,210.16
2b52fda1-af9f-4878-8d93-fca7154ac21d,C0482,1021,160,38.0,1936.91
f2701fa8-e371-4ae8-8f5b-c6ec2a81a172,C0599,1014,170,19.0,324.15
0af10dc5-ddaf-4dad-8a7c-6646b2825df6,C0390,1026,31,25.0,1461.87
396b2059-c3c7-4721-be8e-13ca6a8af24c,C0791,1034,91,3.0,526.47
17b60438-c67f-402f-aff5-a2b6f7985de8,C0297,1037,132,34.0,1072.04
33c7ac4e-429e-4b99-bff4-9b4e947b9908,C0153,1036,22,8.0,1257.09
ee457f1a-1251-4e58-ae70-8755f7f2455e,C0194,1046,93,12.0,517.56
4511975a-f5f6-4e57-9e10-195abc920f74,C0303,1036,171,8.0,544.33
31301430-6b1e-40e0-ab61-44dcb1ba136b,C0309,1035,124,40.0,1610.31
83ce8b46-54ea-4814-b4b3-436042489f22,C0837,1026,80,15.0,1426.84
f2835983-7e41-43da-a96c-1762065cd2b4,C0862,1040,34,12.0,1176.36
bd744319-0a36-47e6-a6cf-faca780a318b,C0234,1023,40,1.0,1558.74
467eac9c-fc96-4a89-83d6-89508c990016,C0873,1038,91,9.0,90.79
204c0664-65f7-4dc5-b32f-24bded7cc59f,C0735,1020,68,35.0,1353.52
1025ebb4-eba2-42c7-9d7b-b0ece425c582,C0040,1027,155,46.0,1847.67
0e7717fe-119c-4ed6-b5fa-e0b383485e0f,C0101,1005,25,46.0,916.7
6ab428f2-4642-4094-9b6c-15a9f4128042,C0855,1019,43,2.0,1334.35
90b669a8-656a-40d6-a62a-103e990457cf,C0208,1027,165,14.0,963.31
1115e0c3-c4d5-4342-b011-d44f1f5f5f42,C0460,1045,139,29.0,1771.94
03fcb6d9-34ae-42ba-a5bd-c4818cfd8a56,C0880,1038,54,11.0,901.79
943e4d27-61d6-4a61-b9ea-a9d2deb76cae,C0692,1001,116,22.0,1954.22
556d514b-111e-40ea-bb26-b5696b1b566d,C0436,1033,80,7.0,339.2
57dd6149-884b-4816-abbd-3deb14554e02,C0346,1039,89,39.0,1601.96
4e65817c-7e8f-479d-bb9b-86d8ecd738b9,C0773,1010,177,16.0,1002.84
3f86bee5-e71e-43b8-92e5-7acced5c2f98,C0809,1048,170,18.0,1803.23
9db1a78a-ccac-4f19-86b0-8e89a6e1b47e,C0663,1005,155,7.0,1486.87
6aa6b960-7b27-4251-83f0-56f9341c7eec,C0978,1010,84,33.0,892.16
a2b565a9-35ec-43b6-ad6d-d67456eee36c,C0199,1010,139,28.0,880.33
563c0d4e-9370-4ad2-86c2-9f5bd157d982,C0375,1025,22,35.0,806.12
80b06e31-1069-4aba-ae40-fca563a2465e,C0504,1004,57,26.0,1094.44
4b24bf27-ed08-4d1d-bd1c-3e1ec52528d0,C0661,1002,114,12.0,882.33
89a710c8-12e5-4fb3-910e-f0fbe0df47d7,C0285,1036,141,24.0,179.73
f734218e-6feb-4707-994c-2fb7151248ef,C0525,1028,177,25.0,1654.5
d1ed7cec-43b5-4f38-a8a7-9cf3507b67b9,C0577,1005,110,40.0,1243.19
9b8a2d68-b0ee-4a6a-9118-02a9a909489b,C0882,1012,138,42.0,197.71
19b599a0-0e76-4b37-a881-21a57668d2ff,C0280,1043,28,41.0,1664.78
cb6591a4-7f58-4bed-a0ad-d3b681dd07b2,C0831,1045,181,30.0,489.37
bd17583c-d842-427d-be27-27861cc76dbb,C0776,1016,133,36.0,230.87
c8e5ad7c-d518-4ef9-a143-900300a725c1,C0095,1001,121,4.0,1282.19
e2affdff-82cb-4a9d-a2f6-3b5767ac5dd9,C0252,1042,102,49.0,1484.83
092a82dd-ad3a-4d42-8f06-0cc99db6c8f8,C0265,1032,34,17.0,1224.13
45787a00-ea5b-461c-b857-0ecc39b7c0d3,C0251,1006,128,15.0,97.79
2cc5c6ec-6970-43f9-8106-19d53195bb9e,C0842,1008,86,5.0,1749.56
d3e42267-38b7-4b83-a7e4-b192ebd0ec9a,C0193,1030,39,30.0,1015.07
e073ade3-4f09-48f1-883a-a594f8a7124c,C0944,1032,94,14.0,1573.03
87d1a7fd-245d-453f-b6f5-a22f39c47676,C0077,1040,99,32.0,1015.07
5358b435-82b2-4eaf-81e5-4639a5d9ad29,C0841,1042,59,40.0,1772.69
2d81b5e6-b5a7-4d6d-afff-553aeda18021,C0325,1010,28,8.0,1598.64
a812fe55-9294-4c11-9d8a-dea5c81ce883,C0808,1037,58,47.0,1599.27
61df70a0-521f-42fc-929d-654fb809286c,C0454,1026,160,18.0,492.8
00ad1484-611a-4c1b-89e9-ef9c4d3ddb05,C0835,1043,27,4.0,564.09
ca15e7f6-7b5c-43aa-8a0a-f65e29ad1413,C0234,1005,173,22.0,1650.6
3736c6ae-7c73-498b-a170-f053d9da8071,C0769,1005,175,8.0,1846.91
0b8341fc-5ef8-40fb-97ab-c9e1a34c40c3,C0215,1043,90,36.0,1881.19
49cc8f60-a466-4812-8250-36ac941c3721,C0032,1042,132,28.0,633.91
0a00dade-cf6d-4da6-9448-4edaaddda0ed,C0235,1046,55,28.0,1715.31
00a9891d-4353-4a08-983a-1145a0343bd7,C0695,1040,153,43.0,723.4
41698ab2-716f-4af2-bdd7-03eca5b381f7,C0186,1027,109,47.0,1069.85
04a79ed7-c0a8-4598-bc25-814aacb9d523,C0028,1047,129,49.0,1015.07
099dbab7-8bad-488b-ad9f-3aa0f721ef37,C0376,1036,111,48.0,819.93
a2ad4c67-619e-4e31-b53f-7f2ded585db5,C0684,1007,10,41.0,141.84
c40ca9a7-51d7-4e41-946a-31c4fff7948e,C0737,1027,141,28.0,1541.75
0e7082ed-2bac-44ba-8079-bd8ea9462e35,C0494,1024,103,9.0,1017.69
00c79630-b63d-4e99-9357-c858eb13495e,C0489,1007,114,19.0,1366.74
ed379eef-5e65-4454-b24a-8d33b0021c91,C0618,1043,69,11.0,1322.56
e83d16ab-acc1-40c7-b2a4-86a06562a802,C0536,1012,105,43.0,1038.57
1d5813c9-ccb1-4404-86d7-44f10adce7d9,C0023,1015,8,16.0,792.29
ae0d2898-9489-4da9-8f47-a719efd1ca15,C0076,1027,126,12.0,342.84
428998fe-d1da-467e-a458-27f6e0a102e8,C0197,1048,85,40.0,110.56
548c4a37-fed7-4f22-9382-eb9b776a6e7e,C0079,1004,15,13.0,1785.82
ff8620af-feaf-44db-b2cf-8318fdd56aa8,C0461,1037,52,10.0,1963.8
73bb0633-1a4e-4d91-8003-5a3bad3d3776,C0817,1005,31,7.0,363.53
8dadee1f-006f-420e-a681-e53af1aff9b7,C0971,1006,113,7.0,1015.07
e2ec0078-4b66-47f8-9d40-edabc339eab8,C0234,1031,159,8.0,1462.36
d8924e3d-051d-4480-a8ab-61e03ccddc12,C0877,1009,126,41.0,1169.42
431d7c97-ff58-42f4-9525-8f2f266f5694,C0114,1013,134,26.0,103.07
707ad9f5-2c53-4413-ad8d-1b62cc04f971,C0127,1012,119,23.0,1200.24
d960a47b-0be6-4de5-85a6-f161d129491b,C0857,1001,16,44.0,90.7
d2e12a0d-7023-44b1-9985-d7311d4cf67a,C0959,1016,78,47.0,1636.67
ec92442b-e6b5-43bf-98e1-2cc600293f96,C0208,1024,158,43.0,1139.92
20c2a8d8-cf55-43dc-9c2b-900e13315a65,C0777,1018,178,6.0,1170.9
6c7cb57b-0992-48d9-ae2c-3860dae9578d,C0902,1044,162,32.0,1788.9
b377d989-9cd5-4742-9ea7-e0d427437d1e,C0527,1029,4,5.0,1108.3
4c8190f8-bb0b-4dc5-aead-9870d337d76d,C0491,1030,48,6.0,1166.34
d584c55b-94ea-4009-8a24-bca72a777c38,C0643,1024,68,49.0,111.1
0f533782-571d-4de2-aa94-0532584ec20d,C0748,1005,119,37.0,676.48
1e5ea4a1-d921-4dc3-a478-0f20421ac951,C0735,1006,84,15.0,764.86
003c929b-c7a7-451f-8c29-b8e40bbf4668,C0734,1014,60,10.0,325.77
968fd2d2-286b-4664-80f8-c8b30a829ab2,C0972,1006,165,10.0,1323.82
06a60f5e-239c-45ef-a0a1-2d67d3cbee6b,C0892,1038,111,26.0,1762.34
8e720692-97cc-487b-b4ae-b846399f09fb,C0338,1026,78,16.0,1716.67
ae9d76a2-7275-4ed2-a80d-eff35a69b02d,C0745,1021,166,25.0,1764.45
132482e5-3fcb-4736-90de-d3baf8baa4f8,C0229,1024,21,27.0,652.95
f041f8d3-bf6a-433c-9f8f-0646b0286d32,C0873,1003,82,47.0,1428.12
fbceb353-57aa-4ae4-b50a-6b994b34d842,C0429,1034,155,6.0,1894.61
f21267bc-412a-4efc-9b16-e56b523f9fdb,C0450,1012,59,28.0,1969.46
2367dbbe-33cd-44a2-a275-7f00edbe39f3,C0719,1026,110,39.0,994.1
2001c5d9-bac9-473e-94b7-184272e59e00,C0755,1004,119,9.0,1513.64
aa1a982e-5bd2-4dc7-8665-4d923e918b24,C0755,1040,6,47.0,372.22
8d9c31bf-33c6-49ab-a1e4-067fb100bc4e,C0662,1033,114,41.0,1793.68
f441c476-aae5-4798-b20a-3a9e17fd9cc4,C0201,1034,13,44.0,1392.05
f79f5797-2328-49a0-aeaa-4a26eb2a36d6,C0241,1016,101,20.0,71.66
cb76824e-feb0-4dd4-8deb-b2f9e35c38c2,C0652,1000,133,9.0,1826.74
edd8b3ae-ec62-4f25-b06a-9ca337b97bf0,C0596,1039,142,8.0,1882.99
cc467a0a-abe0-4698-87d7-497236a96132,C0785,1042,48,29.0,895.46
c386aaef-514e-420e-981d-d691d63edbf3,C0515,1026,10,8.0,1875.66
565f0c82-c3ff-4b3a-a6d0-ed1fc76052f6,C0399,1001,104,11.0,481.75
2c4a1585-1458-4c97-87a9-1136213e1f28,C0543,1039,2,18.0,337.33
fed3a294-0d11-4d59-8f86-789d4d9b7988,C0777,1049,52,16.0,1015.07
04a0a935-d641-4d8e-9ae6-c0b8d45a62e6,C0194,1030,175,6.0,1506.51
7ba2a3f6-f1ab-4ccf-a147-44572f16f089,C0484,1010,55,7.0,128.68
152af5b5-cc94-4cb5-b92e-aa33c941f0ee,C0549,1044,14,42.0,223.91
80ff8399-45b9-43b1-8b85-2d32682938d2,C0618,1005,129,26.0,1988.93
4755ffd3-b155-43b5-bdd9-5b636f0030fc,C0190,1002,55,2.0,772.49
55f66d30-1d05-4f6a-bb99-c90776c376ba,C0952,1046,178,34.0,808.53
656f723d-0be4-4c01-aa66-840e0fe21924,C0209,1019,143,4.0,1593.2
eb518b77-262b-4d80-af01-92696f8fe67e,C0890,1037,31,7.0,1204.01
4f5bf184-cb64-4a2e-bc46-547112ec93a1,C0869,1035,78,22.0,1616.78
ced0ad36-348d-46af-85d8-b9845b7116a8,C0321,1029,76,49.0,1625.14
e3fc5391-5f20-4def-8cd5-1a0ee0fa0543,C0554,1049,8,23.0,1098.27
318a97e6-53ed-45fe-a99a-992a04b3eae7,C0544,1048,47,40.0,1806.02
aa34634f-23a9-426a-87be-df0fc9ed0a17,C0999,1031,168,7.0,1375.05
e9d38290-a0e1-46bd-a624-911e416570e9,C0279,1019,108,2.0,857.48
63c39e95-9f59-48b9-93c1-f8398fbeb9f8,C0452,1015,32,39.0,173.96
3989535a-b153-4d6a-90dc-44c3ba31cf8c,C0910,1004,142,4.0,1948.82
a00e8511-d9a2-4499-b2f5-8c912ebfc780,C0074,1020,10,44.0,1499.88
81145821-747b-4d59-b690-b96665fd95b7,C0106,1008,84,49.0,875.86
c91c85a2-c465-4813-b853-77a8e15bdcd0,C0026,1043,138,45.0,1636.75
f102a18e-65ad-4963-86cb-5aa48ccc2838,C0675,1000,142,18.0,484.6
157c9d91-96bc-4918-baca-7ee850f73dac,C0077,1045,180,9.0,1787.35
a9130054-a382-4602-b251-ee22a080fddb,C0846,1035,83,46.0,891.16
1f40f258-268e-4d20-8831-2a1981d6ad68,C0490,1044,25,38.0,1701.78
38f9fa3d-8a08-4ae4-b0ff-3c9bb52d6a47,C0340,1006,133,22.0,1121.65
76805f2d-fe75-4f87-9c9a-e252eb6d32f7,C0377,1006,84,34.0,1834.93
f68aead9-582f-41fa-8375-3979f2aee086,C0425,1033,177,18.0,567.3
3c4299aa-0367-4a23-b4ef-9f9fc83d81a6,C0051,1001,72,14.0,1197.09
3f0eed8b-c00b-4371-8726-38c9a74552a7,C0500,1013,126,36.0,658.13
64781c76-d941-4129-9f52-210e4842883e,C0435,1032,155,47.0,1451.53
48094c1e-173a-4702-99b2-058fa6cae675,C0827,1038,58,43.0,416.97
5e87c99f-7c22-441e-8c7c-fe1d69f2e255,C0394,1034,40,1.0,171.25
5785a694-1478-402a-ba82-b1b9287304cd,C0801,1041,137,10.0,1710.54
c8950bde-90fe-4fe1-9ea0-ab3494b21cc3,C0051,1048,76,13.0,359.83
4b7c9ad9-c100-4db7-bc73-595e29116e68,C0551,1004,100,8.0,1676.03
1510fa90-527c-45f4-952f-15395c36e091,C0024,1017,90,14.0,835.54
1b417d57-7a4f-4f3c-b432-58670799c79d,C0786,1027,178,30.0,823.33
bd4331e1-74f6-4f6e-9bfa-a78c4b5eb714,C0689,1038,69,5.0,293.68
c0a83b99-e3e7-4c74-89fd-66ec28caa2f3,C0673,1033,64,39.0,1015.07
46d3704e-7443-4e7e-92d8-42dddfed92e5,C0782,1039,63,32.0,1258.59
6b946e66-59fc-4142-8e06-69766bd16cf8,C0494,1049,8,12.0,1920.22
205f19c1-6b06-48a5-ba33-aa85ce22213e,C0208,1040,82,18.0,81.05
f1ccb8e9-d23b-481f-aef7-985dd8e18eac,C0100,1048,27,9.0,1762.39
3f57bbf1-9b26-4467-861e-4b62dff3f343,C0542,1024,17,34.0,297.31
30e9c9d9-d030-402d-a04f-5b2cf4d90679,C0766,1005,19,24.0,1204.65
aa8bbf26-d9b8-4f78-8292-e9cf34aa9a37,C0427,1028,16,26.0,1473.76
803264c7-0e91-4fb3-b7ad-b28bdd114b7c,C0514,1034,61,6.0,1585.75
544c977a-5f68-47dd-8de9-04c20cae3f99,C0884,1027,43,31.0,522.24
f1e3042a-be98-4b84-98ec-f76e766049f6,C0334,1044,139,43.0,1451.14
02b6619a-4fe3-434d-addf-ff0586cc54fb,C0163,1027,79,36.0,643.42
52d25956-7066-48dc-990c-7bca8d3781a4,C0215,1047,109,46.0,1248.36
13244350-3686-4fba-b0ef-09ab9536b2ba,C0495,1010,15,3.0,388.18
a3739fcf-1da6-4a1b-baf9-3e5b4275e908,C0331,1018,133,46.0,1015.07
0ab22d48-a3f7-4930-8be7-f3cfa5f6e22a,C0156,1014,76,41.0,1505.55
5ba571ef-1e4b-4a50-a2c2-ffc2e12f96f9,C0672,1031,3,36.0,1964.58
94704cb9-37b2-4276-af43-94493dafe12f,C0253,1022,46,49.0,1378.35
b136b832-4442-4bf0-b13c-b91d9b02801e,C0151,1009,35,34.0,1933.93
30145aa4-55b3-40d6-91a7-1d63d5d30567,C0861,1014,158,38.0,1350.68
93265d48-7dbe-486a-b70b-ab792bd16360,C0345,1048,9,31.0,309.82
e1012766-2503-437c-b6c7-ba28f084dddb,C0448,1021,143,5.0,1875.82
700aa4f3-3078-47e9-a6c9-88bdd2468d7b,C0678,1047,114,8.0,339.17
68df1ac7-3411-4110-a7ee-c578cc426831,C0048,1020,73,50.0,1962.43
a1506970-d8c7-47e0-847f-cb28b1b8e722,C0261,1009,65,42.0,111.03
6c9fdb91-8f1d-497b-af6a-b7a0f9f7d63a,C0343,1024,133,12.0,1435.89
33fb7d6d-aeff-497f-b6e3-478ba00b06e5,C0232,1001,102,20.0,260.4
8bfc1cef-fd2e-4c23-98aa-22afa3abd899,C0185,1027,137,21.0,1410.5
92aa5d63-f407-49d9-b67b-619276248a0c,C0311,1021,165,34.0,1112.71
f96bce66-aad8-43ee-a2cb-fdff904d2b96,C0571,1000,73,9.0,1643.24
0f5393c3-8aee-4088-98c1-a554d7b03f03,C0060,1001,10,32.0,1015.07
db1f1ba9-60b7-40e8-93d3-aee7c493a7b8,C0748,1004,126,15.0,1480.59
57bf9599-1db7-4970-b027-328b3f612bba,C0029,1019,13,48.0,342.43
0fe65700-3d77-42c2-a4f6-336ea9918625,C0372,1028,99,40.0,1771.07
fc85b40b-97a9-4a0d-a929-a5dac02bb3f0,C0421,1048,137,25.0,1732.13
16c1a8aa-539f-4565-b1e4-1a97d2bf5289,C0354,1002,141,23.0,1267.25
a7c81ed8-e1dd-44c1-bba7-7e545f0ca5ad,C0447,1002,121,46.0,1076.81
7b2f5966-deca-4d1d-bfb6-918cdbd2d828,C0431,1044,107,26.0,880.19
bafa276e-84b7-4fa1-8fae-a46633f812f7,C0987,1007,16,29.0,840.49
bdd41b21-e755-4655-860c-5b92bfc6623d,C0734,1034,87,43.0,1594.18
18d2c176-87b5-4654-9bda-89e75acfe74c,C0696,1003,149,45.0,657.25
1732338d-7460-4618-9d9a-748184cd4090,C0700,1040,139,47.0,1015.07
1d7e6509-2e88-40cb-89c4-a5cc523b9420,C0565,1045,134,18.0,706.27
bed582b5-c078-4596-bf72-405968e72839,C0904,1017,174,30.0,185.36
9a2e311d-0dbf-44a7-a1a6-171b417fef9c,C0558,1004,180,44.0,1312.92
5165b01b-3bcc-4267-b641-83fdf6813dcf,C0688,1002,99,13.0,94.74
ce5b086c-2dcd-4137-a5bf-c5483539e22d,C0872,1030,164,17.0,292.53
8436849e-e99e-4a9a-a983-da6511eea8bc,C0248,1048,154,43.0,813.2
8640c0ce-c4ae-4fe8-bd35-bd628e9a00dc,C0007,1037,93,44.0,1351.81
37291220-44e3-488e-be3b-6cdc06396b18,C0571,1034,103,2.0,67.31
b16fe855-0ad7-4900-b126-e55976ea6a75,C0008,1034,173,11.0,1630.88
3a34b05f-9566-4603-9b38-48767492eb58,C0376,1008,157,24.0,604.19
6f1fd815-a5e0-432d-8f65-35952e94def3,C0940,1032,35,7.0,954.47
a6fe7151-a6f3-4f75-9115-87ac6e64e467,C0650,1014,27,20.0,249.98
6fa71518-7073-41be-8ebe-7b9d7479c768,C0955,1038,157,20.0,783.31
00c7521d-0d91-4ba7-ad53-f4efb7810e8b,C0380,1028,93,45.0,533.6
38280b2f-ae30-48c5-b87d-db8da487de3a,C0176,1049,82,17.0,1122.87
7fe8f6a6-c93b-473e-be9d-62282cb9d99f,C0989,1049,98,28.0,879.01
3a94e21e-b4e9-47e1-b326-4efd87599fd7,C0179,1001,151,32.0,140.21
4d59200c-4f8c-46cb-80b0-7da57bff71b5,C0958,1003,56,44.0,860.48
fbaec00a-3260-4ed9-b4b1-6d6fb113d277,C0290,1025,89,39.0,630.34
6fefa587-5535-42e7-ba2d-ecad7ce03eff,C0113,1001,87,9.0,1883.97
2969011d-1e26-4edc-976d-2cb76a52d8ff,C0011,1017,56,28.0,232.82
f9e5a9f7-c2b5-41c0-8f75-3d1e3170b9a6,C0732,1017,41,35.0,1092.01
10360c31-c684-4b25-ab6b-43892e2110b6,C0314,1039,36,27.0,1386.03
9e5fb301-23d2-40d9-9697-ce8531341380,C0739,1024,30,9.0,1329.36
40e04192-f767-46eb-92f9-f19e1ab38f38,C0131,1029,9,28.0,1244.19
8cb38822-65da-4119-ac08-617defa970b3,C0852,1048,86,9.0,711.9
fdfa6928-bb3a-4d86-ab54-d170d9bf3dfc,C0558,1004,95,28.0,934.79
cd7d5a50-0402-448a-810d-44ff3622a922,C0759,1014,47,10.0,1015.07
b7e7a85c-3ac4-4f07-95b4-99dd9ba08ac9,C0005,1020,12,26.0,1519.07
d043313c-536e-469a-b7d2-609c15392244,C0077,1024,52,48.0,1819.42
47d5b743-b1be-4f73-ba1f-0c229a5a9821,C0174,1040,57,37.0,1405.21
f90acc0e-0c7e-4f59-b208-0d4bd0f20c48,C0950,1008,4,19.0,1873.93
e6c84608-67ac-4f56-942e-d77e2879785e,C0317,1001,141,41.0,1121.45
ca53fcf9-dd1b-4c6b-b165-66826d54fb43,C0774,1025,141,46.0,1274.62
12be18c2-8742-4db7-80d3-0e1a6bca1d13,C0707,1048,16,46.0,264.03
d3ee7861-9eeb-4e3f-950f-cb8a303068d3,C0582,1033,98,13.0,278.53
575afcee-76f5-46fc-b6e1-6bc9df464a71,C0213,1044,1,9.0,1407.34
740a6cc4-96cc-4281-be61-44ad1feead89,C0760,1042,125,19.0,1010.65
2230619c-8640-4a0e-917f-3cbaf14367c6,C0824,1018,31,46.0,1609.45
97328f2c-b8b5-426e-bb32-da1cf0b86fc4,C0647,1000,34,42.0,198.44
267f028a-eae9-44ff-9cbf-51d9fa64702e,C0739,1038,156,40.0,750.82
9ee5561a-86ef-4c89-b2fc-bcaf24152a8b,C0294,1013,57,38.0,126.44
fa47b21a-7b33-4890-9ed9-dffd481ddbe7,C0621,1005,39,3.0,1281.52
54eeb6cf-1dad-49c3-bac1-c479001d75f1,C0614,1010,163,8.0,59694.33
4c2ad30d-0619-4ec6-b79d-57b5478ab9a6,C0014,1028,7,28.0,1286.95
a41daf4f-339b-4d20-a2aa-80176aa2f9c8,C0085,1013,104,50.0,1570.67
4142cefc-3548-4226-a4af-d4bbcc2d0db0,C0821,1041,83,36.0,799.48
1ea4d9b5-9f35-49fc-8a24-a85406bf529b,C0695,1009,113,40.0,541.36
c3126e65-d81f-4a8a-96dd-186c4e4a9343,C0315,1048,165,29.0,1542.66
92f7c97c-de90-42bc-a940-78e0a657cf30,C0831,1030,19,27.0,196.38
a788d715-d050-43ed-9cb0-db55748d607a,C0878,1009,161,35.0,1037.91
6dc792f6-040b-468d-ac3e-e2b39ebdda3f,C0196,1046,12,33.0,199.19
63bdbc20-4f91-40d4-ac6b-17ec45581ce9,C0755,1026,136,35.0,1223.62
cb8b934c-5701-46f2-a302-ab1e1a14364a,C0973,1011,133,39.0,200.7
58e94446-f789-40e4-8118-cf8a93e2ad3f,C0452,1034,50,39.0,77.58
7af5e2de-3146-4210-911c-f14ce39d0381,C0913,1029,38,20.0,645.49
2d4062f2-5346-4021-bcb2-5793cff5251c,C0143,1034,178,16.0,1394.51
3a0a0f05-bc5d-42b3-aadb-6212ce52b207,C0042,1005,121,44.0,862.84
1c91f335-7aba-45e0-8223-d68d9703a4fa,C0890,1016,94,36.0,1583.75
95035dc4-3d63-470c-a6fc-c6908e3b5f4d,C0835,1018,42,21.0,192.42
5a399571-dade-48e3-8935-8ef29a207f2a,C0595,1018,136,2.0,496.91
cfb82ee7-d0bc-483d-8d1c-e3b9b5d130c1,C0952,1046,47,14.0,402.57
f5bd5bf6-e7dc-47fd-901f-6fb472faeb16,C0566,1027,62,4.0,1692.53
9ec4bc20-7340-495b-a7f4-2de58ee07489,C0625,1024,50,29.0,1626.36
310363da-cf73-4c45-adbc-eff829ab52ff,C0695,1034,51,1.0,1385.22
855de022-f5ee-4e90-8b17-99ff52a62ace,C0183,1013,21,22.0,1107.1
f575a18c-8e36-4942-b7c6-72bbc9df3743,C0280,1026,96,27.0,154.83
2a738076-897a-49a9-b850-372521d430ba,C0132,1027,10,44.0,682.99
fbf432cc-7dad-42b6-b924-db19cb958f02,C0837,1046,139,25.0,1015.07
d73a33ef-bc61-4d98-9a9f-bb30c4ddfd8a,C0846,1009,156,30.0,655.75
200e4197-d62f-4e67-a1fd-c580bdf9ad8d,C0120,1015,62,36.0,1015.07
7bcb5e0f-bc4d-4f13-9da4-db7e9f535313,C0456,1031,61,28.0,1875.03
456e102d-049a-4d7e-99d1-e5340b8de2ef,C0819,1025,125,42.0,1294.25
cd89f176-622b-4dff-8afb-960b4efa4908,C0548,1005,9,4.0,1663.54
b4c27439-6e7e-4446-80d8-31bcfe17fdd0,C0535,1034,136,36.0,1747.11
5ec6ba81-6a64-4ef3-8f56-a514d6cf2dd7,C0925,1033,135,20.0,1141.16
3cdb9aa5-a12c-40a7-8fba-4e0afcee48ea,C0917,1005,145,3.0,1796.13
2fdf47e2-e106-4248-b159-1c8c1fb65dc1,C0249,1029,57,22.0,1015.07
9fc4f010-524c-4d5b-bed1-b7cb9305bd81,C0513,1009,94,33.0,1714.84
ee835448-1b76-4b5e-8ae0-2bf435581a39,C0551,1023,53,49.0,1645.14
bfab2ba9-f7f1-4139-887b-6e9c97a4e8a9,C0846,1004,135,39.0,567.86
b81a905a-ab31-4de5-b540-64db20106a6e,C0965,1013,92,30.0,1137.72
ec66ddad-5f5c-44f6-b21a-903c3fd4d63a,C0473,1029,19,4.0,1589.95
d0e5fe54-af9e-4182-8541-7c2d34a88404,C0532,1007,100,2.0,50.18
1e2571ec-ee02-47d7-96f7-5ab23e1812e7,C0883,1038,67,35.0,1094.84
9e1b48ff-6a29-4fcf-9539-4543630dd1c3,C0784,1028,26,13.0,286.06
e4273109-4ee6-4c1d-bc13-1183e0f7e8e5,C0724,1009,24,18.0,1143.77
c8ee7a23-1778-4f5f-856d-2e941bb4195c,C0267,1023,129,18.0,756.05
db84c197-9454-4b9b-9eb1-3a28476c18b4,C0978,1014,75,35.0,63.24
54c2697e-1bb0-4d37-b97a-fda3517bb15b,C0635,1046,122,14.0,176.7
aee24492-41be-4e39-9e58-a2b926afd7b2,C0802,1042,30,3.0,849.12
9118f019-3dee-4964-981a-f95f9321f4c2,C0088,1000,72,3.0,1015.07
99f2940b-81a3-4b27-8d30-029f064cf220,C0680,1047,170,45.0,914.15
18958f7a-9124-4a31-82a8-66d3cf2559e7,C0604,1018,86,10.0,1627.41
5b279e9c-5e0c-463e-b800-d0d189e6c6e4,C0609,1002,66,35.0,515.89
3b1bed20-31b7-47cf-8700-165b636e1ca9,C0116,1026,7,27.0,104.8
38b19013-1560-40df-9a73-92db5b800a3b,C0905,1047,44,27.0,658.62
9f093271-5b05-457a-834f-4844169982b4,C0906,1020,28,11.0,1236.76
41de2f10-bb7d-4b3d-96ec-2f78559961ad,C0778,1030,131,50.0,45129.07
289a9d56-8eef-45f4-bd9c-13ba11de5d76,C0761,1013,64,34.0,1571.04
63373d9f-84f2-4809-bb6d-d8898307635a,C0560,1031,81,18.0,1339.37
405eb421-765b-4d97-8de8-7dfe6d6d56b3,C0312,1044,10,42.0,1150.68
d63b9aa1-9c2b-4376-ac28-25741fbc87c9,C0341,1015,179,23.0,1234.73
774aaedd-58b7-4f5c-8db2-b8ac1f413212,C0436,1011,3,16.0,1556.65
3e88cbe4-1793-4adc-a95b-8457d5a2167c,C0089,1004,137,14.0,1945.2
8ee1f33e-b2b9-4df2-8bab-c99b16881f94,C0251,1008,114,43.0,63.83
7641e1d4-1e7b-4518-a433-393bfd710cdd,C0973,1033,92,42.0,1167.26
c52a5ff2-65a3-4049-ad21-31f310f4ce45,C0322,1033,34,11.0,1693.62
8175bd9c-9ba7-4edd-88a5-e7755dc9e502,C0080,1017,178,11.0,1444.01
558d9eba-ce0e-4238-8e9e-9db15b245171,C0740,1022,93,31.0,1015.07
efeb79ba-b85e-4a3a-a441-8450497cff69,C0111,1010,141,13.0,1015.07
01a231ba-7766-454f-a2c7-ddc28a4b69e7,C0583,1047,85,39.0,1395.48
b705ec48-4826-4269-9e1f-659888525023,C0256,1037,95,46.0,1487.29
19bdc3dc-704f-46a9-a4d1-102d3534ac82,C0023,1000,91,10.0,1015.07
be0fecff-97a7-483e-b7b0-b607efc61895,C0638,1024,168,8.0,1605.25
8e5d301b-4a14-4ae9-95d5-23454207cd71,C0259,1019,76,29.0,1456.83
915b8c66-ebb1-48e9-a588-a7e87d9f25ba,C0082,1007,133,39.0,201.38
ee290a3c-25eb-47ee-b8e4-985f2303a372,C0643,1017,142,47.0,1015.07
f249f1ec-3302-4704-9098-777599f74f73,C0641,1001,156,22.0,1597.29
ba40408f-0d20-438a-9039-bf9a43348a05,C0803,1043,85,24.0,1228.69
2edca8a5-c477-45f4-a3df-b2657d16e702,C0773,1019,59,14.0,1330.11
58af4f19-ee48-4a83-aa67-1942561fed65,C0672,1007,71,45.0,56885.82
d77e0232-8cb4-40fd-a3c1-60d0267ce85c,C0360,1028,80,37.0,1888.73
2922d479-c76b-447f-bbfb-45f2f806a697,C0640,1019,79,10.0,210.8
12740697-8744-4392-947e-0c791b0b1219,C0231,1035,168,38.0,363.9
10c601b8-b9f5-4a5e-be7e-9211d4a0d388,C0131,1004,149,13.0,382.71
48a786e1-bb2e-43d2-a77c-bd34c1b41637,C0644,1045,14,27.0,1142.12
c676fcd0-0ba8-4cf2-a31f-4bafdc362c3a,C0163,1018,18,48.0,624.12
8d06066f-9686-4a15-b6f7-4acdd666b5f5,C0393,1049,114,47.0,654.16
60b3b943-378c-4267-9347-4c6685408242,C0837,1016,31,46.0,1935.47
c8e4c307-1902-4657-a45b-2f4b69f974bb,C0900,1018,115,47.0,1595.05
320ca741-45c9-45e9-9561-21cc5df7857b,C0780,1019,16,26.0,1484.21
0edbc8ae-363f-4209-ab50-7e879aa48641,C0453,1014,71,20.0,1435.88
cfe66d56-e1e1-4efb-84be-42d752344025,C0279,1042,181,34.0,549.57
319c4c13-f669-4846-8eff-ae3dfd18f001,C0081,1027,111,7.0,356.87
833ec69c-7490-499f-bcf5-73a29da9fdd0,C0914,1047,35,36.0,1015.07
aa90777d-b997-44fc-aa25-073126f581b6,C0607,1026,121,6.0,790.62
7c689c9f-4470-4927-8079-4a980d563956,C0228,1006,169,50.0,650.49
fd53f631-b034-4e8a-9649-c35a6d0f575a,C0279,1048,133,44.0,1688.92
4fd1c120-237b-46f8-9fd5-ac8a9b49f0d5,C0425,1012,58,6.0,1586.16
c1be3cbe-497b-4173-b579-6e5b87611835,C0099,1008,173,20.0,409.57
af16e847-05dd-4c1a-b81d-7be44c0b7f0f,C0368,1026,122,42.0,75.69
8af234e6-0d6b-45ce-ac31-8d6c4097e72e,C0651,1038,142,50.0,1428.38
9490f36b-2bb8-42b9-a584-de69e6d794d4,C0863,1017,149,3.0,1403.66
4e2f21e3-5bba-433d-81f3-a72489bb605a,C0342,1028,3,6.0,292.61
a21cd27a-2d57-465d-9a03-f865d839370a,C0415,1013,90,10.0,1507.6
f75505ac-f4f0-4cc9-84cc-c0a6dd9b535a,C0636,1018,152,35.0,262.53
b27794a3-c932-4e13-b2c2-59e988624397,C0379,1030,166,32.0,1851.23
32ca4592-76af-41a8-b7ee-b89e13987077,C0978,1012,148,27.0,458.2
a6ca032b-a8fc-4a45-bb1b-788137b336c8,C0531,1003,102,14.0,565.71
081771bf-cea6-4caa-9102-04aa15cef614,C0638,1005,56,18.0,481.11
d01fca78-0609-4341-a192-854e2b69937b,C0883,1028,71,33.0,1056.26
8357bea1-b54f-4b14-bc4f-caf7d85e0b0a,C0435,1005,168,36.0,689.89
71b4eb09-cdc9-472e-be47-d09f6d7bbe51,C0273,1046,99,43.0,1626.39
d4106c97-4507-429a-a2db-2c918183be76,C0496,1039,120,28.0,530.72
5385717e-7648-4cdc-be6f-07f97ed84546,C0163,1002,115,30.0,816.44
96632a4a-9d67-41cb-a589-92d96be4fdf3,C0544,1031,32,28.0,167.5
3d08ed8b-407f-43cd-95ee-268a9d6fb78b,C0166,1026,115,28.0,1613.21
9132c8d4-802b-4f3e-bcab-e986e762d92c,C0255,1024,80,49.0,1702.45
f4bf879c-d176-4c9a-bd4d-c52c39ac032a,C0484,1007,165,40.0,654.76
5b967252-ca0e-45b8-9e5a-12c50f8657f2,C0555,1035,21,46.0,1803.64
32015b8b-075f-4398-a7c1-d3f615a4a763,C0096,1008,39,38.0,1333.71
b30a8f88-1423-45e8-ac83-28944dd7e59a,C0574,1000,33,25.0,1001.4
a4ef5c2d-53a7-4fd8-bf52-e140e9f2d762,C0265,1043,84,32.0,1618.07
b03db841-e5f3-410a-8247-792a3993c11e,C0116,1003,56,16.0,883.33
b51b55d5-8839-4426-8777-218d8717ffc5,C0187,1015,175,21.0,359.48
379637e5-f551-46ad-b95e-3acf83bad997,C0014,1020,176,12.0,1343.67
3d00b48e-99e8-4484-9438-d74eb8c312c4,C0686,1023,27,8.0,1256.96
8a5d6c9c-1440-4ab3-9c12-0c8acbd10257,C0995,1018,155,40.0,1348.17
a10cc388-0d60-478e-af33-22441868df18,C0713,1014,122,10.0,1015.07
f986f81d-db27-4de1-b0f0-022b61a3b738,C0549,1006,44,7.0,1360.82
e606ce78-a1c4-4aa3-838e-1b8c311285e1,C0285,1032,59,43.0,1447.08
a3baf516-24d6-456d-8436-d8cc3bd32cde,C0965,1049,93,16.0,1577.28
24647172-7a2c-4edf-be4f-5f02317d1918,C0287,1023,90,29.0,220.09
fd71c238-effb-4831-a6eb-3e4eae63f056,C0667,1048,83,15.0,1874.82
3df5cc40-d011-4b44-8547-2489fef79c7d,C0024,1037,68,18.0,1187.11
c6faef84-ab30-45f9-a08c-690b848c7f01,C0815,1018,84,1.0,491.28
99dfcbc3-307f-454a-bda3-c73e440f3c30,C0583,1024,104,22.0,1338.12
ff5a55fa-efac-4e8e-8521-241b4a832c5b,C0459,1042,96,38.0,538.1
02c039ec-df8c-4fc5-ad61-5097e0af28d2,C0998,1030,150,3.0,838.22
d4d9f001-783a-406a-8016-0cb96228145f,C0580,1033,86,37.0,207.05
b60edf63-c251-43d0-91e5-f68414352494,C0101,1049,76,2.0,1994.04
fbeab73c-5e71-49f7-99d0-8bf35fc7aeed,C0945,1029,64,12.0,971.61
dedc52d0-3fcd-4b35-be60-658d5f48d92e,C0664,1038,40,50.0,1015.07
77b24e85-0493-42b2-b5b7-462eb7db1cc6,C0598,1045,64,19.0,1015.07
85a2d0e1-e839-41ff-b299-8a72ed8c1aa7,C0474,1019,176,38.0,1015.07
52077b7e-ca0c-4d37-8dd6-307fb5e9e5df,C0454,1029,100,18.0,450.69
b34cc2bc-e1d0-416c-85de-46c3c2774664,C0807,1016,41,34.0,1638.48
d9e43653-8799-4c30-a432-1389564c8834,C0695,1019,177,11.0,734.23
75e6c728-9fce-47d4-b429-ee5a4a94df5b,C0626,1039,44,22.0,1052.84
e275d075-c92a-4b93-872c-0df29a1cfbe8,C0717,1045,127,2.0,1354.92
b037752e-7312-4b34-8ea7-13f73975a1b2,C0812,1004,16,37.0,1322.0
3be4cf4b-862d-4f44-8b6f-fec9e781fa07,C0921,1003,12,43.0,1575.57
ba8709a0-4eeb-4249-bf2a-6f030c852b0a,C0245,1039,93,38.0,797.96
84a4e90c-6cf1-4d78-9b90-7bd9026dcf2f,C0431,1019,78,10.0,1031.87
3604f11d-e150-4c41-a034-bc6bf1c34199,C0943,1039,17,37.0,1619.88
978d3900-52ee-43ec-bfab-d2e708f0e2f1,C0989,1046,50,44.0,1015.07
000ff0fe-892b-4bc3-a2da-3982afb4e9a9,C0399,1036,29,35.0,970.2
9f6bc2e3-13f7-41fa-bfc1-f4b36f847fae,C0289,1007,94,25.0,1627.2
f82e0301-c718-4b66-968f-5c6365435a14,C0548,1000,88,34.0,1281.61
8a524910-5ef3-4579-bf21-0d76b48bbeca,C0875,1031,98,41.0,1042.35
9dd660a5-9209-45ce-9821-fff156b636a2,C0530,1037,13,44.0,938.91
2b518a72-aca1-42ca-84d4-e6876eda7f9b,C0023,1041,1,32.0,52.81
5d5cf7b9-97a7-42d7-ad4c-49fe4e466f63,C0455,1033,144,34.0,1273.68
a5b572a7-e8db-4051-8201-f690fcca9846,C0959,1020,27,22.0,1833.02
befbde76-8b2b-4d4a-aedb-b1391b6abee7,C0814,1000,108,27.0,1701.18
709e7588-cec6-4eda-855f-e3d8e36d0ce0,C0402,1033,154,26.0,706.14
2fa2d956-5e37-4134-a95a-ff5224920010,C0073,1025,50,23.0,1980.52
873d1575-7388-413a-8bc5-85aa8ccff8ab,C0127,1009,67,38.0,156.55
8941927c-e5dc-4b1d-a89b-a978e88c2ee1,C0368,1038,167,8.0,481.71
68919548-6a4a-4c81-b5e9-036cd0c0cdd8,C0621,1009,113,30.0,269.56
ae9d372e-1397-4ece-a1b9-119c6caae001,C0130,1019,82,14.0,1868.82
d496036f-80d0-4cb3-8e4f-eca57656d921,C0117,1048,41,7.0,946.81
f30a200f-7d8f-41b2-95cd-097a5bd0c554,C0815,1030,102,33.0,638.78
9f12bcd8-55fb-4cb6-a576-2be1dac91248,C0667,1038,8,50.0,809.9
d1de7d67-d410-44de-972d-d3d5f02931b8,C0166,1035,28,21.0,1777.15
36419a19-a2ee-4e37-b8ae-f4c61207e028,C0583,1018,123,3.0,1724.4
9351950a-1850-4c67-9e81-6f5bec0e86e6,C0913,1041,66,23.0,368.56
6ca3aa1f-84eb-413d-b5e3-e0b219aff83d,C0725,1031,20,13.0,1439.63
4007815c-5866-4cdb-a064-b7b5dfead70b,C0892,1044,59,4.0,176.74
1013ed8d-9288-42f9-9290-ac19e0d1912b,C0752,1042,27,1.0,1521.88
aee2ef6b-5db6-4ed9-8153-b45e34b508c2,C0953,1025,150,2.0,562.36
5433e1d2-43af-4250-ae5e-14511d4e7026,C0176,1023,100,16.0,1806.47
d3dd5a79-d2ea-4606-9603-a6424affbbb6,C0234,1042,44,40.0,1464.02
baa0f515-ae73-4f43-bab6-e2b43596c18d,C0532,1022,161,5.0,1108.26
b647fc63-9fcf-47e1-9450-f3f73b05630d,C0635,1035,9,4.0,942.6
c66ce021-d5a4-4f68-8dfc-135fea929013,C0699,1005,3,42.0,593.79
6ae5621a-e541-475b-a0be-664e484d5fcf,C0695,1026,179,38.0,1162.88
37defa4f-45e3-4ef3-8b88-0f557fc94874,C0848,1004,181,11.0,965.85
6b440eb5-154b-4ca0-9fd9-991dd959f5c4,C0038,1011,84,21.0,1800.88
5b87581d-6210-4962-a0bd-cbd7bd532f80,C0648,1001,101,11.0,1290.76
4dab0a4b-6ab4-4d51-a42e-2d38b857b788,C0546,1024,31,11.0,863.81
e0539769-fbc3-468d-97bc-2fd94d396164,C0611,1023,79,17.0,688.42
5d307396-6f05-43f8-8039-527fd154c190,C0765,1040,74,20.0,411.37
2f7e4753-51b2-4f21-9ae4-8641e02bdcea,C0982,1047,111,26.0,1366.3
2dd8f866-2eb1-4e74-9ee5-f4ddd25a7c63,C0778,1030,96,20.0,1203.56
61703d3c-2952-44a0-a157-4751222128cf,C0003,1027,179,40.0,667.98
308c109d-b4ec-476b-bc0d-cffa8ccc738a,C0780,1027,4,5.0,1215.5
1b6f6799-1db0-4bd6-86ff-132bfa36b6ad,C0251,1012,154,34.0,503.46
6f56a3d9-a624-4970-8f05-a9d821e8ab4a,C0514,1043,17,48.0,230.77
cef07345-ba50-4cc8-8b13-a5e9864f4888,C0312,1047,177,49.0,72.23
017bfdf6-8e31-4b19-ab21-f7f516b51ae1,C0400,1023,7,21.0,1384.13
348a5356-c9a4-42a9-9d46-cf3bc9ecdf65,C0723,1009,113,15.0,1370.84
2205d646-f7e6-420a-96aa-3f1e200bfd2f,C0063,1009,126,36.0,1840.98
84480f77-6dfb-432a-8226-021f71bd8419,C0458,1049,44,31.0,1847.8
8e6d2529-715e-43da-82b0-991e3f85c493,C0266,1042,39,47.0,1228.57
00fc35d5-c845-4755-9379-4b1b8a7cfa98,C0976,1028,144,28.0,1130.94
399841d9-0b03-408e-9b38-39d813870b34,C0877,1047,52,25.0,680.26
21dfa24e-ae3b-4656-8500-4ad7105b5861,C0662,1046,47,40.0,55.45
6c7c9173-98d1-46e9-b12e-3cf1efa01dcf,C0272,1007,178,16.0,1369.3
528910e6-19ab-4001-93e0-d8957ea3c900,C0946,1036,39,22.0,427.66
7af2acb1-877f-44c0-9ec8-cca7c7742bed,C0648,1002,134,3.0,1609.11
27d06e30-6823-444b-b736-779219fc51fa,C0935,1028,100,29.0,1556.49
000868e3-ac6d-41e1-8320-4a82a2fb5438,C0031,1001,160,28.0,1711.89
397ef399-2ca4-48ee-b3ed-e7030dce1fe6,C0257,1035,64,40.0,479.52
023ca6c6-e38a-4a63-8c71-fcfcaabf178b,C0893,1000,28,34.0,1357.58
c580a935-6a79-41bd-9071-ba2f50da5f16,C0709,1003,179,21.0,980.5
5c097d9e-cb07-4397-ab7e-885a5a61ff2d,C0656,1027,11,43.0,235.59
470a9f8e-de38-4e09-8389-4e90d4ed1b34,C0919,1030,159,7.0,1499.98
4a123afc-a90d-42a2-a644-d08bb99ff435,C0534,1029,9,12.0,792.82
485660b3-dc61-4455-885f-f3fc7ecc5717,C0115,1024,11,30.0,336.09
f56589ad-b084-4e28-8eba-d467b87271f4,C0321,1016,39,13.0,184.52
e229758d-46e0-4f52-84c7-1672e680ebbd,C0032,1011,51,37.0,1849.9
b4d51470-18ad-44d8-8bb5-035673369a96,C0877,1032,86,25.0,408.5
3fe64ef4-851a-4d58-b3cc-de19753d47e5,C0923,1039,26,7.0,220.42
a6450648-2e62-4bc7-a843-33d51af23625,C0213,1006,181,16.0,763.19
84f5d566-4ab3-46e9-b152-b568e991179a,C0197,1031,69,25.0,1820.49
664ef663-6223-4ec4-bb81-44712d66bb36,C0425,1015,168,5.0,1987.2
988de3b0-150f-494e-bc0c-7d18eaec5acf,C0780,1043,144,2.0,1196.8
21254612-7b14-4696-9da6-c77a1aaee418,C0063,1046,105,33.0,677.13
5144a253-52b8-44dd-b404-3db200c0dc45,C0400,1027,30,9.0,727.48
67d64920-bc05-4cdb-8f65-1a6e040f79ee,C0019,1049,74,40.0,1410.53
7e584266-42d5-41bd-8b56-360439bb97b5,C0402,1011,53,12.0,554.41
c92e7aa9-c3bf-4774-912b-4dc5652a4c5d,C0405,1031,160,42.0,978.7
e72fbaf9-400a-4ae3-a27a-6e0f7416c5de,C0261,1012,9,11.0,1431.3
b38a81f0-455b-47e7-b88c-2b8cace8763a,C0349,1031,141,32.0,1416.31
c91c5fa9-5092-4539-945a-a8a963caa3de,C0672,1022,80,8.0,306.57
6a44ea16-720d-405a-93b0-ce7f19d896af,C0949,1017,16,5.0,626.62
719a02d8-596b-4576-8477-f0081fa93ff0,C0673,1026,28,28.0,1919.95
dc9e0083-1704-4247-a61c-f5e71d30cc0c,C0835,1000,152,2.0,963.15
2b514825-f430-474e-8818-215be8f7f4cc,C0070,1017,16,31.0,1568.86
d9935c05-2cf4-474d-a1f1-b672bacd28a4,C0793,1015,118,2.0,954.51
e25ef27b-721b-4259-a7e6-9b27f3315dd3,C0654,1033,38,47.0,737.45
4348d171-366b-4e8f-a6e9-65fea0e3f1ac,C0440,1007,181,46.0,1648.55
bd9ab8a0-c2af-431f-8485-9df028c65ea1,C0320,1027,85,49.0,1794.17
fa965b15-dee9-4c3c-b006-1548f0d48019,C0868,1029,111,6.0,661.51
3ad613ab-5bd4-42c7-ab88-eb921c690f9f,C0855,1027,175,15.0,1506.63
9d8a03c2-f4d3-46a9-b70f-bfe1ac306fbe,C0070,1031,112,18.0,1424.73
da9c9390-2e78-4333-8750-106b31ca36a8,C0768,1013,154,11.0,1789.57
90b3c78a-d65b-4c7c-bfec-a94e45d0b3f7,C0417,1002,153,27.0,290.86
aab90f93-9ee3-4e58-a53c-36983d0b263b,C0837,1029,32,49.0,837.63
eacd43ca-419a-4e4a-aaa6-4f7973e13f8f,C0305,1030,11,46.0,1708.57
00c7c8fe-ae31-4779-817b-89c310c10588,C0593,1036,56,27.0,243.49
efc5e904-03d2-405f-af8b-d0822e9f0d29,C0619,1023,16,25.0,1092.71
77f35f1f-df11-43c1-bd97-45b6e4210a95,C0752,1023,124,31.0,643.01
4673771a-208a-450a-87fe-4bd6e4f55e9f,C0785,1020,146,41.0,1105.36
3ac1f0ed-e9b8-4503-af30-33e373b05637,C0621,1044,119,37.0,1668.68
b6897ce2-4224-4478-a322-302bf0656905,C0971,1015,35,11.0,1115.27
b2aaba0d-2351-4f98-9a01-505ffb1118c9,C0137,1048,56,17.0,350.53
364b54a5-df3c-4615-992f-a76097bcce01,C0386,1029,19,5.0,1415.85
ffa0661c-4792-4e17-aaf7-53679b684e8b,C0602,1016,162,6.0,1043.68
8ed557d9-2ece-40a1-96e2-7b68d2230d65,C0021,1001,98,15.0,1363.43
09237e01-9846-4596-91bc-f311835479a4,C0138,1036,114,35.0,423.34
147f34c2-c628-45ff-a62b-cf210d9c3a4e,C0720,1006,86,17.0,942.74
589e4b8b-0167-4376-b6ae-a924557601b9,C0954,1004,173,13.0,991.01
86a607fd-7a14-45b0-929e-e08bb6d32989,C0241,1039,157,25.0,212.1
c81d603f-380c-447b-9b58-114a98c8cb34,C0620,1042,33,27.0,1756.08
ee538f23-ab61-4c63-9cdf-50fd975c22e6,C0624,1032,100,19.0,965.39
d4b8d1ec-25fe-4948-9619-127a536e6c3c,C0461,1034,79,7.0,1774.51
d9425514-2e3b-4ef8-bd4d-537765e6d521,C0824,1026,168,26.0,1278.2
1113dce0-f1e9-49db-aa3a-7d59a89ce3be,C0352,1003,177,27.0,70219.92
0daad802-bac1-4479-8266-8730b810694d,C0259,1028,94,34.0,1163.58
95f99236-5864-4670-b6d5-58fdb26c8f2f,C0524,1029,111,35.0,240.75
fd5d9b98-9c14-4e74-a99a-6c2c65b537af,C0503,1015,170,4.0,987.15
22295065-1e1e-4f57-9002-d28568359f97,C0138,1044,104,40.0,1676.57
d10f3591-5f0c-4d5f-b040-983406d74a71,C0329,1037,29,21.0,511.4
387e173e-2a24-4d6a-9061-76eddbb5919e,C0783,1038,19,29.0,910.14
b0df4421-9889-4a88-9327-4f6398cc0b5b,C0643,1009,35,10.0,1476.11
7886ff33-cf08-4613-92ba-cb9e5ed9c9ec,C0822,1034,112,45.0,1358.17
ed9ed348-e514-4e00-8fad-e4d99076bc5d,C0842,1007,151,25.0,489.78
1a936647-a4aa-4bc8-a583-ca281b68ff7c,C0285,1033,65,35.0,1791.87
2b893a87-540a-49cf-9a36-a987f36ca750,C0186,1046,113,28.0,1096.19
88d079f9-4d9b-44f6-acd4-c2d636580a1f,C0397,1019,112,24.0,165.84
7a71eb2b-2c26-4335-8912-9afe6b76dac1,C0518,1044,55,50.0,1309.43
83a26c9d-9eb5-4ad1-9171-75016b7b2c08,C0431,1048,157,47.0,1453.51
f34e8881-51ce-418c-93e2-d71edb278016,C0946,1017,158,43.0,58.76
915d20f9-c153-4031-9182-8cee681e0d96,C0298,1006,126,42.0,1990.18
fcb10b1d-84db-4088-9116-e1df12186042,C0887,1018,119,18.0,1706.16
185464ad-9a8d-448a-bfc0-0606dd73e702,C0707,1022,5,14.0,1723.36
724700a8-d3bf-48a3-bcee-d319935a6146,C0275,1037,179,18.0,1528.57
2af57386-92ad-4bfb-a51c-dbb28cebb44f,C0762,1032,169,47.0,1771.43
c66b9e42-59f8-4992-bf97-07edc66d91e6,C0219,1015,38,23.0,301.02
6b1b5bb3-1009-4a8d-a1cc-141858d24b0f,C0361,1021,26,38.0,554.3
54e0d315-85eb-4207-8aa5-47176feba2a7,C0988,1025,61,22.0,1617.97
b35a80f0-9972-4acd-967d-27fd45e3f8cb,C0468,1011,139,31.0,1215.21
0b940fc6-00f5-472d-9e49-d46420bc351d,C0715,1013,17,48.0,988.02
d8c12c4d-d097-4cda-9a2d-327619a8f954,C0660,1032,90,21.0,577.9
288995bb-cd41-4598-839e-8f4e4e6809b0,C0678,1020,90,31.0,1849.52
b80dc02b-b122-4603-bf39-6902625aa99b,C0286,1041,39,16.0,1429.66
3915d600-2c71-4a83-a0a4-2d158946758c,C0741,1013,41,46.0,868.54
13aee4d0-bf8e-4afd-ba60-448fc4f08819,C0494,1011,80,37.0,1698.24
7b3b4ff0-54d3-4a76-b902-2905f74bb220,C0073,1012,95,2.0,181.32
15797fae-0cf5-49fb-9fc8-ceae94ba882b,C0706,1026,141,38.0,1412.16
255d4af6-588c-4083-9f12-fb7a52c29b1a,C0163,1009,179,48.0,515.77
bdcf0ed6-59af-4f17-8660-896ee6225ae1,C0223,1011,12,8.0,190.85
b3b59919-9256-4d83-a47e-d8614b70becb,C0918,1044,54,27.0,384.83
46fab6f0-cc1c-499c-ace7-0736dd6483b0,C0546,1031,26,24.0,451.8
6e7080d8-0660-40f4-a769-928b0ca29950,C0404,1039,151,23.0,1398.56
19d9bb1b-4673-44bc-b140-f99207ef96a2,C0167,1035,157,18.0,143.06
233151d1-0a8b-4ce4-8907-37c4595ebfee,C0750,1015,30,25.0,1169.69
a87aff37-3fbc-4048-9b34-910d7644ad2f,C0298,1007,109,10.0,1891.28
cf03e00d-a5fe-40d2-b584-0e2e6cec025b,C0801,1006,12,36.0,58404.74
395334ad-ad40-4e2e-ac18-b0454e80ce4f,C0142,1040,149,25.0,1947.86
ed71b8ee-7a53-45f7-ad18-55e6f047b4ed,C0920,1023,70,45.0,779.21
5bbe1509-5690-4a38-be06-683347376906,C0613,1034,143,46.0,58.26
8cfeac6c-1de8-4a91-9fe7-35e531ec9644,C0127,1041,41,50.0,106.55
e275f5c2-745e-45ab-926b-902b215de0ea,C0649,1008,1,50.0,127.48
e8c7188a-8ee7-4da5-bdaf-e13ebe6e13b4,C0824,1030,78,39.0,238.22
8c0eadc2-d924-4bf6-9bfc-519cadcc4afa,C0160,1024,82,44.0,1047.8
7bc3fc2a-b3c4-494f-b770-c04421bc124e,C0546,1041,14,48.0,1015.07
3ee3bf4b-29cf-46cb-8111-ad8b111735e6,C0465,1047,94,8.0,512.03
9b39942e-766b-48d2-ab70-8e330f0053c8,C0676,1003,127,50.0,402.09
519165b1-6d85-456b-9e12-5f8df87feffd,C0754,1048,177,22.0,1352.17
9c2a7cbe-e296-4b0b-998b-5b067fd3eea3,C0256,1025,77,31.0,1777.41
40cf877c-0f26-44ea-a493-8573c941eaf7,C0720,1029,61,24.0,1793.03
83133d21-b7ae-4d76-abf7-ee3667b19a3f,C0411,1023,26,36.0,1414.54
642bc5c6-79b6-46d6-8de2-19c7bef6c112,C0087,1035,61,25.0,1815.23
96be2dbc-a9e8-4993-abe8-628e699085ca,C0220,1020,57,47.0,749.21
6f8cb987-2121-4885-a7fa-44b4e7be345d,C0966,1048,131,38.0,949.97
0fad83d4-4a48-4fb5-9082-d228d1b62228,C0619,1018,131,9.0,345.88
e35f5714-ece4-4231-befc-8763f79c57f3,C0309,1045,48,14.0,136.14
85449081-ea50-42f3-abed-8b0f67e119f2,C0412,1025,27,37.0,1603.47
a1a65de1-57b8-4af1-84c2-a9ea5d13021f,C0777,1044,11,34.0,470.48
bc7b3d94-1483-416e-81c5-cb228bc805f3,C0139,1016,135,13.0,151.65
d9275162-12ec-4cbf-941d-986ee58b29e4,C0605,1015,90,46.0,464.81
e4f6c57b-caaf-4b1e-997e-3326190c1aec,C0657,1033,5,26.0,554.66
7f533d45-f39a-4504-93bb-d10fe87d517a,C0234,1031,137,19.0,1520.17
5846cb60-2da9-4869-bace-a58baa5dfe13,C0671,1036,107,21.0,1373.7
d2025284-3ac2-4473-ab11-fb94937520fd,C0453,1012,61,31.0,1064.8
3a3790e5-80ca-4871-a15b-fb98a19285af,C0776,1041,172,5.0,1688.49
d7d2c4c4-bba9-4e8a-9a75-8c4769efe88d,C0846,1046,76,1.0,468.87
c93e0942-e34d-40df-b021-a8b4d396cb40,C0994,1013,85,31.0,1451.89
8f8032d6-243c-4900-b72e-5d74d6832b1f,C0392,1007,85,19.0,1850.8
999588e2-7c5d-4f28-951e-27aef757822b,C0973,1032,105,19.0,1654.64
c5936473-5fda-441b-9cd0-598f7f226c00,C0850,1031,121,20.0,1221.04
c34ec029-0a68-4659-8f49-54cb9466d35a,C0493,1014,168,49.0,555.1
b54f33a8-5223-42cf-ba69-4eecf42bb99d,C0389,1026,30,3.0,1015.07
ffa92e02-efba-4605-b965-1abe60480977,C0378,1013,114,14.0,1034.27
fdf69cad-bc6a-4f75-8439-2ad58491e4fe,C0318,1016,27,47.0,358.06
a5e18f1c-3c70-4dcd-a2bd-1e7c474b6d88,C0846,1034,130,25.0,365.01
b379fc57-aa63-4eba-85a1-76f30fcb0a30,C0634,1027,160,45.0,1044.53
8f626a40-3515-49a2-83a1-afdc82a16731,C0290,1034,52,33.0,1836.47
b56d2330-77bb-4f34-b164-9c7a08790f6a,C0544,1021,163,13.0,1978.65
cf4eb0a0-d1f8-4ddc-80f7-b1ea243fd9ce,C0928,1005,24,31.0,1059.77
f61d445b-f871-44ed-9bcf-bae683541336,C0256,1014,23,33.0,187.6
5d384597-540d-462d-ba3c-d8f83b8db963,C0430,1039,72,35.0,381.43
9a3e9445-3dce-4e43-9ec3-7f4856037723,C0233,1000,111,48.0,1050.33
bac2924d-d30e-4765-9706-4c9c33dffd3e,C0923,1000,34,2.0,1015.07
c581dafa-0676-47d0-9f8e-3d889e5b6466,C0677,1005,11,40.0,1385.82
18ec8d63-34b7-4c37-8ff8-1201c922cb4e,C0861,1033,25,14.0,1470.51
bb0121d9-c8fd-4aa5-a3ce-6f79336301e4,C0396,1027,153,36.0,1557.98
f4b209b1-f985-401d-8ea3-8c52f86686b6,C0459,1047,152,46.0,1258.66
549fa62d-51bb-43ef-b9ca-618f78f101e0,C0200,1021,19,34.0,468.17
77dfc13d-c2d6-48ad-9844-4c2df4a38e65,C0840,1047,10,20.0,630.15
40f168ff-1bbe-41be-a3c3-23709a092091,C0772,1012,113,49.0,957.02
5910a9e0-f6cc-4ce8-a5b1-042b65bc1539,C0067,1020,116,15.0,1159.22
c7f0805a-c074-4a22-a729-c130144bbaa8,C0468,1032,23,31.0,1756.29
efb49d46-4eba-4ec1-8ef6-335561e87239,C0642,1024,48,20.0,747.86
bc89b847-2cc2-4a1f-9e35-91c17bd83556,C0836,1022,68,43.0,1863.81
700f9ff5-86f2-423c-98a7-37e3654d5afc,C0370,1042,104,26.0,1431.6
867c5b8f-bb9a-477e-8570-5a1cf1770e48,C0171,1019,57,40.0,624.33
f81bc9a9-a207-4d4a-afcd-ad6f73a339e3,C0146,1035,31,3.0,509.96
357a5c79-2301-4ef9-b929-53b9f6361901,C0121,1027,92,24.0,1769.59
75dc42d6-445e-4c06-a628-541dd8c21fca,C0159,1043,32,18.0,51.62
916a6933-3f76-4e09-b23f-ead9fba2a64d,C0673,1010,86,30.0,326.84
b46eef21-131e-4773-a137-948bcfa04486,C0073,1030,50,15.0,1027.32
8f1b90d8-4609-438b-a2cd-85eb9118b4a2,C0201,1013,80,12.0,662.4
d7fafcf1-434c-475a-8922-72fde7d4bf9e,C0456,1031,168,10.0,414.14
f5874e27-196e-43f8-a7fe-0e0bf0c37bbe,C0295,1011,137,44.0,700.19
422f6409-437f-49a1-a4af-229889a4be7d,C0875,1036,12,37.0,177.17
73030d22-2750-43a6-8e5b-16fe5a253a18,C0905,1020,59,14.0,794.01
630e706f-34cb-49d1-9dd2-edb8b11945b3,C0889,1004,1,24.0,1787.45
b8b4a175-050d-424b-b6c1-f306ebf9f7ab,C0475,1005,23,13.0,1945.27
a56c4e86-1f15-45b8-8f26-b154ad83759e,C0344,1031,43,1.0,1048.17
e5354966-7bac-40f1-aad4-661a193d86bf,C0563,1028,20,36.0,329.08
6066886f-e458-489f-94dd-9d13885adedc,C0473,1038,46,32.0,399.31
48bf0844-42f0-4e4b-9ff7-d36abfe4c568,C0040,1043,25,12.0,1015.07
3f6d42b5-f796-4a45-a815-7b2993295d0d,C0433,1048,155,3.0,1091.63
27dc86ae-3dd1-4915-8385-554bb7755f48,C0338,1046,79,24.0,1043.84
8682ab45-49d3-4b0d-8cab-f338983bbe9a,C0372,1004,92,33.0,200.43
12ed7abd-ec00-4493-93bb-78d9fedb36a4,C0219,1023,124,18.0,293.94
d24a3cab-9393-448f-9662-5fcdd632dbf2,C0053,1006,134,13.0,433.22
5102f640-e11b-4b77-a9fc-0b4d539c1281,C0684,1030,126,25.0,770.89
d558ac16-efbf-45b4-bb15-b84223aa69cb,C0064,1017,130,33.0,1731.22
5a48f25b-b074-43b3-9c12-d1d8d95030a6,C0604,1040,9,39.0,584.52
c97f64ac-f96b-4fc5-b48e-c8eafeb26585,C0254,1027,113,22.0,1269.04
e1d46c48-0934-4454-872f-9160badd5cde,C0491,1016,94,5.0,99.87
2bdcf554-2899-4666-a1c5-3229b2e640e4,C0306,1000,110,10.0,1963.78
49e25044-9b05-44f3-a608-fe68eb07f292,C0981,1011,27,38.0,473.6
b2909d12-e0eb-4454-8d9c-6fa2a741ce4d,C0036,1021,137,28.0,199.57
1e6b2344-811e-41ea-9828-8fa6bdcd22fb,C0256,1009,38,17.0,1880.28
5971651d-abe3-447e-ad6a-69bd45491b0d,C0672,1022,30,39.0,1963.96
9cc87835-abea-410f-9261-338b06b9420f,C0574,1042,88,48.0,1773.38
44c4fcf0-19a5-478b-96fd-7376480e9be4,C0496,1008,15,6.0,198.77
50a6553b-c705-4a3b-b285-f45c0537adfc,C0313,1033,15,19.0,1523.44
ff50ab72-25f1-47b6-810a-b911405da89f,C0989,1006,85,18.0,146.77
066ee422-e137-44be-b43c-be6752dbb507,C0067,1014,109,27.0,1354.1
ebfd91ba-9d86-425d-a28a-9fdfcdc9f748,C0570,1029,98,45.0,1375.87
f758472c-96d2-498b-97a5-277d6793275e,C0183,1039,76,6.0,1296.8
ab0a268d-2705-46d9-9115-0343ab84ca3b,C0907,1026,107,11.0,1721.69
4a4efa21-54d0-4abf-92e6-5310c85ddf20,C0948,1040,35,20.0,1218.27
76b44ec9-c9c5-496e-b809-772ec1254c41,C0079,1020,67,40.0,1112.54
b0b37448-7ae8-4344-92d2-f16c2dfff8df,C0014,1047,63,23.0,1519.16
3dd199b2-796a-4430-83d8-67fe02278189,C0687,1032,117,20.0,360.14
b0ce63b4-b556-433b-8b30-9e85d373d32e,C0304,1010,137,7.0,1824.35
ff0713e6-c1fc-4ff7-bd3b-6027897e4528,C0187,1013,166,28.0,1576.36
544608d2-481b-48a4-8217-e7ef7ff23b27,C0480,1046,112,50.0,197.07
ed55064b-82ed-49dd-ad7c-8acc0786a84a,C0394,1036,52,50.0,412.99
11256f41-a6a1-4351-b4c0-3e06b608a447,C0378,1028,1,27.0,215.15
13a984d5-c692-4a49-9e1d-5a35cd0faf2b,C0725,1049,121,27.0,834.45
d4f59c70-b83b-4512-bcbc-df6011d21dcf,C0875,1027,89,32.0,96.32
42a32bfd-402f-4ee2-888b-85a9b6355d1b,C0243,1029,9,35.0,897.3
68f1ca5e-690a-40fa-9b7b-7bf08f204041,C0702,1003,102,46.0,706.36
daac795b-4083-4354-be07-ef6a9da604f6,C0832,1008,151,4.0,1841.06
06955829-f937-4f4e-9388-b45664580249,C0736,1026,115,19.0,801.58
ee828dca-0e26-4107-8102-7e548e8832fc,C0680,1048,65,17.0,1333.75
aae89e02-790d-48e7-b681-89f92f474430,C0365,1016,21,30.0,1838.02
058818b3-808c-4ace-aed8-c70a90548188,C0014,1027,89,38.0,1739.55
109e874a-fd58-4614-9005-e9be8e20a2f9,C0432,1033,49,6.0,1015.07
e41363fa-f302-4b09-9f2d-f10a503c7259,C0393,1032,70,23.0,292.74
fefda6b1-9024-4b56-9de7-620060b81fbb,C0755,1014,59,46.0,1877.53
7991133a-fa86-42e8-85ef-c0e1c8a15225,C0059,1000,158,37.0,1302.87
6874c44d-a054-4bb6-bf64-0f5c6ba5ff5c,C0873,1018,21,47.0,745.9
82ce5d75-dfab-457f-8627-4d5508b44220,C0257,1037,55,28.0,788.28
2652123a-544d-4815-92cc-5d92c55e8f33,C0353,1046,107,50.0,1015.07
45cc4d7d-dea3-4939-a072-ca14b95caeba,C0318,1020,45,4.0,824.73
c6d91022-4d96-4f56-af7d-de19cfdea9e0,C0129,1008,48,16.0,1884.22
3782f2d8-da41-4349-a169-d047b235d3a9,C0965,1031,129,40.0,298.99
e260458a-d95d-425d-841d-3765b1e2ca85,C0002,1012,94,49.0,1088.2
decbc7a7-8546-4c5b-be36-48d28e96b5ce,C0241,1046,37,5.0,1317.13
64635747-fd32-43eb-8dff-57f5c8934557,C0622,1048,16,27.0,840.84
cbf981bc-f1e9-47b1-8d39-3f22dfe45b25,C0529,1034,32,36.0,1015.07
ce5e0f2d-68b1-418d-9460-b5e3e6c7ec52,C0042,1034,60,9.0,269.77
0efa529f-466c-48e1-a548-a2fac72f3658,C0622,1025,10,31.0,765.19
4e7c27c2-6f6b-4be8-9047-ffacce1de699,C0024,1005,103,30.0,1192.33
66f337d2-73f6-44b1-a13a-0c409b0025fb,C0772,1047,140,22.0,1890.65
cbd0d698-c221-4f79-8a24-2d111f30a3e4,C0835,1032,134,49.0,296.29
260270ea-6bd9-4255-9258-20baf36511a3,C0773,1009,88,8.0,1090.13
684160d1-a3dd-487d-a35b-9b73eb41a339,C0415,1024,181,23.0,58.97
f88de71b-7c53-4742-907b-6bd1585c0533,C0700,1006,181,1.0,162.35
9bd7a757-9516-4396-b498-d1753dfcfd00,C0020,1014,13,28.0,1883.67
708ea15c-7dd8-45ee-af8d-ee8cc57b4bf9,C0371,1043,159,3.0,500.14
0fa37414-c59f-42a3-b878-cb77a9bd6898,C0243,1036,80,22.0,1015.07
3a725b07-f901-44b8-b09c-015a6ff5498b,C0967,1033,16,37.0,1625.32
e98659d5-107f-41e1-bcf2-36992de77e0e,C0407,1013,41,18.0,852.31
829d27a1-8b43-4d8e-90ef-c64f1657ade1,C0654,1046,154,20.0,1642.06
93214770-5b3c-4eed-8bf1-a99d217c9118,C0663,1048,48,30.0,753.91
e0a705b4-922b-454b-9e95-f1297caf392c,C0138,1001,6,36.0,1313.55
3395b558-b874-496d-8d65-b4758eb140e5,C0606,1035,7,44.0,1275.82
f20029da-45c1-42ae-ac2b-2ee6d72f6107,C0864,1010,67,32.0,962.53
016f0a68-cd15-425f-ba52-bb81a60df3f8,C0475,1010,118,25.0,804.84
14702ae9-04fe-429e-b4e1-a7c93ed8373d,C0264,1000,101,39.0,1015.07
60b33de8-155b-469e-b636-7f831235d750,C0350,1022,84,44.0,1528.92
348a76f4-4e7d-4a84-bfa1-7fe4aa21c541,C0352,1005,72,24.0,701.5
a0ba0e08-6bb5-4317-a8b8-d8cb4c6abe06,C0728,1006,128,22.0,1463.85
defba2bb-92cf-4787-befb-806be88fc335,C0677,1033,143,17.0,1362.27
c029898d-dc9f-49bc-b00f-f0417300dd6f,C0354,1032,109,47.0,1015.07
b0a9b25c-865e-4183-a18c-b27e96eaf73d,C0623,1020,6,39.0,443.04
a6dcf620-e8bb-4876-94bf-64460f7f4792,C0381,1013,125,48.0,674.47
98d9deda-a657-4ca8-8484-4ce78f7cc157,C0609,1038,37,9.0,111.02
a46d7b7f-5368-4f26-b025-74ad29a8ef72,C0636,1016,136,22.0,1356.89
06cf9fda-30d0-4593-91c8-ac29ccd9de38,C0622,1020,23,15.0,743.37
c189f627-dfc5-4df0-94cb-7ead06157dbd,C0863,1022,25,32.0,1333.23
d5cf3915-1656-4082-9cef-4f97ee6f069b,C0372,1025,58,15.0,1277.28
e4cc95a6-4f47-4ca6-a3a7-b7d9cfc2d112,C0065,1036,136,29.0,143.11
3c644360-3b00-4025-9536-c8eb89e1cecb,C0745,1002,168,34.0,1764.3
814a11ed-f08b-4ded-b36c-a82390493bce,C0717,1048,71,45.0,807.55
71c2fc97-f1e6-410d-9021-c0f9f2da4a07,C0092,1039,77,33.0,858.72
142cebe9-ca56-446a-8918-6e6355009e8f,C0645,1015,23,34.0,1084.24
6c55dd19-4343-4068-841f-d6a15aba497b,C0465,1027,105,48.0,1895.45
a9cca405-4632-441b-886f-6777afb138ec,C0742,1037,139,32.0,1135.44
ca205d41-8020-4b7f-aa7d-5e92463c8ed7,C0186,1036,166,39.0,774.54
6fdc7241-101c-4d0b-958c-ea396f146d4e,C0574,1019,68,6.0,183.74
1175cb99-e569-4d2b-be6e-b5c28e62a6fb,C0319,1042,134,31.0,720.16
93fd4aa5-7767-4c3a-9b0d-6508fdff9de6,C0861,1023,54,17.0,1993.99
c972b149-efaa-4011-89a0-1930e1fc86c4,C0306,1030,44,17.0,971.23
38975c7c-6746-440e-aa62-01d5ffdb7d10,C0607,1034,73,2.0,1454.37
75635671-dd43-42b6-8ec0-dc552f0cd340,C0441,1016,136,14.0,1481.62
14599363-fd7d-4d8c-a31d-2ec119c77a4f,C0361,1016,85,33.0,172.63
901f1880-f3b1-4b79-adf4-a379c5776df8,C0860,1021,179,32.0,723.58
642475b3-6e02-485a-80d6-37a22f1bc1ee,C0920,1027,6,33.0,158.29
d3f6adab-92da-40bb-bd02-ae9504ef26e6,C0766,1045,174,17.0,1991.93
0ff952ab-8a56-4eda-9abc-344f43374075,C0132,1003,167,4.0,1942.79
5218b4fb-7acb-4897-97b5-add645bccd35,C0152,1036,132,20.0,1646.52
6b7e2f4e-061a-4cbc-86ca-51cac0d55480,C0971,1048,77,3.0,1131.44
afac797b-c846-4d7e-be7d-d23d8b79a4db,C0778,1045,153,28.0,694.99
7354887d-6509-4886-9492-701eecc560ca,C0757,1038,15,17.0,1253.25
1cd53c3f-6d6f-49c2-8da7-b2c8d06d4286,C0915,1020,80,20.0,181.63
002ca2de-aa7c-4cc6-9519-7203f05b2de5,C1000,1006,36,41.0,1660.51
6581825e-6040-4760-8ae2-ecc6204f89dc,C0400,1032,47,34.0,769.19
87c6bf0e-2669-42b9-b2bf-e82ad356a4e0,C0023,1000,5,27.0,395.07
35d8c9c6-7f1f-4f67-9680-e27ab8e72a48,C0222,1006,9,36.0,997.04
d105e19b-35ba-40bd-ac81-e4c66ecc4f4f,C0989,1005,117,6.0,1768.1
a0f64663-b5a3-4cb9-b1a1-60e52960433a,C0235,1027,114,1.0,384.45
0e3230c8-ff6d-4359-be05-46d5debd17e7,C0649,1048,17,11.0,1468.54
8adc10bb-920f-4139-8b76-8a36036914d6,C0713,1027,79,9.0,71.32
1f981215-8eb6-47d8-873d-ee4177d7ad37,C0118,1029,158,40.0,318.32
fa489f8f-1057-4032-84e5-4c5980f88bbe,C0149,1021,86,35.0,1669.81
7232a65b-49fd-45bc-a74e-8befa6478c2f,C0420,1009,113,34.0,1535.97
31a8ca64-17f0-4f79-bc8e-9dffcd51a65f,C0271,1029,77,22.0,86.58
f7ae2615-2253-44e1-843f-e2cf7f5b14a8,C0967,1036,133,5.0,652.38
77a60c0c-8826-4c91-9018-71efc616bb92,C0118,1021,62,33.0,934.22
f69cd90d-65c5-42db-92b7-3a227fbfb8ae,C0389,1027,60,28.0,1071.71
492ee9b4-c8cf-42b5-b1f5-c94559f5c4f2,C0555,1013,170,17.0,638.98
6f4c90d0-ec21-47d8-87a1-8a4fde80c4d9,C0898,1042,114,50.0,1113.02
fe11a0d6-02cd-48a2-96f3-cec1776b1280,C0940,1001,45,14.0,1456.71
93fdab13-8d96-45f3-907e-6a45212c56e2,C0969,1024,119,20.0,484.96
d400222c-e29b-4d9b-866f-fff64dd53d1d,C0800,1027,100,41.0,985.85
f54a9320-d2df-4247-8cb3-8b0df8b3f663,C0469,1003,98,38.0,950.26
59e68b30-7801-4068-a5b6-42a9190b6452,C0056,1006,94,35.0,1437.5
cc6c58e5-0788-4695-9e89-1418f1657cdc,C0813,1041,101,50.0,787.83
30e3933a-f129-4cbe-b0bf-f1b8973b3048,C0568,1027,17,29.0,207.83
fa212f8f-915a-4000-8905-0ce3ab216de0,C0974,1029,33,23.0,1362.54
bca35536-edb3-497e-9b31-072037c4d1c7,C0560,1007,69,9.0,368.86
373f74dc-3e4b-465f-a5ce-58308ebf4b94,C0012,1049,151,50.0,1329.49
ee5a6554-5b91-4041-9f4a-e44a768359e5,C0922,1029,107,44.0,1393.42
033ec2db-55f1-4498-993c-8bbe832e28ad,C0368,1042,89,4.0,881.74
51ec1f7a-37b9-4d9d-b4ab-9cf349d6a49f,C0852,1020,98,38.0,1651.66
3415cc09-7ab3-4196-84e3-8a8a5ab59986,C0844,1025,33,21.0,1200.43
b8aa8371-095d-4382-a5f3-fcfc1237c150,C0685,1012,142,23.0,245.66
19438685-4f6f-4400-ae78-5b63140dbb04,C0226,1025,54,34.0,1458.62
a1eb60f2-8290-44e5-9dfa-299a8bef7a28,C0029,1029,110,23.0,1885.14
b9db4a5f-d004-4477-bbb3-bc043d765057,C0425,1034,12,38.0,225.17
3f52bb22-f6c3-4c01-9f8a-28e075409cb2,C0090,1029,2,2.0,85.11
ab6a3f56-38d8-46f2-b836-24218663b393,C0561,1009,157,17.0,1928.5
d7192d52-0244-41fb-8036-3fcd5b3676b8,C0802,1005,97,7.0,1772.7
ea9d1554-d3bb-47da-8ba5-a3e80a2dd2d0,C0730,1008,108,44.0,479.38
2078d1e5-11e8-475a-b838-bc61c69adde5,C0256,1031,144,47.0,937.56
b732c9b8-c7c3-48dc-b296-de5676cd562c,C0792,1020,135,48.0,1495.29
237fa48d-b3c0-46a1-ad14-2b7ea8929170,C0764,1029,44,28.0,1015.07
53872dd4-8538-4b16-ab4e-08665277a953,C0786,1001,141,27.0,1199.57
6018d7b5-06b4-4f05-92f4-e893e9408489,C0100,1049,151,42.0,227.72
2dab71e6-26f7-4f5d-83b5-b1ad0f111a5e,C0199,1014,119,40.0,1083.0
d31c8507-ce7a-4ef0-958a-46242071cac7,C0492,1013,108,31.0,1452.61
464d84e7-e524-44c5-97b3-037abffdef06,C0874,1039,46,28.0,392.05
8fd4bf59-3204-438f-838d-bf85d1b4f6e2,C0656,1037,126,31.0,1369.61
aa625f46-553a-474a-8a60-8b4d7dee34a4,C0312,1036,39,9.0,158.43
a4681474-a500-48ef-9ea4-79cf96fff70b,C0230,1011,24,13.0,1875.09
d4f5e81c-23cf-40a5-b07c-2883822f100e,C0041,1014,156,1.0,814.55
e168dbf9-587f-4bea-b077-f3bf7e7fdffc,C0717,1046,60,11.0,1604.76
ef065a20-d6bb-42be-a525-0c72a2ae3bb7,C0137,1009,28,48.0,204.57
101f0376-aca2-4c49-b5ed-8007b61d7f5b,C0043,1025,143,34.0,426.95
48ae9ff7-9d4b-429c-ae6f-cef1892a177d,C0115,1012,134,25.0,701.6
bf0889b6-1ce8-4483-9ec8-6d1f157ef949,C0046,1034,18,8.0,393.81
e2794aaa-c326-4294-ab89-dde2617457c0,C0630,1038,163,31.0,762.05
2704bb83-d9ae-44ac-9afa-1f504573bc72,C0372,1022,176,45.0,1977.19
933ad15d-2f41-4701-8076-56fb50e5ff91,C0871,1038,153,24.0,256.13
1b83eb01-cd7e-4440-9ac4-6618e0643966,C0178,1029,147,40.0,1349.83
cc97afa3-a468-46a0-8f65-53c3c9ec12e8,C0475,1039,64,27.0,91.94
8dea6549-437d-43a5-a2b7-c0464950b3df,C0864,1038,138,19.0,219.05
091e0b02-3f79-4589-b567-4df57b637e22,C0801,1046,9,13.0,288.52
fe176258-f5cb-4de5-8740-7ffe99765760,C0242,1016,66,50.0,1986.11
28d08122-cde8-4aa3-80c5-6a7b3f48968d,C0811,1044,143,30.0,991.6
29c7122c-a2c2-4ce8-b4c0-c6dbeb5a3eef,C0307,1043,56,3.0,800.44
8b5616cf-eb1d-4f6e-bf5e-8d666a9d06c4,C0318,1005,102,48.0,311.67
7d8fc47a-296c-476b-8fe6-f2ffe085401e,C0006,1033,48,37.0,1852.5
3a446ea2-b4d6-46ab-85c2-4cf015d23975,C0382,1044,144,20.0,1435.03
2f61101f-b5ed-4637-9741-dca3febfd4b0,C0707,1012,25,12.0,1600.99
1f0c2002-88f3-43a2-b5a2-fdc66cf55038,C0783,1001,99,45.0,673.1
80887dd4-e62d-47c2-91aa-b27546d4a9f7,C0574,1027,31,41.0,1203.67
79faa37c-a7b2-4410-9397-52d4325fb7cb,C0111,1016,3,1.0,506.39
71e1c0c6-5e14-4355-8f4a-458f8bbe4ebc,C0072,1049,174,30.0,190.37
a7babe1b-bed0-4ec7-a102-4580c708598a,C0522,1048,82,25.0,1643.76
9345ca52-9810-42e7-aeb3-2809731b9bdc,C0118,1015,132,13.0,1208.75
2b09c1f0-1b1f-4126-9d5a-361e3ed5688a,C0451,1006,62,8.0,1759.26
f30c1ece-4174-46b9-bd82-506f01d3520c,C0862,1033,68,40.0,1865.95
1d850f66-3c30-42ea-bc24-4ca67716c2af,C0484,1000,62,19.0,1141.68
3d9b6b64-48aa-413e-9eb2-92a6690c9afc,C0709,1011,155,20.0,1055.08
df1f24e0-f67c-4765-9512-24ecb5d10ff4,C0662,1049,138,18.0,963.74
4128615a-f951-44ab-97b6-1501b6d6e3a2,C0789,1026,33,25.0,432.82
a2be1dbb-dcca-40ea-8467-fe03707f9de0,C0962,1019,55,8.0,217.5
db9a8d13-c596-4bc3-9b3e-0a8ce047ae11,C0688,1007,46,14.0,769.14
1b96cc44-f23a-4410-9ca1-de965ba1fe55,C0163,1005,106,9.0,1127.17
5c654842-844b-4ee7-b423-5d93a2c80b54,C0736,1014,134,31.0,23728.29
27fea07f-8f8d-455d-be77-fbcf6769d655,C0450,1015,92,22.0,217.23
564696c6-4cf3-42cf-ae8a-873cce65730b,C0130,1034,139,9.0,1878.24
57c3eff8-b6b7-4df1-a010-d3be6984291d,C0504,1010,88,22.0,946.9
1320e381-b553-4be7-a7ae-a8541c4bf3a2,C0865,1036,78,43.0,369.26
17ba8eeb-19ef-45db-9155-a44cb9f6d4d2,C0916,1048,35,8.0,954.56
8144e781-72c8-42b1-af74-5fa17f073e47,C0104,1029,74,4.0,1253.98
a85b3462-7217-496d-b49e-73950a71bc07,C0104,1027,62,15.0,1864.22
14b1d8db-88df-483c-b6b8-532b5f2089a9,C0807,1025,116,17.0,115.54
5593a6e4-9840-4b4e-b661-fe2beec98f11,C0739,1034,105,30.0,1426.08
f5616a6c-b57d-4479-b738-dd1f81a9b56c,C0917,1045,122,14.0,337.84
43e1fddb-7816-4df7-9391-d80835760c83,C0305,1049,93,25.0,161.73
0480a844-16f2-4c82-a892-a50d25df68a2,C0228,1044,63,35.0,821.63
14356ee4-251e-42b3-ba3d-1604ff03b53e,C0723,1021,165,43.0,1694.22
dd6ceefa-7884-4b7c-8b9e-0d9a954e6599,C0543,1018,32,2.0,382.33
d96ae8c9-345e-4530-b559-d3276917479f,C0446,1010,109,37.0,1747.0
b50a4096-085e-484b-a09f-7efac7947838,C0018,1032,90,37.0,1015.07
a9be5282-263f-4721-838c-dc5d2a3ee957,C0388,1036,4,25.0,833.46
d50cadd8-67f7-423e-9b6c-d671aaef27aa,C0898,1043,136,28.0,566.99
7112fda6-9392-4637-948d-74dcd3a1c042,C0886,1032,78,47.0,949.57
0f5d45d7-7726-496b-a1bc-36fa82d24f3e,C0968,1038,123,18.0,1849.76
e7979cbb-877a-4190-b69e-3ccd971f3e7a,C0453,1009,26,8.0,1182.06
e0e4bca5-271a-4132-8e09-2a7f24bae395,C0225,1032,87,4.0,1975.16
dfe89075-8b53-4926-9d28-3d169b558b9e,C0443,1023,144,8.0,520.94
69bef408-72be-4e31-96d6-a6a0b0154700,C0624,1027,4,38.0,1809.16
4b1a4603-8afc-4679-8143-6a9a22f9a736,C0367,1044,16,30.0,252.74
a048137f-1efc-4127-bdfd-d3cdd13eaadb,C0072,1008,47,5.0,568.38
fef0b91b-18f1-49db-a812-1ec2031a27f9,C0568,1028,31,9.0,1680.04
132941ce-0076-402a-ba68-66e81ad4d8c6,C0653,1021,61,6.0,600.37
5bfc9add-7927-449e-80e5-a3261ea776fe,C0319,1009,3,44.0,1438.34
ecab2ef8-e059-4342-88cc-9e4211aa4583,C0602,1047,33,1.0,726.91
144d6baf-87d9-48c0-9ed7-fa5b16c002c6,C0832,1015,180,49.0,894.15
c73041ba-d8db-449d-b5e5-86acde5e6932,C0583,1031,162,41.0,252.22
ec654766-e114-42e6-9f8b-5095ed2bf46b,C0047,1048,124,5.0,209.1
fc71f28f-2609-4a7d-ac39-95806a199312,C0244,1013,22,22.0,1540.75
f4d5d687-c468-4a6c-84c6-804228826489,C0084,1019,136,22.0,1019.62
31c81bc5-517a-4723-bf2f-bb16040cd24f,C0324,1008,93,40.0,1768.45
dab2468d-b553-4f9a-bc56-fb30808d83fa,C0802,1010,12,27.0,904.37
fe546ebd-9092-4bfc-a548-0d2889a40272,C0282,1005,3,1.0,873.73
34e98cf1-5e4f-44c0-a852-f1e0398ce48d,C0794,1041,175,17.0,382.89
b3815499-d5e8-42bb-8afb-9163783313c2,C0408,1008,89,26.0,178.45
b1433611-8a50-4358-9a04-80e13501c18e,C0860,1019,179,47.0,509.59
ab3ca401-3ff4-4803-b575-db1dd383a32d,C0394,1032,130,31.0,1630.21
7a4012cb-e730-4141-9531-beb26f9b10ab,C0342,1017,133,29.0,1686.09
693d1149-1bb8-49d1-9091-94cbf59acef3,C0182,1007,3,43.0,1018.93
48b5a4e5-f19b-47f3-876b-650399d8b024,C0574,1024,110,2.0,506.01
063acf65-5596-4d23-9036-ba356641244f,C0328,1031,17,13.0,1015.07
e373a57a-ed24-46c0-b3d3-2f25cd596e22,C0621,1010,167,4.0,91.96
9d575a8a-02a2-44af-af03-a75a3102025b,C0298,1015,31,47.0,1255.35
2858372d-20d3-4a6f-84f8-1efde62038fb,C0914,1030,41,3.0,250.03
45585087-c922-46b5-ba64-d0c55620801f,C0998,1006,156,47.0,1128.95
0dac8e08-b7cf-4600-8dc3-0392833d9a97,C0527,1043,56,27.0,1434.87
07060656-1793-418c-9441-7bb6284364a2,C0800,1014,44,46.0,1975.1
82d86fac-4ba9-4941-b69d-5853cd872d72,C0718,1015,114,47.0,1216.65
ddb59ae8-1d0b-40bb-a795-fe4677505188,C0676,1007,83,27.0,1311.85
e260ea54-6884-4dc6-8c1c-b96e1e11eda3,C0414,1034,154,36.0,1802.27
ae24082a-d1b0-4d66-9cba-c9c800bf4db4,C0853,1040,51,25.0,512.75
ded1aba6-50cd-48c5-bc9f-75aadbdd9749,C0929,1031,127,29.0,53149.71
6961c239-35fa-4034-b609-3f48c63e4138,C0869,1010,140,15.0,1682.31
40c79a85-2c1e-4075-9a97-4c79d7b720dc,C0056,1027,125,7.0,878.19
df7770f2-316f-4ece-b8c7-9d1ebc6bda12,C0518,1046,18,17.0,1734.4
0ffe5e42-4131-417f-bc3e-895c7d690c66,C0972,1013,118,7.0,353.05
c2af2970-7dc1-4ebf-8c02-fe2ab98cc378,C0265,1035,132,14.0,481.5
163ca8f3-3e38-4283-9ab2-408b526dd3a5,C0214,1032,106,16.0,534.12
c280ffd4-7d4f-480c-b2f3-12129c9a7c3e,C0027,1007,24,5.0,1288.86
e9f6213a-3948-4e4f-acb8-cb8b5e49bd2e,C0821,1048,31,3.0,1581.2
4269efcf-813d-4bf8-ad84-1c6df8cd355d,C0613,1029,152,25.0,1390.57
e6f3da20-d1ed-488e-ba19-08f4a95e03f3,C0828,1028,89,8.0,1872.76
2ccb9bda-2d8c-4e41-8769-3116887aadea,C0981,1017,180,1.0,1934.39
3797ec5c-793a-457e-a2d0-0d219d07ce75,C0708,1010,55,29.0,1645.16
bb186f7c-6115-4ea9-a792-aa55496eaa40,C0875,1027,4,28.0,308.63
e96e23ef-4c77-4e96-ab9e-20d6658431b7,C0318,1000,135,28.0,1912.58
798a32e5-b752-4611-b778-4641b8d7bafb,C0051,1022,149,27.0,291.14
2bd95756-bd26-4022-84b7-3369f651984b,C0534,1007,31,18.0,1129.01
41ac0a04-6556-4fe0-ac87-f096991738df,C0792,1037,43,24.0,90.92
a843a28b-ef55-486a-b073-e8bf446747c0,C0858,1024,157,40.0,1974.45
6f84f44f-e2b6-4be0-a3d7-8e8e76f13e0c,C0986,1014,35,25.0,1174.44
f93d7bbd-eacd-4411-a26d-a7b1583e3479,C0762,1047,117,37.0,974.39
1c890578-4467-4908-9a0e-bdd978ef73e4,C0647,1004,176,21.0,1015.07
0aac4f69-934c-4676-8f73-011b80d4978f,C0899,1045,106,8.0,876.84
cfebe7a0-9ff9-45bf-92a1-fc89db40ea3c,C0464,1020,57,16.0,1567.14
b7212805-7fff-4c7a-9187-289761433212,C0583,1023,22,23.0,1034.36
505452be-00bf-466d-9037-04c9bb06ed2c,C0451,1023,168,25.0,1552.76
e6ee7e4f-6668-4288-aafd-3a14aefd83a4,C0906,1036,24,9.0,1015.07
7c2cb7d1-3882-4935-9d44-33fa2926443b,C0548,1007,86,40.0,1684.94
5a935a3d-9ab8-4c36-a159-e87d5a4f152f,C0133,1002,58,19.0,953.77
77518c88-a423-405c-96b9-0ebaa0bcd8e5,C0469,1004,44,29.0,1015.07
d5b3e137-97e8-4020-815f-096bcec8f699,C0428,1004,168,24.0,1603.92
f3659021-fcb4-4ff1-a41e-a530c79eb1be,C0097,1028,22,29.0,121.45
5ccb5727-9d4a-4c9b-a94a-737b7004b479,C0323,1014,45,41.0,545.28
4aab4ed9-e76c-4732-8b5b-1ae283887caa,C0747,1043,77,14.0,943.85
fc9be487-d13a-4264-8afa-96398fd2492a,C0523,1004,145,21.0,703.56
1318a3c1-1d03-475f-80f5-01363ebeda3e,C0842,1019,5,25.0,92.35
45768c8e-1e06-4d00-9444-055e99888aab,C0491,1038,3,12.0,1372.2
af2ce044-b529-426a-af65-49247c419577,C0134,1011,55,9.0,839.24
e011b171-5b8a-4bc0-b645-30ab3fb08447,C0404,1012,102,27.0,487.45
60a28d3b-ccf0-4f31-b662-4b422c64ec52,C0194,1008,87,8.0,1788.76
e856b0f0-92d0-4484-ba56-d4f279d4e5c9,C0523,1026,157,21.0,101.08
e4486625-e513-49ad-bb91-fd3a022d9b27,C0570,1047,10,3.0,1321.07
4ba07a50-7f1e-4503-af05-95cd9372156d,C0381,1004,72,37.0,1252.4
bfb2732c-9e33-4b5e-901f-053afce81868,C0132,1030,36,38.0,528.76
fe5e1e6b-c70e-4b43-aa88-e3c941a9fc95,C0971,1004,81,31.0,1385.94
2034cb11-3016-48a0-aaaf-a1dd6f1af5df,C0599,1035,1,17.0,544.44
9258c14b-be89-412a-a472-533e68a86465,C0051,1005,99,3.0,858.94
08636306-9bbb-4a45-9ce3-55984602c96a,C0881,1047,104,3.0,1573.62
f6d804b4-cc32-4487-b5d5-5cc9ffddaf50,C0205,1031,28,27.0,739.38
42e96ce8-712c-468b-99b9-fde45e609a13,C0971,1037,119,38.0,1495.33
c1b45206-3554-4742-a0ea-6cec716b2359,C0557,1000,175,14.0,598.91
0dae647d-7517-496c-be12-c90bd96a7158,C0653,1048,143,12.0,1532.54
392856b8-beb9-4649-84fb-b9ccce3418a2,C0259,1041,118,20.0,1941.38
3949a201-aeb2-448b-8fe2-cc8adf6fe791,C0810,1028,103,36.0,740.86
d560029c-9699-4719-8041-3a7f39028c5a,C0037,1010,151,8.0,395.24
f4c80a87-6331-48a9-82dd-bb7160557be8,C0049,1049,30,44.0,719.53
6b7bf04c-2d70-4925-a195-050a56271a3c,C0669,1013,65,37.0,1559.61
75c88588-f71c-4f85-9895-b587949e283d,C0959,1010,19,32.0,593.23
26443c44-771f-49e0-a731-17f6f6fb8fd4,C0469,1037,128,46.0,1036.3
871efdba-62ce-4fae-bbc0-cab56a83305f,C0078,1005,12,18.0,1203.79
d5e246c3-bbeb-4b26-bae6-cbeabd7cd7f2,C0565,1034,112,30.0,1015.07
e29c9593-7798-4244-81ef-9a062904cf68,C0963,1008,169,14.0,513.78
cc973041-e27b-4e2a-95fd-94b2ea3df60f,C0047,1027,31,20.0,1377.86
4424d313-764b-47d9-99f9-ea649524a894,C0561,1015,54,31.0,1881.54
2c967968-f24f-407e-ac57-cde108f833de,C0373,1036,162,6.0,1508.35
0f174425-5b8d-41fc-abc0-d157d0d6ae88,C0989,1012,91,19.0,1015.07
42ea7039-565a-4273-8cec-c704a9d5366d,C0852,1013,75,10.0,968.35
9aad0b4d-3fff-46d2-81a3-5a24b5c098bc,C0153,1018,13,15.0,1692.15
194f94ec-f503-4e46-9ac8-c8f72c394cbe,C0143,1007,135,38.0,966.87
4eebc92f-ea36-450e-a2dd-2b52358724e2,C0306,1004,13,50.0,1123.59
b9d699b4-7ca6-4fc0-a0bc-3fe42c661b28,C0072,1013,76,42.0,1866.13
1138d81d-3d8c-4f76-af59-b6fe768797ae,C0057,1031,1,29.0,1213.23
3e3ed72f-dec3-453e-a5d4-28982eaa72c6,C0194,1016,45,23.0,1015.07
0e12dcde-7f15-499c-b95c-6f73077ad6c7,C0578,1034,22,21.0,1419.99
b318bf53-b534-48e1-b99b-bec799f6940e,C0322,1025,152,39.0,1116.85
1aa4a9e4-ec7a-4c5c-9400-86cb5865eb46,C0379,1010,112,14.0,1062.61
3e007828-4590-4b28-9aca-b05d6bcd05de,C0895,1017,16,46.0,1629.67
a3aba913-151e-4e52-b842-6870479ea05a,C0363,1007,27,44.0,1997.65
26e5905f-bb86-4cb0-9885-469cdb360832,C0357,1036,169,3.0,565.4
a4544308-b94f-4fb6-bb2e-0f0bab412522,C0877,1010,29,43.0,875.62
ce4e880e-ec1b-4498-8047-50c4da1d5ef7,C0113,1009,78,33.0,87.57
54e23ddc-3e48-4393-9967-4f440f1ad37a,C0180,1023,11,17.0,1762.27
6c452345-c03a-4a7c-93ac-87af33e3b7b5,C0958,1046,138,16.0,1495.9
05c05e89-de35-4c5a-9b8d-8957f4a468b2,C0692,1044,44,4.0,379.94
eb4f75ce-4082-4b5a-8516-1b1ff8cb8e07,C0429,1009,32,20.0,516.17
4a3c6aeb-33b8-430c-a0bc-5dd3b2e64f14,C0542,1008,16,43.0,272.67
5fd1d036-7246-43cc-896d-68f11461541d,C0713,1024,26,31.0,527.52
cc9f4213-419b-42ab-9341-1a2b07771e8f,C0805,1004,3,23.0,728.91
ec65146c-9c3d-4d4d-8fb8-3f4b913dee98,C0946,1017,112,5.0,265.86
74a79f3e-493b-45da-9d32-3e342eba8215,C0785,1021,85,13.0,518.8
fa303427-52c6-4492-9943-eb0960e195e1,C0010,1038,88,46.0,334.04
4258277b-759b-43c8-bc91-db7c48f8e0fe,C0579,1016,112,3.0,126.0
7f43fe86-9d89-45a6-a450-1678129e45bb,C0719,1016,116,32.0,1203.57
6a992181-4163-4f0a-9efe-89b492f536f7,C0843,1012,24,46.0,1118.12
d8ab2a03-99e5-48ec-b5de-76e3c6c3f6d0,C0148,1015,43,24.0,738.39
c4099e3f-ba99-4b5b-bf5d-fa4ab5b0dc69,C0951,1014,168,48.0,1947.9
a0c8cdc7-1a70-4c05-8501-f2a1b3afe93c,C0884,1013,133,11.0,1053.89
dd7580a6-ce83-4cb6-a8e8-bed9df1bc340,C0971,1002,117,20.0,1285.99
e66f6059-5186-430f-84f1-e01af98e44e2,C0876,1037,147,32.0,529.25
3d0f8e16-364b-4b0e-8684-31df52e81e3b,C0332,1037,34,23.0,1076.57
b5ff4549-3c48-425b-ad27-9c0d924f364e,C0618,1025,172,4.0,976.37
bdd585d2-6a80-4f37-a51c-a2b7211a92e2,C0386,1037,18,2.0,1910.24
3a01a697-416f-4e43-adc8-3af9fee1bd93,C0251,1042,96,22.0,655.02
432abcb7-107f-476f-9a7b-d2c6c1607765,C0600,1045,111,43.0,961.12
c7308561-a00d-4ddf-b8f4-2346287da4f3,C0448,1042,97,12.0,730.94
571e43c1-0d7e-4db5-86a3-6cabd2eda770,C0891,1038,135,10.0,1163.28
17c14d83-8f4b-4dba-8c08-767fc318f895,C0755,1026,95,12.0,931.24
5ed1576e-5a2c-4292-9676-4706a6128e19,C0510,1046,63,27.0,478.35
ae818b8c-2368-4345-9b48-11d4c7e9af25,C0586,1014,152,34.0,1272.62
af218eed-9f12-4ce5-847c-b5eb117be084,C0932,1009,142,48.0,794.42
a4c79bc8-8944-451a-9dfa-a06968293a0e,C0119,1011,121,49.0,1799.74
c70baac0-8a94-4d9a-a727-8a6994b21897,C0858,1012,135,11.0,1263.97
c2682fca-677f-4697-9731-0d53383efc05,C0765,1032,77,16.0,1119.42
cdfbe409-37d7-43f7-9da8-67b443c57760,C0164,1013,122,25.0,1079.59
049917ab-4aab-41d9-8f7f-89071f88ba71,C0225,1028,132,2.0,482.7
a187d23b-d966-4066-a0bf-44267dcb8f66,C0606,1017,157,10.0,652.63
a202e7ac-6aed-46b9-a602-984abf41a84a,C0433,1035,114,18.0,1942.78
b703ef75-12b5-4ad2-a6fa-f1438310bd42,C0769,1040,153,23.0,1015.07
a92164c4-824a-409e-a8b5-e026e7dc46b5,C0090,1039,145,28.0,1918.08
d193ac6e-72b6-4980-a0bf-e103cf9b6568,C0565,1014,157,24.0,74.35
2ee4968d-110a-4177-9688-7307e076a432,C0535,1002,159,41.0,77.77
5699fc37-5af9-43bd-b255-e90223ebf2f9,C0475,1019,75,49.0,1809.24
49d4daaf-3135-4ce3-9d55-dc7a99cc00b3,C0874,1013,38,19.0,1954.08
3031db4d-a6d6-47c5-9177-523eb832def9,C0846,1022,4,30.0,1368.72
d6311876-b399-4a22-b3f0-de322f7f013f,C0439,1028,106,17.0,1131.16
a148aac7-01e7-4379-b041-b05ac4efd0ee,C0817,1009,23,37.0,1146.23
91fdb2fe-4945-471e-8125-51f9deb2cae3,C0996,1032,153,30.0,1015.07
368e9f8e-465b-45d5-a768-5ce8d0de3345,C0097,1041,46,41.0,912.72
cfc73229-68a4-48eb-ab4f-6724d9563f32,C0635,1047,126,23.0,1213.56
0ac05edb-8800-4180-8dd0-b950e1139698,C0902,1032,74,2.0,87.44
e462ad79-a184-482c-8396-bfa7d7630ec2,C0474,1014,31,16.0,1159.22
5b52645b-82d5-469b-b21e-e5f7ab6e12d0,C0618,1035,94,36.0,514.75
6bdea410-d54e-4ca8-be0d-58197b97b61c,C0487,1008,19,46.0,1015.07
a3f2731c-b766-4878-b9e1-780b3a8d4e8b,C0077,1018,173,39.0,1015.07
25090f1b-5b18-4b2f-9075-3733c3dd7aee,C0193,1031,89,33.0,1134.59
9b0bac9c-e0fb-428a-b896-208a199f89f4,C0780,1023,68,42.0,1102.34
2a048375-6b12-45c0-aa17-ab876ca469bb,C0459,1018,109,12.0,442.26
d697a9ee-ebe3-44b8-98cc-12419938956f,C0586,1001,150,42.0,1015.07
b70961e8-9b41-4b58-ae93-2acc4856aebb,C0912,1002,164,10.0,1677.03
e667bbe5-e38b-40ca-a661-d503cbcbc851,C0439,1042,119,13.0,1673.78
ee831133-3c6c-48cb-bc2c-dd3afbafc26f,C0244,1008,181,50.0,268.8
6bb08da7-218a-4198-bd0d-b24640032c33,C0495,1026,131,6.0,1268.76
00396d81-d7d5-4a35-a094-ef883a73d31f,C0396,1033,70,31.0,158.71
6b608f6a-3393-4a6c-9fe5-9afb3a6c9d86,C0033,1000,25,35.0,1858.91
42721164-c44a-4e0b-a05e-97195ddf72e9,C0905,1013,8,2.0,474.38
65016341-d935-43c4-80a2-7a80d89a94d6,C0566,1037,47,14.0,998.73
3ab6a0b9-da52-4699-ba34-72d4d8e00fa1,C0151,1042,127,40.0,1432.59
692b41ba-016c-41df-a9d9-ecdfd41c3a93,C0215,1023,132,32.0,1883.95
8dc36d67-50b5-44d4-b60e-e6c0758fbe1a,C0569,1045,140,22.0,756.94
eada3499-9f44-4766-aa9d-5f5db85d4b55,C0274,1024,67,17.0,1872.49
319b8596-803d-4559-b862-e873dee71143,C0158,1037,137,3.0,879.94
d7ad6f27-acc5-4113-91ac-60ca10021c0e,C0041,1012,67,41.0,1007.59
0210f67d-a13b-447e-9db0-cacdffa9f8c4,C0782,1045,5,21.0,1701.11
8b700a89-088e-451d-af79-5efb9d9b5f96,C0814,1026,83,49.0,498.22
22b8456b-f34c-434e-8fa8-2ecfe5dcd8e0,C0170,1005,70,37.0,762.89
115bb388-4e15-4356-a3a3-0ecaa1679f8c,C0182,1021,112,28.0,1697.03
38a5296f-4301-4b1c-b4f5-5d130de77248,C0121,1013,175,35.0,1420.28
13c2adc5-32fa-45b1-9c57-ac79ddc4fc99,C0388,1035,12,41.0,518.53
73f3f11a-27b6-4e59-bcee-f6dc41f003e2,C0909,1018,97,4.0,1771.5
f4466bfb-3773-4f9c-bada-21eda3529108,C0492,1020,49,41.0,556.21
c9dd8ed6-756a-42b9-a824-2869f3074a39,C0226,1007,25,15.0,836.84
a339c053-2316-410c-9d23-06fa9690e383,C0560,1012,91,3.0,499.97
c15444c3-45b8-499f-a649-08beafac8972,C0415,1015,13,25.0,1266.29
79be94e5-3521-4ac8-8d31-0b4beb1d3c24,C0243,1023,148,42.0,785.62
42c45259-aa66-4369-9395-05b2e63b1a07,C0780,1016,87,27.0,1015.07
93f068bd-d20d-4b0c-af0e-1d0e67834460,C0211,1016,50,5.0,989.34
791cd1f0-63dd-491c-affb-b3e579342d00,C0631,1032,143,15.0,1546.73
1c11566c-393a-4cc3-b0ca-a968db7f18ae,C0016,1015,33,12.0,384.5
3de850f4-f05c-4b89-bf28-3c2448fd1b5c,C0730,1045,9,38.0,596.33
e3787ea4-8617-47c1-b973-162b7c7c1a18,C0433,1037,48,30.0,387.67
c9327438-236c-4b3f-b626-4d8e82f1593a,C0818,1008,105,46.0,735.47
1b39c4bc-1d20-430f-bc89-d8f32cbcf1f8,C0612,1003,36,42.0,207.36
e63415da-3dde-46b4-a22f-29c10765cdf2,C0947,1019,19,50.0,1860.5
4700e623-098f-49b8-ad74-f40ce801de98,C0517,1011,5,14.0,718.52
74909fbe-21e4-4a41-addd-a45e5684f284,C0012,1010,113,22.0,840.13
a4497327-35a0-4db3-b527-88eac7aa2c1c,C0672,1037,170,22.0,573.17
6dfe647f-bcfe-4c05-bd35-20f8a6eb6783,C0493,1005,154,47.0,1765.85
8dddee29-69e4-42e0-8328-10fecefe997e,C0736,1010,20,2.0,764.34
d2f09043-79ad-419b-bad9-8eee6992b219,C0213,1041,51,29.0,552.63
59596302-5b42-45ee-a2f1-51722b2f2db4,C0588,1004,163,3.0,1734.45
9865144f-9688-4145-9a0f-25388d4bceca,C0728,1028,20,9.0,58.07
b070e84d-d6fc-4699-b606-a0e472cd9256,C0688,1037,80,20.0,870.47
2c6818a5-e992-460b-978d-67ea9dc8eee4,C0883,1037,137,14.0,1501.49
1b4ced7f-fabd-48c3-9b36-8801df7899b2,C0751,1047,75,3.0,787.33
33df983c-27e6-4c91-8f09-36cd54ac80cc,C0757,1019,4,23.0,1787.11
a3178c4c-77d5-44ca-b1b5-824c7f8347d4,C0466,1045,155,5.0,1807.41
06879b9e-876a-4615-b2b8-d9431cf07c86,C0378,1012,9,39.0,1015.07
2cddae49-6251-43c0-b77c-4db5d76ee142,C0046,1026,5,23.0,1135.24
d8de75a3-31ba-4bab-a0da-f3bcd8a666c4,C0558,1007,30,49.0,139.29
551480cb-d745-49cf-a5da-c7b98c27ed89,C0865,1016,99,1.0,437.44
7b1e7a56-84ba-4a17-9e13-a9b0e8c2da89,C0887,1028,15,20.0,385.59
3dce138d-7c63-4e4b-a8db-8759ce5fc8fc,C0881,1033,90,6.0,1318.55
776846f2-9176-442a-85e5-8b846eed34f3,C0331,1048,158,45.0,1517.15
ce3558f0-e056-40af-b423-c0d5170fedb6,C0494,1037,146,41.0,900.82
be0c9048-0fa0-4659-856b-844296a8cbc5,C0460,1034,168,9.0,1676.03
f6b9029a-5d33-4066-8f8d-ec64a64e1f16,C0831,1045,76,46.0,964.7
89a27a3a-98c7-487f-8858-036feb3e5fee,C0930,1040,109,40.0,917.57
d9818b82-037f-4d5e-8375-f7395836b51a,C0897,1033,126,5.0,1231.9
0ed44c56-c646-4e86-9886-4bb9bd33a106,C0995,1041,97,39.0,1970.92
e2709577-d442-46ff-8d1a-766f7891e11e,C0024,1024,76,39.0,469.66
b2fc1a6d-f6fa-45f2-8a8e-a16b3ac3afc7,C0732,1018,96,29.0,1184.79
fc859336-e05d-4d61-8dc8-0f79e579cb22,C0244,1043,51,16.0,1438.85
f32b51a6-67af-410d-807b-62d3b5497a6b,C0443,1029,37,39.0,1992.77
162c1ec5-afc5-45a3-a9c2-e1a1a0e5d530,C0485,1035,108,31.0,960.54
3ef5aac1-ab0d-4d32-8aa5-d0280d1e0030,C0028,1014,84,6.0,1589.22
43ad5fa1-ebe1-4e46-a001-9599b8907022,C0662,1048,30,21.0,1015.07
6a1d8a35-62df-4a24-a126-8d7cc4056b10,C0943,1027,134,39.0,1695.6
1c4b634b-ca99-4d5d-8eb1-69e70cb29fc0,C0446,1035,96,2.0,1015.07
2271e25e-865f-4ba2-b26d-46c320905935,C0415,1035,14,5.0,312.38
06f63cc0-315d-4d0e-8ba9-b8895dbfc9f7,C0110,1014,97,2.0,1861.36
db54eeb5-83f9-4249-8497-5a84499526fe,C0051,1029,168,30.0,582.78
444cb915-8a66-4c8f-b052-87b2100a600d,C0280,1044,98,34.0,1204.33
d8f9d04b-83bf-43b1-9381-514f9832ef59,C0605,1015,45,18.0,268.36
0bcedde7-b080-4ed2-afdf-518a19701a6a,C0223,1028,105,6.0,1564.85
1ac148d8-5b52-4502-a223-1f1d9d16c2fd,C0180,1013,90,15.0,980.16
26ffc575-29d3-44ec-b854-c76fa92f80ce,C0995,1007,162,31.0,205.59
ab3a83ab-dbd4-404b-8333-95622e4d0aa1,C1000,1004,110,23.0,1699.56
e18c3804-a82b-4878-a7e4-d94b69f3352b,C0846,1023,108,33.0,352.49
20ae6c55-aaf3-4a93-868e-3e30a7434c8d,C0579,1026,87,47.0,1079.35
8d514547-b132-4d57-82e0-b8e508c3c991,C0203,1026,132,32.0,695.36
8ddf40e0-87e3-465d-878d-71558a9ff4da,C0237,1038,14,29.0,1015.07
a667fe15-5478-494f-835a-8220bb2e3b8f,C0581,1021,116,13.0,1788.23
00cd1898-16ea-4c33-a936-22396f1d42d5,C0371,1031,170,1.0,67.56
91d81096-8439-41ca-a31e-61b34b2ee3bf,C0780,1004,135,1.0,1929.9
14430d3b-aeec-4b05-af5a-d958041a2777,C0113,1029,16,11.0,994.81
f9d31f2b-8d02-44c4-8712-c41279f8006b,C0051,1007,100,8.0,825.08
78418351-6684-4132-aeec-95cb59456503,C0737,1012,80,13.0,584.28
37ed47d3-5ec0-4b2d-9038-afe97da0c1fb,C0587,1031,107,29.0,1138.24
e77cfa38-42a4-468b-b1b0-50ecbadd4599,C0838,1022,59,33.0,385.68
73069da0-e354-4ae6-bad7-b553cb078750,C0343,1048,123,34.0,788.26
e54e8050-2881-4149-818b-1d268939150f,C0510,1039,179,24.0,713.13
fbc8109b-9cf1-4340-97a6-f1b9d695aba9,C0671,1004,119,22.0,1192.37
79a945cd-28f6-4695-a3dc-d14327142398,C0109,1008,99,28.0,723.46
0e157eb2-03af-4357-8efe-e04f3f13f608,C0802,1048,179,23.0,1465.69
efd3bdb9-0c6b-4e7e-8124-c8f1ed579e7f,C0192,1044,91,16.0,1872.09
6aa040a6-f542-4ca8-be34-8c866e690e6b,C0704,1023,127,7.0,892.26
f5dc40f8-91f9-49a4-9bb0-2f9d2ff80253,C0067,1012,88,11.0,1033.14
6318ef8c-4b38-48a3-a001-bfee61a41755,C0389,1035,172,20.0,1613.45
03e6a762-1255-49ee-91a8-13bc98f1bbfb,C0521,1018,87,49.0,410.12
bfa074de-90be-442c-8450-90192454f1c6,C0694,1030,151,23.0,1475.83
0df13b44-b1fb-4055-949d-3f3f08e45811,C0790,1007,39,26.0,1660.81
d3baa518-fa45-4a21-8148-924b45ed96c3,C0980,1038,54,5.0,1015.07
a3858872-b4bf-4ac7-8fde-8d6f1ef6f100,C0605,1020,176,19.0,232.87
ed38ca35-195d-49f2-ac36-8ce4f1765a0d,C0626,1045,158,39.0,179.14
03a28d51-d46f-4fd6-96ba-861295148774,C0229,1049,53,30.0,899.9
525948ba-1be7-44ef-9525-990f5052626b,C0171,1022,59,37.0,1336.05
d8be9ff6-44f1-4c6e-a1fe-3cb01742a4ba,C0358,1029,163,47.0,1975.71
77858304-4784-428f-a484-84cf556f6543,C0709,1037,107,7.0,206.08
47487276-5a0d-4a1f-9209-90fae4f0dae5,C0955,1024,145,21.0,1894.79
60419e9c-2977-4526-8209-63dc63f7308c,C0186,1046,144,3.0,848.74
88ce00d7-e4f2-4415-b4bb-bf9ec4f46963,C0092,1033,175,4.0,768.51
d244b53f-b63f-489a-b3f9-bef1d24feb4c,C0437,1048,102,45.0,164.52
76e57612-6a5f-4f50-8615-e7a3071557f2,C0344,1033,29,42.0,1496.2
12dc4fe9-fbcb-44d4-b0c6-fd3decfb8dbf,C0241,1005,143,30.0,1164.3
57659e93-68cb-4ef8-9d45-b0e7d1e39fc6,C0707,1023,99,25.0,819.17
418ca63e-8771-4e9c-84ce-386a91894c45,C0136,1029,98,14.0,1829.04
79d5db50-b258-48e6-84cb-a970bc28d081,C0593,1025,99,21.0,1916.05
4d7908f7-225d-42d6-b3df-bbb0221e92b7,C0738,1007,135,31.0,318.13
b0fc35d8-aafa-4762-9b64-98a380d3b173,C0294,1011,23,6.0,242.27
4f57d5e3-9401-4312-a083-8037b86547b1,C0432,1000,37,43.0,974.49
72bf53b4-e8bd-4277-ad79-87ab98795afb,C0816,1034,95,19.0,1478.25
007a0ef1-40a3-4fd7-92d7-e9f8b43629cd,C0510,1004,33,27.0,378.8
ec8177bf-3f94-4d1f-a8fe-11b5a997354b,C0644,1043,22,5.0,1000.6
a5016f03-9a19-42d9-b14a-0dc4467e446e,C0451,1005,162,2.0,842.24
39e19984-0422-4c47-bb4a-91262fc3f6f1,C0281,1004,61,42.0,1015.07
a3a26772-254f-4d0a-b254-2b70354e3071,C0375,1033,153,13.0,1576.06
83b59322-6886-4729-9597-f75931a9b042,C0855,1042,61,8.0,861.08
d0e529b3-27a4-49c1-bfd4-571dfc030038,C0688,1008,146,40.0,554.23
3873e588-5e7e-4431-8653-1826b132fb2c,C0060,1025,4,46.0,291.61
d765e6af-12e1-44b6-9cae-53f42aa79fa0,C0176,1041,123,27.0,681.83
4bc9ef09-18a3-433a-9ba6-d42b1b694882,C0996,1043,140,28.0,1651.36
91d329bc-656b-4bd6-bd24-1a40e1fe89ae,C0973,1005,103,28.0,1015.07
989e0856-bbd2-49e1-86ef-29a2ea1a1ed0,C0199,1030,171,35.0,1636.81
7e4f5fe5-3026-4976-87e1-2db9ccd9d7a6,C0095,1040,9,27.0,850.15
7bf0242f-f53f-4b6e-9a08-a8bf2edc0ec0,C0284,1029,40,10.0,60.48
57946cda-3412-40b6-91b6-a2dd9df56031,C0830,1017,115,16.0,1452.51
681fc4f2-6c04-4e88-b5ad-b6e36195ba2a,C0863,1021,58,12.0,1345.0
74f02b18-f11a-4a10-9ec7-8a55396d14af,C0054,1027,52,11.0,1447.33
3599314e-275c-4bff-a424-79c6de0cd46b,C0921,1008,45,12.0,179.14
eeb4a2e0-586a-4018-9507-87f04a45b114,C0463,1029,23,48.0,1013.82
a9677ccb-8ab6-4c30-bf5b-603929af2bf8,C0676,1043,165,29.0,1835.19
60420962-7a75-47f5-a900-6e37ed18376d,C0164,1021,68,50.0,1557.73
b471d43e-8ab2-4dba-81e1-449b743bf149,C0471,1038,165,41.0,1065.84
d54743f8-1f28-4f94-8961-302ae79b04c6,C0157,1009,69,19.0,946.19
58cb9f72-3eb2-4168-8f55-83e03f604f04,C0702,1008,113,19.0,51.86
9c704b80-10c9-4469-9633-7f272e7b230c,C0764,1043,63,38.0,1038.22
7fcbc13f-198f-4572-8730-5fd0a7616856,C0911,1029,36,11.0,882.44
444f926a-ad89-4faf-8b15-fe721cadd79e,C0806,1015,40,14.0,1302.84
ea4ab8db-8ce4-4be3-8780-85a1325bdac2,C0739,1002,116,7.0,826.62
216ca592-ef6d-40c5-b842-25619b607095,C0252,1035,46,47.0,199.96
2bc1f99a-6b12-45d6-b8ae-366aae12f52a,C0732,1011,35,31.0,1771.15
abc8f783-902e-47a0-813e-f038d61b0ee0,C0481,1007,180,29.0,620.74
b3cbc1c6-47bd-421b-93ff-b6cca8df013d,C0431,1008,154,47.0,386.74
72cbb110-5565-4633-bd8a-f5989e0df502,C0968,1022,164,37.0,691.08
a2ce40e5-9259-4800-842d-f8eb72c06bea,C0435,1039,32,34.0,905.42
110823d3-16ef-4b57-93ad-68cdbcceea68,C0534,1037,144,4.0,50389.23
673bf13f-6990-4592-a9bc-0584bdf53e61,C0961,1008,154,25.0,1015.07
ab060378-edce-4d67-95c0-992688288fd0,C0861,1026,83,29.0,1009.47
31f5d60e-474a-426a-8122-0e51111bb4c9,C0518,1037,163,24.0,975.3
637ca9c0-b469-4bd0-9469-1cffdc4e0f8a,C0332,1001,75,30.0,1944.23
91523e54-a1b5-45ea-a161-c17805f2b892,C0233,1035,93,11.0,1015.07
140c2bf0-2a28-4a73-8cfd-1b761e49a17a,C0886,1008,173,8.0,1936.1
4d7bd0fe-fb3a-45a1-b96f-050b5d398164,C0328,1032,177,35.0,1958.18
7783154d-018d-4842-bf4e-6343f89d1cb5,C0411,1040,149,47.0,1851.24
e511edf5-083c-4b68-b1da-3b2463699855,C0068,1036,68,32.0,280.74
8878a592-dc69-4f20-be4d-abddf3bcb3a3,C0831,1004,82,49.0,1015.07
74a99dba-c71a-4fb2-8424-6959d9d02edf,C0407,1036,97,38.0,1917.98
58ea63f2-aa3b-440c-b6c2-5508575da577,C0644,1000,118,16.0,886.62
887ef450-d058-4284-8f83-39a4caa4537f,C0589,1011,134,49.0,881.12
d9df60b4-ded5-483d-80f5-fbe533a0191c,C0736,1047,57,39.0,1433.59
9a42d6cd-522c-4d3e-bf7a-3776b001aade,C0529,1012,133,48.0,994.57
38f6b2c2-fc15-4a20-94a5-154a64541d32,C0564,1008,168,16.0,898.65
135f33e1-389f-4a59-88de-dd99ec7a4699,C0281,1032,120,33.0,750.31
e393ce9b-3714-4473-bf79-aba0b9432aa4,C0422,1027,163,28.0,79783.4
cf725e3c-fddc-4ee4-b884-27f35f7b85aa,C0412,1023,138,36.0,686.16
f9dd05ea-9237-4e9f-8b44-3b64e64029ce,C0083,1013,18,28.0,98.64
bbc7cd8e-e5b3-494a-976e-1cf83f998ec1,C0735,1049,114,19.0,1396.49
3fe45e35-d5ab-4e36-b42b-9cbf658bbc87,C0220,1036,5,36.0,900.06
8571a5c3-79bd-4f4b-83ee-3275826dd109,C0016,1014,123,47.0,95.31
4ac396c5-038c-49b9-a38b-7c91893d8406,C0185,1011,129,43.0,831.92
bfa01c29-1e4b-48a5-8533-c8a2254a18e6,C0219,1003,116,2.0,1603.74
515294d9-c78c-4536-bae8-d8bbf06499cb,C0792,1027,151,48.0,622.5
741fdf1e-43e4-4031-8c5e-92320dc02911,C0882,1010,160,34.0,1133.11
1ab810ae-f4a5-4e52-b3a2-01e66089017a,C0252,1015,40,15.0,1108.77
fc5d8b34-40e5-46bd-b3ff-fa98a5aed4bd,C0489,1034,42,11.0,1768.44
ee23a68b-b80c-4f63-94d4-34b9f3a251e8,C0992,1045,55,34.0,1905.45
35f7fec7-2f69-4696-b276-34612ce38b6d,C0812,1001,125,42.0,471.31
1fb1ada1-9c29-4748-b6cd-f60bc1f64517,C0503,1023,3,44.0,1333.19
eb811db3-2096-4606-8d56-75f8a0fbd512,C0378,1014,44,42.0,1073.37
a6250282-9f46-4a91-a25c-63e66cece583,C0640,1047,92,45.0,858.67
74f66b31-adcc-4b81-8a47-afbb78aa50f6,C0025,1016,21,17.0,1015.07
b69134fd-164c-4a53-a293-82289d532b78,C0977,1016,171,34.0,437.33
0460e677-09f1-44c3-a01e-a5e1c1949906,C0053,1001,20,3.0,441.12
0d1370ce-438e-4d39-9fd8-72739634a31f,C0133,1010,150,13.0,1254.22
57d9cd28-625a-4444-bdda-aad8a8188687,C0294,1014,72,12.0,1132.75
8ef1c7bc-81b7-46a6-9d9f-bc19f9a05689,C0626,1019,179,23.0,654.14
d8c2c991-cd5c-43f8-8f4f-7e62eee45415,C0494,1034,140,20.0,1430.63
ec2ce322-7b7b-4e24-b82e-25cce8eb4227,C0094,1030,176,8.0,714.44
cfac919a-2d84-4b45-925f-fa08ca5922ec,C0244,1008,27,4.0,865.13
b28c02b0-7e43-4f2d-a1d5-c555b7e9377f,C0053,1045,41,17.0,1612.51
6da92fe5-fef7-46f8-94f4-c29e952b1936,C0653,1001,3,31.0,583.55
e4f295ba-d5c0-4e34-9a80-847219b54908,C0080,1042,21,30.0,953.35
e4ddc3fc-1ccc-4b70-9012-9b312c7e6202,C0393,1027,135,45.0,535.99
3847ef92-a557-4dee-9f80-645be249ab72,C0311,1022,14,25.0,1015.07
74ca0c26-5985-41d2-95cd-7b1c3b2d3270,C0187,1042,65,36.0,478.18
cc0acc1a-0c06-4f46-b801-f555a1bec289,C0458,1017,177,13.0,962.31
10408a82-d157-4f94-83ae-a229aa7316be,C0581,1020,64,48.0,877.37
d66fc959-424e-454f-b7cf-b688c4af4b54,C0721,1002,36,23.0,515.01
75f7ff0d-366e-457e-8760-d7886ccb1b7b,C0240,1035,19,43.0,830.66
053a9d38-e1de-4dbd-92e7-b2d959e6d2ad,C0217,1031,112,30.0,1081.27
96d99da7-e618-4e48-aa91-c756fc0c863c,C0952,1029,100,44.0,1049.78
ce467953-8a0a-4d07-9128-2bc9d7279f63,C0623,1036,86,13.0,1773.59
0484f13f-3298-46d7-917f-7414c29d187d,C0042,1001,37,3.0,1066.81
60c4b707-fea1-4128-80a5-b15fb707b8d8,C0604,1039,171,39.0,1147.58
69b2ccb7-9616-430d-828d-21b55425d393,C0538,1026,163,45.0,1745.64
75d28896-228f-4ce5-a605-2f47c6b0b828,C0887,1048,47,25.0,599.23
08ec8aa2-3d76-41ab-8ba7-e9055929cb02,C0206,1006,45,31.0,906.78
a5e1484c-a56f-4090-9841-81e5cb40387c,C0062,1017,95,30.0,1217.49
1cfeda98-a39d-4ceb-8124-cd43adee565d,C0337,1042,84,42.0,100.52
2f508074-91b9-4ea0-b6be-256916181f7e,C0213,1013,64,50.0,1910.75
96ed5efe-6243-4aca-ab2f-bd52390cbbd3,C0663,1003,29,6.0,346.97
c1b8366a-450a-479f-a489-3f9a0d4b73c5,C0388,1038,178,41.0,908.6
07126e19-d6b5-43b1-844d-b1e9f9fc40a2,C0350,1046,78,32.0,890.56
89860b40-7f08-493e-bc97-57259336d978,C0915,1047,116,12.0,215.05
a7fd8365-2207-4de1-950c-c6d204e2d0ac,C0901,1029,41,12.0,1762.65
cf06b8b8-420d-407b-a0d2-5a4ac525fefc,C0360,1005,19,13.0,1270.3
dd5a7706-3c4f-4de0-b7cb-eba8be93cca5,C0566,1022,116,26.0,305.85
13ea1137-2607-4c5f-91e0-8f46fa1fff35,C0110,1032,167,49.0,1015.07
f78543fd-52a7-462c-9b2f-bfc17814dd71,C0644,1016,45,25.0,375.64
61dbd717-340f-40bf-821c-ec4986298313,C0127,1031,176,36.0,1224.23
eff0a8c3-a0e1-4173-be48-7a4fd6c57f45,C0835,1009,126,30.0,1396.42
fcbd3621-f958-401a-9f3c-7859c9d81399,C0971,1027,76,39.0,362.07
0220b68d-49fb-4411-a190-54a985937ecf,C0338,1047,58,21.0,530.17
55a77762-fccf-40f6-a172-adc353d8690c,C0062,1034,92,13.0,498.72
75964167-b96e-4028-9d0b-ddc9371d1232,C0102,1048,81,8.0,968.0
2a48afec-0d9d-4031-ba6f-a6bb6036b6a4,C0318,1019,138,21.0,1356.52
115c4e41-cb46-47e6-8e53-2d1593b7000c,C0651,1020,106,32.0,1662.87
8f23bb5a-da1a-4f81-87ee-99edc64b8487,C0917,1033,139,33.0,1054.73
ddea38a1-5656-418d-a673-69cdf2633eea,C0843,1047,16,13.0,1338.31
9a8fc5ca-bec3-4fd9-ad56-cfb615d928a0,C0879,1018,9,7.0,916.72
70da1ee3-38dc-41ab-b5b6-73c9b5ce68ba,C0794,1027,103,37.0,164.06
00cb5552-f369-4d96-8662-6897a8240e4c,C0564,1006,53,18.0,1010.03
29fa34eb-d3ae-4241-a197-b4c53d8475d5,C0469,1011,49,21.0,632.87
f5cbb40f-ab13-446a-8426-c74b53b6fd6b,C0902,1031,137,32.0,1824.13
7cf47c99-abc1-4dc7-be13-6457253fccb7,C0908,1035,164,4.0,402.75
76ffddae-472d-4b21-9458-56ec8671160b,C0295,1008,127,17.0,1541.76
2a5c5f04-d6e7-47ba-bb24-a67db98d7ff9,C0636,1028,2,26.0,262.27
cdc61f33-e39f-44d6-880e-f8867e28f488,C0843,1018,87,12.0,149.01
3c962ba0-d7a9-4de9-ad2a-c7977de57166,C0476,1047,61,27.0,759.04
20e0c1f6-b92d-4a7f-983c-59271cedb725,C0498,1009,156,17.0,1455.88
0997ad15-2743-483c-b418-cf6e52442948,C0592,1029,103,43.0,1765.77
ca7f17e8-ca45-4381-a95f-da7930274dab,C0218,1024,107,9.0,728.94
45a6e112-cd64-485e-83ba-3101bd51ecd2,C0548,1005,168,38.0,1291.85
8bd8c5c8-9c3e-438b-b4e3-b1e114813faf,C0400,1042,20,5.0,53.25
8c255bda-f984-440c-a588-36acb818bee3,C0761,1008,39,34.0,1015.07
b2811331-19bc-414c-848c-448f674efe8a,C0122,1038,13,23.0,1638.32
55c186d0-ea7a-4491-92cb-1793b40aa467,C0684,1021,73,50.0,1642.17
f2ccd081-0636-4530-9ef9-c0a3036cba34,C0675,1010,64,22.0,1830.6
adc6b00d-2a74-4292-87b0-7c15ae6e2f4c,C0082,1010,101,30.0,1737.41
1f603c29-19ba-4d91-a851-78c5f48999a3,C0987,1010,46,35.0,1806.21
90c11e74-378f-43b5-82eb-682773df8edb,C0576,1009,141,44.0,1730.05
63602f42-dffd-41fd-a33c-a6beebab4e6f,C0349,1029,72,37.0,432.01
b0c77956-eb44-402c-8120-be265e882219,C0672,1033,57,21.0,1546.5
3b5c844d-4d1e-4eae-86ec-9a4d4cbf869a,C0671,1005,137,23.0,869.75
b73950b6-cdea-476a-a26f-be09d5e7703e,C0812,1047,164,12.0,1091.14
b6c3d0cb-00ce-4005-a9bc-ecbe99392c31,C0857,1031,15,37.0,84.86
aaf429ad-04e4-453d-8b92-fcb340b98e5f,C0778,1015,81,45.0,1795.39
fd7fc667-99aa-472c-a60d-4cce401c2d32,C0653,1048,31,5.0,1226.28
42ff362c-4e46-4446-be6b-06752753f4c4,C0250,1044,90,4.0,1617.26
0dbefb60-24bd-491e-9abe-704d7f32ab48,C0255,1043,69,7.0,580.23
c5a26a21-b61c-4794-8f14-97a0ad5a0c7b,C0002,1020,129,47.0,1244.16
ca615150-b1d6-4189-a4a4-a80145eb9dc9,C0168,1045,32,4.0,1272.44
f61f749e-6e19-45b6-9930-317b7b8acc85,C0145,1010,37,17.0,1490.83
f5d08ebb-4c7a-4e13-94ed-9be467b95861,C0318,1006,12,23.0,226.17
306178a3-57f4-41fa-b422-6a644695c5ed,C0129,1034,73,42.0,1428.44
0d1fbe8d-c037-4678-abd9-9973f49a39e7,C0604,1023,102,14.0,240.93
803872b7-e3c1-401d-866e-3e30af05f83d,C0951,1020,167,35.0,252.42
46dc727e-1e3b-427c-844a-1c3edb70cbea,C0008,1002,173,31.0,436.18
d9e0eb54-4f10-4306-b823-1061cd9395d0,C0137,1002,14,39.0,1844.74
95e29344-774d-44a6-a873-eea6301dd9b6,C0892,1022,122,50.0,1368.66
208f8fa6-fa63-4147-9bea-0f61fa3a813d,C0993,1028,133,9.0,107.01
ed4cf7bb-50c2-4de7-a814-9909fb985a8c,C0622,1021,8,6.0,1550.37
5483f0f4-fc95-4c7b-a55b-ca63deaca9cb,C0384,1023,47,34.0,1091.1
de36c58f-acc5-406d-a9bd-50884f9c3480,C0193,1012,91,26.0,901.78
7160a0a1-cec3-43fe-b3f9-99778ba89cc4,C0225,1008,65,38.0,606.4
838b3157-49dd-4d19-ae19-25cddf8da146,C0319,1047,134,40.0,1812.39
bf29bcdf-3061-4144-8c82-f0957a984ec0,C0924,1031,130,32.0,902.76
f8101840-3534-4ddf-8ff5-e2f0d25dd6c7,C0769,1003,54,21.0,98.02
3ffb861d-b66c-4fed-9824-268fbf4a2541,C0199,1003,142,36.0,820.3
bbe32c79-084d-4ce4-93ba-98b7afed0c1f,C0128,1010,36,21.0,1845.3
ab6912c0-ad39-40ec-bd77-3e818841f5d1,C0168,1020,160,11.0,765.05
6e128083-251b-441b-8c89-1f0894db5dac,C0831,1040,171,26.0,1066.8
bda16eba-2c47-491c-93a7-453b73ab110e,C0130,1042,79,27.0,216.77
b3d2455c-8db2-4e21-bf06-ac5d7b3c72f5,C0774,1028,154,40.0,729.25
44d7568c-a572-4293-b53b-7014938d9552,C0521,1027,6,21.0,917.15
fceac6e5-c183-425d-802c-cadb317c9116,C0494,1029,111,35.0,887.16
43187bda-dbd0-4a54-8498-4e080a003854,C0177,1011,23,31.0,1265.33
01d2e3d2-40a8-438f-b8c4-d51907ec85ed,C0909,1000,123,18.0,1560.1
1f547eb8-7789-4c93-a560-c7566e7d0d68,C0384,1013,83,29.0,1050.92
132bf822-a57e-4197-a2e2-2af427f4ddad,C0361,1030,35,1.0,238.25
856b8122-6604-445c-a3d9-183afcb12c34,C0823,1027,130,45.0,217.36
e4a0cff8-d27c-413c-bef9-cc642d6f3854,C0865,1046,41,5.0,1938.51
36c6b931-1581-4b57-8ed1-91df9348a06f,C0870,1012,108,1.0,379.46
972fe5aa-f2c7-44de-8d1a-4a638a6e8cfd,C0483,1014,166,37.0,181.16
bf5c5bae-a353-45f2-8814-4b90b96163f4,C0349,1029,39,32.0,1079.3
4b2fe402-cf2a-41eb-8760-a1d4ba026eec,C0402,1000,106,14.0,437.63
201524a6-6eef-4609-97fd-9f8beef940f6,C0372,1045,90,34.0,1736.3
df82a347-8bca-4a33-9f9c-af1e13fd6625,C0614,1018,147,50.0,1015.07
33472657-b82d-40e6-b021-24ab9f5c3a20,C0608,1035,141,1.0,1607.73
f622bd63-2b86-4182-a721-deb359b1467e,C0693,1033,160,19.0,374.68
ca93b42c-5a60-400d-aeda-c9b0beff2f96,C0471,1038,43,40.0,1556.85
7726e257-3c8d-4078-89ff-332dc69a44b2,C0098,1042,126,2.0,512.21
4040bb18-7815-4ce5-960b-60da53a7db39,C0232,1018,14,28.0,1445.77
162066e0-c37b-4eab-a5b7-2c21c54459db,C0336,1019,42,5.0,1015.07
4fef0f20-1ac7-4e33-880f-f36298f6e26c,C0002,1008,41,1.0,849.46
28345eb2-e20d-4eb0-bb10-a52e8ca78362,C0980,1048,165,40.0,411.96
39e37720-844b-47e3-83bc-495a35dbcb37,C0945,1015,142,14.0,1665.11
4257a785-f636-4939-bbb7-148767182876,C0173,1033,98,24.0,1479.7
c1256572-f555-431f-9c83-a5558f054c18,C0998,1015,50,25.0,1514.47
c4d5b04e-a332-45f4-b180-82cdd2b665c2,C0010,1003,172,19.0,1544.81
fd85b9c9-8fc0-4f72-b563-bdc2305a2580,C0215,1015,77,50.0,1240.17
f5bb3384-941c-4ab9-b3b0-5861ffb7b791,C0755,1029,173,39.0,1653.17
e0075620-6214-44ff-9c53-e051652722f9,C0695,1004,76,49.0,448.38
fcbc9238-b321-453c-8823-79cdd2ca07f0,C0611,1017,108,50.0,701.15
7e21402b-71a1-4fb7-adc2-ddff18d81a10,C0955,1040,31,1.0,1110.82
86f8b69c-8977-4a26-bca9-e270bd886a28,C0590,1033,50,10.0,989.11
c8213ef6-c132-452d-992b-5aa8352eaab4,C0581,1005,81,14.0,168.63
ce25c039-1a1e-4e71-9d90-13ec1881dffd,C0741,1002,15,47.0,770.52
eb9e57fa-0094-40bf-bd4c-d510e59f6b51,C0006,1046,90,21.0,1473.1
6e3e5b73-6eac-4104-89ec-7510c176259c,C0654,1026,157,33.0,1393.21
d66f2935-9f5c-4fa1-b97f-c21210d9f280,C0153,1017,42,9.0,1273.57
31b074b7-e3a8-44df-a2be-58683daf319d,C0157,1008,7,34.0,1261.23
6949421c-b019-4db3-b62f-5a6da0231a95,C0207,1031,44,19.0,534.32
210a693d-a5eb-4225-8314-7dcf2cf6a10c,C0516,1019,126,1.0,1616.19
f5a2adf1-bdbe-4e60-85e4-8519a344153a,C0808,1030,68,28.0,1961.98
460da1e8-e034-4a5b-910f-f1e525b54cb4,C0375,1016,66,5.0,1683.45
2154918f-3c12-4098-a338-06a9e2217945,C0036,1001,43,21.0,753.97
50fd886c-b730-4e06-9290-a451c6be5374,C0459,1030,18,32.0,486.68
3a799d1b-b970-42b1-b720-bc7b198ab4bc,C0237,1034,106,22.0,1077.16
bb8c02ef-19df-48a3-8414-0a6f22de79cc,C0795,1026,75,15.0,123.37
f17c21b8-7b68-4e09-8da6-ba77b3a384fc,C0829,1020,56,30.0,1775.68
d349571d-e583-4bd8-bfc5-270f71aad825,C0499,1038,133,38.0,657.71
8424c613-23b4-4c05-b85a-96deca02d8fc,C0510,1028,26,25.0,1942.1
2c9b5ee0-f0ca-4b41-b03d-f1f25c75b03d,C0980,1012,40,19.0,1050.39
eeadb72d-511b-4022-afad-94a8a7700f8e,C0637,1013,84,13.0,152.03
5b1f234d-85b3-4dca-8545-7587dd93ab53,C0949,1008,152,45.0,1517.14
106b5ccd-f19e-41a9-8fef-89f5837b3a92,C0217,1013,24,42.0,951.02
926b7071-1c3f-47f9-aaa2-f3a396a5e833,C0368,1043,33,9.0,1641.21
95729a38-4b4b-43a2-9a11-700f685d194e,C0127,1045,143,13.0,1414.66
0ea5ecda-ae57-464b-ac6e-eb7bf8e5f920,C0105,1031,130,24.0,328.19
12f84c76-7cee-4a35-83d6-1a188c32abc7,C0440,1006,173,30.0,1538.55
43ba0638-b108-4cb2-bd49-67386484010d,C0089,1001,113,22.0,1176.38
ce65454a-ad11-450b-89e3-ac9b55350505,C0732,1043,83,33.0,1824.1
451bd4a4-222c-47c3-a999-ea3b90fbea7a,C0454,1025,27,24.0,1230.75
74aa87df-5ba7-4d7e-9543-efe7c43428aa,C0641,1011,165,10.0,1508.95
137186fb-4a44-4835-bd9a-be40f5b045f2,C0038,1045,22,12.0,708.39
ca60ff72-789e-4948-8211-70e7035fd4c3,C0695,1025,20,19.0,1787.09
a8409d98-c456-43e7-a7f7-5882c252b0f8,C0861,1012,123,7.0,508.8
0c7c3652-839c-4b92-b8ff-28347b4fd7d3,C0531,1022,138,8.0,1015.07
3401e4b2-2daa-4aa2-bd79-0abd8a65d5ef,C0956,1011,141,40.0,828.64
a97d2b00-2550-41f6-bf59-48a07e203513,C0226,1029,106,43.0,1832.89
32f1da41-5978-4ce2-b393-4e21e53be831,C0476,1037,129,25.0,1499.11
d961cdef-7ece-4ffa-8d03-acc12bf83e5a,C0603,1027,151,3.0,1907.16
ba00fc3e-2177-4f56-a175-ca010f7bcd9e,C0017,1046,174,16.0,776.58
2c224195-de52-4b42-927e-396c668f2b3b,C0205,1042,116,6.0,1739.35
8ec042fd-02aa-4cde-aa3a-c606306d2ac1,C0219,1024,52,40.0,1434.25
cebece53-9cef-4ad1-8774-059079275b4b,C0313,1021,94,38.0,1015.07
72a2c951-0fcd-45d3-8e41-56ce89bb5a20,C0655,1036,111,47.0,314.67
120fb0d6-ad19-4957-beef-599889809bd7,C0074,1002,56,44.0,1092.09
d3854eef-0845-4302-8667-9439df34cfae,C0518,1003,63,7.0,205.53
ceb5d23e-6b2d-460e-b04f-ec6bcdbce328,C0645,1046,173,5.0,1465.56
a696e203-1dde-49dd-9679-06bf7ceb99f1,C0941,1004,128,44.0,559.49
e8df0569-2d44-4fe2-88fe-33be5d40104c,C0193,1000,112,7.0,856.59
df34716e-3999-4fed-a12e-9a9f7b062487,C0153,1034,164,33.0,1894.2
1c3759a8-fafb-4ebd-a7f9-664cbcc8e614,C0676,1021,172,16.0,233.66
8fb39902-cb00-4f62-b7ea-3757dd2fa0dd,C0412,1000,5,43.0,165.05
929565f1-1537-4d9d-a158-6d8a78933705,C0203,1011,153,23.0,1704.21
d076964f-df58-437c-aad0-1818888cc0ac,C0858,1042,99,47.0,1647.45
bcb4f24e-2a1a-438b-b363-8d6893c2ac80,C0207,1049,9,32.0,778.98
a4361785-0a5e-4066-b83a-2943cc1d950b,C0261,1048,97,38.0,1771.96
a4c24ac5-d88b-4fb1-91b2-a728efb145a1,C0111,1049,18,25.0,1015.07
24fe08fc-301c-4a58-ac14-e1efc0e90743,C0367,1045,4,38.0,1378.07
d172cab3-9e56-41d6-aa23-3a039827d9b7,C0677,1009,79,27.0,1015.07
ddb6d20a-56e2-47a9-9e7b-c0d925bc6d92,C0043,1009,41,39.0,1015.07
7f8798db-d667-496e-bcfc-8fcba1727d98,C0286,1021,114,14.0,1849.3
48a44adb-0c4e-44b7-ab2c-b98f9109b1e6,C0943,1026,29,1.0,243.3
6bc37038-6eb3-4f0f-a809-6181316ac9d6,C0377,1044,163,30.0,1004.04
e50335ea-f1ed-409b-a5e3-37283e8ea1a5,C0705,1029,23,47.0,1427.69
473eb466-0006-47d1-9c8c-19e142da9a1e,C0098,1010,1,48.0,767.17
35c8a0b0-21cd-44b1-a4dd-ee20d1cc99d3,C0953,1027,159,22.0,219.87
7242ab26-f784-4756-8305-cd2e33d44933,C0248,1031,143,19.0,1420.42
bfcee01a-ad74-41b2-9035-b929c479496e,C0640,1038,48,11.0,1106.33
ffb1c1eb-cafc-425f-b86a-2317b58447c7,C0446,1038,35,7.0,1353.62
5ddc3d5c-331b-4dd5-b8e4-fce676206a64,C0088,1042,59,21.0,1589.8
8886a6dd-12e6-4bc7-b008-ec8d4f252754,C0343,1043,79,3.0,1429.02
f816e893-f909-417a-a5b1-2df544c43f7a,C0985,1048,55,45.0,480.36
1c375932-71db-4119-8601-48d3f86c3b23,C0680,1043,124,4.0,411.27
e54fed46-611e-4259-955a-196ad8cb2f22,C0641,1040,178,45.0,1498.03
4f1aecf9-4c1b-4ac3-bc0b-bb26bf94c14b,C0989,1009,125,15.0,1521.32
9ef9cb2b-3ae9-4517-b6d6-0f8aebb1e185,C0673,1037,105,5.0,1015.07
b2b201bc-e9c0-4764-8567-b871fe5de60a,C0958,1019,176,50.0,447.04
59ae9358-d07e-4cd1-bbc7-e76072edde85,C0513,1031,21,50.0,1119.47
fd8ac566-83d2-4e3e-ab28-97ad4cc00ebc,C0826,1020,39,23.0,794.92
59879c7d-224a-46e4-82ef-172ddfe40cbc,C0067,1038,129,33.0,1833.3
42d11b2b-5181-4389-b8b9-4a19603f5f63,C0541,1048,60,36.0,684.5
b4e1a08d-c7de-4ebd-9ed8-11dcf982d236,C0440,1001,89,3.0,106.21
8d56b686-9057-4597-9267-e0b1a35a8182,C0152,1026,152,25.0,538.27
8e65bbf6-401a-47b5-985f-62d8011f1674,C0231,1002,174,28.0,1847.99
7f814666-0912-4526-9b5e-af2d477d0882,C0060,1040,158,26.0,406.1
12f69bcb-de6b-4a1f-9c18-77429b14720a,C0709,1005,8,48.0,350.98
53370a86-fde0-477a-93fd-3fc1e12e9e71,C0119,1036,108,40.0,808.46
820665ed-ee5b-4fa2-8ab6-ff220db35744,C0134,1041,70,20.0,1275.67
45a281cb-5989-4595-9915-c76f4e6f436d,C0948,1021,59,32.0,1554.78
62175a0b-f970-492f-bd10-1f356048cebf,C0768,1047,136,15.0,271.22
df0b2cc2-c104-4777-a4b0-d3505e86c92b,C0261,1037,148,21.0,699.67
9fb4c5c4-a4e2-4dcd-8739-97cd027c7ef5,C0279,1038,94,21.0,602.37
07449048-ab62-4f48-8e3d-ada50ab38e41,C0458,1035,146,16.0,758.06
f713baa6-b1b1-427e-ad51-7d3e6cf13732,C0380,1010,120,29.0,1015.07
fc2a8c34-c753-445a-a9f5-88ffa3f7f1c6,C0402,1047,127,3.0,965.23
c8412f33-bb0e-41f0-9f5c-bc63d4bd7f9c,C0971,1004,51,50.0,1807.39
e444b376-6b15-4f8e-a5b1-8d26959e00f2,C0749,1035,151,32.0,159.72
990ff3e1-2b32-4765-b36f-68df8fb47936,C0741,1015,105,3.0,1094.57
713e2a97-9221-4504-a16e-1a64fe1c89e4,C0292,1042,75,4.0,1808.78
77a4df2f-1dbf-4a0f-b8db-9aff54ec17d9,C0736,1034,25,23.0,1132.58
12171339-24a6-4e10-b7b4-b0af7d97a70c,C0938,1026,47,16.0,1408.55
34008fb5-4d3b-4adc-86e4-aab9a0c790aa,C0886,1039,77,10.0,918.6
ac8731ff-4bd6-451f-9d1d-bf9d58432d8b,C0891,1017,39,13.0,1157.47
65501a25-1ea5-47de-bcf6-9d4fe63df963,C0255,1033,75,15.0,1464.81
4dedf560-e817-416f-9143-5cab822380bb,C0523,1038,153,15.0,1413.38
0674c1ff-8fe9-41ca-9365-82e5ebcfe9dd,C0730,1002,175,8.0,1242.21
d82ded0d-e2e7-4dce-8d32-5904cca6cb4b,C0726,1007,58,43.0,1785.33
1a3fd0ae-2b62-4a18-b5d2-b644ac831959,C0366,1047,170,43.0,1341.36
fe5c25ad-8a9b-4d54-a4d3-39a0bd3f5af7,C0187,1026,82,25.0,1273.88
c847fb8d-f95c-4bee-8251-8374d1f61637,C0222,1037,126,10.0,623.84
2ed8255e-98b5-43e9-842f-68093e5bba4e,C0831,1001,150,46.0,296.33
f2595cca-977f-4beb-9934-b3f3109e434a,C0111,1001,65,11.0,1845.93
c7256531-03f8-4cf4-9fa8-8f345d216008,C0063,1028,64,42.0,1020.91
1f0ab2c2-f1f1-44b4-8335-9875a7998224,C0701,1011,22,30.0,1015.07
a427698d-16ad-46cb-a413-8b7410146235,C0278,1006,5,42.0,1015.07
149ce204-e199-4f08-ad23-95a5e4115075,C0555,1040,156,1.0,1914.91
19b591bb-6700-4e9b-80cd-eecc9410ad8e,C0558,1036,175,3.0,1423.21
f2149892-8eef-411b-89c2-78b083a23ff9,C0510,1037,69,13.0,1628.35
67efec16-cf9a-4297-b269-c89083f09722,C0698,1035,157,47.0,420.15
64c5b6be-17c2-4d1a-97ea-e8d9e9dae833,C0908,1032,144,22.0,1944.69
f0155c5f-d73c-4554-8709-d4d0a417dbdf,C0791,1048,60,24.0,1285.59
916be713-a4f8-48de-9c7f-3274dbef5255,C0004,1043,180,21.0,1160.52
5dc01f32-fe3a-4ac1-9a3b-d71d1ed30d4d,C0653,1037,159,49.0,679.03
c417b687-e2b0-4359-8d9e-6a3e139492d6,C0850,1039,129,30.0,1139.18
29d38f06-31e5-42b0-abe6-9050c49d8d23,C0354,1046,71,19.0,869.83
c2ead3ce-226d-4f01-a496-be23c5ebc5f0,C0051,1003,52,3.0,1667.15
503ecb3f-b594-4d9b-9f79-4aea0030e5b7,C0054,1011,143,23.0,215.5
14f3031d-8024-4dda-832d-8ea2d618bc61,C0819,1048,6,23.0,1719.83
d060a3e2-1b1a-4597-b55c-09760f39a409,C0204,1015,71,5.0,398.27
d80f6ce1-2217-4ee9-a58e-dc9eb7597111,C0618,1023,137,7.0,1524.06
5fc5523e-3179-48f4-9669-6635a5996bdd,C0792,1042,173,17.0,1351.99
f4ed2bde-c005-494a-b991-ae8c826461d2,C0951,1049,133,25.0,1150.89
943b04d4-f17f-49bf-8a53-17de220ba3db,C0524,1046,6,28.0,865.16
06d359dd-ba71-49ad-9321-d68489571610,C0194,1027,24,33.0,1334.68
1914557a-cd5d-4c24-95e1-df6d07d73191,C0394,1038,71,11.0,515.08
4be03322-552a-4277-83cd-b687b22ec43e,C0179,1047,70,7.0,1059.61
e6a747f3-062d-4deb-9630-bce93c4db446,C0181,1034,13,13.0,1996.57
2aec0b49-a7de-494c-8013-9bf454bff557,C0732,1023,173,33.0,179.2
3ac8220b-801e-466a-a6e8-31e06309d692,C0662,1021,16,26.0,400.29
a6de6cbf-f25e-4ad7-8200-b52278306751,C0695,1003,80,46.0,1501.68
7ff9aa2a-a5a2-408d-b990-8aa8c3b215fb,C0149,1012,24,9.0,931.82
d4f3c9a7-1f58-46e5-b023-ae1b4d35c883,C0661,1046,120,13.0,982.02
fcf6e68d-18b8-4f55-9fd9-0930bb13db4a,C0731,1039,160,37.0,497.65
cee6f479-416b-445e-86f0-4ad3f8593448,C0023,1044,177,41.0,849.01
cf38a2b4-9e04-4769-b3f6-e4f0b02f2728,C0128,1012,174,31.0,1011.29
239f8822-fda2-467f-9f3c-630b67472b5d,C0193,1046,42,6.0,1224.54
26bae288-8a0e-4aa0-924e-a26852284942,C0334,1026,12,28.0,1048.54
1639a884-8d64-4fc6-81e9-8ddc876ad6d3,C0517,1047,22,26.0,1038.72
3b942399-67d3-4371-98f4-30b9b0470ec1,C0822,1017,131,14.0,960.83
b2d2365f-6154-430d-a363-e75b4abbc478,C0074,1024,179,2.0,1721.59
88fa7f3b-db5a-42a0-9871-a7ab193a6917,C0370,1024,170,23.0,624.93
1bf8e84f-e63c-46cc-88d3-b86ff7a12c35,C0187,1017,45,40.0,1491.46
9d7d0ebd-de04-44bf-9b13-9a7f04396677,C0658,1025,91,19.0,1087.53
0791aae7-c26b-4508-847c-a60b15508218,C0047,1003,55,35.0,1762.06
1d2e2d40-f786-4713-bdd1-9d29b3efc21d,C0709,1007,38,13.0,1482.87
4bcb1783-671f-4c54-a29e-00d1125b0742,C0616,1043,166,8.0,675.76
d803fc4c-d351-444a-9622-fcc7a5742a5a,C0494,1006,101,46.0,77.37
0c9db583-d99c-4783-934c-de5eaf01d1e6,C0045,1013,123,1.0,1973.8
068b56de-0c67-4a53-b385-32ca2f9b3e17,C0712,1049,148,7.0,674.09
c52f553c-9e06-4dce-9e26-3198ba7a5949,C0169,1010,146,34.0,1637.37
73a73333-6910-4afb-aa14-db76b6a52f73,C0888,1010,55,6.0,1989.84
bbe62b0c-0ac0-4c9c-a6a5-f31d55f526f3,C0629,1002,82,43.0,1436.71
02865a38-d02f-46f7-9608-de0950e6882a,C0780,1039,76,26.0,1921.07
a53f8738-7e1c-4965-9c0c-592e3f94440e,C0048,1006,59,19.0,368.08
8d65faf0-a6c8-4234-8f43-068a15bb9164,C0272,1003,147,49.0,1015.07
a1364c32-238b-4aee-9a26-ac5d649ca2ff,C0733,1009,75,7.0,1376.15
82bd63db-671a-4c56-a1dd-71c0691c06de,C0280,1037,29,12.0,806.89
08bfb4e4-7531-4618-afea-8a95fff628e5,C0555,1004,174,7.0,855.61
3e825d4d-7532-4034-a5f1-4d862bfba9b3,C0958,1022,111,18.0,1137.01
021e12e3-8bba-49b6-9d87-174742edd55f,C0048,1048,41,33.0,524.38
65b73b20-dca0-4fe3-b552-a2aa4ce1b799,C0856,1004,137,4.0,1643.19
88f84f0c-8c7d-41d4-b45a-595577cc27ff,C0441,1045,25,28.0,1218.18
89b32c48-4241-4080-aed6-6d3bb0886e89,C0023,1025,124,27.0,1015.07
88838046-fdff-4dc7-b8ea-c974e8c7b878,C0279,1024,92,6.0,1404.32
ac75d21a-0e72-4086-bbba-f373abe2d915,C0791,1017,126,8.0,1086.64
56b9150b-27d4-4232-973b-53c6b1ff9e82,C0906,1033,19,20.0,1176.54
0d29124b-85c8-493e-b5c6-d6a98a4e58d1,C0656,1045,37,44.0,1259.01
46d9e93e-9bf5-49ab-980e-114b14c65fc8,C0516,1042,39,49.0,1455.64
32cf8407-c6a1-4b4a-bbf4-e87aae63c274,C0468,1025,76,26.0,431.66
1ba66536-3592-42da-8177-3da07188c1b4,C0124,1042,74,15.0,314.96
5acb2d7a-3b05-4ff1-8526-db4d47eed327,C0315,1001,52,29.0,1269.8
a5a75c0f-5aef-48b0-a3be-e000cafe356f,C0493,1022,151,49.0,807.6
4dee269f-af23-4991-8c5c-d2c3e4de9a07,C0835,1033,51,42.0,195.78
b6823c63-9581-41f2-91a3-cda70d8ff2e2,C0044,1041,111,24.0,594.04
8cf772d8-dc2a-4bcb-8ecf-5887cc1642dd,C0366,1042,45,19.0,972.05
9bbfea72-20ba-40ec-9399-d55a602a140c,C0393,1002,117,11.0,1849.13
572e4ebf-414a-4fc3-95ac-7e45baf823d8,C0734,1044,31,21.0,310.46
3ee974b2-000c-4d1f-b8e7-b388444d6baf,C0043,1011,42,4.0,846.87
22142fa3-5108-499b-b21c-8af2784ee343,C0863,1032,168,50.0,1427.39
d24aa457-6f0b-41dc-9ea0-cfb1dd65ff6c,C0652,1016,15,29.0,1535.45
5f0754d7-34fc-4eb0-97a8-e221598677e8,C0225,1041,163,42.0,158.19
a9c70600-6a52-41f2-8897-00fb95aac007,C0395,1010,5,11.0,1351.7
89aad909-e303-4c75-a87f-0cbac8ab8f2c,C0751,1005,85,32.0,1015.07
8b72f1f6-9e5d-4aba-9011-3d73a5482815,C0993,1041,120,41.0,1087.5
eb0e03b3-b903-4fa9-9631-d553638ff9da,C0131,1028,3,25.0,98.88
af5c3a8f-da12-4bab-aa7d-07b782f01981,C0674,1048,69,8.0,50.32
5ff09506-0cef-4374-a03f-78ed4dd1ccef,C0221,1014,123,20.0,637.39
047e38d0-5990-4256-9dcf-70e50407fb89,C0654,1003,76,42.0,1606.39
51829900-9623-4aed-8e6a-5995af80aa95,C0112,1037,50,37.0,378.7
fd41f15c-2a33-4580-a4d9-ee14e53325ec,C0130,1003,144,28.0,833.83
4fd75c27-7ec3-4253-a944-0e54d247fc2f,C0337,1047,177,50.0,1762.51
666fa7bd-0336-4879-a752-d575b7557f08,C0653,1014,99,3.0,741.2
dd026c64-ab91-4e28-ae80-98dcf738507f,C0469,1021,16,20.0,1180.65
60507cda-d73a-42bb-b384-2e5ecb6a65f1,C0678,1039,100,3.0,324.59
b590d65e-9199-4343-a63d-d6c03ca91745,C0723,1026,86,48.0,674.42
b5a4d6ac-1776-4330-9a6f-e41bad61a4ff,C0353,1002,177,39.0,1280.47
3aef1ae0-c2e5-4909-8cd9-20afb56eccc8,C0118,1015,90,44.0,1835.78
2472e411-5bf8-4f0c-8180-9a47ef2f966a,C0321,1012,31,1.0,1200.25
ca262577-29a7-4172-b039-fb25a952f7e1,C0788,1019,66,31.0,680.04
4117cf31-dc35-4e0f-b4f8-74d52d42afbd,C0629,1027,40,17.0,1549.67
9bc01a10-a1a1-451a-bbd5-06a13959059a,C0039,1010,154,22.0,598.72
b788a050-1087-416e-8592-9be7f8ca3bc0,C0673,1038,43,19.0,1561.41
7414f9fe-d788-4960-8003-40d3cee61b6d,C0419,1029,162,29.0,1326.05
0cdd6b4e-9b03-49e4-a18d-3b5ba562a5e2,C0904,1031,112,9.0,1118.15
7f700513-f0ff-4c2c-957f-cf5a15bd5767,C0974,1044,157,13.0,1519.55
1062282d-612e-410d-b5a2-516ad659b9de,C0356,1033,41,20.0,814.47
36a779e8-1e08-4ce8-bbf2-b70807457aba,C0085,1039,19,24.0,1935.5
fac90efa-1d9b-4845-8686-1bccf4a3cc79,C0015,1005,144,1.0,396.96
bfd5302c-203a-4dd6-b769-b967cd44f1ad,C0847,1038,174,50.0,1648.19
e4fccac9-22fd-4cf3-9a7c-ff5aff7f477c,C0405,1029,85,14.0,1827.26
6fd06467-3a28-4a69-ad04-d7028e304240,C0993,1018,146,36.0,1702.05
801fc8bc-ce44-4910-84c3-311ef0488f03,C0514,1035,14,49.0,1766.18
4a36ae2c-b2c2-4e94-b491-3afa6c68c3b0,C0970,1012,159,48.0,851.8
6b5f111c-20c8-44f2-aed3-8293997b1532,C0676,1018,48,23.0,875.36
0f5d3725-ac0c-430b-9f5f-4cf359d32d94,C0928,1035,137,23.0,1234.48
b95a74bc-b7a9-479b-a8e4-ae417949fb4e,C0965,1032,177,49.0,773.96
414e465e-245f-4144-ab36-6baac2da4117,C0497,1043,127,36.0,1178.48
0761a001-26ee-4074-ac8d-bd3d56ae0459,C0486,1043,177,4.0,784.08
6b6390fb-5124-4ba4-aeec-f34ec01cb42d,C0640,1022,60,31.0,1878.87
3c4ed38d-7cb9-4e40-8796-5c335efc4a2f,C0959,1017,84,43.0,695.84
62187e9f-d7e9-45c3-80d6-8a66a04e3c4f,C0603,1027,169,18.0,1566.33
bdc63402-3a16-4488-b705-124df00cfd41,C0298,1009,163,31.0,343.23
0fd24060-5ef1-40d8-a033-a0416822e894,C0390,1016,45,42.0,1157.02
ea0adaf4-bc95-4534-8c8b-9bc09ebb7cfe,C0531,1028,95,19.0,749.14
09155202-9b38-470d-a851-c7eeaae10a83,C0868,1024,168,16.0,1729.56
f90e1923-e33c-453c-9e5b-7fcf3b761e11,C0552,1008,38,17.0,1344.89
524f60ad-18a9-45fa-b262-b8929bf95991,C0167,1041,168,21.0,1037.27
2ef40dc7-21b4-483f-bd38-d15bcd95279d,C0750,1026,122,27.0,1517.14
1b1ad766-345f-4311-bd14-990fb8a2c19a,C0988,1011,102,4.0,1159.77
ebb1e7ca-ed30-4e16-b5ea-003a2815ad3f,C0356,1045,96,17.0,1874.98
0bed4884-aa21-4608-bfe8-1059af4d0728,C0978,1002,63,35.0,106.42
1a59550d-bf63-4c06-929c-d7e45cda5520,C0879,1015,18,4.0,1293.52
edb9941c-79f6-4d05-8128-9409ab280b69,C0773,1049,58,15.0,1201.6
fe9fd0e0-6cb4-4bef-9c55-fad7a3b3b18c,C0478,1011,160,28.0,517.55
a1ec6274-88f8-49a7-9ead-468c8a150721,C1000,1019,95,32.0,966.9
71e49b89-6961-48f0-9bcc-dc537a1f51c3,C0183,1045,54,27.0,1245.83
1fe241c4-66d2-41b8-a2e4-1cbc4e5876f8,C0806,1014,103,30.0,1683.58
70e7f32b-7062-4313-8ea7-c25548d3e377,C0848,1008,57,13.0,937.98
e2901225-b4f6-4889-854f-bcfd347c251d,C0294,1008,178,35.0,926.18
69ca4e21-58cb-4660-9c12-8d718d10631d,C0279,1020,145,18.0,782.1
f538a0a7-dc82-4015-9c05-996b63b3c85a,C0732,1025,151,5.0,1675.11
319262d3-c4eb-4b52-9242-fe2025170409,C0909,1034,4,41.0,1974.69
7dea2c05-f992-4686-a56f-e3581fc5f07c,C0353,1037,90,42.0,1657.61
c2e67c89-ca20-476a-9343-3742aa8e240a,C0606,1040,133,27.0,1015.07
c8868aa5-90ca-47d8-851e-99fa77ad46a2,C0086,1033,134,45.0,359.59
5e42ef44-dd86-4fab-9af9-c2226d187e24,C0418,1028,7,46.0,822.21
0fe213cb-7c68-4281-a043-25896ffe07b5,C0654,1008,3,26.0,1338.89
77929634-85da-42be-b190-51ce301c2582,C0797,1031,31,7.0,309.14
36b06c22-69db-4cbf-8025-a3c8d08a286e,C0965,1030,16,27.0,1520.05
7c1861bd-d3be-4233-9f09-4bbcb780166c,C0692,1001,76,43.0,863.05
55207879-8ac2-41b3-b264-d390e9d3a876,C0781,1003,93,9.0,1497.32
e15f0608-c74d-4711-a6c6-66c5c53dc557,C0820,1012,161,24.0,1483.05
9a24b72f-9756-475a-93d8-fd6052fb0653,C0826,1025,60,2.0,491.3
2783a7d4-1acf-44f1-85dc-10a7c3960ae4,C0765,1009,93,40.0,1409.61
eff632a4-8e1a-4f16-a363-2253935c23ba,C0271,1018,118,3.0,565.28
d1f33e7d-6315-4bbc-9782-ed2edf01791b,C0234,1040,64,19.0,1015.07
330088b3-ecd6-4e7c-97e9-da53dca2478b,C0023,1045,51,9.0,360.1
6442f742-196e-4adc-aa81-35c89d8dd521,C0336,1013,32,34.0,478.18
6a78972b-64a9-47ad-8d19-488c1619feea,C0060,1012,152,39.0,213.08
347cbebd-9731-4bb7-81ed-add4b88f86ac,C0556,1002,91,41.0,1800.59
52bb8e5e-a1f8-440c-af45-a545d120d248,C0468,1006,3,45.0,1458.41
8c03cb8d-76c1-4967-ad52-717025f2c006,C0915,1014,81,31.0,192.48
a7023963-9b7a-41c9-8b4d-49b1229bbe1b,C0717,1000,59,31.0,612.48
5406ca3f-7a47-4852-8cdf-710db82667d4,C0968,1036,167,9.0,1759.52
f500a7de-0538-47f9-a25d-ae05665d0436,C0261,1008,181,5.0,535.77
972745ce-e0f4-41e3-87ae-ad8fa7e9665f,C0532,1011,159,47.0,868.96
fb26c4d2-8eaa-44f1-9b27-9e08eb8c4d2f,C0818,1036,157,40.0,757.26
f38716cc-ccc5-4d46-9a54-b286f3eb3acc,C0931,1025,37,17.0,864.29
d8495c28-f7bd-41f5-aa1f-9e28cd029767,C0712,1017,28,22.0,1733.35
09813b47-a372-4275-8602-865703d057c6,C0910,1034,151,30.0,1005.4
66e6f89c-bdc5-4fca-a520-b2ac90a2c01b,C0682,1033,133,4.0,1613.6
d40dee02-7602-4081-835e-979200f5791a,C0384,1031,12,24.0,1529.61
2a02b35b-1f6c-4be0-8d81-79a744477ef3,C0402,1036,29,38.0,472.48
e773aa0d-5da7-4a34-ac9c-7414ef9a95f5,C0721,1003,109,46.0,1520.4
02c33b39-c40d-47a7-a778-08b0273bb580,C0164,1001,115,18.0,1793.02
0b44f2dc-8986-4db3-9ebe-52743ab6f9e6,C0518,1016,160,30.0,408.09
493c5676-1142-4ea0-b56d-76e00b445259,C0065,1005,60,29.0,351.25
85bf41c1-e9d8-4b14-94b1-797093998b88,C0900,1023,73,44.0,385.15
ff10663a-bcb8-4579-b521-95b551730cbc,C0851,1024,102,47.0,249.72
b64e22b8-faa6-4c00-b9fd-3ec3549a5d4d,C0812,1021,30,29.0,1278.98
83feac97-aa5a-4bf6-84ca-8d1375cb9893,C0289,1017,162,30.0,206.05
69f87711-8b91-46ce-b69f-bff3ca05dc08,C0429,1041,61,11.0,63960.01
671a8a95-a11c-41c3-929f-922db07841b5,C0308,1008,21,9.0,811.89
5fb82577-ac45-4356-af05-31c567f5240f,C0448,1024,164,9.0,1324.85
30bdaa73-3dbe-4309-8785-3e8c340afbba,C0940,1016,55,47.0,198.46
dd863259-107a-4273-ba57-1efa36d34ce6,C0244,1000,178,29.0,239.86
269cb93b-3258-4e5a-a0e5-fd9802a48bc6,C0982,1000,99,50.0,1418.93
940d291b-394a-4ea0-93d9-a42ff59a3a45,C0724,1024,41,6.0,442.51
4f43a2dc-6c33-4d06-9149-5ff1e09cb8ce,C0133,1037,92,21.0,146.2
1b7e72ee-7742-4142-b555-3866b084295c,C0352,1038,47,2.0,239.99
77078023-306f-4761-9101-f1bf949a60eb,C0734,1023,47,2.0,1526.53
7b290f6a-6ba2-41c5-8bce-1021a4858e2d,C0087,1037,157,4.0,1411.65
a04d56b9-25dd-47dd-ba84-28d8c8b05a78,C0861,1036,106,23.0,1839.6
d74461fa-c003-4570-a90f-99c0fddc4168,C0629,1015,90,33.0,1475.71
a5730afc-72bd-4d4a-8620-6a812be4f947,C0544,1017,175,32.0,1362.39
f1033ff5-f313-43f0-ad6a-e7426d2431e6,C0666,1034,77,20.0,1015.07
654e144b-36ab-4372-9714-c765a4f8d319,C0102,1001,161,45.0,511.23
2e901c5d-e7da-4f07-85ce-8127be0dbd4d,C0508,1032,50,48.0,1588.07
92db14d4-e5c1-4eff-87a4-779e1192e100,C0716,1024,87,30.0,1749.58
5d2d0258-d758-43e8-b653-4b3fa4e300f8,C0212,1046,21,43.0,1816.77
d23d9b2c-43a3-491d-b90d-e258989ee9db,C0635,1004,78,20.0,990.71
8afb279f-53f7-4281-92a1-014be8015e4f,C0079,1025,94,6.0,1687.0
9b921b74-d06f-4da0-a96b-ef5fcd03f2bb,C0150,1044,143,25.0,366.99
937dcbe2-e822-4d20-8330-21ecb8f65fa2,C0476,1049,102,50.0,1799.8
01dda759-0942-4f3e-b023-d3e5e908f03d,C0232,1030,116,45.0,1475.57
c8316924-3975-4561-b913-346ab43d44cf,C0414,1014,73,10.0,650.25
29506011-b635-405b-a44b-0a51cf5f5390,C0881,1003,18,40.0,93.01
07274a51-9be1-413a-95a1-b87dab31159f,C0090,1040,154,37.0,1798.7
1cd4bda4-5b35-44d7-8158-77a39d078879,C0897,1008,11,43.0,1625.87
8ca3d3ac-0a4c-49ce-87bf-6dd84addfd77,C0464,1048,11,36.0,543.7
d20c1a02-1423-4fa8-885f-b15f8b2e107f,C0633,1012,62,21.0,170.65
8236b113-d13f-47a0-9c7e-2b895eef755a,C0434,1015,39,37.0,1608.03
ad4ac134-afb8-4d55-9a93-a65cfb133711,C0067,1040,42,18.0,897.07
3bc95c56-639f-4731-85d6-09dfb9e5c8a7,C0898,1026,65,9.0,188.15
8e664307-f2ba-42ca-b1c6-bf03211589d0,C0189,1006,166,8.0,1354.9
ee609c4e-e0fe-45b8-ad7d-593d461bdbdf,C0775,1028,137,48.0,464.88
b3cdd6f5-f8a9-48a7-87ac-4e7c2b044058,C0166,1013,66,17.0,1901.87
7cceffdc-b999-4e8f-9311-2c5a1fa8ab9f,C0371,1020,103,42.0,1974.43
ce48744b-f5c6-4ea7-b552-c0c2ead87255,C0739,1032,77,30.0,593.77
a6d99594-a5aa-417a-ab19-b08da456bd19,C0605,1002,102,9.0,1560.2
80b02cfa-52c8-4386-b605-3306e70abd3f,C0154,1030,45,5.0,52221.74
a61c4b83-ce75-4011-a489-73b656502002,C0753,1038,75,36.0,1175.75
7e595966-4b3c-4f41-ac0b-a7fa965c7556,C0012,1041,121,45.0,936.55
a8ce74ba-bed7-4ca3-ad0f-be339da0cc0d,C0345,1029,155,17.0,1235.21
9a8999ee-92e0-4286-aaff-713946680a43,C0886,1008,14,14.0,873.7
b8a22d74-7767-43cc-819b-b623cd0b6453,C0515,1040,147,17.0,558.98
5c6984c1-bec1-4e3a-9bd4-50c4a8b504b1,C0195,1030,55,17.0,1565.24
33a1bd1e-c1ec-426d-b9ff-1c48c3b313f6,C0828,1015,66,19.0,1221.66
eb18eda4-1543-4da3-9c98-9a027e75b532,C0030,1021,43,10.0,129.65
97aa125c-4fab-4210-b74f-ca68571c2f6e,C0421,1016,19,40.0,1061.48
6a7a741a-622e-4fa1-8897-3411836cbf72,C0596,1030,29,29.0,296.44
de819fd8-f01c-41c9-999a-dc231f2e6e32,C0234,1047,148,29.0,1239.99
0ed2162b-26db-4c48-9ab5-02f751ace0ee,C0064,1006,88,27.0,659.84
8908a784-fa5a-472b-86fc-1d88cf98fac5,C0009,1042,85,9.0,466.59
457115af-7ff4-4540-95dd-fbf0b415ca6a,C0570,1032,175,19.0,1168.65
94e91dd5-e023-4d9d-b365-5b48e857f2a4,C0315,1043,152,42.0,1015.07
70284754-6e10-40a4-b22e-b36c1d7104c5,C0003,1033,40,50.0,1293.01
f92c9a88-791c-4d1e-b080-51734ae3d73f,C0574,1012,168,13.0,660.59
1c851be9-9ecf-4fad-bc85-fc119596f86a,C0339,1026,162,50.0,171.02
d20140e7-fdcc-487c-b3ae-67f0b9c05981,C0756,1000,69,24.0,172.46
b1f27e53-b42e-4a63-8144-88a2e540defb,C0625,1039,163,23.0,1015.07
e465d346-2788-465b-b844-25204db1fa95,C0371,1022,28,6.0,828.39
cf2565e2-3b22-460d-82fc-9f35753f5098,C0946,1015,155,17.0,1724.37
34f0e2ac-4140-4deb-80ec-346ef7ef0e11,C0515,1041,35,12.0,1015.07
87b70754-29f1-4d9d-83f8-26fe66b860f9,C0993,1005,85,4.0,838.61
f6ff2454-35d8-4a7c-bb0e-cb06ffca2209,C0393,1005,161,8.0,1015.07
2d9a27cc-38e4-4c28-b9f1-24df5ee609c8,C0549,1009,29,49.0,1133.79
4eb01b71-5ed3-4cc5-bf7b-95febd32b4a3,C0451,1007,170,34.0,1848.85
0ecd28b2-9aa4-46d2-97cc-e0f1ffab1986,C0790,1003,32,43.0,381.67
69d3d19c-c10c-4d0e-867a-9487592334ae,C0468,1039,106,41.0,261.85
1a177b28-4d65-4326-8e59-197de97a2fba,C0178,1033,135,29.0,1379.31
34d0c6db-e32d-4280-8d38-8dd4909fbe6e,C0307,1020,75,8.0,706.93
917295a2-36a0-40f0-90d8-06935ab5d270,C0889,1033,79,4.0,1615.36
1d33b618-6543-46c7-8496-2acd38af9058,C0005,1004,26,42.0,1277.88
7a256592-cbe1-4637-92df-0b0bdc2dc143,C0251,1018,147,12.0,1816.04
e8e33257-b678-4a0f-9b2e-180cc1aa1a28,C0207,1011,91,34.0,177.45
8a0f9306-ef68-4df0-9e71-f6d275b6caec,C0887,1039,30,22.0,1631.35
b752bdb8-baa7-4b53-9fa6-5032f09960f5,C0942,1008,108,33.0,114.09
21fb7611-34ad-46b7-a169-20e7be5c96dd,C0898,1026,159,47.0,1015.07
a238f015-206d-48be-90e2-e658f7a13571,C0565,1018,32,22.0,95.81
dc0e2b58-e6a6-4a33-93b9-ef0fb5bb0d45,C0645,1019,90,7.0,1282.31
a84a53ee-2eec-4286-a9a9-876e87b715c8,C0063,1031,94,33.0,1282.28
ff3d0629-ba75-4a9c-b894-dd6593e2d265,C0299,1035,26,42.0,997.33
11966748-3bab-49c2-9722-5f4fc49b1e13,C0361,1046,25,31.0,1548.4
fc4224b9-35e3-4d4c-9ac7-7ad67587a223,C0791,1013,100,1.0,292.87
d6734ef3-9fef-4911-b4e5-e14c7475474a,C0326,1000,162,7.0,1743.25
89362d31-8235-4b00-8110-39a8e1570283,C0917,1021,148,22.0,1015.07
c406c27c-e742-4a85-bb2b-316a4368cf4c,C0156,1013,40,41.0,1762.51
3ab81284-c138-4289-b258-0a2281d427c5,C0339,1042,119,35.0,1452.85
8e21f5ef-f307-4382-9061-198a6e96cb47,C0836,1009,131,46.0,365.28
8e13c0d6-3d13-4b19-941c-8b9c66e2cd80,C0558,1029,105,44.0,398.02
a7594656-f2be-4c8d-a858-250ac70739c6,C0417,1011,153,11.0,1470.83
c738da67-4e46-4e01-9eb8-9789f9b0c034,C0372,1013,85,48.0,176.15
bfcec913-ade6-409a-8a15-d92f178784f9,C0245,1014,14,9.0,1891.8
0917d527-a412-4173-8c8f-08351c784eba,C0361,1043,71,18.0,1475.71
d46b6b71-bd3f-4610-b6eb-075b56768360,C0923,1036,15,28.0,817.46
a47c9dc3-304e-4234-976a-3996291b1cad,C0263,1044,128,48.0,1341.19
915398c5-9a1a-4e60-8a58-81e45abcf6ee,C0221,1006,29,1.0,438.07
1c007b20-5758-4318-a1bb-7419562b9278,C0299,1028,179,2.0,1961.77
118453d9-9da1-4c23-8b50-8e12979c65ee,C0621,1045,102,8.0,749.78
916206e7-8d9a-4145-9b3b-8df973fee6bb,C0076,1007,80,15.0,1590.61
dc237327-8386-441d-a5a7-d827b3c30253,C0419,1049,149,13.0,837.03
eedc761e-27c7-487b-b5b8-43da71d525fc,C0200,1008,129,4.0,131.67
b22c14c8-e9c0-435f-ab7f-67fc386f1a60,C0960,1033,177,31.0,117.43
86131436-e63b-4de1-8720-cd5d651d60d5,C0054,1027,130,16.0,1269.25
03dcb0e3-d524-4071-8e97-d57b93efd77f,C0184,1014,13,45.0,278.41
574b7bb9-238c-42e3-9db1-38d665d181de,C0955,1004,31,24.0,1841.19
b6d21c5c-6ab5-4c6d-867a-42dbca2ee897,C0708,1021,12,41.0,1326.58
d34081ac-b5ac-4b63-94ec-880009e16f95,C0300,1045,119,43.0,1455.71
8b3cc577-477e-4223-bf6e-9f8df24a4be0,C0949,1041,88,43.0,312.88
0d1ec7c3-e42a-4d42-9000-c4314a7422b0,C0158,1014,120,18.0,1348.56
90bd52e0-949f-4e2c-966c-be72bcae61b5,C0738,1007,157,11.0,1700.33
dbf0bd04-601a-4bbe-87e1-916b53064012,C0294,1034,75,19.0,1233.09
0e9fd2a1-26ad-41fc-8c5c-0a3be367ff89,C0187,1037,138,39.0,937.71
768d0189-ebd1-4e7e-9cea-c3b96f6b2497,C0663,1007,107,7.0,874.26
b04b4b71-22a4-4a88-8ce1-3ac695339606,C0228,1021,147,34.0,1031.65
e0dfdd73-a808-4d98-9db7-8bf182597971,C0089,1013,115,15.0,457.42
46dd9781-da53-4b69-8ad9-28eae97c36bd,C0427,1014,33,5.0,751.42
0f45945b-ab45-44f1-8a93-69ec1e8e2c1a,C0954,1013,161,14.0,380.36
3133e242-2ec8-4781-88ed-8dc645a96ba9,C0728,1007,10,27.0,1084.47
a46c3a7d-4a28-4058-b0ed-d8f56573995e,C0036,1011,39,4.0,816.95
51f71723-8386-4a7b-9ac8-d5b6f989c72c,C0812,1006,87,29.0,1614.39
065c9f2d-e7da-44c4-b5ba-5069ef8114a9,C0993,1029,142,17.0,581.48
a3637958-29cd-4731-91b9-279b2b5b4e20,C0114,1024,138,34.0,946.75
9a587c3c-861e-4d54-9b01-2bdce4690a9a,C0200,1001,31,25.0,287.69
01bd3e41-0228-4d5f-9d51-54083c8084d4,C0821,1034,129,18.0,169.56
51d8ff9e-be4d-4ea3-ba9d-7aab2cfd7cab,C0611,1024,164,30.0,1679.75
88d4fd03-07f0-43f7-b7a3-267635a57d38,C0034,1010,165,40.0,1666.02
71e4e5e4-b60c-4276-92d8-6b33230c725b,C0125,1002,11,1.0,1697.2
c918d6c3-718b-42cf-9a98-df16d30a628f,C0714,1040,72,22.0,1977.1
0344907d-ebc1-4e01-afc8-b62d11cdba1e,C0521,1038,167,30.0,428.89
270b1311-3dd9-4464-b8f8-9244bfdd6dac,C0066,1021,70,40.0,1015.07
6e0025a0-0788-423d-b483-085562c0a1e3,C0159,1040,116,36.0,180.59
773130e0-ffd8-4dda-b12c-cde21dacd4d8,C0848,1038,56,28.0,463.65
434fa957-6569-42ac-b537-ab7d33488e6c,C0232,1033,48,4.0,287.54
07097a5b-1095-4b1b-ad53-a33508dca59d,C0831,1023,70,47.0,1716.56
4fbc0bf9-d2fb-4d5d-a5df-4b6b55c0d813,C0138,1002,124,20.0,1260.2
cb77d0e6-6c03-4714-bf0c-f6bb668bce51,C0835,1000,95,15.0,739.93
1ad154ce-ef2b-42a7-879c-0e912a5552a0,C0011,1045,79,46.0,675.71
d197ddc0-dc5e-49a7-a211-126d2eb0a038,C0136,1023,142,8.0,1488.32
97487402-ff49-4430-bf42-0663c758bc98,C0538,1002,103,35.0,880.39
5b05d339-d487-4a02-9059-6004ef2cddd7,C0472,1048,169,28.0,1256.36
70f07d38-b606-4f23-99e1-02b6d56bd046,C0848,1044,141,47.0,1519.67
1587746d-7f6e-4cf1-9eaf-939415464274,C0544,1025,81,29.0,1636.03
1cf7b2dd-e67c-437f-b975-22ccfcede30c,C0592,1048,161,18.0,430.71
c0b46b5f-d72b-4cb3-821b-5f55ad9413fa,C0319,1027,124,6.0,457.61
7444c933-56f3-4a09-830e-56545de20618,C0882,1006,128,26.0,972.38
2d591969-9437-4b9f-b7b0-cf71a002ac79,C0695,1028,3,13.0,1821.78
038b8d73-3c01-4de4-9ce1-188e1b7c5029,C0274,1027,72,37.0,1244.51
fe6ea46d-669a-4aee-9532-133252b0efd2,C0605,1038,14,26.0,796.23
095495dd-d00d-4f67-a26e-8463967f724b,C0133,1018,14,35.0,1075.6
c5fcafc6-069c-4f83-9c2f-9415ed2c5e70,C0142,1040,5,25.0,410.44
7a2b531f-d866-4367-988f-7b4d3f23ec34,C0199,1022,151,28.0,1982.74
01208130-10d5-4c77-8a75-c1c2bbb26cc7,C0349,1010,136,49.0,220.12
a0a4b32e-c0bc-4dc1-8519-994b92589b93,C0388,1034,51,14.0,762.19
7f6e102b-0c62-4524-bcab-20f03178e577,C0910,1042,140,50.0,1488.49
a171f055-89d1-4bf8-9083-8a928c100cdb,C0337,1031,109,33.0,1215.73
138d5455-3b4a-4653-851a-a1f08bd175e9,C0067,1004,152,27.0,725.75
9ece290a-7bcd-42fc-b32b-a5f442afff69,C0917,1003,100,27.0,1100.71
d171a232-1e24-472c-9721-14e878a631d6,C0674,1040,12,31.0,1847.7
ae3f737d-aa5f-44fa-8343-bb054da6b8bc,C0162,1032,160,15.0,1734.91
f9c6f182-cc54-483b-ab8f-64fa82d24dd6,C0876,1027,38,22.0,1085.92
c15316e6-f010-4417-9929-8b14fb62b7df,C0954,1000,49,4.0,1717.59
e268bab2-62dc-4199-bbf5-300449c624ae,C0369,1022,143,2.0,603.74
c321f792-d045-4936-9944-931497acbbbf,C0048,1012,20,30.0,362.39
57be113b-5373-47f8-b944-67d9131a47a4,C0069,1049,133,8.0,714.35
7417bfae-0c6d-42d2-bab7-0c6cf2b333c5,C0914,1048,22,18.0,98.48
f57e87a2-382d-4f16-b548-6dccb41be8de,C0540,1031,164,12.0,1403.54
dc38ac5b-e166-4c0a-a58c-48f497ad7c37,C0709,1018,28,4.0,1510.42
ccd0e03b-b01a-452b-a897-1725e2a6213b,C0639,1004,115,8.0,1912.71
7805e892-f696-4573-b8ca-17d73b467239,C0269,1036,109,43.0,378.29
f2bb0e7e-3aa9-4e1a-8748-628bcae9b435,C0219,1035,104,12.0,926.03
3b997aaf-f762-4837-b177-fd10b6f4b85a,C0173,1024,137,16.0,1015.07
170c2293-ccbb-41d6-b3ee-3110126a2065,C0618,1007,5,25.0,653.64
53d20ee4-a7ef-4a35-a15d-9ae46cd1e2da,C0972,1049,112,10.0,1672.64
e66159a5-3c10-438e-ad13-3eb2f8dd0ba3,C0194,1002,31,31.0,680.44
beadf907-9ef8-43e8-9239-5c4e01057d71,C0338,1026,21,43.0,1517.76
76d458c6-1581-4cd6-91d1-ddd1c7dd0f08,C0795,1036,33,44.0,1255.4
75909a6b-a580-40f6-9e67-1d1e4ad46a73,C0301,1000,157,45.0,1540.09
c5b02d65-5e5a-46bb-be43-4136382a339d,C0824,1003,97,44.0,1970.6
9c5dd077-657b-4780-8dbf-591ab9ac4661,C0265,1038,89,15.0,562.55
98e62c2e-30cd-4644-a5ab-45273ddc53b5,C0440,1013,41,37.0,562.29
1c339bf1-2a89-45a7-a165-5ee7b5a48f54,C0105,1018,181,44.0,223.42
ac171581-31ed-465f-87fd-33aebf7ad818,C0263,1007,53,10.0,835.98
cef71b8c-ceb0-4592-b81e-c9819fa5b784,C0799,1012,75,31.0,551.37
b1bf9b31-c3ab-457c-aeb2-b9feedc8e72c,C0564,1045,42,22.0,1144.87
919de673-40ab-46e6-a820-39f5fe8882ff,C0716,1017,158,27.0,588.97
c7647761-4815-4aaf-ad8f-8fa593975fb8,C0560,1012,174,47.0,1068.16
6c7f64a3-7455-4b75-a351-745b78b29363,C0743,1046,113,16.0,1342.62
fa2b68b3-61cd-4601-9ea0-761cc705ed28,C0345,1019,177,49.0,1460.61
08e351ea-eee7-435a-a7a1-78bf0eb40a74,C0006,1005,89,9.0,1981.45
24f75ad2-9622-4a67-b1dd-a8829e4ee55b,C0309,1011,36,11.0,461.1
99238051-529c-43bd-abd8-a7ce746d0238,C0426,1013,36,42.0,1610.46
ca9dd9e5-df9d-430f-8b2f-f31cd020efdb,C0886,1024,75,48.0,950.99
5040d26a-6ff8-4b20-b73d-1db08af525c7,C0865,1026,151,14.0,1932.95
02b0f406-12df-405c-90df-f01b926ac609,C0790,1026,87,26.0,291.2
4005e204-cab8-48e0-bf88-3281f7e744da,C0729,1014,144,19.0,1015.07
c3a53b9c-9b57-4707-be4a-dcb6c429b8f3,C0894,1016,48,43.0,1015.07
6c90f2ca-3a0d-4403-907a-047a76ca8bdc,C0709,1042,141,31.0,1952.73
dc54299c-3525-4349-be07-74618cc29946,C0488,1000,117,49.0,1171.69
5273d22a-4277-4a7e-9bc4-660d6ba48fdc,C0794,1040,33,18.0,192.62
e2f1b26d-6f2b-4a84-b1cf-3190659602df,C0125,1021,12,26.0,720.03
13ffc092-7b53-4dc2-a93b-0372aaf55a36,C0794,1011,139,27.0,981.95
90737cf2-e156-4c45-99d7-18024624e3c5,C0517,1047,88,24.0,124.68
154793fa-66a5-48a7-9d50-b97f6c482b54,C0862,1035,160,1.0,1605.94
3404f1eb-8a34-4c0e-8687-ca714f056623,C0148,1029,42,5.0,841.4
04c9eb13-2a67-4264-bd6d-9f0674fcb55b,C0331,1020,90,11.0,465.81
cce32d01-1cad-4dd6-9370-78df5500ddda,C0436,1037,3,13.0,1222.55
ad8dc4ce-59ef-4284-ac1c-425cb13901fd,C0946,1013,86,42.0,602.0
6d4e0646-fa69-4525-8dcc-8793b93985b2,C0426,1049,55,5.0,1015.07
76ed4aa6-5563-4fd0-a000-f05cf6c0386c,C0598,1027,161,6.0,1131.72
e273c170-68b3-449c-9038-466a9f08850e,C0105,1001,47,15.0,317.65
232f515e-47b2-437a-becf-315683e0c458,C0372,1016,29,14.0,245.83
32f954e4-0eaf-4903-b9e4-cf50978de938,C0270,1032,75,50.0,1204.87
56e4488a-c2f5-4e6f-b9fa-2770e8641f37,C0827,1000,69,28.0,606.91
4bc9d351-9918-4e45-af62-e5901f32ffbf,C0431,1035,29,24.0,1701.57
b5fffb5f-8c49-45ab-a09b-43371bc55f68,C0215,1043,153,47.0,1789.18
ae2d608b-a1f5-4529-bd2a-7ff259e0213c,C0475,1012,104,15.0,1893.37
a26540eb-308b-454d-ace9-b87fd33ca8da,C0657,1036,142,7.0,1182.72
09d57dc1-deb2-479f-aae6-30b7e442a324,C0130,1021,46,30.0,889.45
44afdd42-7d1f-4273-b2ab-4b7d389ede97,C0497,1005,17,40.0,1109.49
1860a34b-93b4-4782-956e-e6306352ae33,C0742,1045,7,20.0,384.54
2a76c48a-1981-4c61-8205-aeed80defc2e,C0378,1002,155,26.0,1435.59
8a4f6d7d-f7ff-4b33-b015-617dd8a0d9f9,C0898,1022,167,50.0,549.12
175a21b0-b29d-46d3-8f94-4b4caf49bc04,C0870,1033,102,49.0,1034.16
78aa744a-accc-48db-b4e3-468d1905491a,C0911,1035,61,50.0,775.5
beb3ae20-12f7-456d-84dd-7de5c3d9b043,C0593,1021,118,27.0,710.92
2da67ac8-dc3e-4dab-9a6a-e3a9c0004228,C0523,1035,32,44.0,942.58
e25d5e89-dddf-40d8-bb48-21875b92b0e6,C0087,1023,176,23.0,1594.22
e84cf5c8-11a5-4d8a-b21c-8b63628eac1a,C0011,1014,60,15.0,627.84
31592550-d350-4ac9-9495-993327a93b96,C0668,1044,147,23.0,1470.32
e59e2773-c7e7-4357-b070-75138abe6bf6,C0626,1031,20,2.0,192.0
0ca811fa-5ee7-4e06-b84b-2c4477cd646b,C0417,1040,87,24.0,512.95
6d9129be-823a-425d-81e8-ff18f1160ba8,C0332,1041,72,4.0,1015.07
1db52aee-1e75-4150-a6f8-00c62d4a63e9,C0751,1026,47,49.0,1358.49
55b04567-1c45-4dda-9618-304b2a31ac72,C0378,1028,85,18.0,1015.07
0d710d4d-a469-4ffe-bb52-27fd8a1a3cd9,C0787,1012,24,28.0,860.0
9327d34c-0240-4347-af95-a9ac6adf2a09,C0972,1021,173,35.0,824.09
7c7e47f8-d103-4b24-b8ef-c60c20d165d9,C0426,1040,24,30.0,1614.31
19c4abdf-d4e6-445b-9cdc-1ba6bd98b812,C0209,1014,139,29.0,1342.45
d34fe91c-329c-47b7-8726-0bbe16ca4d59,C0723,1021,162,40.0,1241.09
2703a83c-bf92-46eb-bc02-8b827edcee02,C0446,1004,92,22.0,991.82
d2ec56e4-e23c-4026-8d25-b710da01f124,C0699,1029,31,42.0,1136.35
32411815-3fac-4c48-899f-70410207f4ac,C0017,1016,90,12.0,197.54
b8a626de-22ed-4ddf-b4e0-5d317a9e843b,C0495,1024,45,12.0,1823.54
895f4deb-0d91-4b62-ab04-b3c05a804d2f,C0161,1031,132,31.0,846.0
e9ec9661-8fde-40e7-907e-b04a377ffaaf,C0709,1003,54,50.0,1432.35
c8374ea0-9ef2-46e7-9a50-56e66d8a30bb,C0230,1043,136,6.0,213.93
5d0a8ced-15e6-4e4b-a100-402e68672276,C0978,1022,17,2.0,1874.2
91a06720-134c-49ba-a2a5-b282ad980b0b,C0625,1026,41,18.0,1246.3
55d49178-f7ee-4588-967b-c08d3530d1d9,C0700,1036,38,49.0,1015.07
d9074767-8e28-474c-8a80-cb1121ea8535,C0479,1043,145,21.0,793.26
b706c1cb-569b-4e62-baa4-49d8ede9f870,C0381,1012,89,3.0,595.58
eb77d914-452a-4947-9666-a224d05ff904,C0405,1032,155,19.0,944.7
11934707-ea20-42a4-b382-5fd573506c0b,C0146,1037,73,8.0,1099.21
3586db35-3ce1-4443-9487-aac42216ba4b,C0286,1001,39,11.0,1015.07
fdaf35cf-2397-4fba-8fa7-b9711065e7a2,C0057,1041,106,35.0,810.69
3656caab-5534-4d65-bbae-963f37eed420,C0557,1000,174,34.0,1495.31
ae1eedf1-a0ad-4c6e-8028-3101063c2e36,C0027,1023,83,47.0,1415.27
5acc3cb6-cab3-4a20-916f-875326d11b90,C0107,1015,131,22.0,496.77
d83e9e8b-9719-4e38-b915-e4eb45c7b145,C0891,1002,117,2.0,87.91
c72875b4-f113-42ac-a413-1696c2498d1f,C0177,1034,168,24.0,1015.07
3ccb1a11-25fc-4f29-b977-e89750290487,C0940,1011,60,28.0,1835.6
23c32fdc-3a18-4453-aa8a-3c761cd9f789,C0697,1040,125,13.0,1296.15
9257bb56-ecf9-47f0-9e43-c669faef95ac,C0351,1046,134,37.0,204.99
c01aaaac-7c80-4a18-96c5-05b078d9d78f,C0746,1007,126,15.0,1124.5
2d780c4d-12df-4fa9-95e4-b4e2e777242c,C0066,1028,47,33.0,1015.07
3f7f93ba-3eca-4208-b2fe-0b72ea34df65,C0127,1015,160,43.0,1871.8
e770bf9d-9902-4319-81ad-c64e2d1b50e2,C0967,1038,135,10.0,1625.89
6e34ecf9-d199-44f0-848b-625fa3e2538b,C0633,1035,6,8.0,880.49
4115bc4e-f06a-479c-a627-11e4d7d64314,C0506,1010,126,2.0,1026.09
65651419-6e01-4dc2-aa20-2843ef6a16e2,C0858,1017,134,25.0,1731.9
5d9ea546-6688-4eea-8cdf-9130d826330f,C0018,1019,71,1.0,1403.02
d3968f74-bb6b-4328-83e7-35fe13f0d7c3,C0491,1029,60,12.0,856.04
0e05e77c-cfd7-43b0-a275-bad9be667fcc,C0437,1033,13,17.0,965.15
b88ca1df-9898-4d9a-9436-6bf2e9983b9d,C0881,1022,30,39.0,1810.3
4ebebb71-1a35-4c43-9f65-7f4a40d9f9df,C0623,1049,94,45.0,598.42
70804d23-ec0e-460c-a10a-6cbbad699146,C0881,1008,32,14.0,869.64
8f9e6005-a08f-4be4-999f-471114789136,C0923,1040,101,2.0,483.24
86a437b8-4967-448e-b12d-c86bb0f44eeb,C0955,1049,89,41.0,1573.42
0c1eac2b-ef96-4497-92a1-c584a50d62fc,C0914,1012,66,28.0,1232.29
705e8d86-e250-4f2c-a001-449716be64e1,C0484,1005,68,4.0,1245.71
7690c430-9adb-446b-bc51-bd2d5bbcce5c,C0111,1035,9,35.0,71.61
1ea06ccc-98a6-45be-8457-e100a1fbb4e3,C0108,1027,132,33.0,1923.87
91094d6f-e843-423f-8d80-6e37e43daabe,C0838,1018,43,40.0,1034.38
87cca675-8cc8-462e-8506-35b15b0a094f,C0387,1010,15,12.0,1934.95
f0039b91-a9f7-44f0-94f6-8faf8bb7be26,C0148,1001,17,47.0,655.31
f4378974-c3a5-450f-bcfa-002a588ff888,C0914,1035,16,9.0,1549.46
18475a90-6103-440d-b166-4ad8523b4f32,C0030,1030,80,36.0,738.45
afe770cb-23a4-40e6-9ca5-7bc980c50af3,C0009,1001,69,35.0,386.82
817473b3-5a3a-4cdf-a34e-1f32f0d7244f,C0426,1012,5,34.0,791.4
1124698f-4a98-43e0-9dff-1ee4d97c261e,C0519,1036,8,19.0,555.58
5183bd06-cab6-4e64-94da-e3cc76f56937,C0085,1013,112,3.0,1298.63
836d4476-2426-4ac5-a178-40f9e37dc403,C0532,1011,71,30.0,1414.99
0c965e02-eb84-4d90-835e-86f6f883331b,C0027,1035,52,32.0,1015.07
64579946-84b9-4112-973d-64ba2552991e,C0123,1009,117,11.0,1962.78
b96110bd-a844-4b57-b8a7-0773c0934cac,C0529,1013,26,32.0,506.96
474b82a0-6c5e-4d6d-a815-b644dfc96645,C0071,1039,35,15.0,410.44
332b81bc-09f5-474a-81f6-c5ead7832a85,C0746,1003,54,16.0,1578.67
8289c21d-e6be-4276-9df4-eb88fc18a9c9,C0194,1029,129,22.0,1076.58
0fa455b3-59a2-401d-ae27-c0131b03c6ee,C0015,1036,55,35.0,1145.23
3666d3ef-583d-4a88-bfd6-026dec8c754a,C0196,1020,86,19.0,1152.94
d45d6952-c89a-4a42-937f-c6438b769d57,C0750,1022,85,44.0,1462.21
f9590374-2a15-4240-8f2b-531362bbc0f5,C0816,1037,137,8.0,894.23
cddffe6e-86e3-4ad4-aa7c-5eff2fc05490,C0061,1042,91,9.0,1624.34
d90ac8c5-307d-4282-810b-aad44a5c6446,C0437,1013,45,42.0,460.62
437d475e-371a-454a-a7de-e565e093153a,C0537,1010,48,28.0,1333.55
6561cda0-f624-4a98-8a1c-f1af9489443e,C0735,1043,127,11.0,1119.42
5d6f08cd-3b32-4929-a461-77a8218bfbad,C0862,1008,54,45.0,65.2
dedf112f-dab2-461a-9883-71455df3d462,C0349,1001,109,35.0,1212.61
f9518716-5d5e-48dd-8437-2677f6d96f4d,C0823,1004,110,29.0,297.95
a8e60f91-3e05-4253-9733-66b75d29b712,C0897,1024,176,21.0,1298.03
b4880057-9d83-4839-a2a5-535d6b1046f8,C0028,1030,61,14.0,982.19
b47373a6-4b93-48d2-b7b8-86b1a1602a52,C0423,1015,38,25.0,562.67
3117bc8a-fe97-4387-8936-a8ebd44bc990,C0584,1015,161,30.0,1336.64
8812e5c3-6550-48dc-ae86-eef689b0dbf7,C0117,1047,126,47.0,92.31
a77ce7da-4135-4ab1-a2a8-e319f94925f0,C0558,1039,83,37.0,854.16
b09c61a0-9c03-44bd-9860-09f1b55c44b5,C0527,1035,164,35.0,1541.23
4eb8d8c5-eb7d-4178-8c45-0530367f646b,C0272,1001,38,49.0,1659.04
63bf6733-2240-41ee-afd1-f8b5ebab6f1c,C0711,1035,147,33.0,1976.13
cbbae0c8-3d2f-4f4a-84ee-a9f49d190a70,C0608,1013,52,36.0,1810.94
eb1a0c8b-1eaa-4a4a-8176-b1486b5c72a3,C0381,1003,110,34.0,1998.5
2a6954ce-64d9-4a09-b819-36d3b836972c,C0805,1011,111,28.0,1687.37
cecd0fb5-1640-42bd-8a73-c1057025905d,C0746,1023,50,47.0,1477.74
68b629c0-fa54-4a1a-9fa5-c4ba6f4d5115,C0863,1021,175,46.0,1895.37
91748c13-2279-4698-a1b4-10e289f3ff90,C0576,1027,167,3.0,158.83
cf7452f2-df62-4f25-bc25-ce74154d3b9c,C0363,1047,14,32.0,810.43
a7c6c2b3-906b-4030-93a5-2e7ec48f7ca2,C0026,1021,43,44.0,59.59
2869d5ea-d736-47a0-88c6-3a0d9c32ac21,C0177,1046,124,2.0,1548.32
2f4488d0-7714-484c-afd6-8c881cc2eb02,C0476,1037,42,28.0,1314.68
a93585d2-eff1-4965-9455-50800e920e73,C0020,1008,154,36.0,1899.4
ad9b0d4c-7430-44af-8d8d-95e3b49e8d51,C0803,1048,135,18.0,1153.03
a25043c2-9f4c-4f30-bd16-f61b3200c61f,C0001,1032,171,5.0,803.59
60f77a8b-1c98-4181-bbb2-55796e9ee6a6,C0336,1014,131,32.0,1534.88
091d182d-d5ae-4366-93a9-80aea8d2c24e,C0855,1046,82,47.0,974.86
49ef9161-2f54-4673-ac0b-0913a3ca221e,C0822,1046,135,44.0,678.76
9d16a752-d125-44a1-8bb2-7b9de37d5c85,C0808,1048,136,34.0,1291.87
7ec6d7e8-a825-40a7-8b20-f0083cff7175,C0468,1028,84,50.0,1523.59
34c8dfe2-1e57-4073-8c3f-e275aad6c0fd,C0332,1044,17,1.0,1384.9
5887ae83-be28-485c-9e26-394660b3277d,C0560,1006,160,7.0,135.69
98aece35-dbd2-4081-be93-e2ac8d06345e,C0709,1011,138,4.0,717.61
c67105ff-2f33-4cce-99c4-145cbc3d37f1,C0846,1044,164,9.0,1861.6
37fb59db-5a3f-4503-85bb-535d2a3b4ac0,C0761,1022,84,9.0,277.23
882dfbc7-8795-4928-8297-12fdeb77b6e5,C0153,1009,71,8.0,456.28
c634494c-c130-43a2-8608-321d33218c5b,C0145,1023,171,7.0,1015.07
c22e9fac-4a49-4c06-858b-2e966e8cedb1,C0430,1030,13,13.0,1286.21
a5706042-1372-4287-903d-98b145a745ab,C0428,1046,160,17.0,1518.57
eb8f18ba-1169-42ca-937f-bdf06c3a2e9c,C0039,1027,1,31.0,1543.59
cd2caba1-e89e-45e4-83b2-06a7f2350f8a,C0059,1043,132,26.0,214.69
24d4ff9d-3820-4706-8ff7-b0099c9064f5,C0468,1031,169,17.0,512.25
57fdb804-dca6-4970-8eb7-d58e48241a18,C0989,1013,144,40.0,1426.98
8cfcb26d-fe11-453f-90bc-aca2d51fad39,C0822,1018,34,15.0,1171.61
261e38fa-21eb-4522-8309-891067ab1eee,C0997,1038,100,50.0,103.3
45dac73f-f0ac-4a34-9603-00af95acf1ea,C0290,1008,128,50.0,67.32
82057f5f-d340-4ad5-b17a-3764a4365137,C0235,1045,46,5.0,1015.07
90684046-da2b-44f8-b9ea-790410570c72,C0023,1013,138,15.0,950.24
9a3687fe-bb7d-42bb-8567-3731443be085,C0806,1036,77,34.0,1005.53
991105e1-f1d2-4b06-99c6-2123502a09a1,C0989,1035,112,30.0,686.99
ba5df93b-3730-48cc-afce-ae36f35b3d99,C0058,1048,114,24.0,753.49
3e490b23-3a18-427d-9d0a-4c677bdcabd9,C0827,1042,27,37.0,1764.54
93bd6cb7-49ad-4995-b10e-c581c566fb1c,C0626,1042,78,8.0,1338.72
e00103e3-5297-4f49-a504-f0e58bb1c764,C0344,1042,82,40.0,1372.89
cc5d5ec4-2cdb-4da8-bef1-f01fc988659a,C0953,1019,73,13.0,1009.53
89e44c35-8905-43d5-9cd4-62cef5bb1274,C0517,1026,81,12.0,505.74
8b0879f3-e423-462f-aaa1-b74f835cbb92,C0456,1028,23,42.0,1913.72
89ae969b-23c0-49e5-ac41-d4ea0d973fa5,C0469,1022,91,1.0,359.8
50dbf3e2-03a4-48bf-9a1e-c63c4023d30a,C0214,1036,101,28.0,988.29
42d1eabc-867c-4862-bab9-627c903a3b46,C0531,1040,130,5.0,1104.69
d31f4f1f-a551-403f-b996-5235acfff676,C0606,1024,161,49.0,458.66
11848835-27a2-4c30-8d46-095c3a7745bd,C0809,1014,135,1.0,1669.35
cc3c8f74-03d8-495c-8238-7c181986c839,C0261,1000,63,21.0,1971.48
75640c4e-1e34-4a1a-a751-e937f835eb8f,C0430,1029,42,44.0,612.22
59279200-6bca-4b6c-98e7-d5e4694516ce,C0592,1038,38,2.0,716.04
5ef51515-b8e7-40f5-bbd8-47a04b0e2865,C0707,1007,127,50.0,87.47
13f92d10-21f8-4d40-aebd-1d65902d9b00,C0458,1003,85,44.0,740.71
88ffe6d8-caea-4e42-a257-6aa264f53b9b,C0965,1030,10,25.0,860.79
56eeaf77-1c4a-46ba-86df-9e1a38790374,C0739,1002,131,34.0,1561.6
9602d2f1-75f6-4932-a633-0cb322b99914,C0653,1034,6,14.0,758.55
8de76cb9-4251-415b-9970-c6fcdfc0a59a,C0269,1049,95,7.0,536.89
cdd4014a-a832-4f66-8d8f-c23ac1921f44,C0935,1024,66,42.0,1643.81
d889af89-2b36-4831-b9b6-7c33341c37c3,C0924,1037,150,10.0,1983.31
108dc19c-3fee-446f-963a-90f55a6b3553,C0146,1038,16,6.0,1997.39
285505ce-812b-4c8b-9e86-054fa92b4565,C0142,1007,7,32.0,168.97
65a60769-741f-4cb8-b1f6-68d2f9f4f959,C0433,1003,174,23.0,1015.07
35f1d04d-a022-408c-a6f2-eac8cd898e56,C0184,1017,85,24.0,1074.6
4a1b7a8a-a519-459b-8529-325fd646d216,C0854,1026,13,1.0,1986.05
764340ab-c8ab-4428-ac0c-618db56cace4,C0561,1009,177,37.0,691.93
cec99e41-e3e2-4824-94e3-37767eb9ca35,C0907,1038,72,15.0,151.14
fe22b7a1-0f6c-4dd0-a49c-f19bb3f2fb9e,C0344,1009,159,50.0,916.69
a2cded2f-7b73-4d2e-94a5-90637090fa4b,C0065,1033,75,20.0,266.64
9208f74e-2cd8-4ac8-a714-a00d5ac8359b,C0621,1020,127,12.0,238.92
e8180a05-ca1a-4560-98e6-0d91a58ce681,C0742,1036,83,25.0,1599.82
5aefc73e-66de-4cac-bd51-c8809faf8467,C0222,1031,156,18.0,441.0
5aac8757-ff1c-4552-9cef-d6b12ed746e9,C0220,1025,62,17.0,438.78
983fdafd-5e0a-4a68-8d80-12356b2fc499,C0534,1001,129,44.0,1223.81
732c1f2f-e9e6-42b7-b37b-1e40cc77d86f,C0460,1032,141,20.0,1140.73
31e2fbb4-48f3-45b9-a3ef-e3ecbb6a20ee,C0380,1030,12,33.0,198.16
89ab650f-8025-40a0-aec0-6082a0d56ab5,C0755,1017,17,14.0,213.61
c9067410-af4a-4b5e-bb98-38b943fd21f7,C0651,1042,82,25.0,639.15
41a7f41f-126d-4ef5-b289-1e3fd2adf60b,C0544,1009,157,50.0,1635.08
868d187e-7206-49bf-935d-dae1d3ef1ee7,C0172,1040,52,10.0,1107.96
6e189f65-87ab-46bc-a63c-e2ab31b83331,C0095,1030,122,29.0,1426.25
3953ce73-6fb6-4647-988d-c0767c09679c,C0256,1027,161,49.0,1300.92
f74d78ff-b247-47d0-b1c7-c64707de64b9,C0275,1010,71,8.0,1895.12
9b7fe9e7-4956-4152-a574-5ed489334b9d,C0610,1014,7,48.0,303.64
3d80f2f2-bcec-4675-ba85-8adfb592c6fa,C0787,1026,96,31.0,1332.71
18bdec10-5a07-436f-b186-30dfca2e1f36,C0085,1000,74,40.0,300.88
3a04e2b3-02af-4c43-bf74-472e767e2e6d,C0262,1013,28,4.0,1089.26
91f57479-f41a-4f98-a8c7-7c680a7510a1,C0747,1008,27,18.0,552.71
07e62d9e-ddaa-42fa-89e5-aa67f820640d,C0115,1045,69,11.0,196.43
dd7bf2ca-4d44-4920-a510-6704a5d085c8,C0796,1027,138,26.0,1968.03
9aae4698-0173-41a8-95e9-9f4bd52d7d8a,C0490,1010,93,47.0,1412.39
641ad0a0-be04-478f-899a-db3267a797db,C0267,1010,87,26.0,1365.87
d28da7dd-1b7f-4cfa-ae5a-a6af0a2f7d89,C0486,1029,91,27.0,171.54
4ead47bf-d5e3-4866-8832-83554a15a8db,C0002,1002,10,6.0,228.33
fa0583fc-73b7-4a4a-9ae2-e6fe2f46ead9,C0499,1048,19,13.0,1690.95
4c4946d1-48cd-43c0-91f3-c8f8accba4c0,C0108,1017,3,10.0,1836.18
368c612d-6f7c-4c38-a99e-96ed5ef13537,C0531,1041,54,14.0,1946.33
e42e4e25-ccbc-4a9d-af93-23ea2577331c,C0595,1038,8,12.0,1885.52
8ea469b1-58aa-4426-9647-466c0f962765,C0063,1038,174,16.0,1914.74
cd2e0092-2e05-4aec-9bad-35d1fafe2ab1,C0017,1033,35,14.0,311.63
9482cb58-39df-4093-b76f-fc605ed32213,C0127,1020,38,47.0,1879.96
a9ae36d4-2f46-4868-9b48-17c8f86038a6,C0555,1000,143,48.0,1029.16
e51ce2dd-ab48-4f3d-9a90-39e639577101,C0869,1035,82,2.0,353.28
205f416e-2959-433e-99f6-5425d5d146bd,C0470,1042,123,44.0,169.03
7ab3a3f5-5338-49ac-b947-3fb8f2c96955,C0602,1022,180,14.0,237.32
94b5b1e9-f874-448c-86fb-056c75ce8a08,C0742,1000,79,45.0,1662.9
71ef8afa-068c-4b78-beb8-0da528405f23,C0214,1048,100,36.0,778.06
07d80936-6a84-4faf-8c58-d525b8c71611,C0292,1001,132,10.0,1269.85
d9b011a0-b6f5-4535-b326-b2672ac5322f,C0742,1046,142,39.0,256.95
9b85c5d7-d9e2-4bee-9aad-2905e95c766a,C0141,1036,92,36.0,652.94
70839232-70a8-4f3a-8f9b-8e06b5c6ec4d,C0488,1021,155,48.0,1253.79
f0eae95e-7a77-4b95-84bb-3131df93e55a,C0695,1046,45,43.0,1231.09
413216ab-e671-4e58-9da6-818655eea4ea,C0491,1002,53,14.0,1606.13
50df82b6-06b2-4ae5-9858-2a7a9529ed4e,C0764,1045,62,30.0,959.66
cefc21c9-353e-488e-9390-e6c99cde1d87,C0932,1039,63,45.0,766.03
c9926987-9cef-4edb-8b80-b1fa3be67636,C0121,1007,123,14.0,231.1
4d748544-b9bd-4e05-a33a-a5ee7a563209,C0909,1028,180,21.0,1302.24
3b51aaf5-4ac2-4ec5-8f99-c115bd26776e,C0882,1018,38,38.0,1405.57
bae66c05-ee89-4d82-b6b5-e5673900c1e4,C0233,1031,173,6.0,1025.37
2e382d75-9129-479c-bc62-6639ee712458,C0886,1005,50,2.0,434.91
f6c8d1d9-9546-4a23-afdc-19b4415a3013,C0932,1022,173,5.0,1015.07
2e6ea0f8-0896-4da1-bc61-35c31d1388d1,C0083,1047,109,14.0,1035.59
f70b2887-f07b-4210-b087-7419adf60b79,C0861,1036,157,3.0,1714.37
0975a597-9058-47e5-89c0-adca897fee58,C0378,1020,73,41.0,1015.07
d73d431d-8b0f-4bf3-9ded-e4b740e446f5,C0061,1039,108,45.0,163.05
6f660090-1e16-426e-8de8-19e0d83505be,C0045,1025,10,38.0,1331.08
c0966502-fef9-4b11-a7dd-392aa00541c4,C0480,1003,117,2.0,1049.68
83899d49-59a5-4e10-8854-669ee34f5486,C0827,1011,138,27.0,1005.73
7248bb93-3dff-40a5-a0db-0082b49ed760,C0966,1035,120,3.0,965.61
1cf15482-ac2c-4da4-9f75-dff9c4f09be6,C0543,1043,151,50.0,436.05
a29c5d91-35e8-4561-915b-5ca2698c2b85,C0817,1004,68,22.0,1048.09
5a6428ff-2ebf-4e79-a422-fdac50711be6,C0471,1040,179,19.0,216.31
e6878dd3-9034-43b1-98a7-b35871d73902,C0742,1045,118,9.0,494.44
60b87381-4546-4846-b18a-53900571802c,C0690,1037,150,30.0,1054.0
08dd2900-c317-4a0b-9d0c-eb2a077544b8,C0027,1039,108,44.0,190.15
78ab2b42-5e21-4c53-829e-b9faa05483c5,C0911,1013,174,30.0,1654.63
2546dc02-9741-4eb6-bac4-2945b3977d56,C0843,1030,64,18.0,874.02
53bab49d-b2a2-4260-82c2-d79d190e1129,C0235,1029,64,35.0,1994.26
79240cb7-febd-4999-9c08-8ac3fea47dd0,C0294,1025,64,41.0,1734.24
45be82df-0a9b-400f-87bd-e618bb7e0b90,C0490,1028,90,15.0,546.96
d58bd8ba-80b6-44df-8a57-5b9cde2ea8c9,C0869,1014,129,21.0,188.5
7977c66e-d399-47bd-a9c2-f6782d3310b2,C0476,1023,25,12.0,545.09
036a9b0f-f509-4101-aca6-6c4664b02c06,C0703,1022,116,25.0,1015.07
f9ee5d01-0cdb-4006-b58f-3b39e6f50f5f,C0640,1033,161,44.0,544.4
e4a703d8-322e-4bc3-ad11-99482a907b46,C0221,1003,29,37.0,386.3
8e604b08-0824-424f-be50-88086f326cef,C0850,1017,168,7.0,201.71
88259c9f-a3b8-47ae-b008-441a8bd24c80,C0779,1027,86,40.0,1399.01
9cc87dcc-e3fd-4336-b514-bf5d0c9451ee,C0261,1009,165,16.0,834.01
835f545d-925a-4ba4-b28d-817f3a31f7b7,C0023,1011,150,10.0,1042.76
9804711b-dcc7-4de8-8859-63eb1212cd6e,C0565,1008,141,11.0,126.83
8a07f391-a67d-4fa8-964b-78489e0b74f9,C0161,1032,107,28.0,1504.31
7c9809ec-950f-4b35-803a-e6d7bc771b0b,C0734,1039,98,50.0,699.06
49fe2c47-cceb-44b3-b149-e93ff7e9beca,C0932,1040,164,10.0,1843.98
c2d008c7-edb2-4a97-a499-dad292a40b73,C0671,1033,11,48.0,1851.15
d4ca1fe0-f65e-4057-a1fb-e8f35a53877a,C0471,1044,64,33.0,297.87
8d471e65-7d88-45e9-b91a-5143dbfb10a4,C0727,1010,163,22.0,1015.07
aa7a2be9-47ad-4d1d-82f2-972148a314d8,C0858,1044,101,20.0,1572.91
30ca0cef-0aa1-46fa-acf6-d98668dbbfee,C0317,1028,173,46.0,519.7
ee0d057d-528b-479e-876f-a8b4577a4401,C0126,1038,22,4.0,77.13
933c15b9-e1e6-4355-a4b4-6a0c76b97acc,C0586,1032,169,22.0,1406.86
fd0ce403-f98e-42bd-ab06-652a6cd091a2,C0388,1037,48,40.0,1610.26
8bac8659-7748-49dc-b02e-785787e770a7,C0136,1012,155,4.0,57.75
00ea79df-e3a4-490c-8926-4f0441d96966,C0517,1024,132,30.0,631.27
bf506d6d-2242-48a0-8f01-ac244b5409c0,C0852,1049,130,29.0,624.41
e8fc84c3-e542-4050-bf1e-904d230ef00e,C0604,1011,146,9.0,1015.07
b4fe2cb9-4cfa-43b4-b696-6d68b6aea9c6,C0910,1002,133,31.0,1015.07
140e71f9-c488-4981-b41f-51c933ec0d5c,C0354,1039,133,24.0,1782.45
1076c863-46fc-4f86-b14c-7bf25670541a,C0915,1024,15,35.0,228.62
c579e872-9d7c-4ee0-be6a-d801ec4a9ece,C0333,1047,172,4.0,774.84
b6e80c81-b469-4b01-b888-bee9785b63db,C0444,1017,160,15.0,1832.89
17a34cbc-7a5b-4853-95ec-f428525e40fa,C0128,1037,159,10.0,1511.05
604bcf78-791d-4cb3-a11b-c0ba47cfbb26,C0519,1003,87,11.0,1389.76
2e874219-07c8-4f34-8996-7f5298873112,C0222,1032,159,25.0,1516.4
ace198f7-491c-4936-9b47-c4c8f5d12469,C0519,1021,137,9.0,1917.64
65c96dd0-8fc0-4300-8b2c-4d9ccff632e0,C0363,1020,6,18.0,1632.45
6d18b57d-11d9-420c-9bfd-bea5ebd991f1,C0224,1032,145,49.0,114.67
8b9eb305-5958-425c-ba40-7e47469170d3,C0068,1006,59,5.0,1793.79
fd0e7aca-abb4-45d4-a86f-c0e66d5a4185,C0825,1034,87,31.0,1600.07
222aec07-c773-4759-a4c0-c6db7da6a89e,C0073,1020,140,32.0,68.04
e5458adf-acb4-4701-9f25-acf9c4ee350c,C0803,1021,17,16.0,925.72
d3482db6-4091-49bd-8ed4-574592ba79ee,C0625,1018,155,45.0,638.61
6a438223-27d2-4e29-9d4a-198f04ac0138,C0141,1005,78,26.0,114.02
48d956f9-a4aa-4246-8c8e-29800d3379c8,C0161,1048,160,38.0,546.06
c7332831-bd5a-4e84-9ed3-2173554bc323,C0624,1033,106,10.0,761.97
d692efab-4deb-4d85-8951-82636c3afb7f,C0669,1004,152,47.0,776.64
5907b86d-7af0-4380-880a-feb4eaff1c93,C0416,1001,145,32.0,1315.46
78d8ed52-9f7c-4d01-afed-c9801cb74746,C0929,1005,8,41.0,1094.54
dbb75317-af91-4e65-99b3-8cdb4f81c37d,C0003,1003,174,31.0,1502.13
468dd100-3129-4948-bc13-29545c6df5a1,C0516,1004,143,15.0,643.79
a916c38f-0ee2-4da5-9430-39bb74dcd95b,C0236,1035,62,11.0,1706.14
ccb0ce4c-9706-4c09-a6b7-dd03b23de00b,C0801,1042,53,6.0,1147.82
443c2983-dead-45ac-8eaa-2656f9a0847c,C0721,1007,109,48.0,991.35
31ebacae-8e02-4e7a-a4bb-3885ad261874,C0362,1031,62,6.0,1872.58
641ec833-8a61-451d-acd9-32d0523ddd90,C0169,1016,95,45.0,581.42
6a23d9da-f025-472b-8d5f-1a6b1bc4950e,C0663,1027,55,39.0,1744.53
6939788c-5373-4347-ad14-f50c0845a3b1,C0628,1048,40,19.0,168.01
e95927a1-fa4b-4d5a-9c43-994fdf3ccdea,C0417,1006,43,35.0,218.65
85bf3cd5-03db-4f07-891e-b87a427df687,C0235,1032,27,4.0,1768.94
a3baf46f-7c9e-4132-92b1-d774294b4d2e,C0252,1047,152,9.0,596.36
f284a423-f3e8-46f7-aae3-90a89c2a2a1f,C0191,1037,153,32.0,778.59
ba71fe7f-123a-44c5-a706-ef3b277669b3,C0523,1044,111,20.0,1408.21
b532d082-3c47-430a-9f14-646feacaf423,C0146,1005,140,41.0,1015.07
0e90267d-6532-4cd8-b80d-97fb62620ded,C0190,1027,179,4.0,294.62
373db294-8204-47fb-b7dd-938becca844b,C0117,1039,82,4.0,255.63
d7db6aa8-60ba-44b3-b327-dca594bb7639,C0514,1019,148,34.0,1015.07
77d78b17-603f-4e78-9d6b-717416febba8,C0626,1023,75,4.0,301.28
edc6eb85-57eb-4fab-8f1d-9f5c3f3e43ca,C0829,1029,138,48.0,1003.7
43031005-50b3-4211-ac5d-706f58322231,C0208,1047,160,23.0,1245.26
128d38d6-d1da-4be8-a068-1d43f4819ad2,C0441,1004,115,16.0,1645.28
2fa79ce0-dee6-41bf-89f5-1fa2aaf8a97f,C0308,1031,104,50.0,128.67
be256052-e5e9-4ff3-a8d6-d4fbde7760b2,C0388,1014,103,22.0,645.44
81647717-c0b1-43d1-91eb-916e811f665c,C0100,1012,70,2.0,65.72
44b49321-8e7d-4c1a-8192-5108df414ac3,C0212,1034,114,19.0,1216.74
dd071840-2eb4-4873-bd53-b7ccd84ac9df,C0676,1026,48,24.0,1169.13
dd4f4aee-887d-461d-a760-3fbfa80a991c,C0318,1024,41,36.0,742.65
c2bb4321-4a9c-4d05-b902-044be569949a,C0530,1030,162,4.0,1362.28
848e75e2-fd2f-4122-b001-62afb0ca9c27,C0260,1012,110,23.0,421.08
62bbb62b-0240-48fd-8a16-2532c02b925f,C0432,1010,89,19.0,1381.04
b0ad13e8-056a-4fa1-bdaa-2e7b80b39aae,C0862,1002,63,23.0,1697.2
a739d591-47ab-4f9e-a62e-ed2c487db6a1,C0319,1046,69,42.0,1698.95
216a28c1-ba59-4c60-8e46-c5c63b1f80a0,C0122,1047,80,6.0,751.71
eeae11cb-cb8c-4b0b-91c7-a6f0847bb253,C0641,1047,8,44.0,1460.91
7872f9c3-f4d4-468a-aca6-56cd77b108cf,C0884,1015,73,48.0,1199.8
87c6ffc9-2dad-43c5-becb-e59dc15635c5,C0793,1047,99,6.0,72481.55
3c36d305-f51d-46f7-95b1-1e2c3b76cb59,C0650,1035,58,22.0,1255.87
86df430b-5beb-4279-bc7d-1bdffefac4c1,C0862,1023,121,25.0,1687.24
1d8f3681-7023-40bb-873a-88efe5d61123,C0935,1031,34,45.0,800.93
7b3347b7-75d2-48eb-a7d0-e17c71417be9,C0870,1039,148,9.0,777.26
cd790a8d-8b97-4538-a22b-473d1ba46650,C0162,1028,48,49.0,1838.28
731cace3-2656-42d4-8e07-eb3277d4d061,C0854,1021,177,10.0,263.03
85c42a76-52d9-4ac2-848b-02fd05075f97,C0911,1011,6,7.0,964.29
ae9b01e1-ceb1-4de8-b58f-6a5800a30a7d,C0956,1049,155,44.0,1499.74
61f074c6-6bdb-4b76-81c3-261e03c3f9b3,C0511,1033,82,37.0,1318.39
7b93582e-4a0e-4140-834c-9d9f7c4e9c62,C0013,1040,162,36.0,1102.6
8dde048e-4c28-4938-bbc9-cd7ccc0e5df0,C0371,1006,107,38.0,1536.4
be6d41c3-a8dc-425d-9cbd-56b5471904b6,C0331,1012,29,1.0,1295.01
66d1dd3b-ce09-4abd-99b4-246a649f73cc,C0639,1019,45,4.0,387.96
df0581bc-8900-42f7-9a80-b96c2d286c99,C0808,1049,132,45.0,1383.29
14834a45-4b63-44b4-b4f4-1a49235ef691,C0863,1044,167,38.0,849.37
254dcf6d-a6d8-46e5-afe0-48d7fc93934a,C0181,1036,152,27.0,76.27
c8155ca3-74b5-4e99-8057-04e0e9fcdb07,C0190,1039,10,47.0,372.36
b0346f58-45a3-43b8-a6a6-b168826d9373,C0452,1042,34,43.0,247.99
b5173c79-a6ec-4847-b405-9649c3cef4fc,C0041,1008,179,13.0,874.66
e49ae5f9-4da4-4c46-8413-725c99024357,C0915,1003,85,41.0,1032.62
fc0d73ae-7008-4342-9f77-51dde42e7a33,C0117,1043,52,30.0,1462.77
aaef8fbe-9cbd-4046-a73a-d8fdc51ed57e,C0089,1049,79,24.0,901.86
bb9ffcb3-451a-411c-aeee-885c1765357f,C0754,1037,124,35.0,534.59
fef2afe0-db7e-46ec-a3e8-21fcc1520019,C0851,1024,119,47.0,1015.07
33dc222c-4517-4df6-ab06-a9dd7baecc82,C0769,1041,127,34.0,236.57
93b1083e-81a0-4fb6-8424-07fc9781ddee,C0438,1016,125,47.0,901.36
d8e8cbf5-fe23-4d42-ae53-ee82b1c6897d,C0378,1031,16,10.0,1251.31
54caf05e-0ae0-4e82-9ba0-dcba48b2011b,C0515,1016,3,21.0,1413.62
a582ab6c-b914-4b40-a92b-caab28099a8e,C0002,1010,11,40.0,1015.07
229909b7-219f-4787-b853-ad85d3d6c264,C0574,1008,157,5.0,1413.51
fe6aa628-ab64-4326-b417-22f22e1f804d,C0484,1011,39,41.0,1947.28
25350202-3781-4ccd-a52a-83e0512b2a8f,C0424,1013,130,13.0,935.9
5e33593d-52ec-424c-972b-8cfc911fc703,C0971,1028,82,16.0,1656.39
12f62086-81de-4642-8992-12fa097165e2,C0324,1011,72,25.0,259.18
812d09d3-e4fa-4dbd-aa25-58ec6d81daa2,C0359,1035,71,16.0,888.93
d140ad53-0fae-4b87-89b4-1b4d24fd60a2,C0590,1035,160,25.0,384.91
96a041c2-aed2-4e03-ae55-cf977d4184d1,C0856,1001,181,46.0,1004.4
e092c06a-7c0f-4e76-80b6-e5b870a65aac,C0006,1026,168,2.0,1149.52
fbdfe6e2-b43f-45a4-9c90-f5b799f89cdc,C0077,1046,165,29.0,244.57
beb07717-db8f-473e-88c0-03662f55e897,C0256,1048,8,22.0,943.98
3db77688-a075-4f77-a47c-be2f281507aa,C0195,1005,46,22.0,1976.87
2e31709a-663a-49e0-bc7b-46823245cf9f,C0576,1044,118,5.0,1894.88
8ce46580-ea97-4b6c-80be-7ba1bba28dc7,C0106,1045,89,6.0,1015.07
bafba164-d27e-4dbf-9eed-66ff35c9833a,C0329,1006,58,36.0,241.87
f8717344-3f1c-423a-97b8-64f1cdf9fcdd,C0489,1027,42,6.0,1177.73
e40c22df-d7c4-49b4-bba6-9c88ddbd5935,C0591,1043,59,30.0,1367.43
66028739-1da3-499b-81ab-1914152510ce,C0270,1043,165,15.0,1313.31
2d6a409d-eeeb-467f-8e17-563e83c40b9b,C0496,1041,81,37.0,131.46
ba9a9b60-303d-40cc-8e1a-d49119a2dfba,C0240,1033,108,11.0,1871.22
ffa0936f-c71e-4f56-af76-0b875f91acf2,C0435,1049,89,45.0,374.29
a22fb9a2-af65-4902-bf24-c4b49c06d453,C0033,1049,15,10.0,713.28
3a498b4e-f0dd-4c49-9f24-38107a8ea62b,C0423,1020,57,27.0,232.84
7886c785-62a8-4f49-abf6-17b02c98e660,C0511,1012,170,11.0,1320.66
759e4a61-b838-46ad-9091-381094104afe,C0377,1011,154,21.0,1401.07
0f7a0477-032d-4400-b96a-0135868dde77,C0780,1017,109,17.0,1855.48
bf0d3035-9898-429c-ac0b-08cdfe87bc51,C0386,1035,51,3.0,1602.12
6c080b9f-11a3-40f0-a823-1f77c2345a44,C0237,1011,154,18.0,203.37
b054e781-8e80-4705-82de-493289accdaf,C0847,1017,11,43.0,1387.58
2a6974ef-adc2-4fd6-9d41-050d9329786d,C0426,1032,89,30.0,1057.57
3fed24a1-989e-4499-8df7-57b22df77590,C0720,1003,105,2.0,905.63
811df45a-7c27-45b2-b664-76226495a5be,C0749,1012,106,4.0,340.12
4ef46a13-7464-4095-9bd0-63beedaab1cf,C0866,1014,6,1.0,351.63
3fde7f15-9b07-41fe-9263-5a5d4b9a9666,C0325,1047,44,41.0,842.86
cd95d64b-78b5-4399-82c4-5ce78a848f65,C0118,1029,152,23.0,632.06
c7c08142-1a34-4a73-8621-8c5b0ef72f37,C0812,1038,5,25.0,658.61
94fd7dbc-4748-4436-8130-35ce3ce86a2d,C0095,1005,146,6.0,1015.07
44a58b7b-7b3d-4517-bc56-80317ae0e580,C0413,1004,81,8.0,216.74
3926ff20-d603-40cd-b5f9-db285939cc2e,C0266,1027,40,39.0,351.94
42d0296a-c122-4079-8c2f-27520ae205d8,C0386,1039,105,27.0,1643.48
70e9b3dc-f36f-41e4-9fda-b9adfd743f8c,C0729,1036,128,44.0,1715.82
48308f2d-877d-4614-b713-5be8bf117be1,C0702,1032,163,18.0,649.52
c5f1577a-3d5f-40a3-9d86-201910778d52,C0641,1032,115,43.0,1081.5
859a3061-6f06-4f13-9df8-239d11d666d7,C0707,1035,144,34.0,817.44
5975f7a0-c8d7-4903-9a8a-55325a046c70,C0010,1007,91,22.0,1181.29
b1c44b8f-5e0e-4c7c-ba75-82acb0a32bd7,C0673,1049,5,38.0,180.88
d6b5c582-95a3-4c20-beaa-5e878a061e64,C0912,1040,84,25.0,1161.15
95e0e058-fef0-4712-a203-840bddba9c30,C0855,1041,122,42.0,1182.51
8568ef59-de84-4e0d-b17b-e2bdc542499e,C0854,1012,66,41.0,225.8
1f570ed6-b2aa-4364-96d4-883577b7019b,C0494,1006,115,27.0,186.65
6224b899-d303-4322-9fc6-d20f7840c0fb,C0064,1019,4,31.0,1542.45
586dd807-63bd-4276-a7b5-fac7a9b1a884,C0477,1029,27,19.0,1601.62
1bd7fecf-8f8a-4234-b2c2-392fe2888349,C0275,1033,133,12.0,1851.71
ccafdce5-e30e-4899-99db-97730f780a0f,C0426,1025,17,23.0,1202.52
3ffd4419-854b-4231-88f4-0f0581d29a4e,C0854,1027,128,13.0,1280.3
562de66a-69b3-4c1c-ad92-b193002549ad,C0558,1031,136,50.0,1942.67
532e532d-ad23-4cf4-a831-0b340ffd8aad,C0713,1046,25,20.0,893.42
6cb9c200-739d-4956-80b5-946445a8a6b4,C0098,1009,121,29.0,99.86
97597122-024e-4abb-b15d-35649d115671,C0945,1011,128,38.0,1433.32
80e66591-cedd-4583-9e18-7d5037416cbd,C0799,1048,85,42.0,1015.07
63a6d731-f56c-438d-8fe8-8ba4e51330a6,C0323,1010,123,26.0,1535.42
22852252-f08f-4ae7-8b36-8866ab416a70,C0528,1039,50,25.0,1680.97
2b5dd6c8-edfe-47dc-a5a2-c97df1e8f286,C0172,1048,126,11.0,1533.15
28f0b9db-2d6b-4ab0-aa9e-31240d52a008,C0767,1033,91,30.0,357.41
3b54b0d8-72bd-4355-a490-9a5d8ed7c099,C0665,1017,69,5.0,417.5
76da1a97-9354-4929-b8d4-7ef2b9ae9c18,C0321,1002,90,30.0,1015.07
01de5b5a-cfd4-43b5-9935-2fb7e8037661,C0594,1045,171,39.0,1491.24
816483c9-3146-43dd-90a4-6174449d1734,C0353,1043,12,30.0,1009.09
b44d7247-4439-49a8-9de0-b0d7b786bbf7,C0561,1006,106,34.0,1676.53
e0fbda52-9e4d-4f31-b593-5cd2099fec1c,C0665,1027,106,33.0,639.42
a6798038-4d20-4e4e-b850-11c8f3bfc9b8,C0943,1009,148,22.0,1780.28
0567215c-3a7c-44d3-afbf-dbd0c8939924,C0685,1029,140,6.0,69.86
be1b52aa-1c59-4613-a46c-e32b30bc2d95,C0344,1036,5,6.0,511.93
f245e93c-eadd-4588-8ae7-b997d6349b85,C0062,1001,80,25.0,243.79
52cc0dc9-c348-4817-8caf-c4eb57a9d5ea,C0265,1030,104,44.0,256.04
2dcaee27-1b87-45fa-8adb-64d9701b2ae6,C0426,1044,122,30.0,386.18
caffec67-b134-44e5-ae9d-1e9c6f1d119c,C0154,1043,126,17.0,1820.5
280e985b-132c-4a9d-9ad2-bc5df4af771a,C0087,1021,54,1.0,1055.41
d31c947d-5ed5-4d41-9e62-afb7cbbc393f,C0489,1011,89,17.0,658.63
c1c3e49f-bec1-4f54-b186-9bd3e8e6fd02,C0403,1019,4,33.0,1015.07
59067f80-24b1-420c-8a7c-3ea04a5effe4,C0279,1049,131,34.0,1245.53
3727ddc6-6f12-4fc4-afbf-9c07b4ab3e2b,C0694,1011,132,18.0,517.33
f4d7152c-d389-4b0c-b4db-93a20a41492e,C0683,1042,142,36.0,1693.73
7ba985a3-e9aa-402e-b641-04ef38450ba6,C0996,1010,107,9.0,294.65
c09643a3-1eef-47bf-9578-3a212c212459,C0089,1040,87,32.0,646.59
f528b695-31de-410d-92d1-c9ee6eec9ae6,C0907,1009,43,48.0,691.12
33d1eb28-49c0-48f2-979b-95298e567e22,C0483,1032,174,2.0,1453.99
f7fcce3b-c24f-470e-a8b4-922cff2a9ede,C0985,1002,91,8.0,101.1
87aee6f2-dca2-486a-b958-0f7319a61609,C0685,1033,108,12.0,1538.68
294763df-2a36-46d8-8e1a-73ac0a4a9a25,C0028,1013,65,49.0,1648.48
fafe4ea6-4c76-48cb-acdf-4e8857ea7eed,C0899,1043,131,17.0,1015.07
863fa37a-2f8b-465d-9a79-d92bf449de6c,C0127,1002,73,35.0,650.81
a7f58ba8-3281-4877-ad55-10acc3c173f1,C0297,1003,100,6.0,847.33
75806b1b-b908-4538-b759-f4d6683d1913,C0468,1027,126,14.0,122.29
dfa04c1f-fb88-49f6-bb9d-48b510290999,C0695,1008,66,17.0,1047.7
529b9289-614e-4c50-b1c4-e341d0443252,C0376,1007,63,9.0,1182.54
244cc8b4-456a-4d1e-8cbc-6cd5adaf0708,C0503,1001,99,35.0,1015.07
942bc9ff-7f0c-450c-8d98-0e010afa757b,C0250,1018,94,11.0,1822.33
65cac46f-c45b-489f-a9af-57e4f6bb24e6,C0747,1004,79,5.0,697.7
86436177-9c3a-4233-afe2-05e81bc7162f,C0540,1038,126,28.0,1158.42
5bab47ec-f2b3-4ff6-814d-bf3954c8518f,C0717,1020,93,6.0,638.61
5f2173fd-77ad-475f-ac37-2a712e4918a7,C0855,1001,143,12.0,552.19
a1f3e867-1edc-4c88-9d46-f5a19ca24a11,C0757,1042,113,19.0,537.53
7d41d706-ad42-4e87-bbc9-2a169772ce45,C0438,1018,139,40.0,94.36
cae63d8d-2db2-412b-83b2-a7c6977e1d48,C0400,1022,140,36.0,1194.63
8ff3c93f-f504-45ee-a21f-4ba8b6634b87,C0897,1026,24,10.0,1134.76
be4fe87a-63bf-4a81-85f4-198ed4157abb,C0978,1049,116,36.0,195.62
42ae3dc1-231e-42f8-9b56-9f7030ec10f3,C0093,1047,174,11.0,842.47
eb9c864e-ae56-4678-a0e0-7113764e9167,C0184,1031,114,8.0,1193.98
526bff5c-32b1-41ec-8d7e-2ea872950efe,C0976,1018,22,34.0,145.31
b551ed5e-358f-438f-aa6d-b9d66aeb6a03,C0785,1026,104,14.0,874.8
41ce9d3e-b6ac-4537-b9ee-d21e6bdc5923,C0953,1015,87,46.0,984.56
400f5b06-5dd9-4a1a-ad9e-1adda6077059,C0486,1007,140,19.0,912.24
ab74cf87-ddd5-46f7-a060-01e9550e9fd5,C0538,1010,144,25.0,1015.07
2160766d-b8cd-4873-acc0-4a3f627ade14,C0321,1042,173,14.0,1528.7
abff6534-3522-49ba-bf6b-c37022054804,C0423,1025,158,6.0,971.08
9ef33251-c2f7-42d5-9d65-d04bfeb0487f,C0047,1029,12,27.0,468.58
c4780217-b4b6-416b-9285-e5bfee09892f,C0520,1003,10,31.0,358.64
b3309f7a-aa21-487c-b9ab-f7fff5659a37,C0796,1047,131,43.0,1646.25
9765b7a6-64a2-4f17-98d3-bde3014e8b98,C0144,1005,83,16.0,494.53
55540bb8-f8b9-4e82-8ccf-bae6d2787106,C0437,1030,176,46.0,397.2
97c5685d-6dff-4f1a-a0fe-f478ec4e29eb,C0234,1027,52,3.0,442.25
bd779dcf-f321-4006-8999-d0e9081a1152,C0738,1017,17,16.0,1299.09
3b19b033-6610-436d-9485-a99a19f3796d,C0345,1048,18,36.0,524.93
5291b5aa-4826-49e0-a592-fa1c675068c0,C0110,1032,90,18.0,1654.34
4a809a13-853e-4d7d-9b14-367cc910da19,C0810,1015,95,41.0,562.24
db8dc076-20a6-4959-9be0-1b8d9c824f08,C0554,1040,177,14.0,1991.5
e99e4451-514f-46b8-9580-e1bea71d2ef2,C0207,1005,21,3.0,1564.05
54903535-98a5-4a72-a9fe-6ffb9eb955f1,C0635,1003,179,25.0,1957.6
ad3faf92-bdbb-477a-9f09-29178243c670,C0450,1000,75,32.0,1572.71
9647d98d-f11a-4996-8346-95a811922647,C0733,1042,95,31.0,128.12
4369f0b9-1316-4596-b226-0ae28cd2dba6,C0945,1011,81,17.0,216.99
a171b8ec-1b6d-429c-8a81-4112519177db,C0020,1022,178,4.0,1309.97
bf69d581-c2d1-4f66-855f-7bc57f35d6d9,C0602,1019,49,25.0,1735.92
17205730-f890-489f-9df0-52418c4e83ee,C0966,1040,54,6.0,887.24
2d7df19c-c11d-4f69-81a0-4a5cb7ddea26,C0962,1005,125,12.0,1654.97
9038378d-cb7d-409c-b63e-244a4503b954,C0654,1011,55,18.0,1871.49
fb23fb71-c3da-43c2-b35c-1b270ed1a7cc,C0947,1011,28,26.0,895.5
4363239a-290f-4960-b80e-5eb6b51ab3aa,C0640,1021,139,38.0,811.89
8ead4135-ac71-45cb-8eea-050bc3cf6bed,C0062,1008,92,27.0,1870.5
797d5fad-2c81-435e-ab7f-2500e71a165f,C0733,1047,180,2.0,865.85
68d98195-715c-4123-9260-fbe320909ca8,C0387,1049,111,47.0,1015.07
6203bcc2-5f6c-47d2-bd4b-440808689f17,C0453,1025,153,19.0,1015.07
1c0c07e3-1db8-4e61-b838-4d1f208ad29e,C0238,1000,161,8.0,397.1
7ea84c0d-ae7c-49f8-84bd-3693b9fa3716,C0780,1026,134,15.0,401.77
06991b13-ffa8-4d6d-a5e9-8bc67aef7773,C0516,1048,111,38.0,892.03
93692251-2f4a-4cba-ab97-b8e77987a3e7,C0192,1042,153,38.0,705.2
76fd75d4-3f5c-4591-a7cf-a8ccda6b2d6c,C0219,1046,78,1.0,580.25
8102d292-acf9-4a09-a342-1bd2299f3cc2,C0127,1005,22,25.0,1313.2
5b0d3cb9-618f-461c-95c8-8508e974dcde,C0516,1007,20,8.0,1599.76
8dc9aadc-6dcb-456e-9d53-d8f71de6ab7a,C0181,1044,11,9.0,1739.9
7f683157-8328-4890-bb5a-a6120cbb71f2,C0555,1003,9,33.0,73591.77
b77ac772-0c35-47cb-9be9-70962ef3fab6,C0420,1015,48,1.0,914.03
f2e9fa6d-3863-4098-8704-712907f73c45,C0943,1020,131,24.0,1015.07
cd391609-e560-4b52-b602-7dd241a1a9ef,C0780,1031,10,50.0,1497.03
112fbed4-36aa-40b1-9d4f-505175a298d7,C0397,1023,54,2.0,1003.42
7815efdd-8d84-4207-a85f-40da2fd85527,C0494,1037,35,26.0,1945.51
2de84324-fbd7-4ae3-9656-eff0f736b5d5,C0775,1010,37,12.0,1506.6
e794f47e-e0e0-486a-b3c3-12dbe6706535,C0849,1017,59,32.0,481.26
aaaf1f6d-b1c3-423a-8a58-d25bc3a3be4a,C0681,1018,146,30.0,759.84
73616167-a8e6-4cb2-be30-f401fa6afaf8,C0404,1016,72,7.0,1464.65
192a91db-b746-4229-bd88-4aedb13ece5e,C0089,1048,68,34.0,1649.91
8dbfe151-2ebe-4864-89cf-62a31a58ec60,C0731,1046,8,50.0,268.58
c90e0c89-e247-45cd-aca4-0b154f3914f5,C0892,1036,25,25.0,1168.18
cb7f1eb3-de8b-4226-920b-6e0e34989309,C0958,1003,114,34.0,1681.08
3ad06887-aa43-4a3a-9f1c-13f604f41d9f,C0354,1019,93,26.0,1085.25
b31d4620-75d2-4366-a9d3-5a9a41ccbde6,C0820,1048,146,15.0,998.82
e8100c9e-75ae-4d9a-af4a-33429de06ee4,C0929,1009,100,40.0,1570.76
aab89e68-d516-454a-8850-b33f47e3e11a,C0115,1010,39,13.0,1015.07
91c079c2-68d6-4b65-941a-18ceaa2a4f77,C0985,1006,23,28.0,1557.11
b1d445ee-a048-4b6c-8c48-5e005890133e,C0847,1046,8,50.0,767.57
23123ea5-f74e-414a-b6e3-e50f42c6f9b8,C0834,1038,113,3.0,1711.87
c7438d00-62ce-4f96-be6c-a1423b974e76,C0583,1009,139,48.0,617.21
5ca9e8b2-c5e3-42c0-b76f-9143e9e8e11e,C0068,1032,97,49.0,905.33
5072ab1b-e93e-4d65-be58-ac721972395f,C0660,1019,11,34.0,962.64
fd76f9d4-2033-4590-94ca-ac2e76dc1f20,C0342,1038,96,36.0,1784.67
2d8763d0-cb61-426d-a134-6833493b407d,C0908,1017,33,14.0,1898.02
88934c98-d86c-4d6b-97d8-85becc7aba35,C0236,1018,43,48.0,1708.72
d7b2d4d2-27fc-43bd-bb43-ea43e4dd4b95,C0303,1042,91,39.0,1598.9
b7951989-e1bf-4f2f-a60d-8e7cfb665ef9,C0058,1047,22,45.0,472.94
8619da78-f40f-49f5-87c1-0ac12d55c1bd,C0372,1014,12,23.0,260.93
31588cba-0a13-4d57-93d0-edb89963461e,C0382,1014,106,40.0,246.88
863db9ca-e971-4094-b489-4a84f6f0fd22,C0910,1016,57,37.0,1147.61
c5c830a5-3eac-4430-817c-922a56bb2aed,C0237,1040,74,38.0,439.33
eac13a35-b92c-45fe-9a36-1774c45ca84b,C0047,1023,115,13.0,1409.93
01034096-7e34-48af-928d-eb2bbc4beef8,C0559,1017,122,23.0,819.62
44013ce7-478f-4413-838e-9961db9c5edc,C0428,1009,175,4.0,1362.44
551b748f-7e73-4987-b868-571e490ace26,C0400,1005,82,39.0,330.49
5c53c3a2-e7ef-4986-a8b0-21f04e018a87,C0022,1027,74,25.0,1367.09
ca6cdc6d-a976-4a1c-9894-d974d403f890,C0044,1002,29,27.0,1877.3
bc58ec67-e7da-48ba-8abc-a6a784627021,C0250,1009,110,6.0,686.23
85ecb1e1-fe94-4984-b0c5-7175fd393513,C0191,1033,8,43.0,1015.07
d245ad19-7771-4b9e-9eb8-637249d7f749,C0596,1042,129,44.0,194.51
87e0a5f9-4093-4f47-93c5-575e30b6037a,C0556,1035,137,32.0,1821.88
f07c2c0a-ad8f-4b67-a7e5-bc627b4a0ac0,C0042,1007,144,24.0,1527.97
4cce894c-fce3-405c-a985-b853cc121094,C0269,1008,6,30.0,1212.14
960c5c01-6d15-42e1-869e-0966e966a24c,C0695,1025,91,46.0,788.84
abc7de53-f857-4937-add0-bd66616f9592,C0877,1034,155,13.0,856.42
df6bb306-bcef-4352-b5fb-d7b9b82faecc,C0890,1006,103,26.0,1218.69
71293287-be88-47ea-9994-65cceb489670,C0965,1032,64,19.0,1073.65
1c4ec044-7a3c-4698-9304-9dd58f46f041,C0878,1020,118,8.0,886.39
91d89fc5-162f-4853-9613-e2953f262764,C0284,1010,134,7.0,388.05
c9225aa8-8b35-4ce6-af4c-78b9bba208cb,C0384,1029,162,39.0,184.44
14b6c675-c13e-491d-acfe-54c91ccba6fc,C0673,1023,51,13.0,480.18
e61c49d0-0db4-498e-a305-3f5144a847a4,C0707,1049,67,39.0,1653.3
09069377-04e4-42e3-9d4f-480394addda0,C0394,1012,16,41.0,601.82
a8b9aa10-a53b-473c-8e61-6bdfa8ee9d3e,C0686,1008,179,39.0,1222.43
312aaeea-a0c8-4392-b3a4-a6b076f95308,C0803,1015,84,48.0,304.19
c06991b8-3975-404d-9697-ddddf9410cd2,C0950,1007,53,21.0,1671.36
ddf85b5b-32e6-4072-b15e-7c3c63bdd741,C0945,1049,163,30.0,474.7
a7905db1-2beb-4517-8416-3ef47a7804ea,C0441,1040,177,26.0,875.19
8a3a3718-0137-44ba-830d-c5f1a793c444,C0183,1033,158,15.0,1230.62
c4ce94c4-ebce-4f56-b509-83ce0a5b8108,C0084,1031,37,24.0,834.67
f924b6c2-46ad-402d-9d5e-e0a99ca272c8,C0219,1046,172,41.0,1125.64
9ed1b2eb-fa61-41bc-bf62-b6da6e31ecf9,C0133,1031,149,48.0,506.25
0ed87165-d147-431e-b00c-df0295a81baa,C0987,1017,18,45.0,454.71
79ea5248-34f2-4b16-bdb5-068537cb8490,C0227,1016,128,3.0,385.85
695a7770-0cd2-427b-b5a7-ecc992fe47ee,C0783,1022,87,17.0,1801.88
95c31e61-7174-454a-994b-e73b6963f7d4,C0815,1017,8,22.0,901.9
5c747df9-8711-4680-8fe3-f04616fdcd27,C0173,1013,162,24.0,1271.18
172c2b54-b500-4885-b45f-5b36634fd85a,C0891,1031,73,42.0,1251.01
6b7f980d-008a-479e-86a1-429be7878f87,C0769,1020,34,22.0,1086.95
5c41c805-e32b-4f66-a236-4d4ec0f0f470,C0427,1035,27,43.0,745.16
c7c636e6-9cbb-4801-ae65-c6042913f80d,C0376,1022,38,43.0,1015.07
14c23e2f-9821-4a38-84c9-6410d064d3d7,C0805,1023,33,15.0,1774.6
5e8f287c-25e3-40c1-acf5-a2aaa4eb9003,C0748,1002,101,16.0,1099.76
2fec4e28-1538-40e6-9b9a-1dfcb89a9449,C0609,1037,123,3.0,831.36
9a736681-eafe-4266-ae7d-acc793e5417d,C0203,1041,30,33.0,1638.43
e730fb12-bc13-4bba-817b-7505e2e38917,C0780,1005,50,17.0,1496.59
54042e65-f0ef-4634-9468-052986f40b73,C0504,1025,22,14.0,992.28
8d586a6c-8c81-4c85-b55c-c3cdc227f2b8,C0354,1030,16,38.0,401.62
c804817b-e232-4061-bc96-380b94f4342e,C0407,1036,177,40.0,1015.07
a5eaf211-fd18-47ea-b3ab-0d223b47acd9,C0043,1045,42,3.0,725.8
559aeda5-f72c-4856-ba27-e1de28d72f7f,C0918,1039,127,9.0,486.42
f04241ef-85de-465f-9d9e-7124928d3475,C0827,1049,132,40.0,653.68
c6308e9c-9415-42c5-aabd-699fc4c32fb3,C0286,1001,86,20.0,247.16
2907fc20-c53b-44cb-a452-fe8d80fb6157,C0019,1006,106,19.0,1015.07
12bb79fe-b1fc-4b0f-8b0e-d4359019698a,C0808,1044,99,1.0,1812.0
3528d786-6e3a-4e67-958c-bcc75eb5d9e2,C0127,1011,18,43.0,1204.26
e7bde544-13db-4157-bca8-94894f69404a,C0405,1020,93,26.0,1612.85
cf179f77-74f5-41e0-8af5-c56d6b000783,C0234,1025,85,20.0,63.85
899f8096-9685-4042-9225-9501f928ad9e,C0498,1035,106,32.0,534.6
4ca46e98-ebe6-4cc1-bf29-90608489170d,C0802,1016,65,25.0,475.38
c859fe42-0afe-47ba-a48a-5f1555e6f0bb,C0801,1023,6,3.0,1203.45
cee3eb24-5cf7-4471-9547-39227ed50763,C0187,1011,140,25.0,1003.43
a8ae62b9-cf8c-475b-b843-2d07f86d0552,C0787,1048,60,37.0,612.43
a7ac01a4-b997-4cdf-873d-14acce91f6a3,C0517,1039,177,14.0,1635.29
78d1d5a9-64ca-4679-b86f-41017a9f2835,C0581,1034,181,10.0,548.04
ddcc16c1-c123-44b8-b799-e46c6341ac28,C0297,1049,136,36.0,538.66
335b14c1-c556-4a69-b704-a7f7e826f255,C0342,1046,28,30.0,1904.4
ca38157d-71d8-4d05-957a-3cb7395ff251,C0257,1001,140,15.0,1015.07
9e1faae6-6257-471e-8cf8-19fbd339aacd,C0760,1048,44,11.0,772.82
62353f73-552e-436e-83dd-80b180bdc960,C0638,1007,9,13.0,822.1
c82fb62f-e119-4fb7-b16f-fc110b096d70,C0802,1044,28,37.0,827.0
39313364-8512-4b61-a8e8-d99cae6b87c6,C0813,1004,179,42.0,1855.71
2c865dd4-b824-462f-a1d8-3688b584f4ae,C0455,1012,32,48.0,1151.39
e87f0d55-ac2d-4cc5-b62d-88eee258dc0a,C0858,1033,13,46.0,457.66
49f1600d-154c-4817-81c5-e83c61925cce,C0229,1021,122,33.0,1514.7
8a85350e-42c5-4fcf-9081-94ee65349324,C0779,1019,75,44.0,1015.07
d9938e21-38fd-4774-9fde-d3be7299e4be,C1000,1030,74,28.0,269.3
105cc456-0542-4892-8a0c-8f3206c76552,C0924,1010,68,45.0,1015.07
9fc81526-f03f-49f9-9ee2-65851254261b,C0144,1029,34,20.0,1222.53
c73d6de7-502e-4bc0-b5da-361b99db499f,C0077,1011,145,19.0,414.16
f9d6def0-d6bb-4eec-a173-76f1cd415685,C0314,1020,103,2.0,502.39
f6c86794-a171-49a1-9640-0986d3091787,C0352,1049,127,50.0,1862.89
f5e39383-a008-488a-bf90-b21d10cfbf70,C0642,1041,22,48.0,947.03
36b34332-38b7-47c4-ab82-d05d7e59df1b,C0265,1038,93,14.0,714.27
9d361201-c65b-476c-b9b2-90cfa4d5a4ff,C0705,1049,161,16.0,482.56
300bef57-9cb6-4679-93f8-1fbff5a9614c,C0259,1041,103,10.0,298.15
3e5f19b2-4997-44f6-bc4c-daf7441fc733,C0158,1038,168,28.0,1015.07
7a0a48f5-580c-499b-a14c-e7bc22779e24,C0541,1011,175,25.0,1939.42
ce846248-74d4-4f4f-8093-3cb0e08ab2bc,C0871,1011,168,34.0,1276.3
5fc64e85-9297-4089-9e0b-94b0a555a014,C0454,1025,24,3.0,1701.32
24ba3501-26c6-4c47-92f5-f87d028abc45,C0368,1008,6,18.0,507.93
c60ec92a-b008-4036-ad58-1b2a3472a07f,C0661,1010,105,29.0,1315.31
4ee59ded-8004-4fef-a05f-1a96bce5767b,C0019,1047,126,26.0,1941.66
99dcd382-3bfd-422d-9ecb-14e9a70b63d6,C0276,1027,113,7.0,522.58
cd07d98d-157a-415e-9646-6b26bc54cb9e,C0769,1028,36,37.0,1015.07
1f18cd0b-b810-411f-b159-ac0d65348af9,C0889,1003,166,47.0,156.83
cc316986-2e5d-43f1-b6be-5a7ec3a55afe,C0225,1040,108,43.0,347.27
62cbbe12-87e7-47e9-a385-d733e118d867,C0555,1019,63,20.0,740.17
caa762cd-1e5b-4159-aecf-58531b6f57e5,C0657,1002,98,21.0,1785.6
f296bd59-f854-4fc0-9c1c-b206c2851785,C0216,1018,91,23.0,490.13
756b2178-7d63-4d59-8de8-722e0a88a31e,C0696,1028,128,32.0,1347.44
354a778d-44b0-4030-a3da-2ac22723d552,C0503,1042,52,35.0,1321.8
be72e9ca-692a-4fba-8dce-738e2d473969,C0174,1010,140,28.0,211.15
a3176774-5290-44ce-8e41-7a3ea3771e12,C0809,1003,30,21.0,1819.19
5141f95c-6884-4bea-8671-6719f20824a4,C0826,1039,55,1.0,1339.88
c87de4d4-dea8-4088-befd-4cb12f2534f7,C0318,1025,146,36.0,1228.95
d2e28985-c2af-4764-9581-cbec11755915,C0153,1001,160,33.0,292.13
0ee0718f-2fb9-4318-9408-3702f5d2bdfd,C0524,1031,86,50.0,1410.21
17721f1c-f6a6-4df7-a69c-f5d150c69721,C0524,1012,57,48.0,497.38
28205014-fe4c-4982-acd3-3515139eff3c,C0261,1034,70,23.0,866.99
100f3ff9-b50a-45bf-b6fc-59e958c08651,C0400,1013,42,20.0,1266.62
9c850161-bf55-4eed-a424-ca6134b4e6c1,C0940,1030,107,7.0,726.07
3adddbe2-8484-4a6b-b56d-6219e6ca6a47,C0066,1028,144,31.0,1248.85
92c687fd-a467-49cb-bb6b-278d4cf04ab0,C0262,1006,178,37.0,1015.07
37b064b7-9c39-4ead-ba74-99fab53c24ab,C0439,1003,94,36.0,1015.07
94435361-3c7e-4f4f-a10b-a5e54e5e5b32,C0502,1026,45,41.0,837.73
f3918d92-a105-48c9-9979-9d212da62442,C0204,1049,155,25.0,1015.07
ce9f3adc-9574-491a-9e81-22560a7e5f3f,C0677,1018,169,22.0,1096.45
7a7d9a95-6217-454a-b54a-be9d0ca6f304,C0885,1033,68,8.0,1024.07
f4ccdd06-58e5-4867-8f06-19848460e38e,C0952,1031,126,27.0,1206.94
f1f998fe-e70f-4830-b872-c805ee2f83b7,C0701,1004,24,21.0,771.21
343c1f3f-4203-43bd-8eeb-d9aac799fab4,C0730,1034,96,17.0,1313.04
44b07af8-8993-4f22-a82b-ec05b28e54dd,C0606,1035,79,23.0,1743.13
823885af-6b73-4ad5-b90c-af71c07f0d38,C0621,1012,23,21.0,1696.49
1527f606-7baf-4f1e-988d-dab4b1d395b6,C0560,1039,138,22.0,1624.44
d26ffa41-e3b6-4c93-8ba3-6bc99a82631a,C0194,1029,164,48.0,125.51
2a0d2d7b-398b-4a7e-aa0a-5eae54e04843,C0965,1014,141,23.0,840.24
2577aa1e-3675-4f93-be7e-84a2d8b2c2cf,C0552,1015,32,22.0,1739.85
fd56ddb2-d4fe-45d1-b8b9-0e469f00d22e,C0392,1034,116,39.0,1015.07
64f268e5-ce17-4cd5-8bbf-9bfac04482c9,C0170,1042,139,29.0,1078.66
4290721a-32d4-4a50-b0b4-c921eb3a0e90,C0493,1016,132,37.0,537.13
973f4077-e3f2-4dc9-83cf-2457186994cb,C0918,1048,91,37.0,1061.14
3dcb5892-54b4-4ca8-88ce-a2e8722b102b,C0280,1046,28,17.0,386.52
3d6bebb8-5e5c-4ccd-8cc9-04b5544a0894,C0832,1047,179,25.0,1959.4
b2a89396-2a45-4558-93f0-5b8bbbb9f058,C0015,1047,144,34.0,182.12
238c5d1e-cfe2-4db3-9f80-fb33e1a1c63d,C0198,1015,18,25.0,1052.9
d17e375d-f240-4f5d-82b2-5cc9098d1c10,C0939,1044,118,14.0,596.36
ef9eeb3a-8dea-4cc9-b3f0-6935eeddc15c,C0101,1017,149,15.0,895.02
5c2ebfc2-a7ec-4c04-bf80-e6c84845d516,C0326,1022,157,34.0,1223.1
7c194b0c-1681-42a1-8b27-c9c898982228,C0803,1026,80,33.0,440.94
d7e478c2-6550-4d4e-87fc-1c2e6f06147d,C0108,1024,32,49.0,1876.06
c309035a-e6a4-424f-9abe-34db44eabfcc,C0385,1041,86,1.0,959.8
cb13a2fd-3512-4901-a7e6-214c61477df4,C0824,1011,26,36.0,733.31
d021633c-59c3-4058-9841-89f5553e8aa2,C0439,1038,116,1.0,1336.13
feb511ba-518c-442d-a625-341dc9e22c0c,C0206,1023,86,37.0,1052.73
3e92b257-9624-4b41-ba2a-1e227cab6892,C0760,1030,166,13.0,951.15
cf762532-df94-455d-95f2-dc8c1eb5a39a,C0229,1031,122,14.0,1958.29
b4e65198-4de7-445c-a281-464361c8dc40,C0004,1000,51,36.0,1956.31
b22b2558-52ba-4a4a-82b6-4f57f1921596,C0812,1015,65,41.0,1262.49
8f5b90de-6e07-4884-9d06-98fce4981618,C0301,1044,62,30.0,74.24
9152510e-5532-4ae7-b1d5-191ff8989810,C0853,1045,135,9.0,1987.79
ad80558d-5b23-411b-82f6-691c0dac561c,C0349,1033,151,33.0,1349.54
70927e0e-84d3-48cf-ad6f-cfe0501a0a62,C0922,1044,47,45.0,1850.97
57ef8130-ab72-4029-a708-c316f2df67f7,C0338,1033,73,19.0,1951.24
33521825-b37e-4309-899f-aa178e5ee9e3,C0892,1016,53,7.0,1100.11
4802da45-8582-4c66-865e-df75c47575e7,C0935,1045,44,8.0,51.96
d7898df0-c680-403e-b6c3-00214d97e21e,C0423,1037,146,8.0,800.26
84c665de-fab5-46c4-a16d-6789145f38ff,C0987,1040,178,37.0,1275.01
9fc70d14-c5b1-4b11-82fa-c2b3459eb497,C0701,1014,99,43.0,1072.44
e2deac03-5186-484d-9fd6-09b45edb530a,C0208,1011,86,25.0,1077.46
f27389f9-2a22-459d-a24d-3f349d663b75,C0942,1034,87,19.0,814.56
26a2b45e-e9ad-40bc-9dfe-3bca8e163dee,C0255,1048,4,8.0,998.24
f0c825a6-c593-481d-95ab-3a28a49179c2,C0443,1040,40,33.0,1015.07
07513133-e2ea-487f-a04c-5b3356f78935,C0534,1000,99,33.0,1610.11
6607f046-0e42-4d6a-a17c-eeb06a79d73c,C0549,1047,48,49.0,1545.8
a51aa0f6-67dd-4aba-b9d9-f0c030723a4d,C0766,1002,93,41.0,743.65
093649ec-7fe8-47a6-b7df-2c97ebdf3188,C0255,1044,165,36.0,1903.59
529e5fca-ff2c-497b-a644-e86e51d53367,C0714,1042,69,33.0,1710.86
7851f1e2-1982-4596-be87-f02bbf8a1913,C0627,1035,138,37.0,1327.95
57c5dad9-d9b1-4f78-863d-7f17b41f9b2c,C0349,1004,7,23.0,1793.46
f2eae4fd-5aed-4726-8d0b-3dc86170b3cb,C0265,1042,89,25.0,835.43
cc3fd032-1190-4a51-bb73-24423d527490,C0113,1018,117,36.0,1835.65
1b812403-4463-4406-91a7-bd5461f9d44d,C0671,1019,171,49.0,118.7
34d198cb-1453-4209-825c-a9d4ec4b74ae,C0331,1049,35,24.0,487.92
253017f9-ef35-43af-a5d5-4fde7fb3609b,C0557,1011,77,39.0,1759.95
a9dc4986-dd4e-4f29-a6d7-33af76230a3b,C0591,1011,162,47.0,155.48
338d6b51-002b-4593-b01b-ef38970988b5,C0012,1026,111,9.0,179.79
7a02fc1e-2f2d-47e9-9f10-d6cf0853c68c,C0401,1001,51,12.0,482.98
5b48546e-575a-42fd-ba35-48dda4da208e,C0351,1002,72,41.0,1767.99
92f34609-d789-43a9-b44f-06a5b2c79214,C0700,1012,33,33.0,1011.26
830320c3-fcaa-4612-b8aa-c6baa7e8f9a4,C0748,1001,77,27.0,1651.44
4e1fd86a-1d43-4c4e-a723-e335fee7c65b,C0251,1014,5,5.0,890.62
30d34175-4f0f-4702-af37-391655c44ca5,C0492,1033,161,29.0,668.76
60f9720d-175f-480c-90ed-be912c38e9d3,C0009,1011,76,12.0,692.56
3ff05e5d-e800-4341-af23-467d268c2487,C0163,1009,83,36.0,227.76
582a236b-8263-480d-b027-ba3c522efaa5,C0470,1019,104,7.0,1906.03
d09053c9-b7b5-4df8-a48f-7279ffdda89d,C0111,1003,124,15.0,704.17
c3878d50-b085-41f0-aedf-8bc07ee7deb4,C0852,1005,139,19.0,676.75
542c859b-f8b0-4374-b3a0-3bba187ece32,C0395,1024,142,47.0,238.73
78b14642-06e8-4cc3-af92-ccbd4f2e57e4,C0144,1024,141,1.0,69.89
cd1caf7e-a015-43f4-a9ec-3046a905485f,C0086,1042,165,11.0,1507.41
854eca03-bb48-4d6f-9e1f-2c4cf2f5fb3e,C0271,1021,21,19.0,1580.14
90250f37-2102-4486-a263-0c716bbc5263,C0617,1015,11,21.0,502.47
dcff0f67-fd10-4b80-96c9-5ddd131dcbf2,C0518,1047,175,25.0,1331.94
9f9b468e-d7fd-40cb-949d-d103147360c5,C0668,1048,12,17.0,1031.1
e526216a-e9b6-4d27-8767-03b96d63a851,C0965,1007,8,49.0,603.29
377d0004-2c2f-494a-aa17-2bd30d0253cf,C0225,1049,45,16.0,1516.66
14b6ce4e-1fc5-47cc-82e1-8bf3f95734dc,C0476,1002,152,8.0,1093.26
7bf11fae-253e-45b1-90d3-174eae8398df,C0406,1007,72,38.0,1735.53
e1ed7454-5b06-4598-ba29-cd527e729b6d,C0246,1022,35,38.0,738.85
ebcd60d9-1e9d-45dd-b322-12cccdc4ee71,C0694,1004,45,37.0,1989.26
8435a71b-38ff-418e-a2ef-da63815ce3ae,C0349,1021,113,4.0,1374.58
94959903-0a04-4e89-972f-7a8d40422461,C0757,1021,126,17.0,895.13
5eeebfc0-ef8c-4511-9c40-8e736c8d4457,C0822,1013,154,25.0,622.73
4a0e3f3c-f280-453c-96e2-52e2900328f4,C0852,1011,168,13.0,912.14
7eac27f9-b4a3-44c6-a835-29bfb84c4c44,C0409,1018,169,2.0,1075.46
5034da99-9ed3-4d54-afbc-97647efa1268,C0786,1005,133,5.0,758.97
2827d0ff-1b84-4084-89f2-a30a9045efd3,C0757,1009,51,35.0,1359.99
b9efe8eb-1d29-4766-82b6-81d70ab4ae94,C0184,1013,111,2.0,669.42
9cf8bbb8-8b26-46da-90c7-de487c45016f,C0791,1000,3,20.0,404.78
7c6f0388-17b3-4ec6-ae2f-1b8fb7d56c93,C0827,1020,121,44.0,1015.07
51e59d4b-e1c5-40e6-a1fb-ed1c754ab0f0,C0344,1031,117,48.0,1519.04
13458bcb-8219-4b1f-9e50-954b11df2acd,C0734,1014,49,27.0,373.51
6c49cf59-2cdc-49fc-b7fd-ff4f8cb59954,C0024,1010,26,19.0,1380.16
b21ceee9-538d-4d34-9ea7-f5f10ef009e3,C0910,1039,130,48.0,1481.22
45e057a5-e93c-477b-8a61-a2b023346d95,C0641,1043,107,22.0,375.01
50e464b7-8bcd-456d-af60-b4360dc9d6a1,C0699,1001,32,29.0,1742.71
39a528af-fb12-47a6-8867-d0e32aaf72bc,C0393,1037,120,37.0,716.85
892724a5-b213-41bb-b0f0-a5fed10ad4bc,C0792,1009,56,16.0,150.27
0ed3f5bc-a045-4462-ad0b-72afa1fa2804,C0849,1028,53,15.0,423.62
58cd3ded-cd26-4320-92c2-1e59ffadb7c6,C0994,1000,24,14.0,1264.02
e549ab64-679d-4c79-96e8-687110fa4694,C0400,1039,86,4.0,325.06
3f8bfb1e-d5ff-404d-a4e9-12e99ca3444c,C0041,1023,21,38.0,1233.2
393bc69d-5e4e-430b-b358-50f335c850a6,C0897,1031,169,30.0,1247.25
0cbfb0b9-f123-49d5-a7ed-d84e651bc49b,C0845,1045,13,11.0,181.95
9ef54acf-47a9-452a-9403-49edf89fcd47,C0923,1007,40,2.0,844.44
26ea6103-b673-49a6-8709-776e6ce5484d,C0407,1037,100,15.0,1970.62
765c8e3d-b8e7-45a3-93f7-5932cd3e1596,C0591,1000,11,46.0,1089.59
8dd0b809-51c1-4177-ad6e-2db4dd77ea75,C0234,1037,26,2.0,1694.35
25f5995d-a1e1-44f7-82ab-429a7717c243,C0932,1023,181,34.0,1036.02
06130387-522d-440c-a0de-a8889b0ab7ae,C0252,1022,149,21.0,1912.97
6fce2105-901b-48a4-a908-e01f66537b91,C0225,1048,174,11.0,706.94
f90deccc-86ae-4f38-86d5-e0e3a9904a1a,C0129,1031,136,36.0,319.89
0900f61f-3083-4bf2-91c7-30c0f18c108c,C0989,1029,18,24.0,1006.97
d885d02d-77db-4302-9078-0a0ed9e4eb2c,C0965,1035,168,43.0,1045.4
5cc59b77-d55b-44b7-a408-d44582dccf58,C0717,1027,122,2.0,1565.49
16eae04f-4916-44bb-af89-a5c1fc4582b1,C0916,1014,147,10.0,314.6
b8edaff1-bb3c-4a5f-b7a8-2c256ccde028,C0932,1033,52,32.0,1271.27
83664d42-7020-4c58-bed0-f9a75e720294,C0375,1036,100,48.0,1442.4
29978b94-696d-45d5-8479-24222cf684b1,C0786,1024,88,2.0,1944.61
b59c7299-cceb-42af-bdae-254de36910a8,C0091,1035,60,15.0,166.55
a5942151-edc7-4b73-9be6-1212e15afd4a,C0749,1040,89,43.0,412.58
d2fdb180-1094-4316-a75c-aecb3b08b305,C0519,1009,133,46.0,1470.52
1a7da75d-4fc7-47ae-ba95-bd7c637245b1,C0112,1048,48,38.0,1495.04
cc719a98-08f5-4f38-b024-292c732107f5,C0878,1041,158,17.0,891.23
e33fee1a-d150-457e-a96a-14141841b45b,C0395,1001,105,30.0,658.74
7e5986b0-e437-46b4-b67e-079d0e7dffef,C0393,1035,126,41.0,1759.53
86d51a17-1f16-4aa1-85a9-04c876daeffc,C0222,1013,167,7.0,1618.38
13313903-381b-477c-9409-b8c8570f7a41,C0264,1011,37,15.0,607.03
2bf86207-5349-4d1f-9005-f7675edafe32,C0615,1023,102,29.0,1097.01
6b638e92-bbf7-42c3-95ba-1ee3a3157231,C0336,1004,49,14.0,1679.37
56fe367d-609b-4821-b7b3-7395b7452518,C0361,1048,172,19.0,995.22
9b39fb58-8554-44b3-b6e3-3741ff845229,C0637,1047,152,5.0,894.66
aaaa1075-8a80-442b-84e7-2939b99bbc59,C0473,1026,48,6.0,986.65
60c871df-ec74-414c-a9be-cdbc0c2e41b0,C0205,1037,164,7.0,647.02
fabc52c9-04b0-48c9-989e-ca3a0572fdaf,C0921,1032,166,41.0,1915.0
5e930069-809a-4a98-bd0f-ed5a645f722c,C0903,1035,47,31.0,1562.14
b7e4ae55-a79f-4b62-93e0-e30c24ddd660,C0002,1046,34,41.0,1284.02
ed8750fe-6f6e-4e2f-8a41-2e90e82a10a5,C0510,1015,153,18.0,412.72
e855b5bb-9b37-443a-bc3c-7bb2b0f35b64,C0030,1038,120,5.0,962.75
d2413f32-1a7d-4962-a786-47363ddee15f,C0938,1027,21,36.0,83.94
1fec9b08-4cff-406c-af8c-316ef35246c0,C0919,1006,114,13.0,1015.07
7b04865a-d7f5-4b38-bb2d-4502c0f6fdc9,C0723,1007,82,19.0,1306.66
f5152646-1d01-4d0f-9c70-8c07cfb09e67,C0741,1002,48,50.0,520.48
9e3277d1-96bb-4771-a832-71c6965c0a13,C0092,1011,38,38.0,1537.79
4c157d0b-c37f-4b08-ad2b-f42eb7d2de97,C0065,1009,124,1.0,294.5
4e8c5e33-6509-44b9-a383-888414733d87,C0118,1009,107,14.0,1835.38
40051c50-f325-437a-9e9a-8559ca053b31,C0388,1020,116,4.0,953.53
7f1ba9f3-a7ae-4f33-b27a-9c65bf1f3584,C0100,1046,48,44.0,1324.2
2e10cc0f-1010-4ef1-9fd6-5885aaa5b454,C0942,1006,181,25.0,1028.95
f9641914-c1d7-4453-a13d-63dc71bef4ac,C0898,1026,71,33.0,202.45
1e351d80-bab9-4bb8-b6b1-751aaf7ebbdd,C0190,1032,35,32.0,119.85
44cb5778-5e4d-4475-9131-a475c035d513,C0439,1041,66,25.0,1015.07
8acadeba-587d-4eec-ab93-cfd02ec29e6c,C0831,1048,77,41.0,1306.29
017fa46a-e86c-4b11-8945-f95d4d9c3cf3,C0577,1000,94,36.0,1420.13
a5d52d58-7864-45af-8726-0659b5e8b8da,C0734,1032,75,5.0,91.98
9f88cbaf-f83f-4a47-b236-f4c7fe962104,C0444,1032,30,41.0,912.3
22f5bee1-43df-4e31-a535-b8b33c09f4e3,C0002,1012,103,7.0,330.56
bcd06e4a-2036-4ad1-aa10-b570e38b72a7,C0972,1036,64,4.0,976.79
746439e5-ac38-406b-a9ce-5f05710b0388,C0161,1028,45,20.0,550.65
77215b01-bbde-4b0a-9634-e4afa1de4290,C0630,1010,80,26.0,920.62
823e54db-02d9-4584-8c3d-d92d37be088a,C0440,1013,178,13.0,1404.94
446420dc-0358-4711-9ee1-6476389779de,C0794,1017,128,22.0,1114.5
9d68d7bd-81a1-49b0-89b7-1b99771e9efc,C0219,1018,2,21.0,1609.81
b9419e14-e1b9-463e-9461-cf7542abc551,C0434,1030,74,21.0,1307.88
054fd17a-f48a-4fba-a2db-cb50a806bd24,C0177,1013,132,41.0,447.94
23ad91e6-f747-4467-8d35-d0b9aec86a04,C0308,1023,71,34.0,92.7
74732440-1db7-4efb-9369-3b87208013cd,C0768,1009,141,22.0,1357.19
dcd1ed40-4b83-4be6-bcfd-7356353c6ef6,C0640,1025,129,39.0,845.9
6917f471-f370-44a2-84de-fe89b64fc38f,C0174,1005,96,33.0,1950.35
f81b2939-46e4-4231-98bb-865809efb1f8,C0188,1010,99,7.0,1015.07
4e444f87-6576-48ef-a45f-4d4fce718a6c,C0815,1026,89,34.0,599.22
18795e0b-7d25-4747-a5dd-8579bcdad503,C0836,1034,9,9.0,1637.67
2d867239-abb0-4237-b415-b0e2b9de37b9,C0481,1027,150,33.0,1603.2
157713d2-bbe7-4e5e-ac20-b5eec6c5d1a3,C0163,1044,24,24.0,1402.16
6acaffe0-6832-4d12-b3df-722ea5e172ab,C0694,1034,57,50.0,1699.74
bc5cb8d7-9dbc-498a-ba36-42c725a966fe,C0679,1002,76,2.0,1370.93
d0d7dff2-d5bb-4215-81ea-3d9c757c1343,C0820,1020,12,20.0,924.86
50836a18-7d36-466c-9f58-f9ff4cb23edd,C0194,1047,3,24.0,1550.21
dc0c7854-8cf8-409b-8972-cb32a2772933,C0250,1032,72,37.0,1015.07
da472f39-ef78-48d7-a160-cda0fbb07eff,C0895,1021,153,11.0,1942.14
60f980e7-9e69-496e-86c5-dbd08416f13d,C0261,1008,161,38.0,1433.24
067a463e-76f2-4c97-8001-593fa282c35f,C0238,1042,67,13.0,1065.78
ffe5a5ca-3c98-4010-a36d-e5b0b0d354ce,C0592,1027,47,10.0,1064.61
f59bddb2-a636-4246-bfe0-2ceeed1c6598,C0909,1032,69,25.0,920.63
2cfbbc21-97ab-44e8-8826-7ef8d7926ff9,C0010,1043,95,10.0,1195.88
2219d040-bc1a-4c9b-adb5-58fcce30e796,C0442,1035,19,36.0,195.82
ea54f127-870f-46f6-beb2-5cbb40737f01,C0662,1028,4,20.0,486.43
ae79bbf6-b567-470e-9a0c-1eb9e747647c,C0235,1012,14,22.0,1274.63
740bf707-c699-43dc-8f7a-f602e8686089,C0838,1016,60,32.0,1479.35
f270e0da-8738-4860-9367-2d7030192977,C0071,1028,62,34.0,1574.18
2fcaa635-5d6a-4bd5-bdc1-876b86c444da,C0144,1030,154,20.0,61695.49
b3557453-e089-4984-ae1a-7265a8513481,C0513,1010,16,17.0,1953.26
8b110622-389e-4714-aec2-5d7aa748fdeb,C0264,1004,4,15.0,1214.26
94ea80cb-3aa4-4137-8358-d22d3734827f,C0805,1025,167,25.0,1015.07
6fcb6bbc-997d-4a9a-ac89-8c8981afc642,C0899,1040,66,17.0,114.95
b30ff51e-e1dd-442b-a191-9859b4ec6edc,C0006,1042,127,26.0,862.11
d7e40b57-b2c7-4468-845b-4b094bd67738,C0687,1035,59,7.0,1810.15
d688c35b-7a28-4efa-92b0-ff035c0c1fe6,C0098,1015,139,5.0,1015.07
3159fac5-8252-4cf5-9e96-6d0b1884d131,C0340,1046,39,37.0,576.73
daf13650-dc52-4c7d-aa41-266b08000ee5,C0312,1040,67,38.0,890.65
c775ef88-3f21-474d-875c-c3ee57065999,C0656,1005,31,25.0,409.95
7942248b-14a3-43ff-ae84-0958f5d3dfe9,C0091,1002,78,16.0,582.1
05640fd1-9a40-47f6-b534-a2a7d46b4508,C0048,1046,27,20.0,897.47
51772882-f3fd-4f9c-b9ae-68eaee1b263c,C0334,1041,60,25.0,829.01
715292a2-37c3-4451-96c6-67aa3a4a1525,C0891,1041,132,7.0,744.61
e62348e0-6419-4627-b9cc-5c4167a1e15d,C0790,1036,136,29.0,1854.57
e27bb70c-1f41-490a-8e28-d5f6aee40dac,C0720,1010,70,23.0,462.37
be20d501-859d-42db-99da-612673dddd9f,C0139,1040,47,40.0,759.33
62dc4f10-cf71-47e0-abd1-4fdc54fa442f,C0730,1018,56,11.0,1383.43
c069d897-31e2-4723-9d32-ce47339eaf0f,C0891,1000,29,16.0,1215.58
1d1b399d-9c3a-4bca-992d-6ffc61e062f9,C0653,1002,128,29.0,1106.43
ed33e3a1-29e0-4445-9be5-f3c3e0d6a3ba,C0249,1015,40,37.0,1274.45
324d4ae7-d3db-493d-8b6c-654bd64138d6,C0365,1008,80,28.0,1740.98
f663a1cf-5874-4c1f-9baa-7b79a33b1e18,C0959,1018,65,19.0,162.4
d71d82eb-938b-4ccf-b61d-c9f7ac5fb9f1,C0174,1027,92,35.0,1015.07
10f83fe1-cba2-439c-8a7c-b42f381d3b39,C0742,1049,177,46.0,479.45
5bec9f3d-0722-4efe-93a0-411ad1add03e,C0716,1006,140,17.0,1009.1
af963830-494a-45af-baf6-19afa94a45dd,C0758,1044,29,14.0,1131.63
32cc0553-81c9-4d27-bf21-c222675a6a84,C0155,1007,151,47.0,868.93
c8d04c11-8837-4733-9eb3-82948d0e0464,C0165,1026,49,24.0,476.84
5317c59c-4953-45a9-a927-bd13b950f72a,C0412,1029,37,42.0,223.79
311acc36-0e36-4912-8ee2-212379ddf1f5,C0162,1021,120,43.0,898.28
d78bb610-0277-4e41-b984-083609af1c64,C0861,1018,164,38.0,1273.36
fcf5821a-f7ee-4da6-b356-daa62af57ac9,C0377,1012,121,22.0,888.11
7c9845b5-c24d-4a19-926e-5a28a207a64d,C0856,1020,30,44.0,1831.22
bb5aeb1d-8ea7-4fc1-a3eb-547511a016c1,C0533,1000,76,25.0,259.19
f88c8295-5a02-4017-84da-d369f8c9a628,C0695,1049,9,25.0,1347.92
43736033-1186-4521-a82c-dc5a04590a33,C0334,1026,1,48.0,296.46
7ac4349a-a588-495b-b53b-a36bb06df8ab,C0678,1019,116,32.0,1994.45
0bcc5b25-57d3-4418-85dc-a37f656a57af,C0337,1035,146,47.0,1905.62
e0914a70-a73e-4b91-bdc4-14f34e84d13e,C0555,1041,90,40.0,1527.04
dca8ddba-5c1a-4079-8522-aa7f2b198934,C0561,1031,40,49.0,1699.61
7f5f60fd-4ced-498a-9a7b-f5255bab328c,C0153,1027,92,44.0,1650.25
0590a7e4-adf4-41da-90db-58b2ead02f26,C0634,1005,174,5.0,583.24
26a72687-9fa9-434c-8ab6-a329f3d7aa79,C0072,1033,89,14.0,470.63
3f95a703-2eb8-416c-9fc2-81e82df72958,C0330,1031,106,38.0,907.14
b6a3dbe8-df30-48ef-9d89-bff3aa931230,C0879,1041,70,25.0,758.56
5644d99d-dc47-4d12-a8fe-b786831ed1cc,C0287,1004,149,14.0,208.55
216dcbdb-8064-4a0d-8152-02860bcc92f4,C0048,1022,178,3.0,1617.69
747f472b-1b9a-4283-adf7-fd855d5f5858,C0979,1026,22,29.0,449.24
3f8ff3dc-b614-40b1-96ac-7317e0192300,C0504,1002,110,15.0,1931.57
44cf8501-06e6-44ec-a9e7-1342f825c934,C0530,1007,37,24.0,62.56
48170744-3cc5-470c-8656-05330d36b0ae,C0284,1036,34,27.0,83.91
c622fe9a-e727-4533-86b2-b78f75054a6b,C0783,1016,64,3.0,1623.13
62446e78-1bc9-4c10-97af-f43cc15e0458,C0943,1013,1,4.0,1010.17
d9f1f815-08da-42ba-9d3d-8d69b3e45827,C0515,1008,35,9.0,1327.51
3f42042f-aee4-4fe6-a1a5-504cfffd712e,C0873,1020,52,19.0,1479.58
a935d5a4-150e-4b89-88ef-52712b3b2333,C0521,1034,21,50.0,1321.95
00f831a1-0c11-4167-9608-80c824e89581,C0611,1017,149,7.0,354.63
54b2fc32-ce6e-4fca-9380-99b17925b5af,C0491,1047,45,11.0,1106.77
c780bca9-13b8-4278-9282-e5ed6bd7d553,C0140,1038,125,15.0,1444.65
3b74d4f1-9dd0-4efd-a4f6-d3b707fd6d6a,C0790,1047,61,4.0,1667.15
9a09dbf9-443b-4f79-8121-f56c37667819,C0391,1033,62,28.0,542.9
29aacb7b-f351-4d45-8531-aacae1ee8b4c,C0742,1035,67,24.0,1169.86
266933dc-e0c6-4085-86cb-56727611eed4,C0344,1024,140,42.0,1015.07
d1953155-42d7-4300-92ee-5de7b95579cf,C0829,1017,60,44.0,1050.66
6fcebf19-82a7-4197-a35e-39b85f4f5d0d,C0049,1043,33,25.0,1030.35
2a87669f-63aa-4488-86b5-3a78d8461501,C0141,1003,57,41.0,1245.86
b6ee334e-129e-4b9c-bf38-df558ebcc34d,C0226,1003,143,36.0,1470.88
25ecb571-c279-4714-8b4c-ac3b0b48f5eb,C0971,1049,76,44.0,1445.49
19b23c28-3a53-4872-a2b6-54e747830d1e,C0517,1041,178,50.0,560.01
159afaff-3c99-49cc-83a1-429de0f43d39,C0973,1026,80,35.0,884.26
a1e5a8f8-7f55-4fe8-b73b-0eebe9c4bf64,C0503,1019,5,33.0,934.85
2e9d448c-e03b-422b-91c8-f1ebc0e111ba,C0632,1045,40,44.0,1015.07
f6de7d10-076d-4e0b-9f06-3bfa821bdace,C0394,1046,136,8.0,1930.74
8c3610a7-db9a-45c9-b706-a07e29e4ff87,C0988,1026,153,25.0,1367.04
e47d6e21-c9ee-4f44-be2d-e201bf91ae81,C0560,1017,117,24.0,199.23
73ec5d8a-a1cc-4e2f-b534-b749c3a5293c,C0049,1023,89,15.0,575.57
280bc9e7-4241-42db-bfca-0befe23d8ee4,C0840,1033,97,15.0,111.89
13061c20-023e-44fd-8926-60b1f056508d,C0605,1020,26,12.0,617.84
80f0d143-8062-4bec-aae6-b5429ecd6d43,C0096,1015,74,40.0,1939.07
9b825fda-1462-48c7-815a-83cde8ab218b,C0797,1045,172,20.0,467.99
b78b567a-66de-420d-b59f-af12ccc1eca7,C0475,1008,116,25.0,1537.27
a035b40d-e5a9-42a1-b536-3653aaa41892,C0588,1020,25,37.0,1051.99
c1a0cb83-42d1-4fd9-b028-18f93d582293,C0326,1041,83,28.0,735.44
e281ed40-0565-4ac6-b58e-60f55ba232d8,C0249,1041,67,20.0,1872.41
af0028d4-a482-4b56-958b-25948f374909,C0435,1041,46,43.0,781.64
da705ba1-cc1c-4d01-9cf2-f2d1563b7913,C0756,1022,85,29.0,468.68
1220fa59-db74-46cc-bb28-43ba85ac865c,C0334,1041,133,40.0,1874.22
31a595f8-e237-4bf4-9cb1-bb7b341095c8,C0604,1014,105,3.0,761.47
e50f55b7-86ff-42b2-8aa1-7fa9d120f49c,C0068,1022,140,29.0,1351.15
d5a29b2d-34d7-42b5-a37f-8c80fd9b4c54,C0840,1009,179,22.0,664.6
7dac5030-eadd-4f64-9f38-095d2bd86961,C0257,1002,68,38.0,1806.68
2a20c126-f9e0-48a0-9c56-34f6148c5119,C0583,1009,133,26.0,967.1
afc06f3a-80b1-48ff-8439-fde81d5f5135,C0754,1023,116,13.0,1232.97
f7eae72b-2a02-4f47-b384-1f4757da1a1c,C0207,1004,133,20.0,231.91
506c9060-4743-4967-8fe0-b69e4c830254,C0579,1043,135,26.0,992.07
8cb69149-4a42-4b8f-8ccd-221eca13903a,C0171,1007,68,6.0,1372.91
db483f29-a585-4e17-9202-587a9fdb08c1,C0611,1027,128,28.0,1015.07
bbbf59c4-ff08-4d5e-844e-7783cd78dfcc,C0569,1038,124,33.0,557.89
d4a9afb2-160a-49f8-b228-2ed68d333c86,C0157,1005,78,33.0,229.93
af6146df-724f-491b-9f2b-53b3fa02af01,C0881,1004,29,14.0,1428.63
7cfaee74-0276-40ad-b4ce-6ff3ae3fa36d,C0980,1020,18,43.0,1589.18
046ccaf5-5100-4746-8b32-821589ab2cfb,C0336,1004,181,9.0,307.6
1c91e837-fbaa-49f8-8c19-45be32d59612,C0390,1028,12,38.0,1015.07
ad695c5f-51a8-4ff2-a07d-20b5eef9de8e,C0971,1010,123,36.0,462.93
c272e529-37cf-457e-8039-d102918d0bd4,C0571,1006,68,2.0,176.77
5d28233b-2ddc-4a8c-83f5-d3ebf09f5276,C0604,1019,108,38.0,1715.97
56bc05c7-1c17-4e76-9205-1d33e336c5f2,C0493,1026,69,8.0,1253.04
0e0c55d8-601c-4561-a475-ad8f1aad6768,C0412,1039,71,4.0,1074.77
4781bd62-43ec-4c27-a07f-dcce3f03c218,C0038,1039,57,27.0,1152.82
62d084b2-6524-4d68-b3a4-117f6acf1a56,C0945,1039,81,29.0,1225.38
e8a0c918-37ed-41fa-bd91-09b8c9bdf4f6,C0278,1030,84,40.0,214.33
5bf13876-b6ed-4557-9d18-993ca9cbfba3,C0330,1041,62,17.0,1492.08
2472244f-9b65-4a35-a8ae-c1928f9a0814,C0076,1033,109,11.0,509.68
85e51757-485b-416f-8384-945898779717,C0112,1021,157,3.0,653.97
71b064c5-58bb-4376-a76f-b28183bf0c65,C0456,1047,133,22.0,1425.75
7d014c3b-10a2-4f8d-85d7-cf900fb9f3b6,C0026,1018,63,25.0,1015.07
2d9f0c6d-f2a3-4880-bba0-8fd8678a64f2,C0878,1028,49,33.0,1551.22
5d0a86a5-0103-4261-b2da-0f8d88b0638e,C0031,1014,136,39.0,1733.88
276728d0-6d51-4113-8793-e567838919e5,C0208,1006,179,7.0,1143.07
7ad439d6-fb86-43c1-9251-6e04bebdd183,C0392,1000,163,22.0,712.88
f101e2fc-ae55-45c2-9b5c-86c8e2b639c7,C0109,1041,18,43.0,376.32
9831fa79-666c-4507-a0a6-803023493347,C0781,1047,134,16.0,1299.37
caa8fefb-5488-4662-9ead-8f3beb189b61,C0939,1010,6,29.0,689.36
83917966-c046-4dc0-996b-fb964352c85e,C0266,1002,14,18.0,825.58
7d34e48e-776e-4efb-81ee-24a1cfbfb5df,C0523,1007,18,15.0,604.0
4318edd6-263e-4f20-b911-67c832af8886,C0081,1022,176,33.0,638.61
614d2b7b-33e0-479b-9247-32971fc5bc7e,C0516,1028,73,48.0,1905.73
8fc4f5e8-91fb-4894-b010-1a5867b71bf7,C0379,1003,55,29.0,460.31
e7128ed7-aa9a-45d9-b95d-a4779e645273,C0471,1015,146,48.0,140.61
3f187bc7-c63b-4cef-b4be-e6edc40e6c8b,C0525,1037,166,12.0,1015.07
cf3bcf37-c288-4aa6-a7b6-eb89b23a9e96,C0312,1022,59,41.0,890.91
9535ce96-0522-464c-ab43-47a511c6aac6,C0143,1023,159,20.0,258.9
b59dd744-254f-4771-8633-f66ff4037012,C0201,1002,128,13.0,592.45
8aef3b92-4f44-4322-8b0b-194db97ac7f8,C0576,1013,13,37.0,1367.1
3790c207-b07b-4f74-9751-b5ffad0a2adf,C0244,1010,5,14.0,453.28
2320bb47-f554-4029-8324-23f32f6363a4,C0605,1023,10,2.0,1053.85
da48c8c5-c248-444d-a76b-d9e1118cf582,C0049,1007,68,11.0,1906.89
852aea58-c146-4407-805b-df7658d4dab3,C0640,1012,50,48.0,1367.85
02abffa5-8b3b-4dae-a245-d555f367bceb,C0283,1039,104,31.0,1763.11
74133b3a-769e-4dac-a8b3-763a8e7ee480,C0387,1030,59,42.0,1150.52
2257fda0-fa31-4f4f-a0eb-61916017c7a9,C0090,1046,103,27.0,1984.14
e5f9bcb4-2340-4d91-b28b-ca0462929a4f,C0421,1011,52,1.0,1652.22
90af529c-8c31-4c5a-8cc6-f0ec1cb0d7f6,C0960,1015,31,34.0,61.26
e4a7c5f9-e426-4645-99d0-1fa1de946429,C0022,1028,33,16.0,1005.96
de210a2a-4fd7-4248-86bb-85e4cf66b7b7,C0646,1040,68,42.0,490.74
c98314e6-169a-4282-8856-114db0e69067,C0494,1040,120,28.0,646.27
e8b6b65c-c2b1-4a79-bb63-2e0aad3ce42c,C0176,1004,177,7.0,1374.2
efc26784-b97b-4126-ae83-1e1f801abfd7,C0475,1032,158,44.0,1254.93
2f3b3321-c7a0-4409-8ee5-6d60e06cec89,C0237,1048,122,24.0,1951.67
63fb1093-f78f-44ca-bd29-5b177fd70e9b,C0686,1044,18,21.0,1021.53
0e9bf544-8811-44c5-ac97-157184879385,C0717,1022,69,6.0,665.27
ed51b063-66e7-48bf-bfb8-7afbf13f7cfd,C0384,1022,179,25.0,1970.74
9b543253-a910-4c62-b47a-31bc9ef5217e,C0715,1020,59,23.0,619.03
ec5a9df1-2d0b-4d1a-8852-1035561b8de8,C0112,1030,101,7.0,1557.07
9c34b2cd-cf91-43ec-9956-0b4e5c476c05,C0553,1016,143,48.0,745.81
ec82ecfd-25ff-4b6d-b0b8-5c4e3440be34,C0638,1025,98,30.0,1026.32
81f383c7-c60f-423e-96e6-d06853aa6b76,C0923,1043,106,36.0,1400.2
2f4b0b5e-ae94-411e-ac53-c96b96a1d79c,C0158,1044,51,1.0,1867.95
6f4d2c0e-0cc7-4431-979d-41c34e3e2043,C0131,1006,25,21.0,1191.62
453c4290-141e-46f3-9a4b-12ae69737cf3,C0175,1033,42,21.0,1304.78
d937d181-b17f-48c4-8f6d-786fd8084b2e,C0939,1032,132,31.0,839.71
49e153a1-ec2a-4983-88df-368253a504bb,C0293,1009,32,38.0,768.09
468226e4-6547-47e0-9dc0-fdb28f55ec14,C0201,1041,45,6.0,575.1
102782af-74f5-4423-aa23-eb46e14b935d,C0057,1042,6,46.0,529.03
e4e8d5a5-5b06-4fb9-8a20-97a50fffd231,C0305,1014,149,19.0,1631.5
34b16409-ffc6-4ade-8168-722dc111f1a9,C0835,1026,125,35.0,1910.61
0e4e2757-1fc7-49fa-aeda-8bedd66c1778,C0847,1030,145,21.0,810.21
1501948a-01f4-48e2-a55b-842688fe2fe3,C0979,1034,157,5.0,523.32
09ca0dd3-5410-443c-88ae-ce57d4bf8e98,C0630,1013,81,43.0,1565.07
54189246-66f3-445b-9863-152487830a89,C0303,1049,12,32.0,1895.96
a8f66b4a-ef91-4bca-ab02-2f1dd1adc6ec,C0656,1023,128,6.0,63.39
83489c42-5e25-476d-94ff-21f0fd8126db,C0488,1020,118,30.0,167.37
b042adbd-0589-4543-9880-a7d2a3b0d1d4,C0673,1021,120,49.0,1919.47
e772457e-97b0-47e0-a213-388801d3b501,C0067,1048,80,36.0,1942.76
90211108-bbf6-41fe-96ad-08e8aaac25c2,C0480,1018,135,2.0,404.81
2cde2238-e3fa-4988-9729-b09a1a8aa175,C0638,1045,104,43.0,244.45
1b497c1a-5678-498e-a091-9321eac327e8,C0964,1043,160,29.0,70.04
7ebfd4c9-2958-4a48-9805-75d7ade02c27,C0129,1048,4,38.0,404.18
df53416c-1d96-4986-a73a-9804689c6c06,C0834,1013,79,34.0,1632.78
c43efba6-60bb-4c50-8fcc-0509fc87e8e9,C0063,1024,148,44.0,1468.37
65e9e94d-7aa3-4700-908f-26a0684054ec,C0118,1002,80,45.0,1916.33
9d491b1f-d752-42bd-9ce9-37ed39cea8e9,C0531,1045,145,13.0,1256.56
4e040714-08db-469f-bf4a-87de62cbe74b,C0341,1024,163,6.0,758.17
9568167f-b2b1-4c9f-8726-85b5d2b28436,C0416,1038,28,39.0,567.5
e6570e77-607c-47a3-a268-bf8740679968,C0840,1007,165,46.0,779.95
0502f20f-2523-4263-8ed1-310d0f5f4933,C0935,1021,73,39.0,1015.07
5ac2d4db-9096-4814-a010-fa42f3be3c8f,C0911,1017,64,39.0,573.95
19565e84-77a5-430a-a5c2-861a17f19861,C0475,1042,145,39.0,1767.53
adfb6778-1698-42bd-93c9-9b7a3e8a414e,C0420,1034,97,35.0,1323.03
937005f7-ad77-4612-9721-6097873549a9,C0102,1032,80,29.0,531.68
a0aa102c-eefe-414d-bea0-f1d0a88b5542,C0695,1023,62,19.0,1744.61
e25196b0-3d47-444c-8328-4b0088f42037,C0558,1034,161,46.0,1010.18
f886f5fa-7b87-45f2-8c23-3f613e0afaea,C0140,1043,143,12.0,1263.22
7dc3b779-1b5e-44a2-8038-6527af3a77b8,C0802,1017,42,5.0,1664.62
e220d08a-2177-4f65-9014-2cfcce5c44ff,C0944,1024,76,16.0,321.54
e7627574-61f9-4639-ba74-e2cb6b23f757,C0348,1022,41,15.0,1518.81
7103ada5-a466-4832-96ee-0ca84ccd2771,C0996,1037,97,15.0,894.63
19e86ed7-4610-42b8-b698-00f6c7b2224c,C0753,1034,60,25.0,369.93
51da7cfe-67f6-4769-8a72-19473cde2d1a,C0979,1012,4,5.0,1015.07
566aff5c-993e-4d0b-9827-6cbe8c146a9d,C0329,1037,99,10.0,1323.84
0c9e4a45-6946-4da1-bedc-e7aadc8d2bb7,C0821,1009,34,34.0,1924.64
e079ed83-7038-46aa-8999-7b53bf4a8904,C0905,1048,70,12.0,1216.37
dec7ebdc-ea35-4dcb-9e97-688b640307b1,C0122,1034,9,29.0,59637.24
afc2ad6b-d216-48ee-bb72-7232ff1ce869,C0431,1039,65,47.0,1297.14
5cc48034-adea-44d1-b6e1-f4131b6fd073,C0884,1023,175,33.0,1525.76
c88c227c-a62f-42b4-a176-5256d75f5e1a,C0194,1012,136,1.0,425.05
4e5d4226-d2f7-4379-8665-c4a7d3fb7370,C0379,1009,159,6.0,1821.33
0d417825-64e3-499a-a674-a5a1d9a9bea6,C0830,1004,46,23.0,1282.49
576a1cf6-76dc-40fd-90ee-fd855bb2fed2,C0742,1040,48,4.0,890.72
31d32732-8719-4f7d-b6d4-5ad5a61834fe,C0962,1038,8,30.0,749.58
41e2779b-5f1c-491f-b634-543a088ba551,C0767,1005,7,15.0,254.0
a272d925-d72b-42f7-92e4-63542b666a2e,C0736,1007,128,18.0,1906.43
dd6be4b5-bd0c-40d8-9310-ca6e10dc4672,C0431,1047,92,17.0,1605.92
2f16a2eb-6fc2-4c0d-9529-f9d6fe18f0bf,C0318,1026,150,12.0,389.95
91f7a4bb-60b1-4e44-99ba-df5780240ed9,C0426,1012,79,45.0,739.07
85600d17-73cc-4f38-ba15-cd012cbbd786,C0372,1005,16,37.0,1143.43
d10a7d35-3c56-4eb7-b5f4-4472e2eabf14,C0236,1030,52,9.0,1241.57
98919bde-c7d9-47bb-8674-9cc79ea6f05e,C0705,1027,74,25.0,1609.02
27930968-4b9e-4f9d-b459-3b8c3712d291,C0635,1045,133,42.0,1015.07
a99cc4ce-8f44-4a0d-8b26-65abd120bf24,C0851,1029,91,24.0,937.03
62cf49bc-a318-4495-9363-48d9c155a0ec,C0631,1026,160,2.0,1516.8
fd906331-56eb-47f3-89b6-f0ed4bc2aa3e,C0219,1033,6,32.0,1069.03
fee40a86-2361-43c7-935f-d2a551a03a92,C0537,1031,94,12.0,861.26
b1c09253-c5d2-4b35-819b-ad2810f10e5a,C0051,1039,60,23.0,1558.48
2b5327a8-e4c4-4190-8414-ab69d54d73cf,C0222,1032,171,22.0,793.15
c0543cb6-d306-45a5-a393-af602becafb4,C0525,1013,152,2.0,955.81
ddad35ad-bb7d-4cd6-9f5c-5f6e7bf83859,C0963,1039,96,40.0,1094.38
52a1357e-8ef2-4d9e-8207-ecfdc065d601,C0048,1021,65,3.0,1446.93
c507cf06-9341-449a-930a-a287faa220ba,C0780,1013,166,2.0,733.48
cab5eb63-b436-48bc-bf02-56ff88534db0,C0389,1035,166,32.0,1142.03
0dce00f9-4f8e-4c17-bc0f-6b19d247b2d8,C0173,1024,88,35.0,1102.1
d37ba5b5-02db-494e-9fb2-7388928388a8,C0626,1041,128,4.0,1791.03
37d1d7a9-544a-44af-8b9a-9275f75997c8,C0150,1022,38,13.0,746.24
863f6ae1-b4f7-468c-928b-2e0b5a3155bc,C0766,1029,3,50.0,352.15
55fc7387-d9aa-4873-aa59-473b0cb04bc7,C0676,1031,176,24.0,144.66
efb8462d-16d3-4658-ad50-1698f0cc4dbd,C0189,1003,78,18.0,1141.15
49d1bc1c-b15d-4f32-8e9d-4bcd4a211541,C0384,1030,52,38.0,493.56
0449e02a-4946-492f-96ba-f46add4c9896,C0397,1004,148,16.0,685.63
879ec006-2754-45e4-b69e-e171f69913c8,C0668,1023,118,3.0,505.22
15823198-edd3-4858-bf16-93636b6af99d,C0589,1018,83,9.0,1472.6
d95ad960-a0ed-4f94-a015-848d0b89c62c,C0619,1045,64,30.0,1935.75
dc6396ee-ddff-4e0a-a4b6-5d5ba3174927,C0950,1042,170,32.0,248.99
33a571ef-f793-40ca-879d-ee8434cca87b,C0027,1035,103,32.0,1710.13
4ffb0e40-cc81-4c8a-afbe-5f6b453f00e2,C0278,1019,153,7.0,1504.44
bc9b94d3-ad7e-48f4-965b-6bb3399857cc,C0154,1015,8,6.0,461.49
1433cc2a-4691-4bc0-84ee-6ca97c8b6f45,C0103,1038,161,20.0,490.85
3699545b-14e0-477e-97d2-6bdb91449fce,C0586,1003,27,24.0,1504.52
371c6935-d7f1-41ad-951a-18d809f4707d,C0389,1013,107,31.0,624.5
438a4fb6-ecd1-47f5-8afe-f442647f9d26,C0483,1041,49,45.0,1858.67
e3f6b131-d8e5-44ca-9e6f-0fabb007bd72,C0507,1020,158,4.0,113.26
cc176dfb-cb81-4414-b318-cf28673ea29c,C0291,1012,60,12.0,1533.9
e586fbec-e1d2-4044-9626-aeb7a263e9b7,C0708,1048,88,18.0,52.8
0da8b0a8-20a8-4cbb-9476-7d615b9bd04d,C0972,1033,160,39.0,1910.02
fbd9d233-688b-4ddb-b248-24be03650682,C0424,1012,180,33.0,1167.13
77573778-21aa-498b-af54-af1d4489005c,C0594,1008,163,5.0,452.01
c3d1859d-51b6-4eef-a659-3dc64cfc43d1,C0445,1034,98,19.0,868.91
3769470f-7778-4a74-b336-0ed8bbe04d2f,C0713,1020,137,11.0,1402.09
e66b5bdf-0974-4201-b3b7-131ecac9b683,C0187,1030,61,16.0,830.08
c3d44595-155f-4383-a701-7c6d722e3fab,C0926,1011,2,30.0,1336.98
3722d534-a472-4fb3-ace7-95b3794c28e1,C0069,1047,121,47.0,1566.84
37a65829-42f1-44f4-8e5a-bafba057e57d,C0569,1036,99,13.0,362.77
9d235fda-48db-4602-b7e7-2b260af9aa57,C0944,1029,113,22.0,906.51
39dda9d8-6dd2-4b1f-9eea-fcfc740a9f50,C0819,1043,87,24.0,428.62
6cae010b-ed88-4077-a615-cc3b13030737,C0988,1041,118,26.0,1751.99
59ebb23f-77db-4042-ba9d-b822b540b20d,C0694,1013,78,22.0,362.12
06dafbc2-b561-4bf7-b3c9-96a1fd43ada5,C0697,1005,22,26.0,1815.78
186dc889-3bbf-4031-ae7a-4e2c23be04a8,C0043,1040,28,3.0,1682.71
5f5d1e59-9af7-43d2-bfc6-a9168649ded1,C0429,1004,35,3.0,1210.87
5898192f-790a-48db-b90d-db419fb28cd4,C0033,1033,38,15.0,1314.96
603561f1-3d47-4b60-b4a5-874ec4d69983,C0666,1030,19,23.0,746.8
10ccc6cf-e16b-4029-ba0b-bfd3f57068ed,C0113,1044,61,25.0,1727.25
1e7f74f6-6ea4-4b5b-b9ec-e1c863ca17f9,C0445,1033,113,47.0,112.8
3a4d1425-b567-4213-813d-a990a9e9fd66,C0266,1044,71,27.0,998.84
b2310638-c546-4915-80d8-bd8dd3452083,C0691,1010,16,1.0,833.7
4de8ef70-f7b2-40d2-8ead-544c056d4e80,C0136,1023,35,19.0,1359.31
8ab3f1f5-6da1-4095-b450-73b754c867a9,C0219,1031,63,37.0,500.92
ffd677c6-d313-4833-baa6-a8d738fd1492,C0734,1034,16,15.0,287.21
0207a15c-71f0-4e09-af8e-31b7268e0dee,C0074,1032,36,33.0,1013.1
d8548163-81e2-4e45-82b7-e344b8f624f5,C0116,1045,136,7.0,1295.91
b08ae95c-1846-4f6f-a5c4-60c65df69ba0,C0907,1002,24,27.0,342.12
7234640e-179f-43ac-b35a-a24e05989ac5,C0222,1012,63,44.0,1195.76
0b4d3b9b-8f76-4160-ab12-38f292b75307,C0267,1023,61,19.0,780.75
4eefb091-7465-4567-9b23-4f94edeecb35,C0051,1024,87,43.0,1478.81
bb3f8aa2-de63-4a12-83c5-b1446c514583,C0914,1034,6,38.0,418.32
f9076e97-3743-4606-b548-990fce8322cc,C0400,1031,121,2.0,1137.31
dae20410-7c14-4e4b-81fe-dec5099f8943,C0202,1032,166,30.0,1027.4
566bc948-9329-4a71-b2de-804db3681dd7,C0949,1014,102,25.0,1827.07
21cb933a-9a9d-4149-a1be-751914be5786,C0367,1041,147,12.0,718.08
28b8682a-97df-414d-9ca6-c140d673eac9,C0950,1025,64,42.0,1703.41
391908f8-fba3-4528-9e2b-27c708639bc5,C0981,1009,86,43.0,91.17
df9ed632-4c32-421a-a19d-97aa485bf86a,C0916,1034,37,2.0,1117.11
9f1276fa-3f25-4136-962f-e02c698722d1,C0264,1002,103,5.0,1105.95
c89fa764-bb6c-4cba-943d-74059901d751,C0518,1000,165,13.0,1975.72
4f8ca5f6-0425-4b21-b8ac-eface102f79a,C0700,1020,144,6.0,665.89
d1431c71-39ff-4100-83de-c170c30cbbac,C0086,1045,85,40.0,1451.51
bee24a29-3452-426a-b464-64a4af8791f5,C0829,1015,28,18.0,1422.87
61088539-6f0c-48e1-b6bb-a6a35f994755,C0207,1002,89,19.0,287.15
1e94efe3-40f6-4d6e-954d-101c6106b353,C0583,1018,157,3.0,1820.23
8730190b-1dc1-401d-843f-b71864d784a4,C0886,1024,146,34.0,1490.41
c6f2aeef-4570-4632-82a4-8e68045a8fdf,C0077,1001,52,48.0,1659.7
b40c3f06-1d91-4c8b-a540-8e2d8903ac61,C0618,1029,122,18.0,1662.93
d27f5b89-fa3c-42f0-8aba-bb97fe6bf15a,C0219,1021,179,45.0,157.28
5050616a-2cde-4869-8059-1711b5a3dc13,C0760,1017,101,34.0,1618.4
ae8e176a-4ae7-487e-a4cb-88c81576a46d,C0044,1029,162,28.0,409.41
59c29637-08fd-4633-9411-73e56b5eac65,C0143,1010,94,33.0,1616.12
1542b138-5073-4377-b0a4-343c39f082a6,C0647,1049,74,35.0,747.84
22daea75-9ce4-484d-84cd-30e0143c4a5c,C0881,1013,11,3.0,632.22
5aee917c-b15f-4fbb-b784-af5fe45e407a,C0764,1009,50,47.0,143.54
00e2c66d-6f55-429b-ab03-a8639376747b,C0132,1037,23,36.0,129.81
45d9efa7-41db-4c4e-a1b9-b3d3aec77a9d,C0714,1047,102,20.0,1159.99
581fc2a2-f044-4f7d-9053-2be9f3a2a3c0,C0553,1039,32,6.0,147.27
4f8619c1-e883-4e23-8c36-b22c69189ebe,C0495,1002,117,50.0,1015.07
aa85bd6c-9073-4921-821c-8e9bc021d7b9,C0320,1031,149,24.0,1015.07
a7f01062-e37d-434c-87c3-ca8e64fad7d4,C0223,1038,29,23.0,515.85
63f15402-897f-4bfd-8a28-fc1f2d689fbb,C0541,1004,132,50.0,509.06
d1cca01e-0b3f-4b80-9a5a-99f10d3604b7,C0958,1031,143,42.0,570.4
40c141f1-05a7-4e3a-809e-1d4c29e9b163,C0811,1043,167,21.0,1274.63
75410219-d2fd-409a-a964-17155307e7ff,C0518,1009,142,45.0,196.04
84cbc26e-98e3-4408-bcde-e81bb6da8bc1,C0605,1029,176,44.0,607.98
ec3da19f-1888-4e17-a8cf-ab5750adab43,C0732,1008,48,8.0,592.65
7ad9385d-4685-480e-810a-3ea270ab3f0b,C0657,1002,65,4.0,171.68
ad8a656f-bcb8-46b9-b6c1-ab53b66c8fe5,C0302,1019,49,18.0,492.24
74e9b7da-0244-4987-8ddf-27541758f368,C0320,1040,52,27.0,1047.05
2a46b080-972a-4674-a23a-0fdf4f71ccd6,C0257,1008,107,42.0,1738.58
bae96876-7a12-489a-91d3-3d8792b91c3e,C0269,1030,161,22.0,76993.72
65594963-98b4-4a84-b1a8-f5c03826fadc,C0370,1032,24,12.0,1568.29
03414035-5d83-43e7-9dde-2ad15e89ca6b,C0699,1035,106,25.0,951.0
32bbe670-e4e1-44c5-b9e7-42316e0af43d,C0330,1003,108,24.0,1015.07
1bb5760b-db40-4966-8edf-9c5c1d6729da,C0799,1000,180,50.0,1224.83
af094064-6e81-428e-a586-be2d53b51434,C0318,1021,45,21.0,394.28
3ced46cb-5029-443e-86c8-abfe0bd4412f,C0907,1017,41,26.0,1929.33
9d278f7e-9ecb-4bb6-8215-f5c9ef1dc288,C0857,1012,113,16.0,1375.8
51507896-ada2-401c-8383-4915c72bf3ab,C0695,1013,75,21.0,583.84
7757df81-c2ed-41f2-b255-a8a4c356a789,C0495,1019,64,50.0,145.11
56aa51cf-b202-4a01-8f5e-5b5a335cebaf,C0051,1039,80,46.0,77834.11
cf6e7031-c14e-4f78-be5a-de146525cd5d,C0120,1018,157,23.0,374.23
51a3f806-4a1b-4223-9d85-4acbb263c4ae,C0989,1025,148,42.0,1077.16
5344c0c7-d21c-462b-8b8e-4f5c67dce78d,C0140,1009,27,22.0,416.42
67f44037-b962-481a-a23c-bd6f48145d35,C0470,1034,48,48.0,1487.21
4e4320b6-fa42-4d68-8dc6-1a9f9c1d0165,C0818,1038,160,5.0,1472.89
ef106393-6dec-4c67-b1d5-a668a5ccb608,C0331,1003,39,8.0,155.1
39c89d66-36f8-4046-9738-634de993d66c,C0213,1008,159,17.0,1201.83
5c9fada4-f863-4545-b2c9-0fa4a5878778,C0544,1023,122,34.0,378.06
03504c0b-867e-4565-8a2e-fec85edd8478,C0308,1008,26,31.0,325.01
396da975-b4e5-41f2-8c12-ceee54df3acc,C0652,1035,117,19.0,1131.17
952b8e6e-da50-4cc5-8420-5f9c5ee4d3f6,C0646,1029,60,16.0,732.17
e6fe070f-9e10-49f0-a4a5-2e59cfdaadce,C0781,1028,144,8.0,1967.61
c5322b48-7595-42a2-91b1-f8fd4a6be832,C0174,1021,156,22.0,881.28
29d41d96-f218-49dc-b220-ab3e90ac47f8,C0533,1018,123,33.0,1786.8
5aab6f8d-d45b-4158-b34e-eac875beebf8,C0209,1031,29,27.0,86.38
26dde49e-1d79-4083-8695-51585b1f0a35,C0172,1042,84,50.0,530.44
a236cd71-0ac6-408f-a4ef-65eef6939788,C0710,1016,71,18.0,146.15
b667c9b3-f2ea-4899-8689-4e897152f0e9,C0560,1007,25,50.0,874.47
67f88aba-f1c7-4c1c-bb11-d978ba661275,C0635,1017,134,17.0,1521.53
45f3cc21-5244-4dda-8f0d-c993de9a53c4,C0809,1005,105,3.0,27261.56
382b2b89-8159-493b-8362-ee5e9c4ce4d6,C0064,1044,119,30.0,1939.38
d67bdd54-c2f8-4695-9a6f-d60d2672335a,C0482,1045,27,27.0,1015.07
255b91c7-0dba-4bac-a6a6-d6141c837187,C0735,1046,130,10.0,152.68
d2fb12db-4e28-4ea3-aa47-44cd2eb5b1ca,C0932,1040,112,14.0,967.54
ce4151f4-3ae2-4902-8607-ac2a3394f95c,C0916,1013,99,33.0,1411.7
b34a7ec6-b3dd-4afc-b8d0-7be6cbe91715,C0583,1013,78,2.0,1570.62
63ec5666-4d4e-4bb2-b03d-f05cf1f7a210,C0175,1033,174,8.0,1015.07
a6f39389-79cf-4bca-98b1-c3a5a5745b1e,C0918,1022,145,15.0,1859.18
afe7fe42-3de2-4808-ac6d-3cbeecd049f9,C0330,1031,40,20.0,1355.14
12ebd3e9-c1d0-4a25-ab6b-671338a34880,C0780,1047,99,4.0,1015.07
72e937a6-6dc8-4904-8628-8e106fee3fa1,C0108,1007,62,23.0,1044.95
cd7b5484-a94f-4afa-ad5b-7c028c4334ff,C0656,1031,1,2.0,188.16
ea77ae07-882d-477b-9ee3-4f43bb8786e3,C0732,1040,48,5.0,637.11
c90bde2f-a47d-4641-abe4-90be0ffced0b,C0260,1043,69,1.0,1961.49
b2dec135-e87a-458d-a4b0-4fe6ca8f57f1,C0659,1032,102,45.0,1590.25
39bf5cda-e2d2-40c9-9225-7c2ef3b8f74c,C0602,1027,16,40.0,571.49
5d9a3acb-8b85-4cb1-b276-f9534cbc8831,C0623,1016,114,41.0,1015.07
096f8f79-8286-4db7-a0d4-312b93740bb4,C0194,1019,74,20.0,140.3
7129f59e-fedf-4c0b-b752-08e114c21a76,C0434,1038,48,16.0,379.03
cefe5c37-49ae-492d-b653-b6c51a349c0c,C0141,1017,181,14.0,69.32
88948c18-a388-41e3-90d9-eaa18a9daeba,C0698,1040,95,15.0,757.64
690681ce-3993-4db3-986a-dcc6926bf6f7,C0305,1048,58,13.0,724.07
4eca9a31-1d16-4ac4-b640-855b30cebeda,C0874,1016,43,30.0,1770.65
c46b5b17-2ca5-427b-bbd0-7a656e0d8790,C0222,1012,12,37.0,238.1
75f24438-0bec-4a83-9db0-1653f7666394,C0474,1008,54,8.0,1572.03
353616ba-0f68-4275-b772-a2729d84994f,C0054,1042,2,46.0,95.9
372436c6-18a9-4e77-a020-47a4601c7e7f,C0343,1013,30,9.0,1073.65
0a10fd08-6a61-4f07-9132-f1a1c930e3fa,C0180,1037,151,1.0,164.72
28023b7f-e2f3-487b-8910-595299f53dac,C0565,1046,42,38.0,681.38
1c7a2206-86db-458b-9a86-2eb08444ca72,C0955,1016,102,1.0,185.61
e62eca36-51a4-49e8-b8ff-df118599e7d2,C0221,1026,129,26.0,1553.83
74a85dbd-0f16-4926-a3e9-8b2eef5d0a16,C0091,1015,101,41.0,694.22
88d60bf5-6aa0-432d-9d75-cadcff889e9c,C0948,1017,29,32.0,1074.43
1e272870-307f-490f-affc-972c9114ad80,C0937,1001,100,22.0,1015.07
71e362d8-5503-40fc-9957-0cb9a0f33994,C0902,1039,61,4.0,412.92
b35392eb-cb85-4fc9-ba96-4ca07d4a6cf5,C0308,1032,93,38.0,85.78
391509f5-be9b-40ab-80e2-a64f0152d276,C0538,1000,146,10.0,1525.02
fac6d025-7dac-43b5-a2f9-f76730d9ac48,C0517,1048,92,46.0,822.86
2244ad15-c624-4432-8f4f-3b4966c690b0,C0350,1046,66,33.0,842.56
9b406983-3513-41e2-bb07-837c9c0e1957,C0233,1027,162,22.0,1668.33
a8070acd-841e-4bf8-948d-06be216cca68,C0033,1035,141,49.0,1822.85
6930980f-c919-4b7b-aada-ee10e2decf1d,C0544,1043,70,29.0,1357.27
