Accident_ID,Date_Time,Location,Weather_Condition,Road_Condition,Vehicle_Type,Accident_Severity,Number_of_Vehicles,Casualties,Traffic_Density,Hour
d02b3836,2024-01-01 00:00:00,Suburbs,Fog,Icy,Bus,Minor,2,6,Low,0
694c8577,2024-01-01 01:00:00,Downtown,Clear,Icy,Bus,Minor,2,2,Low,1
e0ed5c55,2024-01-01 02:00:00,Residential Zone,Snow,Dry,Motorcycle,Moderate,4,5,Moderate,2
6a78511a,2024-01-01 03:00:00,Downtown,Fog,Icy,Bicycle,Moderate,3,8,Moderate,3
547bf4c2,2024-01-01 04:00:00,Highway,Storm,Under Construction,Bus,Moderate,4,1,High,4
1c7306c7,2024-01-01 05:00:00,Suburbs,Clear,Wet,Car,Fatal,2,8,Moderate,5
a5557a6b,2024-01-01 06:00:00,Suburbs,Storm,Icy,Motorcycle,Moderate,4,5,Moderate,6
3ee0c9e2,2024-01-01 07:00:00,Downtown,Fog,Wet,Car,Moderate,2,8,Low,7
f41e8530,2024-01-01 08:00:00,Suburbs,Rain,Dry,Bicycle,Moderate,2,1,High,8
6967fadc,2024-01-01 09:00:00,Highway,Clear,Dry,Bus,Severe,3,7,High,9
d001a524,2024-01-01 10:00:00,Suburbs,Snow,Wet,Bus,Severe,4,3,High,10
914a6381,2024-01-01 11:00:00,Residential Zone,Rain,Wet,Car,Minor,2,8,Moderate,11
fceccb8a,2024-01-01 12:00:00,Downtown,Storm,Under Construction,Bus,Moderate,1,9,Moderate,12
72a145ef,2024-01-01 13:00:00,Industrial Area,Fog,Wet,Car,Severe,3,2,Low,13
0fbf08bf,2024-01-01 14:00:00,Suburbs,Fog,Wet,Bus,Moderate,2,1,Moderate,14
774e89b1,2024-01-01 15:00:00,Suburbs,Clear,Dry,Bus,Severe,4,1,Low,15
4d1305c0,2024-01-01 16:00:00,Industrial Area,Rain,Icy,Truck,Fatal,4,1,Low,16
ae723948,2024-01-01 17:00:00,Industrial Area,Fog,Wet,Motorcycle,Fatal,3,7,High,17
d199146e,2024-01-01 18:00:00,Highway,Snow,Wet,Truck,Moderate,1,1,Moderate,18
18ea0732,2024-01-01 19:00:00,Highway,Clear,Icy,Bus,Minor,4,4,Moderate,19
2a447bbf,2024-01-01 20:00:00,Suburbs,Storm,Icy,Car,Severe,2,4,High,20
e3cd5130,2024-01-01 21:00:00,Suburbs,Rain,Dry,Car,Fatal,2,8,Low,21
65ba6af9,2024-01-01 22:00:00,Suburbs,Snow,Icy,Bus,Fatal,3,7,High,22
f776f5df,2024-01-01 23:00:00,Suburbs,Fog,Dry,Bus,Severe,3,6,High,23
1dfa9177,2024-01-02 00:00:00,Highway,Fog,Icy,Bus,Severe,4,4,High,0
2e8c6c11,2024-01-02 01:00:00,Suburbs,Clear,Wet,Bicycle,Minor,1,8,High,1
cb09e687,2024-01-02 02:00:00,Suburbs,Fog,Under Construction,Bicycle,Minor,3,9,Moderate,2
454ab370,2024-01-02 03:00:00,Downtown,Snow,Dry,Bicycle,Moderate,2,7,Moderate,3
cfb4972f,2024-01-02 04:00:00,Highway,Storm,Wet,Bicycle,Minor,1,9,Moderate,4
e680df77,2024-01-02 05:00:00,Residential Zone,Snow,Under Construction,Truck,Moderate,2,3,Low,5
731eab8f,2024-01-02 06:00:00,Suburbs,Snow,Icy,Truck,Severe,4,2,Moderate,6
15c44895,2024-01-02 07:00:00,Industrial Area,Rain,Icy,Bicycle,Minor,2,1,Low,7
4eb2ef8d,2024-01-02 08:00:00,Highway,Clear,Dry,Car,Fatal,2,2,High,8
8ad82a24,2024-01-02 09:00:00,Residential Zone,Fog,Wet,Bicycle,Minor,4,6,Low,9
a2bb5c7e,2024-01-02 10:00:00,Suburbs,Rain,Wet,Bus,Minor,1,2,High,10
5817606a,2024-01-02 11:00:00,Suburbs,Storm,Dry,Truck,Severe,3,3,Low,11
985b73f1,2024-01-02 12:00:00,Highway,Snow,Dry,Bus,Severe,4,6,Moderate,12
f47b37a1,2024-01-02 13:00:00,Suburbs,Fog,Icy,Car,Minor,4,1,High,13
9c4583ef,2024-01-02 14:00:00,Suburbs,Rain,Dry,Bicycle,Severe,3,8,Moderate,14
653c88e5,2024-01-02 15:00:00,Industrial Area,Snow,Dry,Bicycle,Fatal,3,0,High,15
64816592,2024-01-02 16:00:00,Downtown,Clear,Under Construction,Motorcycle,Fatal,4,1,Low,16
5bae2635,2024-01-02 17:00:00,Suburbs,Clear,Icy,Bus,Minor,1,1,Moderate,17
e3764f3d,2024-01-02 18:00:00,Downtown,Snow,Wet,Truck,Minor,3,1,High,18
e96de8cf,2024-01-02 19:00:00,Residential Zone,Rain,Wet,Motorcycle,Fatal,2,2,High,19
ed5d34ad,2024-01-02 20:00:00,Highway,Clear,Under Construction,Car,Moderate,4,4,Moderate,20
7c31b0b8,2024-01-02 21:00:00,Suburbs,Fog,Wet,Truck,Severe,1,7,High,21
6f0f12b0,2024-01-02 22:00:00,Industrial Area,Clear,Under Construction,Car,Severe,1,0,Low,22
6c7b9001,2024-01-02 23:00:00,Residential Zone,Storm,Under Construction,Motorcycle,Fatal,3,1,Moderate,23
203c24d7,2024-01-03 00:00:00,Highway,Snow,Wet,Truck,Moderate,4,9,Low,0
290f1348,2024-01-03 01:00:00,Residential Zone,Snow,Icy,Bicycle,Fatal,4,2,Moderate,1
cec92537,2024-01-03 02:00:00,Highway,Snow,Wet,Motorcycle,Fatal,2,0,Low,2
0914652a,2024-01-03 03:00:00,Residential Zone,Snow,Icy,Motorcycle,Minor,2,9,Low,3
4a35faca,2024-01-03 04:00:00,Residential Zone,Clear,Under Construction,Car,Severe,3,3,Moderate,4
36512636,2024-01-03 05:00:00,Downtown,Snow,Dry,Bicycle,Fatal,3,5,High,5
13e01dcb,2024-01-03 06:00:00,Residential Zone,Rain,Icy,Car,Severe,2,7,Low,6
525edd83,2024-01-03 07:00:00,Downtown,Rain,Dry,Motorcycle,Minor,2,7,Low,7
b6d43c89,2024-01-03 08:00:00,Downtown,Fog,Dry,Bus,Minor,1,4,High,8
0fedb4fe,2024-01-03 09:00:00,Highway,Fog,Wet,Car,Severe,2,5,Low,9
84df2b3e,2024-01-03 10:00:00,Downtown,Rain,Under Construction,Car,Moderate,2,2,Low,10
38878028,2024-01-03 11:00:00,Industrial Area,Snow,Wet,Motorcycle,Severe,2,7,Moderate,11
a53e10ae,2024-01-03 12:00:00,Highway,Snow,Dry,Truck,Severe,2,1,Low,12
bd9e4fb5,2024-01-03 13:00:00,Downtown,Clear,Under Construction,Bicycle,Severe,2,4,Moderate,13
fa660fc0,2024-01-03 14:00:00,Downtown,Fog,Under Construction,Bus,Moderate,1,4,Moderate,14
a4687197,2024-01-03 15:00:00,Industrial Area,Fog,Dry,Bus,Moderate,1,7,High,15
8417f7d9,2024-01-03 16:00:00,Residential Zone,Snow,Wet,Motorcycle,Minor,4,7,Moderate,16
4f3d6a1a,2024-01-03 17:00:00,Downtown,Storm,Dry,Bus,Minor,3,9,Moderate,17
83f4948e,2024-01-03 18:00:00,Downtown,Storm,Wet,Bus,Fatal,2,8,Moderate,18
d35af415,2024-01-03 19:00:00,Highway,Fog,Icy,Motorcycle,Moderate,3,8,Low,19
704acabe,2024-01-03 20:00:00,Highway,Snow,Dry,Bicycle,Severe,4,5,High,20
4d1ef1ee,2024-01-03 21:00:00,Suburbs,Rain,Dry,Truck,Moderate,4,6,High,21
38a06fd8,2024-01-03 22:00:00,Highway,Storm,Under Construction,Motorcycle,Severe,2,2,Moderate,22
6b59ff53,2024-01-03 23:00:00,Suburbs,Fog,Wet,Car,Fatal,4,0,Low,23
4ac55f98,2024-01-04 00:00:00,Residential Zone,Snow,Wet,Motorcycle,Fatal,1,6,Low,0
1305ed3b,2024-01-04 01:00:00,Suburbs,Snow,Under Construction,Motorcycle,Severe,4,2,High,1
1c876aae,2024-01-04 02:00:00,Residential Zone,Snow,Under Construction,Bicycle,Fatal,2,0,Moderate,2
eae25b9d,2024-01-04 03:00:00,Downtown,Fog,Under Construction,Bicycle,Severe,4,6,Moderate,3
03d9df09,2024-01-04 04:00:00,Highway,Rain,Wet,Truck,Moderate,2,9,Low,4
c69c03a8,2024-01-04 05:00:00,Highway,Storm,Dry,Car,Severe,3,3,Low,5
184e819f,2024-01-04 06:00:00,Industrial Area,Clear,Icy,Bicycle,Moderate,4,2,High,6
cc499d05,2024-01-04 07:00:00,Industrial Area,Snow,Icy,Truck,Severe,1,2,Moderate,7
be96ead2,2024-01-04 08:00:00,Residential Zone,Storm,Icy,Car,Fatal,3,9,Moderate,8
14123681,2024-01-04 09:00:00,Downtown,Storm,Wet,Bicycle,Fatal,2,9,Low,9
1e456980,2024-01-04 10:00:00,Suburbs,Clear,Dry,Car,Severe,4,1,High,10
d9a58b86,2024-01-04 11:00:00,Suburbs,Snow,Icy,Truck,Fatal,1,6,Low,11
46918492,2024-01-04 12:00:00,Industrial Area,Clear,Dry,Bus,Severe,4,9,Moderate,12
d98f17f1,2024-01-04 13:00:00,Downtown,Snow,Dry,Bicycle,Moderate,2,5,Moderate,13
6dc75e01,2024-01-04 14:00:00,Downtown,Rain,Under Construction,Motorcycle,Minor,2,4,High,14
261f3a47,2024-01-04 15:00:00,Highway,Rain,Wet,Truck,Minor,3,1,Low,15
0e79bbde,2024-01-04 16:00:00,Residential Zone,Fog,Icy,Truck,Moderate,3,2,Low,16
e4fb489c,2024-01-04 17:00:00,Suburbs,Snow,Under Construction,Bicycle,Minor,1,3,High,17
10948714,2024-01-04 18:00:00,Suburbs,Rain,Under Construction,Motorcycle,Minor,1,5,Low,18
e9226880,2024-01-04 19:00:00,Suburbs,Clear,Under Construction,Truck,Minor,3,4,High,19
2e574288,2024-01-04 20:00:00,Suburbs,Snow,Under Construction,Bicycle,Severe,3,5,Moderate,20
09a977f4,2024-01-04 21:00:00,Industrial Area,Clear,Icy,Truck,Fatal,3,1,Low,21
70b3a1ae,2024-01-04 22:00:00,Industrial Area,Fog,Under Construction,Bus,Minor,4,4,Moderate,22
e139c4fc,2024-01-04 23:00:00,Downtown,Snow,Icy,Bus,Minor,2,9,Moderate,23
ba6556a6,2024-01-05 00:00:00,Industrial Area,Fog,Wet,Car,Severe,3,1,High,0
e9af12dd,2024-01-05 01:00:00,Highway,Storm,Wet,Motorcycle,Moderate,4,7,Moderate,1
7b1e8b41,2024-01-05 02:00:00,Industrial Area,Storm,Icy,Bicycle,Minor,4,4,Moderate,2
c75ef4ac,2024-01-05 03:00:00,Industrial Area,Snow,Icy,Car,Fatal,3,5,High,3
c72ebd7c,2024-01-05 04:00:00,Downtown,Clear,Wet,Bicycle,Moderate,2,8,Moderate,4
7f8a981e,2024-01-05 05:00:00,Downtown,Rain,Under Construction,Truck,Severe,2,7,Low,5
a6a21ed7,2024-01-05 06:00:00,Residential Zone,Clear,Icy,Truck,Minor,1,2,Low,6
1f979165,2024-01-05 07:00:00,Industrial Area,Storm,Dry,Motorcycle,Fatal,1,7,High,7
29350737,2024-01-05 08:00:00,Suburbs,Snow,Icy,Motorcycle,Minor,2,0,High,8
b30f80de,2024-01-05 09:00:00,Residential Zone,Snow,Wet,Truck,Fatal,3,4,Moderate,9
21808e56,2024-01-05 10:00:00,Industrial Area,Fog,Under Construction,Bicycle,Moderate,1,6,Low,10
314500dc,2024-01-05 11:00:00,Industrial Area,Fog,Wet,Motorcycle,Minor,1,3,High,11
b7fc8ca0,2024-01-05 12:00:00,Residential Zone,Fog,Wet,Bicycle,Moderate,2,6,Moderate,12
55398b55,2024-01-05 13:00:00,Downtown,Storm,Under Construction,Bus,Moderate,3,7,Moderate,13
3555e4c1,2024-01-05 14:00:00,Industrial Area,Storm,Wet,Car,Severe,1,7,Low,14
7d4a584f,2024-01-05 15:00:00,Industrial Area,Fog,Dry,Car,Minor,1,0,High,15
c00fd1d9,2024-01-05 16:00:00,Highway,Snow,Dry,Bicycle,Fatal,2,2,Low,16
a54907d6,2024-01-05 17:00:00,Suburbs,Clear,Icy,Bus,Moderate,1,9,Moderate,17
7cb22bc3,2024-01-05 18:00:00,Downtown,Clear,Wet,Car,Fatal,3,8,Moderate,18
79c7bab1,2024-01-05 19:00:00,Suburbs,Snow,Under Construction,Bicycle,Severe,2,2,Low,19
0da56507,2024-01-05 20:00:00,Industrial Area,Snow,Icy,Car,Moderate,2,0,Low,20
82210b82,2024-01-05 21:00:00,Industrial Area,Snow,Icy,Truck,Severe,1,6,Moderate,21
787c4667,2024-01-05 22:00:00,Residential Zone,Rain,Wet,Motorcycle,Severe,1,6,High,22
794e8e0f,2024-01-05 23:00:00,Industrial Area,Clear,Under Construction,Truck,Severe,1,2,Moderate,23
69cebbf0,2024-01-06 00:00:00,Industrial Area,Storm,Under Construction,Car,Fatal,1,1,Moderate,0
3d35e312,2024-01-06 01:00:00,Downtown,Snow,Under Construction,Motorcycle,Fatal,3,2,High,1
c0ea10e1,2024-01-06 02:00:00,Residential Zone,Clear,Under Construction,Bus,Severe,4,0,Low,2
ddb42343,2024-01-06 03:00:00,Residential Zone,Fog,Under Construction,Bicycle,Severe,2,9,High,3
2b2c95d2,2024-01-06 04:00:00,Industrial Area,Snow,Under Construction,Truck,Fatal,3,7,Moderate,4
b3189f3c,2024-01-06 05:00:00,Residential Zone,Rain,Dry,Bicycle,Severe,2,8,Low,5
9639dff0,2024-01-06 06:00:00,Downtown,Fog,Under Construction,Bicycle,Severe,3,6,High,6
4744411b,2024-01-06 07:00:00,Residential Zone,Fog,Under Construction,Truck,Minor,2,7,Low,7
5bf26563,2024-01-06 08:00:00,Downtown,Rain,Dry,Bus,Moderate,1,2,Low,8
1710cdaa,2024-01-06 09:00:00,Residential Zone,Clear,Wet,Bus,Fatal,3,5,High,9
aba38266,2024-01-06 10:00:00,Industrial Area,Fog,Wet,Truck,Moderate,2,6,Moderate,10
684c547e,2024-01-06 11:00:00,Industrial Area,Rain,Under Construction,Motorcycle,Minor,4,2,Low,11
7905b8f1,2024-01-06 12:00:00,Industrial Area,Snow,Dry,Bus,Moderate,3,9,High,12
05c87255,2024-01-06 13:00:00,Downtown,Fog,Icy,Car,Fatal,1,6,Moderate,13
bceb0b32,2024-01-06 14:00:00,Industrial Area,Storm,Dry,Motorcycle,Minor,2,7,High,14
221f1d62,2024-01-06 15:00:00,Downtown,Rain,Icy,Bicycle,Fatal,4,1,High,15
dd6198d6,2024-01-06 16:00:00,Residential Zone,Storm,Dry,Car,Moderate,2,0,Moderate,16
cf933972,2024-01-06 17:00:00,Industrial Area,Fog,Dry,Truck,Fatal,4,7,Low,17
12036898,2024-01-06 18:00:00,Industrial Area,Storm,Wet,Car,Fatal,3,1,Low,18
0a122a30,2024-01-06 19:00:00,Industrial Area,Snow,Wet,Truck,Severe,3,8,Low,19
ee4ab1f7,2024-01-06 20:00:00,Downtown,Snow,Under Construction,Bus,Minor,1,3,Moderate,20
d091264d,2024-01-06 21:00:00,Industrial Area,Fog,Wet,Bicycle,Moderate,2,4,Moderate,21
e6ae8ddb,2024-01-06 22:00:00,Industrial Area,Fog,Dry,Motorcycle,Moderate,2,4,Low,22
8318deb4,2024-01-06 23:00:00,Industrial Area,Clear,Icy,Car,Fatal,3,8,Moderate,23
ed0068f5,2024-01-07 00:00:00,Downtown,Fog,Under Construction,Bicycle,Fatal,3,9,High,0
781408db,2024-01-07 01:00:00,Industrial Area,Snow,Dry,Bicycle,Moderate,4,9,Moderate,1
b34e5aec,2024-01-07 02:00:00,Industrial Area,Clear,Dry,Bicycle,Severe,4,8,Low,2
1982dae9,2024-01-07 03:00:00,Suburbs,Clear,Wet,Truck,Moderate,4,9,Low,3
8285655c,2024-01-07 04:00:00,Industrial Area,Snow,Dry,Bicycle,Fatal,2,1,Low,4
6ff51e5f,2024-01-07 05:00:00,Suburbs,Rain,Under Construction,Car,Severe,2,6,Moderate,5
db56cc8b,2024-01-07 06:00:00,Residential Zone,Clear,Under Construction,Bicycle,Severe,3,9,Low,6
8313f700,2024-01-07 07:00:00,Residential Zone,Storm,Icy,Motorcycle,Moderate,2,1,Low,7
707ea6f7,2024-01-07 08:00:00,Downtown,Fog,Under Construction,Bicycle,Minor,2,9,Low,8
c7b54590,2024-01-07 09:00:00,Residential Zone,Fog,Under Construction,Bus,Fatal,4,3,Moderate,9
b7442498,2024-01-07 10:00:00,Industrial Area,Snow,Icy,Truck,Severe,1,5,Moderate,10
74ae17a4,2024-01-07 11:00:00,Industrial Area,Fog,Icy,Car,Minor,4,3,High,11
662cd9f9,2024-01-07 12:00:00,Suburbs,Fog,Wet,Truck,Moderate,4,9,Moderate,12
1603af7a,2024-01-07 13:00:00,Highway,Clear,Under Construction,Car,Minor,2,0,Moderate,13
1377c7f0,2024-01-07 14:00:00,Suburbs,Clear,Under Construction,Car,Minor,3,2,Low,14
14e69ea2,2024-01-07 15:00:00,Downtown,Rain,Dry,Car,Fatal,4,7,Moderate,15
81bb958a,2024-01-07 16:00:00,Downtown,Snow,Under Construction,Car,Moderate,4,8,Low,16
3f47de85,2024-01-07 17:00:00,Industrial Area,Snow,Wet,Bus,Fatal,2,2,Moderate,17
2c9a9978,2024-01-07 18:00:00,Downtown,Clear,Icy,Truck,Minor,2,5,Low,18
20257454,2024-01-07 19:00:00,Highway,Rain,Icy,Motorcycle,Minor,3,2,Moderate,19
24aee600,2024-01-07 20:00:00,Highway,Storm,Wet,Truck,Moderate,1,7,Moderate,20
8205bf73,2024-01-07 21:00:00,Residential Zone,Snow,Icy,Bicycle,Moderate,3,3,Low,21
36f2313e,2024-01-07 22:00:00,Highway,Snow,Dry,Car,Minor,3,4,High,22
a874672d,2024-01-07 23:00:00,Residential Zone,Snow,Dry,Car,Severe,4,5,Moderate,23
4ca1045c,2024-01-08 00:00:00,Highway,Clear,Dry,Car,Minor,1,9,Low,0
cd0820db,2024-01-08 01:00:00,Residential Zone,Clear,Icy,Bus,Severe,2,2,Moderate,1
daadf78e,2024-01-08 02:00:00,Downtown,Snow,Under Construction,Bus,Severe,2,4,High,2
5781f618,2024-01-08 03:00:00,Highway,Snow,Under Construction,Bicycle,Moderate,4,5,Low,3
84788baa,2024-01-08 04:00:00,Downtown,Clear,Dry,Bicycle,Fatal,3,8,High,4
fca10a63,2024-01-08 05:00:00,Industrial Area,Fog,Wet,Bus,Moderate,1,3,Low,5
917d3ea9,2024-01-08 06:00:00,Highway,Rain,Wet,Bicycle,Minor,2,4,Low,6
b5644b4e,2024-01-08 07:00:00,Residential Zone,Clear,Dry,Truck,Fatal,3,8,Low,7
c51e1b57,2024-01-08 08:00:00,Residential Zone,Rain,Wet,Bus,Fatal,3,9,Low,8
2c3bfbaa,2024-01-08 09:00:00,Highway,Rain,Icy,Motorcycle,Severe,1,7,Moderate,9
017b07e3,2024-01-08 10:00:00,Residential Zone,Rain,Wet,Truck,Fatal,1,9,High,10
f50c799e,2024-01-08 11:00:00,Downtown,Snow,Icy,Bicycle,Moderate,1,9,High,11
b2990343,2024-01-08 12:00:00,Suburbs,Fog,Icy,Motorcycle,Fatal,4,1,Moderate,12
7c087d1f,2024-01-08 13:00:00,Industrial Area,Clear,Dry,Motorcycle,Minor,2,2,High,13
1bfaba7b,2024-01-08 14:00:00,Downtown,Clear,Wet,Car,Minor,3,6,Moderate,14
b6cde1cd,2024-01-08 15:00:00,Industrial Area,Clear,Wet,Truck,Moderate,3,3,High,15
1636a12b,2024-01-08 16:00:00,Residential Zone,Snow,Icy,Truck,Minor,2,5,Moderate,16
f55b6ad7,2024-01-08 17:00:00,Highway,Fog,Dry,Truck,Moderate,3,0,Moderate,17
c406aa94,2024-01-08 18:00:00,Suburbs,Fog,Dry,Motorcycle,Severe,1,9,High,18
42a9be00,2024-01-08 19:00:00,Suburbs,Rain,Under Construction,Bicycle,Fatal,3,4,High,19
7689d102,2024-01-08 20:00:00,Suburbs,Rain,Icy,Bus,Minor,4,4,Low,20
9646e55d,2024-01-08 21:00:00,Industrial Area,Clear,Dry,Bicycle,Fatal,3,8,High,21
c7369522,2024-01-08 22:00:00,Highway,Storm,Dry,Bus,Fatal,2,3,Low,22
5ac1ffe7,2024-01-08 23:00:00,Highway,Rain,Dry,Motorcycle,Severe,3,7,High,23
39b37044,2024-01-09 00:00:00,Highway,Storm,Icy,Truck,Fatal,3,8,High,0
3eba79c0,2024-01-09 01:00:00,Highway,Snow,Wet,Car,Severe,3,0,High,1
db520970,2024-01-09 02:00:00,Industrial Area,Fog,Under Construction,Truck,Minor,3,4,Low,2
85ad1e6b,2024-01-09 03:00:00,Suburbs,Rain,Under Construction,Motorcycle,Severe,3,1,Low,3
1bc2a02b,2024-01-09 04:00:00,Highway,Storm,Under Construction,Car,Fatal,1,7,High,4
c65bf1ea,2024-01-09 05:00:00,Downtown,Storm,Dry,Motorcycle,Minor,1,9,High,5
28158510,2024-01-09 06:00:00,Downtown,Rain,Dry,Motorcycle,Moderate,4,2,High,6
58dc06d3,2024-01-09 07:00:00,Highway,Storm,Under Construction,Car,Minor,1,9,High,7
ca601730,2024-01-09 08:00:00,Residential Zone,Rain,Wet,Car,Severe,1,3,High,8
1d7a97c8,2024-01-09 09:00:00,Downtown,Rain,Wet,Bus,Severe,3,2,Moderate,9
1e3fc860,2024-01-09 10:00:00,Industrial Area,Clear,Under Construction,Car,Moderate,2,8,Low,10
b3599512,2024-01-09 11:00:00,Highway,Snow,Under Construction,Truck,Minor,2,2,Moderate,11
c4171d8f,2024-01-09 12:00:00,Residential Zone,Storm,Icy,Bicycle,Moderate,2,1,Moderate,12
282f03dc,2024-01-09 13:00:00,Suburbs,Snow,Icy,Motorcycle,Minor,4,8,Low,13
c33545b8,2024-01-09 14:00:00,Suburbs,Snow,Icy,Car,Moderate,2,8,High,14
9430b765,2024-01-09 15:00:00,Downtown,Clear,Icy,Bicycle,Severe,2,7,Moderate,15
e16952c5,2024-01-09 16:00:00,Highway,Rain,Icy,Bicycle,Severe,4,4,Low,16
b946811a,2024-01-09 17:00:00,Highway,Clear,Dry,Truck,Fatal,3,4,Moderate,17
bc403319,2024-01-09 18:00:00,Downtown,Rain,Wet,Bicycle,Minor,2,1,Low,18
f128e23a,2024-01-09 19:00:00,Industrial Area,Rain,Wet,Bus,Severe,1,1,High,19
fb21e357,2024-01-09 20:00:00,Highway,Snow,Dry,Car,Moderate,1,4,Moderate,20
ad6a9294,2024-01-09 21:00:00,Industrial Area,Storm,Wet,Bus,Minor,4,1,Low,21
e521b132,2024-01-09 22:00:00,Residential Zone,Fog,Icy,Bicycle,Minor,2,8,High,22
48a60dbf,2024-01-09 23:00:00,Suburbs,Clear,Wet,Motorcycle,Fatal,4,6,Moderate,23
1e3f8df8,2024-01-10 00:00:00,Suburbs,Rain,Dry,Bicycle,Severe,3,7,Low,0
71967fab,2024-01-10 01:00:00,Industrial Area,Storm,Dry,Car,Fatal,1,4,High,1
eeea9b48,2024-01-10 02:00:00,Highway,Snow,Under Construction,Truck,Moderate,2,4,High,2
01fa8486,2024-01-10 03:00:00,Suburbs,Snow,Under Construction,Truck,Fatal,2,7,Low,3
4cd9669c,2024-01-10 04:00:00,Highway,Clear,Wet,Car,Moderate,1,4,Low,4
4c3dfb09,2024-01-10 05:00:00,Industrial Area,Storm,Icy,Truck,Minor,4,1,High,5
bef78e74,2024-01-10 06:00:00,Suburbs,Rain,Icy,Car,Moderate,3,2,Low,6
475ec38c,2024-01-10 07:00:00,Downtown,Rain,Icy,Car,Fatal,1,0,High,7
e074bb32,2024-01-10 08:00:00,Residential Zone,Fog,Under Construction,Car,Minor,3,6,High,8
a2d0e3c1,2024-01-10 09:00:00,Suburbs,Snow,Dry,Truck,Moderate,1,2,High,9
73439251,2024-01-10 10:00:00,Residential Zone,Clear,Wet,Car,Fatal,4,9,High,10
b4f09a76,2024-01-10 11:00:00,Suburbs,Storm,Icy,Truck,Minor,2,7,High,11
077ee6d0,2024-01-10 12:00:00,Downtown,Clear,Dry,Truck,Severe,1,9,Moderate,12
d7a03a49,2024-01-10 13:00:00,Suburbs,Storm,Dry,Bus,Minor,3,1,Moderate,13
0aad4e97,2024-01-10 14:00:00,Downtown,Clear,Icy,Bicycle,Fatal,4,3,Moderate,14
80225a77,2024-01-10 15:00:00,Residential Zone,Snow,Dry,Truck,Minor,2,5,High,15
c1cbbe8c,2024-01-10 16:00:00,Suburbs,Fog,Icy,Motorcycle,Fatal,2,1,Moderate,16
d705f9ab,2024-01-10 17:00:00,Downtown,Clear,Icy,Bus,Moderate,1,0,High,17
5314fbe7,2024-01-10 18:00:00,Residential Zone,Snow,Icy,Car,Fatal,4,7,High,18
4222fb05,2024-01-10 19:00:00,Residential Zone,Rain,Wet,Bicycle,Fatal,2,6,High,19
8530f262,2024-01-10 20:00:00,Suburbs,Rain,Under Construction,Bicycle,Severe,2,0,Low,20
85fa7e44,2024-01-10 21:00:00,Residential Zone,Snow,Icy,Bicycle,Moderate,1,8,High,21
4bac110f,2024-01-10 22:00:00,Highway,Storm,Under Construction,Motorcycle,Minor,4,8,High,22
ad5b447f,2024-01-10 23:00:00,Suburbs,Fog,Wet,Truck,Moderate,2,2,High,23
ec1a28df,2024-01-11 00:00:00,Highway,Snow,Dry,Car,Fatal,4,7,Low,0
ddad293e,2024-01-11 01:00:00,Highway,Snow,Wet,Car,Fatal,1,3,Low,1
587de116,2024-01-11 02:00:00,Downtown,Clear,Dry,Car,Moderate,1,0,Low,2
d9bdc2f0,2024-01-11 03:00:00,Suburbs,Fog,Icy,Bicycle,Minor,4,8,Low,3
1716c2f5,2024-01-11 04:00:00,Residential Zone,Rain,Under Construction,Bus,Minor,1,4,Moderate,4
7dcecce9,2024-01-11 05:00:00,Highway,Clear,Wet,Car,Severe,1,1,Moderate,5
806afa04,2024-01-11 06:00:00,Residential Zone,Clear,Under Construction,Bicycle,Fatal,3,6,Moderate,6
d972eb60,2024-01-11 07:00:00,Suburbs,Storm,Dry,Car,Moderate,1,7,High,7
99fce65a,2024-01-11 08:00:00,Downtown,Fog,Under Construction,Bicycle,Fatal,3,7,Low,8
a13b0a38,2024-01-11 09:00:00,Suburbs,Clear,Dry,Truck,Moderate,4,2,High,9
14da5dcf,2024-01-11 10:00:00,Residential Zone,Clear,Wet,Car,Fatal,2,4,High,10
0d6f6347,2024-01-11 11:00:00,Suburbs,Snow,Icy,Motorcycle,Minor,4,1,High,11
6a36beca,2024-01-11 12:00:00,Downtown,Rain,Icy,Motorcycle,Severe,2,6,Moderate,12
41cd1932,2024-01-11 13:00:00,Highway,Clear,Dry,Bicycle,Moderate,1,7,Low,13
89c0b3f8,2024-01-11 14:00:00,Suburbs,Snow,Icy,Bicycle,Moderate,2,5,Moderate,14
9a79a2b3,2024-01-11 15:00:00,Industrial Area,Storm,Under Construction,Bus,Moderate,3,5,High,15
c2cea186,2024-01-11 16:00:00,Downtown,Clear,Icy,Bus,Fatal,4,6,High,16
a127861e,2024-01-11 17:00:00,Industrial Area,Storm,Wet,Truck,Minor,3,7,Moderate,17
b56bffd8,2024-01-11 18:00:00,Residential Zone,Storm,Wet,Bicycle,Severe,1,1,Low,18
8ba52746,2024-01-11 19:00:00,Suburbs,Rain,Under Construction,Bus,Fatal,2,7,High,19
b041a55e,2024-01-11 20:00:00,Industrial Area,Rain,Icy,Bicycle,Minor,2,3,Low,20
8213befd,2024-01-11 21:00:00,Industrial Area,Snow,Icy,Bus,Moderate,3,5,Low,21
135c540c,2024-01-11 22:00:00,Residential Zone,Rain,Wet,Bus,Moderate,3,0,Low,22
f7bf8820,2024-01-11 23:00:00,Industrial Area,Fog,Icy,Car,Fatal,2,1,Moderate,23
6801e0e1,2024-01-12 00:00:00,Suburbs,Storm,Wet,Bicycle,Moderate,3,5,High,0
4630c0fe,2024-01-12 01:00:00,Residential Zone,Rain,Under Construction,Motorcycle,Moderate,3,8,Moderate,1
0d747dd1,2024-01-12 02:00:00,Highway,Fog,Wet,Bus,Minor,3,4,High,2
ff440b36,2024-01-12 03:00:00,Highway,Clear,Under Construction,Motorcycle,Moderate,1,0,Moderate,3
41f600f4,2024-01-12 04:00:00,Suburbs,Storm,Icy,Car,Moderate,2,6,Moderate,4
7d049a84,2024-01-12 05:00:00,Industrial Area,Fog,Under Construction,Motorcycle,Severe,4,0,Low,5
a36f30d7,2024-01-12 06:00:00,Industrial Area,Rain,Dry,Bus,Fatal,4,7,High,6
8bd71ed6,2024-01-12 07:00:00,Highway,Fog,Wet,Bicycle,Moderate,1,5,Low,7
b6a15b9a,2024-01-12 08:00:00,Suburbs,Storm,Under Construction,Truck,Moderate,2,7,High,8
86980220,2024-01-12 09:00:00,Suburbs,Rain,Under Construction,Car,Moderate,1,3,Low,9
816bb923,2024-01-12 10:00:00,Residential Zone,Fog,Dry,Motorcycle,Severe,4,1,High,10
87622f8a,2024-01-12 11:00:00,Downtown,Snow,Dry,Car,Severe,4,1,High,11
ae1e79e5,2024-01-12 12:00:00,Highway,Rain,Icy,Car,Severe,3,3,Low,12
82642545,2024-01-12 13:00:00,Industrial Area,Snow,Icy,Bicycle,Severe,3,1,High,13
f22f5c53,2024-01-12 14:00:00,Highway,Clear,Dry,Bus,Moderate,4,8,High,14
2b306887,2024-01-12 15:00:00,Downtown,Storm,Icy,Truck,Fatal,2,2,Moderate,15
8aff5185,2024-01-12 16:00:00,Downtown,Rain,Icy,Car,Fatal,3,2,Moderate,16
79787247,2024-01-12 17:00:00,Residential Zone,Storm,Icy,Motorcycle,Minor,1,5,Moderate,17
81500e5b,2024-01-12 18:00:00,Downtown,Storm,Dry,Bus,Minor,2,4,Moderate,18
28814bc1,2024-01-12 19:00:00,Downtown,Fog,Under Construction,Bicycle,Minor,3,8,Low,19
e4c3d6a6,2024-01-12 20:00:00,Downtown,Clear,Wet,Motorcycle,Minor,2,5,Low,20
c01a630d,2024-01-12 21:00:00,Downtown,Fog,Under Construction,Car,Minor,3,6,Moderate,21
8f4d67a3,2024-01-12 22:00:00,Downtown,Rain,Wet,Bicycle,Moderate,2,0,High,22
135b0438,2024-01-12 23:00:00,Industrial Area,Fog,Wet,Motorcycle,Moderate,4,5,Low,23
1e9f49af,2024-01-13 00:00:00,Suburbs,Clear,Under Construction,Motorcycle,Fatal,2,6,High,0
5175a664,2024-01-13 01:00:00,Downtown,Snow,Dry,Bicycle,Moderate,1,0,High,1
0b5e0b99,2024-01-13 02:00:00,Suburbs,Clear,Wet,Bus,Minor,4,6,Low,2
fa30befe,2024-01-13 03:00:00,Suburbs,Snow,Icy,Motorcycle,Fatal,3,1,High,3
9bab536b,2024-01-13 04:00:00,Industrial Area,Rain,Icy,Car,Severe,2,0,High,4
10376db8,2024-01-13 05:00:00,Industrial Area,Clear,Wet,Motorcycle,Fatal,3,3,Low,5
abc39a71,2024-01-13 06:00:00,Highway,Storm,Under Construction,Bus,Fatal,4,2,Moderate,6
532fb1d0,2024-01-13 07:00:00,Downtown,Fog,Under Construction,Motorcycle,Moderate,4,8,High,7
7d8f937f,2024-01-13 08:00:00,Suburbs,Clear,Icy,Bicycle,Fatal,1,0,Moderate,8
37182799,2024-01-13 09:00:00,Industrial Area,Snow,Under Construction,Truck,Fatal,3,2,Moderate,9
5b03ca11,2024-01-13 10:00:00,Industrial Area,Storm,Under Construction,Motorcycle,Minor,1,5,Low,10
f974c206,2024-01-13 11:00:00,Highway,Clear,Dry,Motorcycle,Severe,3,1,Moderate,11
8f65c3e9,2024-01-13 12:00:00,Highway,Snow,Icy,Truck,Severe,1,2,High,12
c069ca86,2024-01-13 13:00:00,Industrial Area,Storm,Under Construction,Bicycle,Severe,3,7,Moderate,13
db2d8004,2024-01-13 14:00:00,Suburbs,Clear,Icy,Truck,Severe,1,0,High,14
1b9d0c32,2024-01-13 15:00:00,Industrial Area,Snow,Icy,Bicycle,Fatal,3,6,High,15
4a725a84,2024-01-13 16:00:00,Highway,Storm,Wet,Bus,Moderate,1,6,Moderate,16
355754ed,2024-01-13 17:00:00,Suburbs,Storm,Icy,Bus,Fatal,1,3,High,17
f44d0e62,2024-01-13 18:00:00,Highway,Snow,Dry,Bicycle,Severe,4,3,High,18
00222fc6,2024-01-13 19:00:00,Highway,Fog,Wet,Motorcycle,Moderate,1,9,Low,19
46be63be,2024-01-13 20:00:00,Industrial Area,Clear,Icy,Truck,Moderate,3,5,Moderate,20
d7737b6e,2024-01-13 21:00:00,Suburbs,Snow,Under Construction,Car,Severe,2,1,High,21
e69922fb,2024-01-13 22:00:00,Industrial Area,Storm,Under Construction,Truck,Severe,4,0,High,22
1a21760f,2024-01-13 23:00:00,Suburbs,Clear,Icy,Bicycle,Fatal,4,3,Low,23
80e9d76d,2024-01-14 00:00:00,Highway,Storm,Dry,Bus,Severe,2,8,Low,0
353bcddd,2024-01-14 01:00:00,Industrial Area,Fog,Icy,Motorcycle,Moderate,1,0,High,1
0eace5d7,2024-01-14 02:00:00,Suburbs,Rain,Under Construction,Bicycle,Minor,2,1,Moderate,2
4efc21c9,2024-01-14 03:00:00,Suburbs,Storm,Wet,Motorcycle,Fatal,1,2,Moderate,3
e1d5c707,2024-01-14 04:00:00,Highway,Fog,Under Construction,Truck,Minor,3,6,Moderate,4
267431fc,2024-01-14 05:00:00,Suburbs,Snow,Dry,Motorcycle,Fatal,2,0,High,5
17c8816b,2024-01-14 06:00:00,Industrial Area,Fog,Wet,Bicycle,Fatal,4,6,Moderate,6
d87c5e64,2024-01-14 07:00:00,Residential Zone,Clear,Under Construction,Bus,Moderate,3,5,High,7
bcd82cc6,2024-01-14 08:00:00,Downtown,Rain,Under Construction,Bicycle,Minor,3,2,High,8
e8bba613,2024-01-14 09:00:00,Industrial Area,Fog,Dry,Motorcycle,Severe,2,9,Moderate,9
80f22717,2024-01-14 10:00:00,Highway,Snow,Dry,Car,Severe,1,2,High,10
281296cc,2024-01-14 11:00:00,Highway,Snow,Dry,Motorcycle,Severe,1,7,High,11
7140d61c,2024-01-14 12:00:00,Downtown,Rain,Dry,Truck,Severe,2,8,Moderate,12
8f97a675,2024-01-14 13:00:00,Residential Zone,Snow,Wet,Bicycle,Moderate,1,3,Moderate,13
907f7a2d,2024-01-14 14:00:00,Highway,Clear,Icy,Truck,Minor,1,6,Moderate,14
ae4d3984,2024-01-14 15:00:00,Residential Zone,Snow,Wet,Car,Severe,2,5,Low,15
52ffdbfd,2024-01-14 16:00:00,Suburbs,Clear,Under Construction,Truck,Moderate,1,2,Low,16
33286bf9,2024-01-14 17:00:00,Residential Zone,Clear,Dry,Bicycle,Fatal,1,1,Moderate,17
ec4bc940,2024-01-14 18:00:00,Suburbs,Snow,Dry,Car,Fatal,3,1,Moderate,18
1a0c7dd2,2024-01-14 19:00:00,Industrial Area,Clear,Dry,Motorcycle,Severe,3,4,Moderate,19
88550540,2024-01-14 20:00:00,Highway,Snow,Dry,Bus,Fatal,4,1,Moderate,20
ec88ae4e,2024-01-14 21:00:00,Highway,Clear,Under Construction,Bus,Minor,4,6,Moderate,21
4f9b4431,2024-01-14 22:00:00,Industrial Area,Rain,Dry,Car,Severe,4,0,High,22
9d484838,2024-01-14 23:00:00,Highway,Fog,Wet,Bicycle,Fatal,1,9,Moderate,23
f46bb4e0,2024-01-15 00:00:00,Highway,Storm,Under Construction,Bus,Fatal,1,0,High,0
4d8c9099,2024-01-15 01:00:00,Residential Zone,Rain,Dry,Car,Moderate,2,8,Low,1
51b3781c,2024-01-15 02:00:00,Industrial Area,Rain,Dry,Bicycle,Severe,2,9,High,2
90e875ce,2024-01-15 03:00:00,Suburbs,Snow,Icy,Motorcycle,Fatal,4,6,Low,3
c1f2faf2,2024-01-15 04:00:00,Highway,Rain,Dry,Car,Minor,4,8,Low,4
7bb48df3,2024-01-15 05:00:00,Residential Zone,Storm,Dry,Bus,Fatal,1,9,Low,5
1d296ebf,2024-01-15 06:00:00,Suburbs,Fog,Icy,Truck,Moderate,2,6,Low,6
3af04a5b,2024-01-15 07:00:00,Highway,Clear,Dry,Truck,Fatal,4,6,High,7
ed8c910a,2024-01-15 08:00:00,Downtown,Snow,Wet,Car,Minor,3,3,Low,8
47a406d1,2024-01-15 09:00:00,Suburbs,Clear,Under Construction,Truck,Severe,1,3,Low,9
dd8fff08,2024-01-15 10:00:00,Industrial Area,Rain,Dry,Car,Fatal,3,4,Low,10
e50a40ed,2024-01-15 11:00:00,Residential Zone,Rain,Icy,Car,Minor,3,1,Low,11
a3ba49ce,2024-01-15 12:00:00,Industrial Area,Snow,Wet,Motorcycle,Severe,2,5,Moderate,12
af577187,2024-01-15 13:00:00,Residential Zone,Rain,Under Construction,Bus,Moderate,2,7,Moderate,13
bf3731ea,2024-01-15 14:00:00,Downtown,Fog,Under Construction,Truck,Moderate,3,1,High,14
7e087682,2024-01-15 15:00:00,Suburbs,Clear,Dry,Car,Minor,4,9,High,15
8e2b53c0,2024-01-15 16:00:00,Downtown,Snow,Dry,Truck,Fatal,3,6,Moderate,16
41e928b4,2024-01-15 17:00:00,Highway,Clear,Wet,Motorcycle,Moderate,4,7,Low,17
37e65162,2024-01-15 18:00:00,Suburbs,Rain,Wet,Motorcycle,Fatal,4,5,Moderate,18
fbeef130,2024-01-15 19:00:00,Industrial Area,Fog,Dry,Car,Fatal,1,6,High,19
db507a9c,2024-01-15 20:00:00,Highway,Clear,Dry,Motorcycle,Severe,1,6,High,20
b3d543d9,2024-01-15 21:00:00,Downtown,Clear,Under Construction,Bicycle,Fatal,4,9,High,21
6b417efc,2024-01-15 22:00:00,Highway,Fog,Icy,Truck,Moderate,4,8,Moderate,22
80d01c6c,2024-01-15 23:00:00,Industrial Area,Snow,Dry,Bicycle,Moderate,2,7,Low,23
33e75b20,2024-01-16 00:00:00,Downtown,Storm,Under Construction,Truck,Minor,1,4,Moderate,0
2e374e14,2024-01-16 01:00:00,Suburbs,Fog,Under Construction,Car,Moderate,3,3,Low,1
f99431a6,2024-01-16 02:00:00,Residential Zone,Rain,Wet,Car,Severe,2,9,Low,2
d3bcda8a,2024-01-16 03:00:00,Downtown,Rain,Wet,Motorcycle,Severe,3,2,Moderate,3
a8d2c327,2024-01-16 04:00:00,Highway,Snow,Under Construction,Bicycle,Moderate,3,9,Low,4
67888ac4,2024-01-16 05:00:00,Industrial Area,Clear,Icy,Car,Fatal,4,4,High,5
f0ae97c9,2024-01-16 06:00:00,Downtown,Clear,Icy,Motorcycle,Minor,4,4,Low,6
42fbfd27,2024-01-16 07:00:00,Highway,Storm,Under Construction,Bus,Severe,3,3,Low,7
1cac628d,2024-01-16 08:00:00,Highway,Clear,Icy,Truck,Severe,1,6,Moderate,8
ea683145,2024-01-16 09:00:00,Suburbs,Fog,Wet,Motorcycle,Severe,1,0,Moderate,9
fd4e3b74,2024-01-16 10:00:00,Industrial Area,Clear,Under Construction,Car,Severe,2,4,Moderate,10
06eadfef,2024-01-16 11:00:00,Suburbs,Fog,Under Construction,Motorcycle,Moderate,3,1,Moderate,11
eab3a2c1,2024-01-16 12:00:00,Industrial Area,Fog,Under Construction,Bus,Severe,3,8,Low,12
a8744610,2024-01-16 13:00:00,Residential Zone,Storm,Icy,Truck,Minor,1,0,High,13
946a8a84,2024-01-16 14:00:00,Downtown,Snow,Under Construction,Bus,Minor,3,3,Low,14
4525b983,2024-01-16 15:00:00,Residential Zone,Clear,Dry,Bus,Fatal,1,2,High,15
e1310d2c,2024-01-16 16:00:00,Industrial Area,Clear,Wet,Bicycle,Fatal,4,6,Moderate,16
5e66f8be,2024-01-16 17:00:00,Highway,Storm,Wet,Motorcycle,Fatal,2,1,Moderate,17
fbf08811,2024-01-16 18:00:00,Suburbs,Storm,Icy,Bus,Fatal,3,5,High,18
2a561dd8,2024-01-16 19:00:00,Downtown,Clear,Dry,Motorcycle,Severe,3,0,High,19
9d788ca8,2024-01-16 20:00:00,Downtown,Clear,Under Construction,Car,Minor,1,0,High,20
a32b1e0c,2024-01-16 21:00:00,Highway,Rain,Under Construction,Motorcycle,Severe,1,8,Low,21
c16c3dcb,2024-01-16 22:00:00,Industrial Area,Storm,Under Construction,Motorcycle,Severe,1,3,High,22
f8c405a3,2024-01-16 23:00:00,Residential Zone,Fog,Icy,Motorcycle,Minor,4,0,Moderate,23
cf612010,2024-01-17 00:00:00,Residential Zone,Fog,Icy,Car,Severe,4,1,Low,0
f039b174,2024-01-17 01:00:00,Downtown,Snow,Under Construction,Bus,Severe,4,1,Low,1
4ad870de,2024-01-17 02:00:00,Residential Zone,Storm,Wet,Car,Severe,2,6,Low,2
5552a2a6,2024-01-17 03:00:00,Industrial Area,Clear,Dry,Bus,Fatal,4,6,High,3
434966ad,2024-01-17 04:00:00,Suburbs,Fog,Wet,Truck,Moderate,4,5,Moderate,4
8f7fb48e,2024-01-17 05:00:00,Downtown,Snow,Wet,Car,Severe,4,4,Low,5
c79fbe1c,2024-01-17 06:00:00,Residential Zone,Fog,Wet,Car,Fatal,2,9,High,6
e319d7b1,2024-01-17 07:00:00,Industrial Area,Rain,Dry,Motorcycle,Minor,4,5,Moderate,7
659c4a70,2024-01-17 08:00:00,Highway,Snow,Icy,Motorcycle,Moderate,1,9,High,8
f1823619,2024-01-17 09:00:00,Industrial Area,Storm,Icy,Bus,Fatal,2,7,High,9
9a2e4afe,2024-01-17 10:00:00,Residential Zone,Rain,Dry,Truck,Minor,1,7,Low,10
8d21fe6d,2024-01-17 11:00:00,Suburbs,Snow,Icy,Truck,Fatal,2,1,Low,11
ea90ec94,2024-01-17 12:00:00,Highway,Storm,Under Construction,Truck,Fatal,2,4,Moderate,12
a91efb6d,2024-01-17 13:00:00,Residential Zone,Rain,Dry,Car,Fatal,1,5,Moderate,13
625f5ea1,2024-01-17 14:00:00,Industrial Area,Clear,Icy,Bus,Minor,2,9,High,14
05b76825,2024-01-17 15:00:00,Suburbs,Storm,Wet,Bus,Moderate,2,1,Low,15
cde5395b,2024-01-17 16:00:00,Downtown,Storm,Dry,Truck,Minor,4,6,Low,16
9cf47637,2024-01-17 17:00:00,Industrial Area,Fog,Icy,Car,Moderate,2,6,High,17
1718dda9,2024-01-17 18:00:00,Highway,Snow,Icy,Car,Minor,1,9,Low,18
1bad1b62,2024-01-17 19:00:00,Suburbs,Clear,Under Construction,Motorcycle,Fatal,3,0,Low,19
91047e52,2024-01-17 20:00:00,Highway,Snow,Wet,Car,Minor,1,2,Low,20
15c54c43,2024-01-17 21:00:00,Downtown,Clear,Wet,Car,Fatal,4,2,High,21
170f71c6,2024-01-17 22:00:00,Downtown,Storm,Icy,Motorcycle,Fatal,4,7,High,22
947c2b10,2024-01-17 23:00:00,Residential Zone,Snow,Icy,Bicycle,Minor,1,6,High,23
4d16ec88,2024-01-18 00:00:00,Industrial Area,Storm,Dry,Truck,Moderate,4,9,Low,0
b8b60f15,2024-01-18 01:00:00,Downtown,Snow,Wet,Bus,Minor,2,7,High,1
66f01e5d,2024-01-18 02:00:00,Residential Zone,Snow,Icy,Bicycle,Minor,1,2,Moderate,2
9611ad4f,2024-01-18 03:00:00,Suburbs,Storm,Wet,Bus,Minor,1,9,High,3
0272eac9,2024-01-18 04:00:00,Residential Zone,Snow,Dry,Car,Moderate,4,7,High,4
7abccbfe,2024-01-18 05:00:00,Highway,Storm,Icy,Motorcycle,Minor,4,5,High,5
ad1140b8,2024-01-18 06:00:00,Residential Zone,Fog,Icy,Bus,Moderate,3,7,Low,6
008002f1,2024-01-18 07:00:00,Suburbs,Storm,Under Construction,Truck,Minor,4,7,Low,7
1151d1c6,2024-01-18 08:00:00,Highway,Rain,Wet,Car,Fatal,3,6,Moderate,8
5030958d,2024-01-18 09:00:00,Industrial Area,Fog,Dry,Bus,Minor,3,7,Moderate,9
fd976da6,2024-01-18 10:00:00,Industrial Area,Rain,Dry,Bus,Minor,1,0,High,10
dc9c7a69,2024-01-18 11:00:00,Highway,Rain,Dry,Car,Moderate,3,8,Low,11
6bdbbdaa,2024-01-18 12:00:00,Suburbs,Rain,Icy,Motorcycle,Fatal,3,4,High,12
8ec5fb76,2024-01-18 13:00:00,Downtown,Snow,Dry,Bicycle,Severe,1,4,High,13
d83c1094,2024-01-18 14:00:00,Highway,Clear,Icy,Truck,Minor,2,9,Moderate,14
b28c1f26,2024-01-18 15:00:00,Downtown,Clear,Icy,Bus,Fatal,2,6,Moderate,15
7f3d7496,2024-01-18 16:00:00,Suburbs,Clear,Wet,Bus,Fatal,2,6,Moderate,16
ed87c1e2,2024-01-18 17:00:00,Residential Zone,Fog,Under Construction,Bus,Fatal,2,7,High,17
d1435172,2024-01-18 18:00:00,Suburbs,Snow,Icy,Truck,Minor,3,6,Low,18
c660eae0,2024-01-18 19:00:00,Suburbs,Snow,Icy,Car,Minor,2,7,Moderate,19
5696d87c,2024-01-18 20:00:00,Highway,Rain,Icy,Bus,Moderate,4,4,High,20
506eb1ce,2024-01-18 21:00:00,Highway,Clear,Wet,Truck,Severe,3,4,Moderate,21
9371cfb7,2024-01-18 22:00:00,Suburbs,Storm,Dry,Truck,Fatal,2,7,High,22
e451c55b,2024-01-18 23:00:00,Industrial Area,Clear,Icy,Bicycle,Minor,4,0,Low,23
412a96a4,2024-01-19 00:00:00,Residential Zone,Snow,Dry,Bicycle,Moderate,2,1,High,0
7993922d,2024-01-19 01:00:00,Industrial Area,Snow,Icy,Bicycle,Moderate,4,7,Low,1
3d8eeea2,2024-01-19 02:00:00,Highway,Clear,Icy,Bus,Severe,2,9,High,2
06746d22,2024-01-19 03:00:00,Residential Zone,Fog,Wet,Motorcycle,Minor,1,3,Low,3
4a5b59d8,2024-01-19 04:00:00,Industrial Area,Snow,Under Construction,Car,Fatal,4,9,High,4
5514560b,2024-01-19 05:00:00,Highway,Snow,Under Construction,Bicycle,Moderate,1,8,High,5
13ea22cc,2024-01-19 06:00:00,Residential Zone,Rain,Under Construction,Bicycle,Severe,3,8,High,6
242a6dee,2024-01-19 07:00:00,Downtown,Fog,Under Construction,Motorcycle,Fatal,3,4,High,7
4e4f55b1,2024-01-19 08:00:00,Suburbs,Clear,Wet,Motorcycle,Fatal,2,3,Moderate,8
c3cbe755,2024-01-19 09:00:00,Industrial Area,Clear,Wet,Car,Severe,3,8,Moderate,9
47bebca6,2024-01-19 10:00:00,Residential Zone,Clear,Icy,Car,Minor,4,5,Low,10
db18130a,2024-01-19 11:00:00,Suburbs,Rain,Dry,Motorcycle,Severe,3,9,High,11
1f3bf4db,2024-01-19 12:00:00,Residential Zone,Storm,Under Construction,Motorcycle,Moderate,1,6,Moderate,12
f06485ee,2024-01-19 13:00:00,Downtown,Rain,Under Construction,Bicycle,Fatal,3,8,High,13
bd572afc,2024-01-19 14:00:00,Suburbs,Snow,Dry,Bicycle,Severe,2,9,Moderate,14
16b3d5a5,2024-01-19 15:00:00,Suburbs,Fog,Wet,Bicycle,Moderate,4,7,Low,15
2feb0886,2024-01-19 16:00:00,Highway,Rain,Dry,Car,Minor,2,7,Low,16
e535c0d2,2024-01-19 17:00:00,Highway,Rain,Icy,Bicycle,Fatal,1,9,High,17
1c510e80,2024-01-19 18:00:00,Industrial Area,Rain,Icy,Car,Minor,3,8,Moderate,18
0358bd35,2024-01-19 19:00:00,Residential Zone,Snow,Wet,Bicycle,Fatal,2,5,High,19
6bf8cb43,2024-01-19 20:00:00,Highway,Rain,Icy,Truck,Minor,4,7,High,20
28daf23c,2024-01-19 21:00:00,Downtown,Fog,Under Construction,Car,Minor,3,5,Moderate,21
95de5640,2024-01-19 22:00:00,Highway,Rain,Icy,Bus,Fatal,4,7,High,22
954e1731,2024-01-19 23:00:00,Suburbs,Clear,Under Construction,Truck,Minor,1,3,Moderate,23
16297dac,2024-01-20 00:00:00,Residential Zone,Storm,Wet,Car,Severe,4,4,Moderate,0
9972b79a,2024-01-20 01:00:00,Highway,Clear,Wet,Car,Minor,4,2,Moderate,1
15534bee,2024-01-20 02:00:00,Downtown,Clear,Under Construction,Truck,Fatal,1,4,Low,2
380489ee,2024-01-20 03:00:00,Highway,Rain,Icy,Truck,Fatal,4,9,Low,3
50d161e8,2024-01-20 04:00:00,Downtown,Storm,Under Construction,Car,Severe,1,4,Low,4
3f91ec4a,2024-01-20 05:00:00,Highway,Storm,Under Construction,Motorcycle,Moderate,2,9,Moderate,5
1d073cf9,2024-01-20 06:00:00,Industrial Area,Clear,Under Construction,Motorcycle,Fatal,3,3,Low,6
7a7cdeb9,2024-01-20 07:00:00,Suburbs,Snow,Wet,Motorcycle,Minor,3,3,Low,7
552ea975,2024-01-20 08:00:00,Highway,Clear,Dry,Motorcycle,Severe,2,0,Moderate,8
031681e2,2024-01-20 09:00:00,Industrial Area,Fog,Wet,Bus,Severe,1,9,Moderate,9
6affda54,2024-01-20 10:00:00,Industrial Area,Fog,Wet,Bicycle,Severe,4,0,Low,10
43da59a4,2024-01-20 11:00:00,Industrial Area,Snow,Wet,Motorcycle,Severe,2,2,High,11
4706c141,2024-01-20 12:00:00,Industrial Area,Clear,Dry,Bicycle,Moderate,3,0,High,12
7f143b9c,2024-01-20 13:00:00,Downtown,Snow,Dry,Truck,Moderate,1,8,Moderate,13
17171439,2024-01-20 14:00:00,Residential Zone,Storm,Under Construction,Motorcycle,Minor,4,4,Moderate,14
0eb1d3ac,2024-01-20 15:00:00,Highway,Storm,Under Construction,Bus,Moderate,4,4,Moderate,15
8e33e069,2024-01-20 16:00:00,Suburbs,Fog,Under Construction,Truck,Moderate,1,5,Low,16
027748ce,2024-01-20 17:00:00,Highway,Rain,Under Construction,Car,Moderate,2,2,Moderate,17
c896c421,2024-01-20 18:00:00,Industrial Area,Storm,Under Construction,Truck,Fatal,1,4,Low,18
c567a61d,2024-01-20 19:00:00,Suburbs,Rain,Icy,Bicycle,Moderate,3,8,Low,19
5725eb46,2024-01-20 20:00:00,Highway,Clear,Dry,Motorcycle,Minor,4,9,Moderate,20
3a27250d,2024-01-20 21:00:00,Industrial Area,Storm,Icy,Motorcycle,Fatal,3,8,High,21
f8cb7429,2024-01-20 22:00:00,Suburbs,Fog,Dry,Motorcycle,Fatal,1,6,Low,22
f4398ba6,2024-01-20 23:00:00,Residential Zone,Snow,Under Construction,Bicycle,Moderate,2,7,Low,23
25b7c106,2024-01-21 00:00:00,Residential Zone,Fog,Under Construction,Bicycle,Fatal,2,8,Low,0
fb56a40b,2024-01-21 01:00:00,Downtown,Rain,Icy,Bicycle,Severe,3,6,Moderate,1
2a1ec7ce,2024-01-21 02:00:00,Residential Zone,Snow,Wet,Truck,Minor,1,3,Low,2
9c3bd89c,2024-01-21 03:00:00,Residential Zone,Snow,Wet,Car,Severe,2,1,Low,3
04d837e8,2024-01-21 04:00:00,Downtown,Fog,Icy,Bicycle,Fatal,1,1,Moderate,4
755388a2,2024-01-21 05:00:00,Residential Zone,Storm,Under Construction,Truck,Minor,2,6,Moderate,5
15a93f48,2024-01-21 06:00:00,Downtown,Snow,Icy,Bus,Severe,1,7,High,6
ba391b3d,2024-01-21 07:00:00,Suburbs,Snow,Under Construction,Truck,Moderate,2,8,High,7
6ace9b24,2024-01-21 08:00:00,Downtown,Fog,Wet,Truck,Minor,1,6,Moderate,8
e4327afe,2024-01-21 09:00:00,Highway,Clear,Wet,Motorcycle,Severe,2,5,Low,9
27879eb3,2024-01-21 10:00:00,Industrial Area,Fog,Under Construction,Truck,Severe,2,1,Moderate,10
c1a9cb98,2024-01-21 11:00:00,Highway,Clear,Icy,Bicycle,Fatal,4,7,Moderate,11
f4e7681a,2024-01-21 12:00:00,Downtown,Snow,Under Construction,Motorcycle,Minor,1,4,Moderate,12
ea6acf54,2024-01-21 13:00:00,Highway,Fog,Wet,Bicycle,Severe,2,2,High,13
ce32c546,2024-01-21 14:00:00,Residential Zone,Storm,Dry,Truck,Minor,1,9,High,14
388593ce,2024-01-21 15:00:00,Highway,Clear,Wet,Car,Minor,2,8,Moderate,15
5fc2c6b2,2024-01-21 16:00:00,Downtown,Rain,Dry,Truck,Minor,4,4,Moderate,16
66760599,2024-01-21 17:00:00,Suburbs,Clear,Under Construction,Motorcycle,Minor,1,4,High,17
96ff21c3,2024-01-21 18:00:00,Downtown,Rain,Icy,Truck,Severe,1,4,Low,18
fdab3033,2024-01-21 19:00:00,Residential Zone,Clear,Icy,Motorcycle,Minor,2,6,High,19
76b3060f,2024-01-21 20:00:00,Suburbs,Storm,Icy,Car,Severe,4,7,High,20
e169cec5,2024-01-21 21:00:00,Downtown,Rain,Wet,Truck,Fatal,3,3,Moderate,21
4f17fb04,2024-01-21 22:00:00,Residential Zone,Rain,Wet,Car,Severe,1,4,Moderate,22
20795cac,2024-01-21 23:00:00,Residential Zone,Fog,Dry,Truck,Moderate,3,8,High,23
022cd4d2,2024-01-22 00:00:00,Downtown,Storm,Under Construction,Bicycle,Fatal,2,6,Moderate,0
19b5f45f,2024-01-22 01:00:00,Downtown,Storm,Wet,Bicycle,Moderate,1,3,Moderate,1
d9af08f4,2024-01-22 02:00:00,Industrial Area,Fog,Under Construction,Truck,Minor,3,0,Moderate,2
5efd8adb,2024-01-22 03:00:00,Industrial Area,Snow,Icy,Motorcycle,Severe,1,1,Moderate,3
46680a46,2024-01-22 04:00:00,Downtown,Storm,Dry,Bicycle,Fatal,3,9,High,4
68808c31,2024-01-22 05:00:00,Highway,Snow,Dry,Bus,Severe,3,1,Low,5
6f79b52d,2024-01-22 06:00:00,Industrial Area,Snow,Wet,Motorcycle,Moderate,1,7,Low,6
acb0f9f2,2024-01-22 07:00:00,Suburbs,Fog,Wet,Motorcycle,Fatal,3,8,Moderate,7
424a3424,2024-01-22 08:00:00,Downtown,Clear,Wet,Bicycle,Moderate,1,2,High,8
968f96ad,2024-01-22 09:00:00,Downtown,Fog,Dry,Car,Moderate,4,8,Low,9
e2e70f25,2024-01-22 10:00:00,Downtown,Storm,Icy,Bus,Minor,1,3,High,10
2dfbf993,2024-01-22 11:00:00,Residential Zone,Storm,Under Construction,Bicycle,Fatal,3,0,Moderate,11
9c2e84f8,2024-01-22 12:00:00,Industrial Area,Fog,Wet,Bus,Fatal,4,4,Moderate,12
ad880639,2024-01-22 13:00:00,Highway,Fog,Under Construction,Car,Severe,2,5,Low,13
de8719be,2024-01-22 14:00:00,Suburbs,Fog,Wet,Bus,Minor,4,9,Moderate,14
fb90c26b,2024-01-22 15:00:00,Highway,Rain,Wet,Truck,Fatal,1,2,Moderate,15
5dae0e9b,2024-01-22 16:00:00,Residential Zone,Rain,Icy,Bicycle,Fatal,4,3,Low,16
1e863c37,2024-01-22 17:00:00,Residential Zone,Snow,Dry,Truck,Fatal,1,4,High,17
a5f4ec9b,2024-01-22 18:00:00,Industrial Area,Clear,Dry,Truck,Fatal,3,4,Moderate,18
27928367,2024-01-22 19:00:00,Industrial Area,Snow,Wet,Motorcycle,Severe,1,3,Moderate,19
0f6e4224,2024-01-22 20:00:00,Residential Zone,Clear,Under Construction,Motorcycle,Minor,2,8,Low,20
80fed0c2,2024-01-22 21:00:00,Suburbs,Storm,Dry,Motorcycle,Minor,3,3,High,21
fa8acf1b,2024-01-22 22:00:00,Highway,Snow,Icy,Motorcycle,Fatal,3,5,High,22
71ac27f7,2024-01-22 23:00:00,Residential Zone,Storm,Wet,Motorcycle,Minor,4,3,Low,23
da77ea0a,2024-01-23 00:00:00,Suburbs,Snow,Icy,Motorcycle,Moderate,3,8,High,0
770823f2,2024-01-23 01:00:00,Suburbs,Clear,Under Construction,Truck,Minor,1,8,Low,1
6e2a9fa9,2024-01-23 02:00:00,Industrial Area,Rain,Under Construction,Bicycle,Minor,4,5,High,2
288735af,2024-01-23 03:00:00,Suburbs,Rain,Wet,Truck,Moderate,2,9,Low,3
dbdaf728,2024-01-23 04:00:00,Suburbs,Rain,Dry,Car,Severe,2,5,High,4
99b7fc35,2024-01-23 05:00:00,Industrial Area,Clear,Wet,Motorcycle,Fatal,3,8,Low,5
af9dae13,2024-01-23 06:00:00,Downtown,Fog,Icy,Truck,Minor,1,4,Low,6
fce1ac65,2024-01-23 07:00:00,Suburbs,Fog,Under Construction,Car,Fatal,2,9,Moderate,7
014c913a,2024-01-23 08:00:00,Residential Zone,Clear,Icy,Bus,Moderate,3,2,Moderate,8
8fb24e0d,2024-01-23 09:00:00,Suburbs,Storm,Icy,Bus,Fatal,1,9,Moderate,9
d0cd6e72,2024-01-23 10:00:00,Suburbs,Clear,Dry,Car,Severe,2,8,Low,10
62ad10b3,2024-01-23 11:00:00,Residential Zone,Storm,Dry,Motorcycle,Moderate,4,8,Moderate,11
cfd1bde5,2024-01-23 12:00:00,Highway,Storm,Icy,Car,Fatal,2,3,Moderate,12
926989da,2024-01-23 13:00:00,Residential Zone,Snow,Icy,Car,Moderate,3,3,High,13
6e1ad4cf,2024-01-23 14:00:00,Downtown,Clear,Dry,Car,Minor,4,2,Low,14
e762485c,2024-01-23 15:00:00,Residential Zone,Fog,Icy,Motorcycle,Severe,3,4,Low,15
be97eb80,2024-01-23 16:00:00,Downtown,Storm,Under Construction,Car,Minor,2,2,High,16
7b91b338,2024-01-23 17:00:00,Residential Zone,Rain,Dry,Bicycle,Minor,4,7,Low,17
91ea545a,2024-01-23 18:00:00,Industrial Area,Storm,Under Construction,Bicycle,Minor,2,7,Low,18
00c73ec3,2024-01-23 19:00:00,Industrial Area,Clear,Wet,Car,Severe,4,8,Moderate,19
e1812c3b,2024-01-23 20:00:00,Industrial Area,Fog,Icy,Car,Moderate,1,8,Low,20
61d772bc,2024-01-23 21:00:00,Industrial Area,Storm,Wet,Motorcycle,Fatal,4,7,Moderate,21
b7ff0371,2024-01-23 22:00:00,Residential Zone,Fog,Icy,Bus,Fatal,2,6,Low,22
aa8ce8d6,2024-01-23 23:00:00,Residential Zone,Storm,Dry,Bicycle,Fatal,4,5,Low,23
2f2342f7,2024-01-24 00:00:00,Highway,Rain,Wet,Bus,Fatal,3,6,High,0
029f9341,2024-01-24 01:00:00,Industrial Area,Snow,Wet,Bicycle,Fatal,2,5,High,1
59c0f50c,2024-01-24 02:00:00,Suburbs,Snow,Icy,Bus,Minor,2,6,High,2
2ee4aaf3,2024-01-24 03:00:00,Industrial Area,Storm,Wet,Motorcycle,Moderate,1,3,Moderate,3
d3968ab8,2024-01-24 04:00:00,Highway,Storm,Dry,Motorcycle,Fatal,2,1,Moderate,4
237cd9a1,2024-01-24 05:00:00,Suburbs,Clear,Icy,Bus,Fatal,2,1,High,5
05e9032c,2024-01-24 06:00:00,Suburbs,Clear,Dry,Bus,Minor,2,4,Moderate,6
f26ea16a,2024-01-24 07:00:00,Residential Zone,Rain,Icy,Bus,Moderate,3,9,Moderate,7
fa06a068,2024-01-24 08:00:00,Residential Zone,Snow,Under Construction,Motorcycle,Fatal,4,1,High,8
42477772,2024-01-24 09:00:00,Residential Zone,Clear,Icy,Motorcycle,Severe,3,8,Low,9
808330c5,2024-01-24 10:00:00,Highway,Rain,Dry,Truck,Minor,2,0,Moderate,10
20ffd33e,2024-01-24 11:00:00,Suburbs,Storm,Dry,Truck,Moderate,3,8,Moderate,11
bde2e4e3,2024-01-24 12:00:00,Highway,Clear,Under Construction,Motorcycle,Fatal,2,4,High,12
2f1ad3af,2024-01-24 13:00:00,Suburbs,Snow,Under Construction,Motorcycle,Moderate,4,9,High,13
8c3c797d,2024-01-24 14:00:00,Industrial Area,Storm,Wet,Bicycle,Severe,2,9,Low,14
a95eb957,2024-01-24 15:00:00,Highway,Clear,Under Construction,Bus,Severe,2,3,Low,15
405ce2d7,2024-01-24 16:00:00,Suburbs,Snow,Icy,Bicycle,Fatal,1,8,High,16
47a8e458,2024-01-24 17:00:00,Suburbs,Storm,Wet,Car,Fatal,3,4,Moderate,17
e8bef254,2024-01-24 18:00:00,Industrial Area,Snow,Wet,Motorcycle,Severe,1,6,Low,18
61a39762,2024-01-24 19:00:00,Highway,Fog,Icy,Bus,Moderate,4,3,Low,19
d82a9d0f,2024-01-24 20:00:00,Downtown,Clear,Icy,Car,Fatal,2,3,Low,20
5518cef3,2024-01-24 21:00:00,Industrial Area,Fog,Dry,Car,Severe,1,8,Low,21
e9d217d4,2024-01-24 22:00:00,Suburbs,Fog,Icy,Bus,Minor,2,0,Low,22
496df153,2024-01-24 23:00:00,Downtown,Fog,Under Construction,Bicycle,Moderate,1,0,Low,23
a2887881,2024-01-25 00:00:00,Residential Zone,Snow,Dry,Motorcycle,Severe,2,7,Low,0
3e95712e,2024-01-25 01:00:00,Residential Zone,Snow,Wet,Bus,Minor,1,1,High,1
d5d9d210,2024-01-25 02:00:00,Suburbs,Rain,Dry,Bus,Fatal,1,7,Moderate,2
516cb637,2024-01-25 03:00:00,Highway,Fog,Wet,Bus,Minor,1,0,Low,3
cdc40d55,2024-01-25 04:00:00,Highway,Clear,Icy,Car,Severe,2,5,Moderate,4
40e7564a,2024-01-25 05:00:00,Residential Zone,Rain,Under Construction,Motorcycle,Severe,3,6,Moderate,5
b6c1e840,2024-01-25 06:00:00,Residential Zone,Clear,Icy,Car,Fatal,4,7,High,6
5634ff74,2024-01-25 07:00:00,Suburbs,Storm,Wet,Bicycle,Severe,3,9,Low,7
2df75960,2024-01-25 08:00:00,Suburbs,Fog,Wet,Motorcycle,Fatal,3,9,High,8
1dc99782,2024-01-25 09:00:00,Industrial Area,Snow,Dry,Bicycle,Fatal,2,4,Low,9
0ed84eff,2024-01-25 10:00:00,Downtown,Clear,Wet,Motorcycle,Fatal,2,5,Moderate,10
bd23b32f,2024-01-25 11:00:00,Downtown,Fog,Under Construction,Motorcycle,Severe,3,4,Low,11
338d612f,2024-01-25 12:00:00,Suburbs,Storm,Icy,Bicycle,Moderate,3,4,Moderate,12
233995e7,2024-01-25 13:00:00,Residential Zone,Storm,Under Construction,Motorcycle,Fatal,3,5,High,13
642d717d,2024-01-25 14:00:00,Downtown,Snow,Icy,Bicycle,Fatal,2,1,Moderate,14
9da55dee,2024-01-25 15:00:00,Downtown,Snow,Icy,Truck,Moderate,2,7,High,15
15f161c7,2024-01-25 16:00:00,Residential Zone,Rain,Dry,Bus,Fatal,4,4,Moderate,16
54431f2a,2024-01-25 17:00:00,Industrial Area,Rain,Icy,Bicycle,Fatal,4,0,Moderate,17
6c418b8a,2024-01-25 18:00:00,Industrial Area,Fog,Under Construction,Motorcycle,Fatal,2,6,High,18
0fdbf402,2024-01-25 19:00:00,Residential Zone,Clear,Dry,Car,Fatal,3,5,High,19
bcacabce,2024-01-25 20:00:00,Suburbs,Clear,Under Construction,Truck,Moderate,2,1,High,20
e57c4110,2024-01-25 21:00:00,Suburbs,Rain,Dry,Bicycle,Moderate,2,7,Moderate,21
573a4438,2024-01-25 22:00:00,Suburbs,Rain,Dry,Truck,Minor,1,6,Low,22
3bb0ff93,2024-01-25 23:00:00,Highway,Storm,Dry,Truck,Minor,4,0,Low,23
7998a799,2024-01-26 00:00:00,Downtown,Snow,Dry,Bicycle,Moderate,3,9,Low,0
0523a81b,2024-01-26 01:00:00,Residential Zone,Clear,Dry,Motorcycle,Severe,4,1,Moderate,1
ba019e48,2024-01-26 02:00:00,Residential Zone,Rain,Dry,Bicycle,Moderate,4,2,High,2
ff829ab2,2024-01-26 03:00:00,Residential Zone,Rain,Dry,Truck,Severe,1,4,Low,3
fd835193,2024-01-26 04:00:00,Suburbs,Rain,Dry,Truck,Severe,1,4,Low,4
6511e83f,2024-01-26 05:00:00,Industrial Area,Storm,Under Construction,Truck,Severe,1,6,Moderate,5
b2e2fce5,2024-01-26 06:00:00,Residential Zone,Snow,Dry,Bicycle,Fatal,1,7,Moderate,6
1c856f02,2024-01-26 07:00:00,Downtown,Clear,Icy,Bicycle,Severe,2,0,Moderate,7
797f8b6b,2024-01-26 08:00:00,Residential Zone,Snow,Dry,Car,Fatal,1,0,High,8
4ffd5351,2024-01-26 09:00:00,Highway,Rain,Dry,Motorcycle,Moderate,1,7,High,9
6dc04dfa,2024-01-26 10:00:00,Highway,Snow,Dry,Car,Fatal,2,8,Moderate,10
7bc3b3b2,2024-01-26 11:00:00,Suburbs,Fog,Under Construction,Motorcycle,Fatal,2,5,High,11
e931a1ff,2024-01-26 12:00:00,Suburbs,Snow,Wet,Truck,Severe,3,0,High,12
1b84b9e2,2024-01-26 13:00:00,Industrial Area,Storm,Icy,Car,Severe,1,0,Low,13
fe07ea58,2024-01-26 14:00:00,Industrial Area,Clear,Wet,Truck,Minor,1,7,Low,14
868edf76,2024-01-26 15:00:00,Suburbs,Clear,Under Construction,Bicycle,Moderate,3,6,Moderate,15
6ed68fce,2024-01-26 16:00:00,Highway,Clear,Dry,Bicycle,Minor,2,4,High,16
d7b71293,2024-01-26 17:00:00,Downtown,Rain,Dry,Car,Severe,4,0,Low,17
8bcc1090,2024-01-26 18:00:00,Highway,Storm,Wet,Motorcycle,Severe,2,6,Moderate,18
6c9f3553,2024-01-26 19:00:00,Downtown,Rain,Wet,Truck,Minor,4,1,High,19
ee769053,2024-01-26 20:00:00,Suburbs,Storm,Under Construction,Motorcycle,Fatal,4,7,Moderate,20
87bc12ef,2024-01-26 21:00:00,Downtown,Clear,Dry,Bicycle,Minor,4,3,Moderate,21
90aebe72,2024-01-26 22:00:00,Downtown,Storm,Dry,Motorcycle,Fatal,2,7,Moderate,22
20a62cca,2024-01-26 23:00:00,Highway,Clear,Wet,Truck,Moderate,1,7,Low,23
0171827b,2024-01-27 00:00:00,Downtown,Rain,Under Construction,Motorcycle,Minor,1,0,Moderate,0
8cad2682,2024-01-27 01:00:00,Residential Zone,Fog,Wet,Motorcycle,Moderate,4,8,Low,1
76b7b6c4,2024-01-27 02:00:00,Downtown,Storm,Under Construction,Bus,Minor,4,9,Moderate,2
121e7987,2024-01-27 03:00:00,Downtown,Clear,Under Construction,Bicycle,Minor,1,9,Low,3
a40902f2,2024-01-27 04:00:00,Highway,Snow,Dry,Motorcycle,Fatal,3,3,Moderate,4
00287e7d,2024-01-27 05:00:00,Suburbs,Rain,Wet,Bus,Severe,1,6,Moderate,5
a242b6da,2024-01-27 06:00:00,Residential Zone,Snow,Dry,Bus,Severe,4,6,High,6
505f2ff0,2024-01-27 07:00:00,Industrial Area,Snow,Dry,Truck,Minor,4,7,Moderate,7
5bba19d3,2024-01-27 08:00:00,Highway,Fog,Icy,Bus,Severe,2,1,Moderate,8
0b1c3066,2024-01-27 09:00:00,Downtown,Fog,Under Construction,Car,Minor,2,2,Moderate,9
5f107258,2024-01-27 10:00:00,Industrial Area,Clear,Icy,Car,Severe,3,1,High,10
b589af9c,2024-01-27 11:00:00,Highway,Clear,Under Construction,Bus,Moderate,4,3,Moderate,11
a17a7b93,2024-01-27 12:00:00,Highway,Clear,Wet,Motorcycle,Moderate,4,8,Low,12
4f4cfe28,2024-01-27 13:00:00,Downtown,Storm,Dry,Motorcycle,Fatal,2,7,Moderate,13
6d108594,2024-01-27 14:00:00,Suburbs,Snow,Wet,Bus,Fatal,4,7,Moderate,14
cd89fb8f,2024-01-27 15:00:00,Highway,Clear,Wet,Motorcycle,Severe,4,4,High,15
58402e5a,2024-01-27 16:00:00,Suburbs,Clear,Icy,Car,Severe,1,9,High,16
5bff149c,2024-01-27 17:00:00,Suburbs,Rain,Under Construction,Truck,Moderate,2,6,High,17
75bbf7c0,2024-01-27 18:00:00,Residential Zone,Storm,Wet,Motorcycle,Moderate,1,6,High,18
76aff664,2024-01-27 19:00:00,Residential Zone,Rain,Icy,Car,Moderate,1,2,High,19
77c72672,2024-01-27 20:00:00,Industrial Area,Fog,Under Construction,Bus,Moderate,2,5,High,20
8485a13a,2024-01-27 21:00:00,Highway,Snow,Dry,Bus,Fatal,4,3,Low,21
92f76be5,2024-01-27 22:00:00,Highway,Storm,Dry,Bus,Moderate,2,1,Low,22
97656149,2024-01-27 23:00:00,Suburbs,Snow,Wet,Motorcycle,Minor,4,6,High,23
f8da23c1,2024-01-28 00:00:00,Residential Zone,Clear,Under Construction,Truck,Fatal,2,0,High,0
3368b6dd,2024-01-28 01:00:00,Industrial Area,Snow,Dry,Bicycle,Minor,3,4,Moderate,1
2e7a91f2,2024-01-28 02:00:00,Downtown,Rain,Under Construction,Truck,Minor,1,9,High,2
98f742aa,2024-01-28 03:00:00,Suburbs,Snow,Under Construction,Truck,Fatal,2,6,High,3
001b0309,2024-01-28 04:00:00,Industrial Area,Fog,Wet,Car,Severe,3,7,Moderate,4
8c4eaa4c,2024-01-28 05:00:00,Suburbs,Rain,Wet,Car,Minor,1,7,Low,5
2e8f419c,2024-01-28 06:00:00,Industrial Area,Snow,Under Construction,Car,Moderate,1,5,Moderate,6
73ed917e,2024-01-28 07:00:00,Suburbs,Fog,Icy,Bicycle,Minor,4,4,Moderate,7
6048af05,2024-01-28 08:00:00,Suburbs,Storm,Icy,Bicycle,Fatal,1,1,Moderate,8
b581610d,2024-01-28 09:00:00,Residential Zone,Clear,Under Construction,Motorcycle,Moderate,4,9,High,9
1f305c7d,2024-01-28 10:00:00,Residential Zone,Snow,Icy,Car,Severe,3,6,High,10
d794e81b,2024-01-28 11:00:00,Highway,Storm,Icy,Truck,Severe,4,4,Moderate,11
7d151706,2024-01-28 12:00:00,Downtown,Storm,Dry,Truck,Severe,4,2,Moderate,12
d81be48c,2024-01-28 13:00:00,Industrial Area,Fog,Dry,Car,Fatal,3,8,Low,13
a632100f,2024-01-28 14:00:00,Suburbs,Storm,Wet,Bus,Minor,3,3,High,14
a93eedae,2024-01-28 15:00:00,Highway,Clear,Under Construction,Bicycle,Fatal,3,3,Low,15
eda10f72,2024-01-28 16:00:00,Highway,Clear,Wet,Truck,Fatal,2,0,Low,16
04553dcb,2024-01-28 17:00:00,Residential Zone,Rain,Dry,Car,Severe,4,8,Moderate,17
ca5c456c,2024-01-28 18:00:00,Suburbs,Snow,Under Construction,Motorcycle,Minor,2,7,High,18
affc47f6,2024-01-28 19:00:00,Downtown,Storm,Dry,Bicycle,Moderate,1,1,High,19
5d077bbd,2024-01-28 20:00:00,Downtown,Clear,Wet,Bus,Severe,2,2,Moderate,20
e11c8887,2024-01-28 21:00:00,Suburbs,Clear,Dry,Bus,Moderate,3,2,Low,21
31686304,2024-01-28 22:00:00,Industrial Area,Fog,Dry,Truck,Minor,3,6,Low,22
7955f7a9,2024-01-28 23:00:00,Highway,Fog,Wet,Bicycle,Moderate,1,4,Moderate,23
5242f229,2024-01-29 00:00:00,Residential Zone,Clear,Icy,Car,Moderate,1,0,High,0
3bc1e77f,2024-01-29 01:00:00,Downtown,Rain,Icy,Bicycle,Moderate,2,7,Moderate,1
b591eb83,2024-01-29 02:00:00,Industrial Area,Clear,Dry,Truck,Severe,2,3,Low,2
d6b5ae0f,2024-01-29 03:00:00,Industrial Area,Clear,Under Construction,Motorcycle,Minor,3,7,High,3
26818fd8,2024-01-29 04:00:00,Highway,Rain,Icy,Bicycle,Severe,4,2,High,4
fa5c84e8,2024-01-29 05:00:00,Highway,Fog,Icy,Bicycle,Fatal,1,5,Low,5
e10778a8,2024-01-29 06:00:00,Suburbs,Snow,Wet,Bus,Moderate,4,3,Low,6
34e07ebd,2024-01-29 07:00:00,Suburbs,Fog,Under Construction,Bus,Minor,2,1,Moderate,7
55426270,2024-01-29 08:00:00,Highway,Fog,Icy,Bus,Minor,1,9,Moderate,8
dddc18f5,2024-01-29 09:00:00,Suburbs,Rain,Wet,Truck,Severe,1,0,Moderate,9
c9d89363,2024-01-29 10:00:00,Suburbs,Clear,Icy,Truck,Fatal,2,5,Low,10
3eff24ff,2024-01-29 11:00:00,Downtown,Rain,Wet,Motorcycle,Severe,3,3,Moderate,11
f04e943e,2024-01-29 12:00:00,Downtown,Rain,Dry,Truck,Minor,3,0,High,12
987b1c30,2024-01-29 13:00:00,Industrial Area,Clear,Wet,Bicycle,Minor,1,2,Moderate,13
7adc822e,2024-01-29 14:00:00,Highway,Rain,Wet,Bicycle,Fatal,4,7,Low,14
69820c6c,2024-01-29 15:00:00,Downtown,Storm,Under Construction,Motorcycle,Severe,3,3,High,15
439a04b6,2024-01-29 16:00:00,Industrial Area,Clear,Icy,Car,Severe,1,0,High,16
83e686c7,2024-01-29 17:00:00,Residential Zone,Fog,Under Construction,Car,Fatal,2,6,Moderate,17
df36a5b2,2024-01-29 18:00:00,Suburbs,Clear,Icy,Motorcycle,Fatal,3,9,High,18
4ef36388,2024-01-29 19:00:00,Highway,Storm,Dry,Truck,Moderate,1,4,Low,19
8240f043,2024-01-29 20:00:00,Suburbs,Snow,Icy,Bicycle,Fatal,2,0,High,20
1a2af00e,2024-01-29 21:00:00,Downtown,Snow,Wet,Motorcycle,Severe,1,6,Moderate,21
9ea7e99f,2024-01-29 22:00:00,Highway,Clear,Icy,Bicycle,Fatal,1,1,Low,22
3d51635a,2024-01-29 23:00:00,Downtown,Rain,Icy,Bicycle,Severe,3,8,High,23
ea0eed13,2024-01-30 00:00:00,Downtown,Snow,Icy,Bus,Severe,3,6,High,0
44e82f62,2024-01-30 01:00:00,Residential Zone,Clear,Dry,Motorcycle,Moderate,3,3,High,1
67c8e517,2024-01-30 02:00:00,Highway,Clear,Under Construction,Car,Moderate,3,4,Moderate,2
9ea474cd,2024-01-30 03:00:00,Residential Zone,Storm,Under Construction,Truck,Moderate,3,4,Moderate,3
f8ac7c24,2024-01-30 04:00:00,Suburbs,Storm,Dry,Car,Minor,2,2,High,4
1271c15f,2024-01-30 05:00:00,Downtown,Clear,Wet,Car,Moderate,3,1,Low,5
7004cd51,2024-01-30 06:00:00,Suburbs,Fog,Dry,Motorcycle,Moderate,4,6,Moderate,6
7799e1f0,2024-01-30 07:00:00,Suburbs,Clear,Under Construction,Car,Fatal,4,4,Moderate,7
f8c9d90b,2024-01-30 08:00:00,Downtown,Snow,Under Construction,Truck,Minor,3,7,High,8
e171a6e5,2024-01-30 09:00:00,Downtown,Rain,Dry,Bus,Severe,4,8,Moderate,9
74937f67,2024-01-30 10:00:00,Residential Zone,Snow,Under Construction,Motorcycle,Fatal,3,5,Moderate,10
8d2aad44,2024-01-30 11:00:00,Residential Zone,Storm,Wet,Bus,Severe,4,0,Moderate,11
b6b32352,2024-01-30 12:00:00,Downtown,Rain,Under Construction,Bus,Moderate,3,3,High,12
0cf8c5fd,2024-01-30 13:00:00,Residential Zone,Fog,Wet,Bicycle,Moderate,2,0,Low,13
b5af6ea3,2024-01-30 14:00:00,Suburbs,Snow,Wet,Bus,Fatal,3,2,Moderate,14
1dffdc57,2024-01-30 15:00:00,Industrial Area,Storm,Dry,Motorcycle,Fatal,1,9,High,15
a7cb6488,2024-01-30 16:00:00,Residential Zone,Rain,Under Construction,Car,Minor,1,2,Moderate,16
64d29c14,2024-01-30 17:00:00,Residential Zone,Clear,Under Construction,Motorcycle,Moderate,4,7,High,17
908b8044,2024-01-30 18:00:00,Industrial Area,Snow,Under Construction,Bus,Severe,2,1,Moderate,18
a3161edb,2024-01-30 19:00:00,Residential Zone,Clear,Dry,Motorcycle,Fatal,2,0,Low,19
88d694b5,2024-01-30 20:00:00,Highway,Storm,Icy,Car,Fatal,2,4,High,20
405c3c9d,2024-01-30 21:00:00,Downtown,Rain,Under Construction,Truck,Minor,2,0,High,21
64a5c74f,2024-01-30 22:00:00,Industrial Area,Rain,Icy,Truck,Minor,2,4,High,22
5d69d7e2,2024-01-30 23:00:00,Industrial Area,Clear,Under Construction,Bicycle,Severe,2,1,High,23
f1527ec3,2024-01-31 00:00:00,Residential Zone,Storm,Wet,Truck,Severe,1,0,Moderate,0
973ba368,2024-01-31 01:00:00,Highway,Rain,Dry,Truck,Moderate,4,2,Low,1
3e97060a,2024-01-31 02:00:00,Industrial Area,Clear,Under Construction,Bus,Moderate,1,2,Low,2
2e7e1175,2024-01-31 03:00:00,Highway,Clear,Icy,Motorcycle,Severe,4,4,Low,3
4281f4cb,2024-01-31 04:00:00,Suburbs,Snow,Dry,Bus,Moderate,2,9,Low,4
eb90cdf7,2024-01-31 05:00:00,Suburbs,Storm,Icy,Motorcycle,Moderate,1,8,High,5
9d52c94a,2024-01-31 06:00:00,Downtown,Storm,Under Construction,Bicycle,Fatal,4,4,High,6
12f73ff9,2024-01-31 07:00:00,Downtown,Rain,Dry,Bicycle,Severe,3,7,High,7
702a2f11,2024-01-31 08:00:00,Downtown,Snow,Under Construction,Bus,Moderate,3,8,Low,8
d2bece72,2024-01-31 09:00:00,Highway,Fog,Under Construction,Truck,Minor,3,1,Moderate,9
b50316ff,2024-01-31 10:00:00,Industrial Area,Fog,Icy,Car,Minor,2,8,Low,10
abd8fd8d,2024-01-31 11:00:00,Industrial Area,Snow,Wet,Bus,Severe,4,2,Moderate,11
da8b58f0,2024-01-31 12:00:00,Industrial Area,Clear,Under Construction,Bus,Moderate,2,0,High,12
628cb458,2024-01-31 13:00:00,Suburbs,Fog,Dry,Bus,Fatal,2,1,Moderate,13
e3cb4034,2024-01-31 14:00:00,Highway,Snow,Wet,Bus,Fatal,2,4,Moderate,14
adc6cbf2,2024-01-31 15:00:00,Downtown,Storm,Dry,Bus,Moderate,2,0,Moderate,15
a4cbd08d,2024-01-31 16:00:00,Highway,Clear,Under Construction,Motorcycle,Minor,4,8,Moderate,16
09bffcba,2024-01-31 17:00:00,Suburbs,Clear,Under Construction,Truck,Minor,2,9,High,17
d1cebfda,2024-01-31 18:00:00,Industrial Area,Storm,Icy,Motorcycle,Severe,2,2,High,18
6a187f44,2024-01-31 19:00:00,Downtown,Rain,Dry,Truck,Moderate,4,3,High,19
e7915ad1,2024-01-31 20:00:00,Residential Zone,Clear,Under Construction,Motorcycle,Minor,4,0,High,20
2c41bacb,2024-01-31 21:00:00,Highway,Rain,Dry,Truck,Severe,2,4,Moderate,21
6019d81a,2024-01-31 22:00:00,Suburbs,Storm,Under Construction,Motorcycle,Severe,2,1,Moderate,22
3510f757,2024-01-31 23:00:00,Suburbs,Snow,Under Construction,Car,Minor,3,3,Moderate,23
8b024d20,2024-02-01 00:00:00,Industrial Area,Storm,Under Construction,Truck,Minor,2,5,Moderate,0
f10bb51a,2024-02-01 01:00:00,Downtown,Snow,Dry,Bicycle,Fatal,3,8,High,1
cc0cb003,2024-02-01 02:00:00,Residential Zone,Snow,Wet,Motorcycle,Moderate,2,9,Moderate,2
62401859,2024-02-01 03:00:00,Residential Zone,Rain,Under Construction,Motorcycle,Fatal,1,5,High,3
b94ec515,2024-02-01 04:00:00,Residential Zone,Storm,Dry,Bus,Fatal,3,6,High,4
1fab175f,2024-02-01 05:00:00,Suburbs,Clear,Under Construction,Bicycle,Fatal,1,9,High,5
a1dd6a15,2024-02-01 06:00:00,Industrial Area,Snow,Under Construction,Truck,Severe,2,3,Moderate,6
9cdfe69b,2024-02-01 07:00:00,Downtown,Rain,Icy,Bicycle,Minor,3,7,High,7
5d101070,2024-02-01 08:00:00,Residential Zone,Snow,Icy,Truck,Minor,3,5,Moderate,8
a4d80883,2024-02-01 09:00:00,Industrial Area,Snow,Under Construction,Car,Moderate,3,2,Moderate,9
757fb2bd,2024-02-01 10:00:00,Highway,Storm,Under Construction,Bicycle,Moderate,2,5,High,10
86ae8527,2024-02-01 11:00:00,Downtown,Clear,Dry,Bicycle,Severe,4,8,High,11
d0638d09,2024-02-01 12:00:00,Highway,Fog,Under Construction,Bus,Fatal,2,0,High,12
c116ba3b,2024-02-01 13:00:00,Suburbs,Fog,Icy,Bicycle,Fatal,2,4,High,13
a91af685,2024-02-01 14:00:00,Highway,Fog,Dry,Motorcycle,Fatal,1,9,Low,14
13ebb793,2024-02-01 15:00:00,Highway,Clear,Icy,Bus,Moderate,2,4,Low,15
ebcabf0e,2024-02-01 16:00:00,Highway,Fog,Icy,Bus,Minor,1,0,Moderate,16
1ee16686,2024-02-01 17:00:00,Suburbs,Rain,Under Construction,Motorcycle,Fatal,3,1,High,17
38e560d9,2024-02-01 18:00:00,Highway,Snow,Dry,Car,Fatal,2,7,High,18
4fb27556,2024-02-01 19:00:00,Suburbs,Storm,Wet,Bus,Minor,1,5,High,19
a555b52a,2024-02-01 20:00:00,Highway,Fog,Under Construction,Bicycle,Minor,4,6,High,20
6bbfc6ff,2024-02-01 21:00:00,Suburbs,Rain,Wet,Bicycle,Severe,1,5,High,21
76c9ef74,2024-02-01 22:00:00,Downtown,Snow,Under Construction,Bicycle,Minor,1,7,Low,22
26df18ea,2024-02-01 23:00:00,Highway,Fog,Wet,Truck,Severe,3,6,Moderate,23
70811ac2,2024-02-02 00:00:00,Downtown,Fog,Under Construction,Car,Severe,3,0,Moderate,0
5e89e5bf,2024-02-02 01:00:00,Industrial Area,Rain,Dry,Bicycle,Fatal,1,3,Moderate,1
1134dfcb,2024-02-02 02:00:00,Highway,Snow,Icy,Bicycle,Severe,3,1,Moderate,2
c2883da6,2024-02-02 03:00:00,Suburbs,Fog,Wet,Truck,Moderate,3,4,High,3
c5ccd711,2024-02-02 04:00:00,Downtown,Rain,Icy,Motorcycle,Severe,1,7,High,4
5e713fb0,2024-02-02 05:00:00,Downtown,Rain,Under Construction,Motorcycle,Moderate,1,8,Moderate,5
9e5d5b5f,2024-02-02 06:00:00,Industrial Area,Clear,Under Construction,Motorcycle,Moderate,2,2,High,6
75be6cbc,2024-02-02 07:00:00,Highway,Clear,Dry,Car,Minor,2,3,Low,7
d7ec5289,2024-02-02 08:00:00,Suburbs,Clear,Dry,Bus,Fatal,4,5,Low,8
b9ee6490,2024-02-02 09:00:00,Residential Zone,Fog,Icy,Car,Minor,2,4,Moderate,9
e20f3db4,2024-02-02 10:00:00,Highway,Fog,Icy,Bicycle,Fatal,3,5,Moderate,10
38a10890,2024-02-02 11:00:00,Residential Zone,Clear,Icy,Bus,Fatal,1,5,Moderate,11
7699fdcb,2024-02-02 12:00:00,Suburbs,Fog,Under Construction,Motorcycle,Fatal,2,1,Moderate,12
a2d1193f,2024-02-02 13:00:00,Highway,Rain,Icy,Motorcycle,Fatal,2,4,Low,13
0016cd77,2024-02-02 14:00:00,Residential Zone,Snow,Icy,Bicycle,Minor,2,1,Moderate,14
e9b3d129,2024-02-02 15:00:00,Highway,Storm,Under Construction,Bicycle,Minor,4,8,High,15
a886a621,2024-02-02 16:00:00,Residential Zone,Fog,Dry,Bus,Severe,2,9,High,16
2dcbf93e,2024-02-02 17:00:00,Highway,Snow,Under Construction,Motorcycle,Fatal,3,2,Low,17
aa853346,2024-02-02 18:00:00,Industrial Area,Fog,Icy,Car,Fatal,4,9,High,18
e7b7d713,2024-02-02 19:00:00,Industrial Area,Rain,Under Construction,Car,Moderate,4,2,High,19
fb7b89a6,2024-02-02 20:00:00,Residential Zone,Storm,Under Construction,Motorcycle,Minor,2,3,Low,20
f801a439,2024-02-02 21:00:00,Highway,Rain,Wet,Car,Minor,4,7,High,21
765703c7,2024-02-02 22:00:00,Suburbs,Clear,Icy,Car,Fatal,4,0,Moderate,22
8d2540e1,2024-02-02 23:00:00,Suburbs,Snow,Under Construction,Truck,Severe,3,9,Moderate,23
842f7dda,2024-02-03 00:00:00,Downtown,Snow,Dry,Motorcycle,Moderate,1,4,Low,0
7a1600d9,2024-02-03 01:00:00,Downtown,Snow,Under Construction,Bicycle,Fatal,3,5,High,1
ba4ec39c,2024-02-03 02:00:00,Highway,Snow,Under Construction,Car,Moderate,3,9,Low,2
2a49fa4d,2024-02-03 03:00:00,Highway,Rain,Under Construction,Bicycle,Moderate,1,9,Moderate,3
35e821fb,2024-02-03 04:00:00,Industrial Area,Clear,Icy,Truck,Minor,4,3,Low,4
cb902184,2024-02-03 05:00:00,Suburbs,Storm,Icy,Motorcycle,Minor,4,6,Low,5
8fd43e44,2024-02-03 06:00:00,Residential Zone,Snow,Wet,Truck,Fatal,3,5,High,6
04d8cad9,2024-02-03 07:00:00,Highway,Fog,Under Construction,Bicycle,Fatal,4,4,High,7
ebbdfdbb,2024-02-03 08:00:00,Residential Zone,Clear,Under Construction,Truck,Severe,4,4,High,8
9fce86a6,2024-02-03 09:00:00,Downtown,Fog,Dry,Bus,Fatal,3,2,Moderate,9
56ebdaf3,2024-02-03 10:00:00,Downtown,Clear,Under Construction,Bicycle,Severe,4,5,Moderate,10
b404b0a9,2024-02-03 11:00:00,Residential Zone,Fog,Icy,Car,Minor,3,8,High,11
e2cae772,2024-02-03 12:00:00,Residential Zone,Fog,Dry,Car,Minor,2,1,High,12
df9584ce,2024-02-03 13:00:00,Residential Zone,Clear,Wet,Bus,Minor,4,1,High,13
bf55cc08,2024-02-03 14:00:00,Residential Zone,Storm,Icy,Bicycle,Fatal,4,8,Low,14
175ba71a,2024-02-03 15:00:00,Downtown,Fog,Dry,Bicycle,Moderate,4,3,Low,15
4c40ad75,2024-02-03 16:00:00,Residential Zone,Rain,Under Construction,Bus,Minor,3,9,Low,16
b2b0b286,2024-02-03 17:00:00,Residential Zone,Clear,Icy,Motorcycle,Fatal,2,6,Low,17
9729ea0f,2024-02-03 18:00:00,Residential Zone,Fog,Wet,Bicycle,Fatal,3,1,Moderate,18
06164e52,2024-02-03 19:00:00,Industrial Area,Fog,Under Construction,Bicycle,Severe,1,8,High,19
3adecf86,2024-02-03 20:00:00,Residential Zone,Clear,Under Construction,Motorcycle,Fatal,1,8,High,20
ba2c6000,2024-02-03 21:00:00,Suburbs,Storm,Wet,Truck,Moderate,4,7,High,21
01b2d68f,2024-02-03 22:00:00,Downtown,Fog,Icy,Truck,Severe,4,9,High,22
570f37b9,2024-02-03 23:00:00,Highway,Fog,Dry,Bus,Severe,2,8,High,23
4af0043e,2024-02-04 00:00:00,Suburbs,Rain,Under Construction,Truck,Minor,2,2,Moderate,0
0fb64055,2024-02-04 01:00:00,Highway,Rain,Under Construction,Truck,Severe,1,0,High,1
d08b6bec,2024-02-04 02:00:00,Residential Zone,Rain,Under Construction,Car,Severe,1,8,Moderate,2
d7be6e73,2024-02-04 03:00:00,Downtown,Snow,Dry,Bus,Minor,1,9,Moderate,3
8c0c0067,2024-02-04 04:00:00,Residential Zone,Snow,Dry,Truck,Minor,1,2,Low,4
e9d3f38c,2024-02-04 05:00:00,Residential Zone,Fog,Wet,Bicycle,Moderate,4,9,Moderate,5
683ba40b,2024-02-04 06:00:00,Residential Zone,Storm,Icy,Bicycle,Fatal,1,5,High,6
17bb0dbc,2024-02-04 07:00:00,Highway,Rain,Dry,Bicycle,Severe,3,8,Low,7
fef78b12,2024-02-04 08:00:00,Industrial Area,Snow,Under Construction,Bus,Fatal,3,4,High,8
e66f8ba6,2024-02-04 09:00:00,Suburbs,Storm,Dry,Car,Moderate,4,3,Low,9
84106b0c,2024-02-04 10:00:00,Industrial Area,Fog,Icy,Bicycle,Fatal,4,6,Low,10
af561b7d,2024-02-04 11:00:00,Suburbs,Clear,Wet,Truck,Minor,2,0,Low,11
ddf6817d,2024-02-04 12:00:00,Suburbs,Clear,Under Construction,Truck,Minor,2,4,Low,12
d2cd1cd9,2024-02-04 13:00:00,Highway,Fog,Under Construction,Car,Fatal,2,7,Low,13
f9a21c32,2024-02-04 14:00:00,Industrial Area,Storm,Icy,Car,Moderate,3,9,Moderate,14
ed6382d1,2024-02-04 15:00:00,Industrial Area,Storm,Dry,Motorcycle,Fatal,4,5,Moderate,15
0c3e8d4a,2024-02-04 16:00:00,Suburbs,Rain,Wet,Motorcycle,Moderate,4,9,Low,16
d77b0d1f,2024-02-04 17:00:00,Highway,Clear,Dry,Bus,Severe,4,1,Low,17
5b257246,2024-02-04 18:00:00,Highway,Fog,Under Construction,Car,Moderate,2,0,Low,18
7421d6fd,2024-02-04 19:00:00,Suburbs,Clear,Under Construction,Bicycle,Severe,4,0,Low,19
b6ff871d,2024-02-04 20:00:00,Suburbs,Storm,Dry,Car,Moderate,1,9,Moderate,20
f2ddb955,2024-02-04 21:00:00,Highway,Rain,Dry,Bus,Moderate,1,9,Moderate,21
3e756386,2024-02-04 22:00:00,Industrial Area,Clear,Icy,Car,Minor,1,9,Low,22
1583c5dc,2024-02-04 23:00:00,Highway,Storm,Dry,Truck,Severe,1,1,Moderate,23
133e9684,2024-02-05 00:00:00,Downtown,Storm,Under Construction,Truck,Severe,1,2,Low,0
3db29dac,2024-02-05 01:00:00,Industrial Area,Storm,Icy,Bus,Severe,1,0,Low,1
10594405,2024-02-05 02:00:00,Highway,Fog,Dry,Bus,Minor,2,1,High,2
08ae6171,2024-02-05 03:00:00,Residential Zone,Rain,Wet,Bus,Fatal,1,1,Moderate,3
d7ec9a9c,2024-02-05 04:00:00,Highway,Clear,Wet,Bicycle,Moderate,4,3,High,4
4d9e8b9b,2024-02-05 05:00:00,Industrial Area,Rain,Under Construction,Car,Severe,2,2,Moderate,5
335352e0,2024-02-05 06:00:00,Highway,Storm,Wet,Truck,Minor,2,6,Moderate,6
b7ce0e5c,2024-02-05 07:00:00,Residential Zone,Snow,Dry,Truck,Severe,4,9,Moderate,7
19f8fcd8,2024-02-05 08:00:00,Residential Zone,Snow,Icy,Truck,Moderate,3,0,Moderate,8
64eee42f,2024-02-05 09:00:00,Suburbs,Rain,Under Construction,Bus,Severe,4,3,High,9
bf1e40db,2024-02-05 10:00:00,Suburbs,Fog,Wet,Car,Minor,4,7,Low,10
cf67eaaf,2024-02-05 11:00:00,Residential Zone,Storm,Under Construction,Car,Fatal,1,5,High,11
5ca97f2c,2024-02-05 12:00:00,Highway,Snow,Under Construction,Truck,Moderate,4,1,Low,12
beeb333b,2024-02-05 13:00:00,Downtown,Snow,Icy,Motorcycle,Severe,2,3,Moderate,13
7fadd2d6,2024-02-05 14:00:00,Suburbs,Snow,Under Construction,Car,Severe,1,1,Low,14
3ca6196f,2024-02-05 15:00:00,Highway,Rain,Icy,Bicycle,Fatal,3,7,Moderate,15
7bc52266,2024-02-05 16:00:00,Residential Zone,Fog,Icy,Motorcycle,Moderate,1,2,Low,16
b6490a93,2024-02-05 17:00:00,Downtown,Storm,Dry,Truck,Moderate,3,9,Moderate,17
8c213086,2024-02-05 18:00:00,Industrial Area,Storm,Under Construction,Car,Minor,4,9,Low,18
c6c152df,2024-02-05 19:00:00,Highway,Rain,Icy,Truck,Fatal,3,8,Moderate,19
a70d1b23,2024-02-05 20:00:00,Suburbs,Fog,Wet,Motorcycle,Severe,2,2,Moderate,20
bba8d435,2024-02-05 21:00:00,Residential Zone,Storm,Icy,Truck,Minor,3,4,Low,21
b35a5b59,2024-02-05 22:00:00,Highway,Snow,Icy,Car,Severe,2,7,High,22
a9c8df03,2024-02-05 23:00:00,Residential Zone,Fog,Dry,Bicycle,Severe,3,0,Moderate,23
c6fcaf09,2024-02-06 00:00:00,Residential Zone,Clear,Icy,Motorcycle,Severe,3,2,Low,0
a02db9e3,2024-02-06 01:00:00,Residential Zone,Rain,Dry,Bicycle,Severe,2,6,Moderate,1
43f74c6e,2024-02-06 02:00:00,Industrial Area,Rain,Wet,Motorcycle,Minor,4,9,Moderate,2
89d37d29,2024-02-06 03:00:00,Highway,Storm,Dry,Truck,Minor,3,2,Low,3
248aac5c,2024-02-06 04:00:00,Highway,Rain,Under Construction,Bicycle,Moderate,3,2,High,4
19e3a197,2024-02-06 05:00:00,Suburbs,Snow,Wet,Bicycle,Moderate,2,6,High,5
d9493a71,2024-02-06 06:00:00,Industrial Area,Storm,Dry,Car,Moderate,2,4,High,6
b8162701,2024-02-06 07:00:00,Suburbs,Snow,Dry,Bus,Severe,4,3,Low,7
42c5812d,2024-02-06 08:00:00,Highway,Clear,Wet,Truck,Moderate,4,7,Moderate,8
a153a070,2024-02-06 09:00:00,Highway,Storm,Icy,Car,Minor,1,7,Low,9
14e71a2e,2024-02-06 10:00:00,Suburbs,Rain,Icy,Truck,Moderate,2,7,High,10
84cb4dbd,2024-02-06 11:00:00,Downtown,Rain,Dry,Car,Moderate,2,1,Low,11
e2f9580a,2024-02-06 12:00:00,Highway,Clear,Wet,Bicycle,Moderate,3,7,Moderate,12
a8725813,2024-02-06 13:00:00,Residential Zone,Storm,Wet,Bus,Severe,3,5,Low,13
40c1731b,2024-02-06 14:00:00,Residential Zone,Snow,Icy,Truck,Minor,4,9,Moderate,14
36e699a0,2024-02-06 15:00:00,Residential Zone,Storm,Under Construction,Bus,Fatal,4,8,Moderate,15
1aa5b92d,2024-02-06 16:00:00,Downtown,Rain,Dry,Bicycle,Severe,2,6,Low,16
dea81f10,2024-02-06 17:00:00,Industrial Area,Rain,Icy,Bicycle,Minor,3,1,High,17
9e4d91c0,2024-02-06 18:00:00,Residential Zone,Rain,Dry,Car,Fatal,1,7,Moderate,18
4dc31bda,2024-02-06 19:00:00,Downtown,Snow,Wet,Truck,Moderate,3,2,High,19
1cc92170,2024-02-06 20:00:00,Residential Zone,Clear,Icy,Bicycle,Moderate,2,0,Low,20
130d5098,2024-02-06 21:00:00,Downtown,Storm,Dry,Bicycle,Fatal,3,6,High,21
28a94404,2024-02-06 22:00:00,Highway,Snow,Icy,Motorcycle,Minor,2,0,High,22
50955742,2024-02-06 23:00:00,Highway,Snow,Icy,Bus,Minor,2,9,Low,23
a539f553,2024-02-07 00:00:00,Downtown,Storm,Dry,Motorcycle,Moderate,2,4,High,0
28fd27c4,2024-02-07 01:00:00,Industrial Area,Fog,Under Construction,Truck,Fatal,2,4,High,1
fff27426,2024-02-07 02:00:00,Residential Zone,Rain,Dry,Car,Fatal,3,2,Low,2
6adec86f,2024-02-07 03:00:00,Suburbs,Storm,Under Construction,Motorcycle,Severe,2,4,Low,3
3ff0bd24,2024-02-07 04:00:00,Suburbs,Fog,Dry,Bus,Minor,1,2,Low,4
6dc003fd,2024-02-07 05:00:00,Residential Zone,Clear,Wet,Motorcycle,Minor,2,6,High,5
b6b63b41,2024-02-07 06:00:00,Suburbs,Storm,Icy,Truck,Fatal,1,0,High,6
3402b256,2024-02-07 07:00:00,Downtown,Fog,Icy,Bicycle,Severe,3,3,Low,7
5813f881,2024-02-07 08:00:00,Industrial Area,Fog,Icy,Car,Moderate,2,6,Low,8
f84a574e,2024-02-07 09:00:00,Suburbs,Fog,Wet,Motorcycle,Fatal,1,1,Low,9
e395c247,2024-02-07 10:00:00,Highway,Snow,Icy,Truck,Moderate,1,9,High,10
c94a4c5b,2024-02-07 11:00:00,Residential Zone,Snow,Dry,Bicycle,Minor,4,1,Low,11
0b1db763,2024-02-07 12:00:00,Industrial Area,Clear,Wet,Truck,Severe,2,1,Moderate,12
f38edc02,2024-02-07 13:00:00,Residential Zone,Rain,Dry,Bus,Minor,2,3,Moderate,13
ff6143e6,2024-02-07 14:00:00,Downtown,Clear,Under Construction,Bicycle,Fatal,4,0,Low,14
0b6844e8,2024-02-07 15:00:00,Industrial Area,Clear,Icy,Bus,Fatal,1,8,High,15
c843dcad,2024-02-07 16:00:00,Suburbs,Snow,Dry,Car,Severe,1,3,Moderate,16
9df763a5,2024-02-07 17:00:00,Residential Zone,Snow,Wet,Motorcycle,Fatal,3,0,Moderate,17
0dbf5c23,2024-02-07 18:00:00,Residential Zone,Clear,Under Construction,Bicycle,Moderate,3,5,Low,18
1e1b0846,2024-02-07 19:00:00,Residential Zone,Rain,Icy,Bus,Moderate,2,2,High,19
434e633d,2024-02-07 20:00:00,Residential Zone,Clear,Icy,Car,Moderate,2,2,Low,20
25a79902,2024-02-07 21:00:00,Residential Zone,Fog,Dry,Bus,Minor,3,6,Low,21
857a9c39,2024-02-07 22:00:00,Industrial Area,Rain,Under Construction,Bicycle,Minor,4,7,High,22
a8cfdae3,2024-02-07 23:00:00,Highway,Rain,Wet,Car,Minor,1,9,High,23
674b66ba,2024-02-08 00:00:00,Industrial Area,Snow,Icy,Bus,Minor,1,8,Low,0
7a8810cf,2024-02-08 01:00:00,Industrial Area,Storm,Dry,Car,Minor,2,6,Low,1
85b969ac,2024-02-08 02:00:00,Suburbs,Rain,Under Construction,Truck,Severe,2,6,Low,2
8670f6ee,2024-02-08 03:00:00,Residential Zone,Rain,Under Construction,Motorcycle,Severe,4,6,Moderate,3
a0560e9a,2024-02-08 04:00:00,Downtown,Rain,Wet,Car,Moderate,2,4,High,4
a5190816,2024-02-08 05:00:00,Highway,Rain,Under Construction,Car,Moderate,4,9,High,5
88a435e2,2024-02-08 06:00:00,Industrial Area,Clear,Wet,Car,Fatal,3,7,Moderate,6
b9388ae1,2024-02-08 07:00:00,Industrial Area,Fog,Dry,Car,Severe,4,1,High,7
48b4f096,2024-02-08 08:00:00,Industrial Area,Snow,Icy,Bicycle,Fatal,2,2,Moderate,8
e430616b,2024-02-08 09:00:00,Downtown,Fog,Under Construction,Truck,Moderate,1,9,High,9
376a7e12,2024-02-08 10:00:00,Residential Zone,Storm,Wet,Car,Severe,4,1,Moderate,10
fbfbcab0,2024-02-08 11:00:00,Industrial Area,Storm,Dry,Bicycle,Moderate,2,9,Low,11
93954ce0,2024-02-08 12:00:00,Highway,Rain,Under Construction,Motorcycle,Minor,4,5,Moderate,12
9ab579a8,2024-02-08 13:00:00,Residential Zone,Snow,Under Construction,Bus,Minor,2,0,Low,13
38a1865d,2024-02-08 14:00:00,Residential Zone,Rain,Icy,Bus,Minor,1,6,Low,14
5031a8a6,2024-02-08 15:00:00,Suburbs,Storm,Wet,Car,Fatal,2,1,High,15
7e61c714,2024-02-08 16:00:00,Highway,Snow,Dry,Bus,Minor,2,1,High,16
8deb894a,2024-02-08 17:00:00,Industrial Area,Clear,Wet,Bus,Minor,2,3,Moderate,17
5f4b31bc,2024-02-08 18:00:00,Highway,Snow,Wet,Car,Moderate,1,3,High,18
d58baddd,2024-02-08 19:00:00,Downtown,Clear,Under Construction,Truck,Minor,2,9,Moderate,19
7753fb60,2024-02-08 20:00:00,Industrial Area,Rain,Wet,Bicycle,Moderate,1,9,Low,20
db53d3b8,2024-02-08 21:00:00,Downtown,Fog,Wet,Truck,Moderate,4,6,Low,21
97ad4368,2024-02-08 22:00:00,Industrial Area,Fog,Dry,Bus,Minor,1,3,High,22
3c45e97b,2024-02-08 23:00:00,Highway,Fog,Icy,Motorcycle,Fatal,3,9,Moderate,23
792bdfd7,2024-02-09 00:00:00,Industrial Area,Clear,Wet,Car,Moderate,4,5,Moderate,0
b1a14227,2024-02-09 01:00:00,Downtown,Rain,Wet,Car,Fatal,3,6,High,1
468b6d8f,2024-02-09 02:00:00,Residential Zone,Fog,Wet,Car,Fatal,1,0,High,2
bb500ee2,2024-02-09 03:00:00,Suburbs,Storm,Under Construction,Bus,Fatal,1,6,High,3
a5e831b2,2024-02-09 04:00:00,Suburbs,Fog,Wet,Bicycle,Fatal,2,5,High,4
b8b52473,2024-02-09 05:00:00,Downtown,Fog,Icy,Car,Fatal,4,0,Moderate,5
923f1ff1,2024-02-09 06:00:00,Downtown,Storm,Dry,Bus,Fatal,2,1,Low,6
cf246284,2024-02-09 07:00:00,Downtown,Storm,Under Construction,Bicycle,Fatal,3,5,Low,7
ce9d2374,2024-02-09 08:00:00,Downtown,Rain,Wet,Car,Fatal,2,8,High,8
0e7ff98a,2024-02-09 09:00:00,Industrial Area,Fog,Under Construction,Car,Fatal,1,7,High,9
527ccbd9,2024-02-09 10:00:00,Residential Zone,Rain,Wet,Truck,Severe,4,2,Moderate,10
a24c04c0,2024-02-09 11:00:00,Industrial Area,Snow,Icy,Motorcycle,Severe,3,0,High,11
69a2a395,2024-02-09 12:00:00,Highway,Snow,Dry,Bicycle,Minor,4,0,Low,12
2f328896,2024-02-09 13:00:00,Downtown,Fog,Wet,Truck,Fatal,2,8,Low,13
8b84062f,2024-02-09 14:00:00,Downtown,Snow,Under Construction,Bicycle,Moderate,2,5,Low,14
6d5eaa17,2024-02-09 15:00:00,Residential Zone,Storm,Under Construction,Bus,Fatal,4,4,High,15
1a8255b8,2024-02-09 16:00:00,Suburbs,Fog,Wet,Truck,Moderate,1,1,Low,16
b610e610,2024-02-09 17:00:00,Industrial Area,Clear,Under Construction,Car,Moderate,1,6,Moderate,17
9d979c55,2024-02-09 18:00:00,Industrial Area,Snow,Under Construction,Motorcycle,Fatal,2,8,Moderate,18
59ed3b2b,2024-02-09 19:00:00,Industrial Area,Fog,Wet,Car,Fatal,2,7,Low,19
d0a634c2,2024-02-09 20:00:00,Suburbs,Fog,Under Construction,Car,Fatal,3,6,High,20
60efaeb5,2024-02-09 21:00:00,Highway,Snow,Icy,Truck,Minor,2,4,High,21
e2d44e0a,2024-02-09 22:00:00,Industrial Area,Rain,Under Construction,Car,Minor,3,2,Low,22
8fc5850c,2024-02-09 23:00:00,Industrial Area,Snow,Under Construction,Bus,Moderate,1,1,High,23
7eae3a64,2024-02-10 00:00:00,Residential Zone,Fog,Wet,Bicycle,Severe,2,9,High,0
85993181,2024-02-10 01:00:00,Industrial Area,Fog,Dry,Truck,Severe,2,2,High,1
cd566569,2024-02-10 02:00:00,Suburbs,Storm,Wet,Car,Fatal,2,3,Moderate,2
a98b973a,2024-02-10 03:00:00,Industrial Area,Snow,Wet,Bus,Fatal,3,8,Low,3
32855ba5,2024-02-10 04:00:00,Suburbs,Fog,Icy,Bicycle,Fatal,1,8,High,4
3359e5ca,2024-02-10 05:00:00,Highway,Rain,Under Construction,Bus,Moderate,1,4,High,5
0bfef94f,2024-02-10 06:00:00,Residential Zone,Storm,Dry,Car,Fatal,1,3,Low,6
d28c01d5,2024-02-10 07:00:00,Downtown,Snow,Wet,Bicycle,Moderate,2,2,High,7
e7534df5,2024-02-10 08:00:00,Suburbs,Fog,Wet,Truck,Moderate,3,5,Moderate,8
56605195,2024-02-10 09:00:00,Downtown,Fog,Icy,Bus,Fatal,3,6,Moderate,9
b4d5dcb2,2024-02-10 10:00:00,Residential Zone,Rain,Dry,Car,Minor,3,6,Low,10
6fdb723f,2024-02-10 11:00:00,Downtown,Snow,Icy,Truck,Fatal,4,1,Low,11
710b3d92,2024-02-10 12:00:00,Industrial Area,Rain,Wet,Car,Fatal,3,3,High,12
dfa91052,2024-02-10 13:00:00,Suburbs,Clear,Dry,Bus,Moderate,1,4,Moderate,13
031f356e,2024-02-10 14:00:00,Suburbs,Clear,Wet,Car,Moderate,2,4,Moderate,14
d7067e8a,2024-02-10 15:00:00,Industrial Area,Clear,Under Construction,Car,Severe,2,3,Low,15
9309a9c6,2024-02-10 16:00:00,Industrial Area,Rain,Wet,Bus,Fatal,4,9,Low,16
373b843b,2024-02-10 17:00:00,Highway,Rain,Under Construction,Motorcycle,Moderate,3,9,Low,17
61d94655,2024-02-10 18:00:00,Residential Zone,Rain,Icy,Bicycle,Severe,2,5,Moderate,18
9b7b28c3,2024-02-10 19:00:00,Residential Zone,Snow,Under Construction,Motorcycle,Minor,1,3,Moderate,19
ec508c08,2024-02-10 20:00:00,Industrial Area,Clear,Wet,Car,Moderate,1,8,Low,20
1eb1b331,2024-02-10 21:00:00,Highway,Fog,Icy,Truck,Severe,4,3,High,21
987e0c3b,2024-02-10 22:00:00,Industrial Area,Fog,Icy,Truck,Minor,2,3,Low,22
f4a7907d,2024-02-10 23:00:00,Residential Zone,Clear,Icy,Motorcycle,Severe,2,8,Moderate,23
e5f0a6a8,2024-02-11 00:00:00,Highway,Snow,Icy,Bicycle,Moderate,4,6,Low,0
6d0bbc61,2024-02-11 01:00:00,Suburbs,Rain,Wet,Bicycle,Fatal,1,8,High,1
9484b42b,2024-02-11 02:00:00,Industrial Area,Snow,Dry,Truck,Fatal,4,1,Moderate,2
081255bc,2024-02-11 03:00:00,Highway,Storm,Wet,Truck,Moderate,1,1,Moderate,3
3a477c62,2024-02-11 04:00:00,Downtown,Fog,Wet,Truck,Minor,2,7,Moderate,4
c783bc5a,2024-02-11 05:00:00,Suburbs,Snow,Under Construction,Motorcycle,Fatal,1,0,High,5
13289c61,2024-02-11 06:00:00,Downtown,Snow,Wet,Bus,Fatal,4,4,Moderate,6
01cbe358,2024-02-11 07:00:00,Downtown,Rain,Under Construction,Truck,Moderate,1,9,Low,7
eb6b4b32,2024-02-11 08:00:00,Residential Zone,Fog,Under Construction,Truck,Moderate,4,9,High,8
1491a688,2024-02-11 09:00:00,Suburbs,Fog,Wet,Car,Severe,4,0,Low,9
76cd9168,2024-02-11 10:00:00,Highway,Clear,Wet,Bus,Severe,4,6,Low,10
9f469faf,2024-02-11 11:00:00,Highway,Snow,Under Construction,Bicycle,Fatal,1,6,Low,11
e3c82121,2024-02-11 12:00:00,Suburbs,Snow,Icy,Bus,Moderate,4,9,Moderate,12
358814d2,2024-02-11 13:00:00,Industrial Area,Fog,Wet,Bus,Moderate,4,3,High,13
b77c5681,2024-02-11 14:00:00,Downtown,Clear,Dry,Bicycle,Fatal,4,8,Moderate,14
adef6690,2024-02-11 15:00:00,Industrial Area,Storm,Wet,Bus,Severe,2,9,High,15
d0b1602a,2024-02-11 16:00:00,Suburbs,Rain,Dry,Car,Minor,2,7,Low,16
bcaa5d5d,2024-02-11 17:00:00,Highway,Storm,Dry,Motorcycle,Moderate,2,7,High,17
56ebe775,2024-02-11 18:00:00,Residential Zone,Storm,Dry,Truck,Minor,3,1,High,18
17152d11,2024-02-11 19:00:00,Industrial Area,Clear,Wet,Bicycle,Moderate,4,1,High,19
105c1832,2024-02-11 20:00:00,Suburbs,Clear,Under Construction,Bus,Severe,4,8,Low,20
01e376e6,2024-02-11 21:00:00,Downtown,Fog,Under Construction,Truck,Severe,4,7,Low,21
00809223,2024-02-11 22:00:00,Suburbs,Clear,Dry,Bus,Severe,4,2,Moderate,22
f988c83a,2024-02-11 23:00:00,Residential Zone,Fog,Dry,Car,Moderate,3,2,Low,23
ad12bd85,2024-02-12 00:00:00,Downtown,Rain,Wet,Truck,Moderate,3,6,High,0
9b33f95a,2024-02-12 01:00:00,Downtown,Clear,Wet,Motorcycle,Severe,3,0,High,1
9c87f49b,2024-02-12 02:00:00,Industrial Area,Clear,Dry,Bicycle,Minor,4,3,High,2
a15ea4aa,2024-02-12 03:00:00,Downtown,Snow,Icy,Bus,Minor,2,9,Moderate,3
581d1552,2024-02-12 04:00:00,Industrial Area,Storm,Dry,Bicycle,Severe,1,0,Low,4
b3721623,2024-02-12 05:00:00,Industrial Area,Clear,Icy,Bicycle,Fatal,4,2,Moderate,5
3238fe14,2024-02-12 06:00:00,Suburbs,Storm,Icy,Truck,Moderate,2,3,Low,6
20e54813,2024-02-12 07:00:00,Suburbs,Snow,Icy,Truck,Moderate,2,5,Low,7
2de82d81,2024-02-12 08:00:00,Industrial Area,Snow,Under Construction,Car,Minor,1,9,Low,8
ea901f0f,2024-02-12 09:00:00,Industrial Area,Rain,Icy,Car,Minor,2,2,High,9
1009bf22,2024-02-12 10:00:00,Downtown,Snow,Wet,Bicycle,Severe,2,4,Low,10
af9a9fa6,2024-02-12 11:00:00,Downtown,Clear,Wet,Car,Severe,4,5,Moderate,11
41d7a27b,2024-02-12 12:00:00,Industrial Area,Storm,Icy,Motorcycle,Fatal,3,6,Moderate,12
b788d2ac,2024-02-12 13:00:00,Suburbs,Snow,Wet,Car,Fatal,1,6,High,13
8cf13a51,2024-02-12 14:00:00,Industrial Area,Storm,Under Construction,Motorcycle,Minor,3,5,Moderate,14
8460a2ad,2024-02-12 15:00:00,Suburbs,Clear,Dry,Truck,Fatal,4,4,Moderate,15
bbb62a16,2024-02-12 16:00:00,Industrial Area,Snow,Icy,Bus,Minor,1,6,Moderate,16
6402db64,2024-02-12 17:00:00,Highway,Storm,Icy,Motorcycle,Severe,3,0,Low,17
2429b5cc,2024-02-12 18:00:00,Suburbs,Storm,Icy,Motorcycle,Moderate,3,5,High,18
93ba3693,2024-02-12 19:00:00,Highway,Storm,Icy,Car,Fatal,1,7,Moderate,19
97f6cb5f,2024-02-12 20:00:00,Highway,Fog,Icy,Bus,Fatal,4,3,Low,20
a94e1182,2024-02-12 21:00:00,Suburbs,Rain,Wet,Truck,Minor,1,3,Low,21
88c279a9,2024-02-12 22:00:00,Industrial Area,Fog,Wet,Motorcycle,Severe,1,8,Low,22
ec742ecb,2024-02-12 23:00:00,Industrial Area,Snow,Wet,Motorcycle,Severe,2,0,High,23
7616b6a2,2024-02-13 00:00:00,Industrial Area,Storm,Icy,Motorcycle,Severe,1,4,High,0
3e9eccfc,2024-02-13 01:00:00,Industrial Area,Rain,Icy,Truck,Fatal,4,3,Moderate,1
8b142690,2024-02-13 02:00:00,Downtown,Storm,Wet,Car,Severe,2,0,High,2
0c50b953,2024-02-13 03:00:00,Downtown,Clear,Icy,Truck,Fatal,3,3,Moderate,3
907109b6,2024-02-13 04:00:00,Highway,Clear,Icy,Bicycle,Fatal,4,2,Moderate,4
fc119f7a,2024-02-13 05:00:00,Industrial Area,Rain,Icy,Truck,Moderate,1,0,Low,5
edb34725,2024-02-13 06:00:00,Highway,Storm,Icy,Bicycle,Minor,4,2,High,6
8a0c8a19,2024-02-13 07:00:00,Suburbs,Rain,Wet,Motorcycle,Minor,4,9,Moderate,7
86240984,2024-02-13 08:00:00,Industrial Area,Snow,Under Construction,Motorcycle,Fatal,1,1,Moderate,8
9fe7e24c,2024-02-13 09:00:00,Highway,Clear,Under Construction,Bicycle,Minor,3,7,High,9
7128a190,2024-02-13 10:00:00,Industrial Area,Clear,Wet,Motorcycle,Moderate,3,0,High,10
1e618e0d,2024-02-13 11:00:00,Residential Zone,Rain,Dry,Car,Fatal,4,2,High,11
8b88e068,2024-02-13 12:00:00,Downtown,Snow,Wet,Bicycle,Severe,2,0,Moderate,12
883981f7,2024-02-13 13:00:00,Downtown,Clear,Icy,Truck,Severe,2,0,Low,13
d3a1b7bb,2024-02-13 14:00:00,Residential Zone,Storm,Icy,Bus,Minor,4,6,Moderate,14
91b6a24f,2024-02-13 15:00:00,Industrial Area,Rain,Dry,Truck,Moderate,3,6,Moderate,15
61741711,2024-02-13 16:00:00,Suburbs,Storm,Dry,Motorcycle,Minor,1,8,Moderate,16
0308ba65,2024-02-13 17:00:00,Suburbs,Snow,Dry,Bus,Fatal,3,5,High,17
f2649ece,2024-02-13 18:00:00,Downtown,Snow,Wet,Bus,Minor,1,0,High,18
6d135c98,2024-02-13 19:00:00,Suburbs,Snow,Dry,Bus,Severe,3,3,Low,19
185b45ca,2024-02-13 20:00:00,Industrial Area,Fog,Under Construction,Bus,Moderate,1,4,Low,20
62a42caf,2024-02-13 21:00:00,Highway,Clear,Under Construction,Truck,Severe,4,1,Moderate,21
93b7248f,2024-02-13 22:00:00,Suburbs,Storm,Wet,Truck,Minor,1,4,High,22
21b6fd4c,2024-02-13 23:00:00,Highway,Clear,Under Construction,Truck,Moderate,4,5,Low,23
67f0f0c5,2024-02-14 00:00:00,Downtown,Rain,Icy,Motorcycle,Minor,4,8,High,0
5be14252,2024-02-14 01:00:00,Suburbs,Rain,Dry,Car,Fatal,1,5,High,1
4e6c529c,2024-02-14 02:00:00,Suburbs,Clear,Icy,Bus,Minor,3,8,High,2
83dcad2f,2024-02-14 03:00:00,Suburbs,Fog,Wet,Car,Minor,2,9,Moderate,3
57a20b7d,2024-02-14 04:00:00,Downtown,Snow,Icy,Motorcycle,Moderate,2,1,Low,4
17429ec1,2024-02-14 05:00:00,Suburbs,Snow,Under Construction,Motorcycle,Moderate,1,4,Low,5
85f4d6f2,2024-02-14 06:00:00,Highway,Snow,Dry,Car,Minor,1,6,Moderate,6
882faa49,2024-02-14 07:00:00,Residential Zone,Rain,Wet,Bicycle,Minor,3,0,High,7
e253479d,2024-02-14 08:00:00,Highway,Snow,Wet,Truck,Minor,1,1,Moderate,8
18a98d00,2024-02-14 09:00:00,Highway,Fog,Dry,Motorcycle,Severe,3,9,High,9
704ad0cf,2024-02-14 10:00:00,Highway,Storm,Wet,Truck,Moderate,2,3,High,10
8ca0e978,2024-02-14 11:00:00,Residential Zone,Clear,Wet,Motorcycle,Severe,2,9,High,11
6512bc1e,2024-02-14 12:00:00,Suburbs,Clear,Dry,Motorcycle,Severe,3,1,Low,12
dede547d,2024-02-14 13:00:00,Industrial Area,Fog,Dry,Truck,Moderate,3,2,High,13
26614aec,2024-02-14 14:00:00,Residential Zone,Rain,Dry,Truck,Minor,3,6,Low,14
9b3c698f,2024-02-14 15:00:00,Downtown,Snow,Icy,Bus,Moderate,4,2,Moderate,15
1bddcd27,2024-02-14 16:00:00,Industrial Area,Rain,Wet,Car,Moderate,2,3,Moderate,16
4c52440d,2024-02-14 17:00:00,Suburbs,Fog,Under Construction,Bicycle,Fatal,3,2,Moderate,17
eab291d5,2024-02-14 18:00:00,Highway,Snow,Icy,Bicycle,Severe,2,8,Low,18
f3b03296,2024-02-14 19:00:00,Highway,Clear,Under Construction,Bus,Moderate,3,2,Moderate,19
5673e9de,2024-02-14 20:00:00,Highway,Clear,Under Construction,Car,Severe,2,9,High,20
97f3e2ed,2024-02-14 21:00:00,Highway,Rain,Wet,Bus,Moderate,2,5,Low,21
777ac8d3,2024-02-14 22:00:00,Suburbs,Storm,Dry,Car,Severe,3,5,High,22
1fe17aac,2024-02-14 23:00:00,Residential Zone,Fog,Under Construction,Car,Severe,4,3,High,23
20a7344b,2024-02-15 00:00:00,Downtown,Storm,Wet,Truck,Minor,1,6,High,0
fd88ca12,2024-02-15 01:00:00,Suburbs,Rain,Dry,Bicycle,Moderate,2,9,High,1
b530b127,2024-02-15 02:00:00,Industrial Area,Fog,Wet,Car,Minor,4,3,High,2
a4a9d13b,2024-02-15 03:00:00,Downtown,Clear,Under Construction,Truck,Minor,1,5,High,3
c283359d,2024-02-15 04:00:00,Downtown,Storm,Under Construction,Bus,Minor,2,3,Moderate,4
1d945806,2024-02-15 05:00:00,Downtown,Rain,Wet,Motorcycle,Severe,4,7,Moderate,5
1d788bd8,2024-02-15 06:00:00,Industrial Area,Storm,Under Construction,Bicycle,Minor,3,6,Moderate,6
9d043c72,2024-02-15 07:00:00,Suburbs,Clear,Dry,Motorcycle,Severe,2,2,Low,7
7255c32d,2024-02-15 08:00:00,Highway,Rain,Under Construction,Car,Moderate,3,2,Moderate,8
65ae371b,2024-02-15 09:00:00,Highway,Rain,Dry,Bicycle,Severe,3,8,Low,9
adc31682,2024-02-15 10:00:00,Highway,Snow,Dry,Motorcycle,Moderate,1,4,Low,10
acc3719a,2024-02-15 11:00:00,Residential Zone,Fog,Under Construction,Bicycle,Severe,1,5,Low,11
7a171d2b,2024-02-15 12:00:00,Residential Zone,Snow,Wet,Bicycle,Moderate,3,3,High,12
85f55605,2024-02-15 13:00:00,Suburbs,Storm,Wet,Motorcycle,Fatal,2,2,Low,13
c4f5f360,2024-02-15 14:00:00,Industrial Area,Snow,Wet,Motorcycle,Moderate,4,4,Moderate,14
8c371965,2024-02-15 15:00:00,Highway,Storm,Icy,Bus,Moderate,1,3,Moderate,15
c55c860c,2024-02-15 16:00:00,Highway,Fog,Icy,Bicycle,Minor,1,0,Moderate,16
736f9015,2024-02-15 17:00:00,Industrial Area,Clear,Dry,Bus,Fatal,2,1,Low,17
ccd8e949,2024-02-15 18:00:00,Industrial Area,Snow,Wet,Motorcycle,Moderate,2,2,High,18
a0aedb51,2024-02-15 19:00:00,Residential Zone,Clear,Wet,Truck,Moderate,1,5,High,19
2c13f083,2024-02-15 20:00:00,Industrial Area,Snow,Icy,Motorcycle,Severe,4,3,Low,20
fcda83ca,2024-02-15 21:00:00,Highway,Clear,Dry,Bus,Minor,3,8,Moderate,21
ac61ca3f,2024-02-15 22:00:00,Industrial Area,Snow,Wet,Motorcycle,Fatal,4,3,High,22
93c24055,2024-02-15 23:00:00,Highway,Snow,Under Construction,Truck,Minor,3,7,Low,23
17b0f481,2024-02-16 00:00:00,Downtown,Fog,Dry,Bus,Moderate,3,5,Moderate,0
8ed41a70,2024-02-16 01:00:00,Residential Zone,Storm,Wet,Motorcycle,Severe,3,6,High,1
ba8d61b1,2024-02-16 02:00:00,Highway,Fog,Wet,Bus,Minor,2,9,Moderate,2
29346f9b,2024-02-16 03:00:00,Residential Zone,Clear,Under Construction,Bus,Severe,4,3,Low,3
759f3f22,2024-02-16 04:00:00,Residential Zone,Fog,Icy,Truck,Minor,4,2,Low,4
d4b8dcb9,2024-02-16 05:00:00,Suburbs,Rain,Wet,Bus,Severe,1,9,Moderate,5
e93aef9a,2024-02-16 06:00:00,Residential Zone,Snow,Icy,Motorcycle,Severe,3,9,Moderate,6
9e09bfc8,2024-02-16 07:00:00,Highway,Storm,Dry,Bicycle,Moderate,1,1,Low,7
5ce50880,2024-02-16 08:00:00,Highway,Fog,Wet,Bus,Fatal,2,3,High,8
b0aac65c,2024-02-16 09:00:00,Downtown,Storm,Wet,Car,Fatal,3,0,High,9
52c6fad2,2024-02-16 10:00:00,Suburbs,Clear,Under Construction,Bicycle,Severe,2,6,Low,10
7f8043d5,2024-02-16 11:00:00,Residential Zone,Fog,Dry,Motorcycle,Minor,4,5,Moderate,11
c941f948,2024-02-16 12:00:00,Highway,Storm,Icy,Bicycle,Moderate,2,7,Moderate,12
fa14805c,2024-02-16 13:00:00,Suburbs,Fog,Under Construction,Car,Fatal,2,5,High,13
5460112b,2024-02-16 14:00:00,Residential Zone,Rain,Wet,Bus,Minor,4,2,Low,14
da72b99b,2024-02-16 15:00:00,Suburbs,Clear,Wet,Truck,Minor,2,4,Low,15
29b5e23b,2024-02-16 16:00:00,Downtown,Fog,Dry,Motorcycle,Fatal,1,4,High,16
627605f9,2024-02-16 17:00:00,Highway,Clear,Under Construction,Bicycle,Severe,3,9,High,17
231bcf49,2024-02-16 18:00:00,Highway,Fog,Icy,Car,Moderate,1,9,High,18
f963d97b,2024-02-16 19:00:00,Industrial Area,Rain,Dry,Bus,Minor,2,4,Moderate,19
2ed41547,2024-02-16 20:00:00,Residential Zone,Rain,Dry,Truck,Fatal,4,6,Low,20
0ca05868,2024-02-16 21:00:00,Highway,Rain,Icy,Truck,Minor,2,9,Low,21
8d7b7243,2024-02-16 22:00:00,Suburbs,Snow,Wet,Truck,Moderate,2,7,High,22
a560ba65,2024-02-16 23:00:00,Downtown,Fog,Dry,Car,Minor,2,8,High,23
6b862e47,2024-02-17 00:00:00,Downtown,Snow,Dry,Truck,Moderate,4,6,Moderate,0
520187e2,2024-02-17 01:00:00,Downtown,Clear,Under Construction,Truck,Fatal,2,1,Moderate,1
7ef2b378,2024-02-17 02:00:00,Highway,Storm,Icy,Bus,Severe,4,4,Moderate,2
a9a8afa5,2024-02-17 03:00:00,Residential Zone,Snow,Wet,Motorcycle,Fatal,1,0,High,3
701c1c50,2024-02-17 04:00:00,Residential Zone,Rain,Dry,Motorcycle,Fatal,4,1,Moderate,4
696c03dd,2024-02-17 05:00:00,Suburbs,Snow,Under Construction,Bus,Minor,1,0,High,5
703d9abb,2024-02-17 06:00:00,Suburbs,Storm,Under Construction,Truck,Minor,3,8,Low,6
0119b50a,2024-02-17 07:00:00,Downtown,Clear,Under Construction,Motorcycle,Fatal,1,1,High,7
4ea6d73f,2024-02-17 08:00:00,Downtown,Clear,Icy,Truck,Severe,1,1,High,8
1d9b08a3,2024-02-17 09:00:00,Industrial Area,Clear,Dry,Car,Severe,2,8,Moderate,9
26c5d97a,2024-02-17 10:00:00,Residential Zone,Storm,Under Construction,Car,Moderate,2,8,Low,10
b59a0a82,2024-02-17 11:00:00,Downtown,Fog,Icy,Bicycle,Severe,3,1,High,11
a7645c76,2024-02-17 12:00:00,Residential Zone,Clear,Dry,Truck,Fatal,3,7,Low,12
a3793db8,2024-02-17 13:00:00,Highway,Fog,Dry,Truck,Fatal,1,6,High,13
1d94d3ea,2024-02-17 14:00:00,Suburbs,Snow,Wet,Bus,Fatal,1,4,High,14
ab813b39,2024-02-17 15:00:00,Industrial Area,Rain,Under Construction,Car,Fatal,1,8,High,15
8e938e40,2024-02-17 16:00:00,Industrial Area,Clear,Under Construction,Bus,Minor,2,6,Moderate,16
4f486183,2024-02-17 17:00:00,Industrial Area,Snow,Under Construction,Truck,Moderate,3,3,Moderate,17
222e9cab,2024-02-17 18:00:00,Industrial Area,Storm,Dry,Car,Fatal,2,6,Moderate,18
0fbddfb7,2024-02-17 19:00:00,Industrial Area,Clear,Dry,Bus,Minor,3,2,High,19
689622f8,2024-02-17 20:00:00,Suburbs,Rain,Under Construction,Truck,Minor,2,0,High,20
0ee84be8,2024-02-17 21:00:00,Highway,Storm,Wet,Car,Minor,3,3,Low,21
aa76dcb1,2024-02-17 22:00:00,Industrial Area,Rain,Wet,Bicycle,Minor,1,4,High,22
ae78141e,2024-02-17 23:00:00,Suburbs,Storm,Wet,Bicycle,Fatal,2,0,Low,23
430000c0,2024-02-18 00:00:00,Highway,Storm,Icy,Motorcycle,Severe,4,8,High,0
8239899e,2024-02-18 01:00:00,Industrial Area,Rain,Wet,Bicycle,Minor,1,3,Moderate,1
3706b817,2024-02-18 02:00:00,Suburbs,Clear,Dry,Bicycle,Fatal,2,0,Moderate,2
a6f3415b,2024-02-18 03:00:00,Residential Zone,Clear,Under Construction,Bus,Minor,4,1,Moderate,3
9a81fe93,2024-02-18 04:00:00,Residential Zone,Fog,Icy,Car,Moderate,2,6,Low,4
e4ae1203,2024-02-18 05:00:00,Residential Zone,Rain,Icy,Bus,Severe,4,4,High,5
9996643c,2024-02-18 06:00:00,Highway,Clear,Wet,Motorcycle,Severe,4,1,Moderate,6
987d6bce,2024-02-18 07:00:00,Highway,Clear,Dry,Bicycle,Severe,4,6,Moderate,7
9abe00ac,2024-02-18 08:00:00,Downtown,Clear,Icy,Bicycle,Severe,2,7,Low,8
ece3c771,2024-02-18 09:00:00,Highway,Fog,Icy,Car,Fatal,3,9,Moderate,9
e2e6b2cf,2024-02-18 10:00:00,Suburbs,Storm,Icy,Bicycle,Severe,4,8,Low,10
1239e46e,2024-02-18 11:00:00,Industrial Area,Rain,Wet,Motorcycle,Fatal,3,9,High,11
a33dff6f,2024-02-18 12:00:00,Highway,Fog,Wet,Car,Severe,2,3,Moderate,12
229d31e9,2024-02-18 13:00:00,Residential Zone,Rain,Icy,Bicycle,Severe,2,6,Low,13
548238ca,2024-02-18 14:00:00,Residential Zone,Storm,Icy,Car,Severe,1,9,Moderate,14
f5183582,2024-02-18 15:00:00,Downtown,Clear,Under Construction,Bus,Minor,1,8,High,15
aeff49dc,2024-02-18 16:00:00,Downtown,Snow,Wet,Car,Fatal,3,7,Low,16
82b3db69,2024-02-18 17:00:00,Highway,Storm,Dry,Truck,Moderate,2,5,Low,17
8898ce62,2024-02-18 18:00:00,Industrial Area,Clear,Under Construction,Motorcycle,Fatal,1,8,Low,18
34c2a8d7,2024-02-18 19:00:00,Suburbs,Snow,Under Construction,Truck,Severe,3,5,Moderate,19
6446a976,2024-02-18 20:00:00,Suburbs,Rain,Icy,Car,Fatal,3,2,Moderate,20
9cfdf83a,2024-02-18 21:00:00,Residential Zone,Fog,Dry,Car,Severe,4,0,Moderate,21
65c65282,2024-02-18 22:00:00,Residential Zone,Fog,Wet,Bus,Fatal,2,5,Moderate,22
7f5d0dc7,2024-02-18 23:00:00,Residential Zone,Fog,Under Construction,Motorcycle,Minor,3,6,Low,23
9ec782a8,2024-02-19 00:00:00,Suburbs,Rain,Wet,Truck,Severe,2,8,Moderate,0
55606fb1,2024-02-19 01:00:00,Highway,Storm,Icy,Bicycle,Moderate,3,5,High,1
b96524bd,2024-02-19 02:00:00,Suburbs,Storm,Dry,Car,Minor,1,0,Moderate,2
a625f39c,2024-02-19 03:00:00,Suburbs,Rain,Dry,Bicycle,Severe,4,8,Moderate,3
b1ff5133,2024-02-19 04:00:00,Industrial Area,Clear,Under Construction,Bus,Minor,4,3,High,4
ade9b004,2024-02-19 05:00:00,Downtown,Clear,Under Construction,Motorcycle,Fatal,2,6,High,5
d58ad35e,2024-02-19 06:00:00,Residential Zone,Clear,Icy,Bicycle,Fatal,2,2,Low,6
91305983,2024-02-19 07:00:00,Industrial Area,Storm,Icy,Motorcycle,Fatal,2,8,High,7
454d2412,2024-02-19 08:00:00,Suburbs,Fog,Dry,Bicycle,Minor,3,6,High,8
74a7488b,2024-02-19 09:00:00,Highway,Clear,Under Construction,Motorcycle,Minor,2,3,High,9
01ee3763,2024-02-19 10:00:00,Residential Zone,Clear,Wet,Bus,Fatal,3,8,Moderate,10
93c45c74,2024-02-19 11:00:00,Residential Zone,Storm,Dry,Truck,Severe,3,9,Moderate,11
763ae3a7,2024-02-19 12:00:00,Residential Zone,Rain,Dry,Truck,Severe,2,2,High,12
2dceedd1,2024-02-19 13:00:00,Highway,Fog,Dry,Bus,Fatal,1,2,Moderate,13
09e51b77,2024-02-19 14:00:00,Industrial Area,Clear,Under Construction,Truck,Fatal,1,8,Moderate,14
9ab24212,2024-02-19 15:00:00,Highway,Clear,Under Construction,Bicycle,Moderate,1,2,High,15
27259253,2024-02-19 16:00:00,Industrial Area,Storm,Wet,Car,Severe,4,1,Low,16
816800d7,2024-02-19 17:00:00,Downtown,Snow,Icy,Bus,Minor,3,1,High,17
5f67f9ef,2024-02-19 18:00:00,Downtown,Storm,Wet,Motorcycle,Severe,2,5,Moderate,18
8ec0297b,2024-02-19 19:00:00,Downtown,Fog,Under Construction,Truck,Minor,1,6,Moderate,19
8920e342,2024-02-19 20:00:00,Suburbs,Fog,Dry,Bicycle,Moderate,1,2,Low,20
d8c7d79c,2024-02-19 21:00:00,Industrial Area,Fog,Dry,Truck,Minor,1,7,Low,21
40c44478,2024-02-19 22:00:00,Highway,Rain,Dry,Car,Fatal,3,6,Low,22
045ee34f,2024-02-19 23:00:00,Downtown,Snow,Icy,Bicycle,Severe,2,0,High,23
d1366808,2024-02-20 00:00:00,Industrial Area,Fog,Icy,Bus,Minor,1,9,Moderate,0
8933f7d5,2024-02-20 01:00:00,Suburbs,Rain,Under Construction,Bicycle,Severe,4,7,Low,1
d3dd3043,2024-02-20 02:00:00,Industrial Area,Rain,Icy,Bicycle,Moderate,1,4,High,2
6f120070,2024-02-20 03:00:00,Residential Zone,Fog,Dry,Truck,Fatal,2,3,Low,3
25aadcaf,2024-02-20 04:00:00,Suburbs,Rain,Dry,Bus,Severe,2,2,Low,4
1690aace,2024-02-20 05:00:00,Residential Zone,Snow,Dry,Bus,Fatal,4,0,High,5
5012ae6a,2024-02-20 06:00:00,Industrial Area,Rain,Wet,Bus,Severe,1,4,Low,6
b6fb958f,2024-02-20 07:00:00,Suburbs,Rain,Wet,Motorcycle,Moderate,3,5,High,7
9f86fd81,2024-02-20 08:00:00,Suburbs,Fog,Icy,Bicycle,Minor,2,3,Moderate,8
63c2b3ca,2024-02-20 09:00:00,Residential Zone,Snow,Wet,Motorcycle,Severe,1,5,Low,9
427dd9b3,2024-02-20 10:00:00,Industrial Area,Snow,Icy,Motorcycle,Minor,2,9,High,10
a503c761,2024-02-20 11:00:00,Highway,Snow,Wet,Motorcycle,Fatal,4,6,Moderate,11
09ad5ce9,2024-02-20 12:00:00,Residential Zone,Clear,Under Construction,Truck,Severe,4,0,Low,12
fbd9c2f4,2024-02-20 13:00:00,Suburbs,Clear,Wet,Motorcycle,Minor,1,1,Low,13
29c4ccf0,2024-02-20 14:00:00,Industrial Area,Storm,Icy,Bus,Minor,4,4,High,14
2523852c,2024-02-20 15:00:00,Suburbs,Rain,Under Construction,Bicycle,Severe,1,0,Low,15
f4dc84a7,2024-02-20 16:00:00,Highway,Fog,Dry,Car,Minor,1,2,High,16
4cc55253,2024-02-20 17:00:00,Suburbs,Snow,Under Construction,Motorcycle,Moderate,1,3,Low,17
580369f5,2024-02-20 18:00:00,Residential Zone,Storm,Icy,Car,Minor,4,3,Moderate,18
23a4d72e,2024-02-20 19:00:00,Downtown,Storm,Dry,Bus,Fatal,2,7,Moderate,19
e4c2e8f2,2024-02-20 20:00:00,Highway,Storm,Icy,Truck,Minor,1,6,Low,20
c1056da7,2024-02-20 21:00:00,Downtown,Storm,Wet,Motorcycle,Minor,2,8,Moderate,21
19203e94,2024-02-20 22:00:00,Industrial Area,Snow,Icy,Motorcycle,Minor,1,4,High,22
1a71ce2c,2024-02-20 23:00:00,Suburbs,Clear,Dry,Bicycle,Fatal,2,5,Moderate,23
694aa11b,2024-02-21 00:00:00,Downtown,Fog,Under Construction,Bus,Minor,1,8,Low,0
edffffd4,2024-02-21 01:00:00,Residential Zone,Storm,Dry,Motorcycle,Severe,3,4,High,1
5d915361,2024-02-21 02:00:00,Suburbs,Snow,Dry,Motorcycle,Severe,2,4,Moderate,2
cb4c3fef,2024-02-21 03:00:00,Suburbs,Storm,Dry,Car,Minor,1,0,High,3
8c274a23,2024-02-21 04:00:00,Highway,Fog,Dry,Bicycle,Moderate,2,3,High,4
1f93656b,2024-02-21 05:00:00,Highway,Rain,Wet,Car,Severe,3,3,High,5
d9e3e81d,2024-02-21 06:00:00,Residential Zone,Storm,Under Construction,Truck,Severe,3,7,Low,6
a0fed5fd,2024-02-21 07:00:00,Industrial Area,Fog,Icy,Truck,Fatal,4,3,Moderate,7
57fa6731,2024-02-21 08:00:00,Industrial Area,Fog,Icy,Bus,Fatal,4,1,Low,8
b281051d,2024-02-21 09:00:00,Industrial Area,Fog,Dry,Motorcycle,Fatal,2,9,Moderate,9
54d0fa83,2024-02-21 10:00:00,Highway,Fog,Dry,Car,Fatal,2,5,Low,10
2fd507cc,2024-02-21 11:00:00,Suburbs,Snow,Icy,Truck,Moderate,1,1,High,11
cf1dad4d,2024-02-21 12:00:00,Highway,Snow,Dry,Bicycle,Severe,4,8,Low,12
e92319ca,2024-02-21 13:00:00,Downtown,Storm,Dry,Motorcycle,Fatal,4,5,Moderate,13
f586f4f6,2024-02-21 14:00:00,Residential Zone,Snow,Icy,Truck,Moderate,4,9,Moderate,14
99fb4009,2024-02-21 15:00:00,Highway,Clear,Icy,Car,Moderate,1,9,Low,15
c4a44f08,2024-02-21 16:00:00,Industrial Area,Rain,Dry,Car,Minor,1,3,Low,16
d9005b59,2024-02-21 17:00:00,Highway,Fog,Wet,Motorcycle,Fatal,3,4,High,17
b79d34a5,2024-02-21 18:00:00,Residential Zone,Snow,Under Construction,Car,Minor,4,9,High,18
3a7d2897,2024-02-21 19:00:00,Highway,Clear,Under Construction,Truck,Fatal,3,8,High,19
b631af65,2024-02-21 20:00:00,Highway,Snow,Icy,Motorcycle,Minor,1,5,High,20
9463a555,2024-02-21 21:00:00,Industrial Area,Fog,Dry,Truck,Moderate,2,8,High,21
a355c60c,2024-02-21 22:00:00,Residential Zone,Fog,Under Construction,Truck,Severe,2,3,Low,22
e61ee7ca,2024-02-21 23:00:00,Suburbs,Snow,Dry,Truck,Fatal,3,9,Moderate,23
f669bd50,2024-02-22 00:00:00,Highway,Rain,Wet,Car,Moderate,4,2,High,0
079f4506,2024-02-22 01:00:00,Downtown,Clear,Icy,Motorcycle,Moderate,1,5,High,1
2b46a936,2024-02-22 02:00:00,Industrial Area,Storm,Wet,Car,Severe,4,2,High,2
5a92c629,2024-02-22 03:00:00,Downtown,Clear,Dry,Bicycle,Severe,4,1,Moderate,3
4e95ce51,2024-02-22 04:00:00,Suburbs,Clear,Wet,Car,Fatal,3,4,Low,4
88fab015,2024-02-22 05:00:00,Highway,Storm,Icy,Bicycle,Minor,4,8,Low,5
ed99b620,2024-02-22 06:00:00,Industrial Area,Storm,Dry,Bus,Moderate,2,6,Moderate,6
45ca9ff0,2024-02-22 07:00:00,Suburbs,Storm,Under Construction,Car,Minor,2,7,High,7
7d656c4e,2024-02-22 08:00:00,Suburbs,Clear,Dry,Car,Minor,1,7,Low,8
27d30dc0,2024-02-22 09:00:00,Industrial Area,Storm,Icy,Motorcycle,Minor,1,1,Low,9
9b6bb49e,2024-02-22 10:00:00,Downtown,Storm,Under Construction,Bicycle,Fatal,2,0,Moderate,10
dfea06ef,2024-02-22 11:00:00,Suburbs,Rain,Under Construction,Bus,Moderate,4,9,High,11
0321a012,2024-02-22 12:00:00,Suburbs,Rain,Dry,Bicycle,Moderate,1,1,Moderate,12
85dfd0d9,2024-02-22 13:00:00,Residential Zone,Fog,Wet,Motorcycle,Moderate,4,0,High,13
ba452656,2024-02-22 14:00:00,Residential Zone,Snow,Under Construction,Car,Moderate,3,2,High,14
1c51719e,2024-02-22 15:00:00,Residential Zone,Storm,Dry,Car,Moderate,3,7,Moderate,15
9b7ec4b4,2024-02-22 16:00:00,Downtown,Storm,Wet,Bicycle,Moderate,2,5,High,16
48e88a66,2024-02-22 17:00:00,Industrial Area,Rain,Wet,Car,Severe,1,6,Low,17
38515ce3,2024-02-22 18:00:00,Suburbs,Rain,Dry,Bicycle,Moderate,1,9,Low,18
e2872655,2024-02-22 19:00:00,Residential Zone,Rain,Wet,Truck,Minor,2,9,Low,19
6ece5404,2024-02-22 20:00:00,Industrial Area,Fog,Icy,Car,Severe,3,9,High,20
35cf969c,2024-02-22 21:00:00,Suburbs,Storm,Under Construction,Bicycle,Fatal,4,4,Moderate,21
a02ebafa,2024-02-22 22:00:00,Industrial Area,Snow,Wet,Car,Minor,4,8,High,22
b0698895,2024-02-22 23:00:00,Downtown,Clear,Under Construction,Bus,Moderate,3,3,High,23
d073610b,2024-02-23 00:00:00,Industrial Area,Storm,Dry,Bicycle,Fatal,4,3,High,0
19174fd0,2024-02-23 01:00:00,Downtown,Snow,Icy,Bicycle,Severe,3,5,Low,1
d8dc643f,2024-02-23 02:00:00,Highway,Rain,Icy,Car,Moderate,1,4,Low,2
49ae5fb4,2024-02-23 03:00:00,Downtown,Snow,Under Construction,Bicycle,Severe,2,6,Moderate,3
79b4e3d1,2024-02-23 04:00:00,Highway,Storm,Wet,Truck,Moderate,3,0,Moderate,4
48f1cbb6,2024-02-23 05:00:00,Highway,Rain,Icy,Truck,Severe,3,7,Low,5
2c2beb8b,2024-02-23 06:00:00,Downtown,Snow,Wet,Car,Minor,4,5,Moderate,6
9eb3213f,2024-02-23 07:00:00,Downtown,Storm,Icy,Bicycle,Moderate,2,2,Low,7
477b8ddb,2024-02-23 08:00:00,Suburbs,Clear,Dry,Truck,Fatal,1,4,Low,8
4e92fba8,2024-02-23 09:00:00,Suburbs,Snow,Dry,Truck,Severe,3,0,Low,9
a4fe1653,2024-02-23 10:00:00,Residential Zone,Rain,Wet,Bicycle,Minor,3,7,High,10
e8c775f6,2024-02-23 11:00:00,Highway,Rain,Under Construction,Truck,Moderate,3,1,Low,11
207b765e,2024-02-23 12:00:00,Residential Zone,Fog,Dry,Bicycle,Moderate,3,3,Low,12
87c9ea71,2024-02-23 13:00:00,Industrial Area,Snow,Under Construction,Bus,Moderate,3,0,High,13
c73a8ccd,2024-02-23 14:00:00,Downtown,Snow,Under Construction,Bicycle,Severe,1,6,High,14
99f285fe,2024-02-23 15:00:00,Industrial Area,Snow,Wet,Bus,Severe,4,7,High,15
7b562cc6,2024-02-23 16:00:00,Industrial Area,Fog,Dry,Bicycle,Severe,1,9,Low,16
544be4e1,2024-02-23 17:00:00,Suburbs,Fog,Icy,Bicycle,Moderate,3,8,High,17
24202ed6,2024-02-23 18:00:00,Residential Zone,Fog,Wet,Motorcycle,Minor,1,4,Low,18
40f1cb21,2024-02-23 19:00:00,Downtown,Storm,Dry,Car,Moderate,3,1,Low,19
6c2ff039,2024-02-23 20:00:00,Highway,Snow,Icy,Truck,Moderate,4,4,Moderate,20
df9485c9,2024-02-23 21:00:00,Industrial Area,Fog,Icy,Truck,Minor,2,0,High,21
88b60280,2024-02-23 22:00:00,Highway,Fog,Wet,Bus,Fatal,2,5,High,22
e76ad0d3,2024-02-23 23:00:00,Downtown,Clear,Icy,Bus,Severe,2,5,High,23
8760973d,2024-02-24 00:00:00,Suburbs,Storm,Wet,Bus,Minor,3,6,Moderate,0
b8dcbc93,2024-02-24 01:00:00,Industrial Area,Clear,Under Construction,Bicycle,Fatal,3,2,Low,1
d1b912af,2024-02-24 02:00:00,Residential Zone,Snow,Icy,Bicycle,Minor,1,8,Low,2
84cebba0,2024-02-24 03:00:00,Suburbs,Storm,Wet,Car,Moderate,2,1,Low,3
05edd739,2024-02-24 04:00:00,Suburbs,Clear,Icy,Car,Moderate,1,0,Moderate,4
01fe72d6,2024-02-24 05:00:00,Highway,Clear,Under Construction,Car,Fatal,4,4,Low,5
0f8f839d,2024-02-24 06:00:00,Downtown,Snow,Icy,Truck,Moderate,1,6,Moderate,6
37223ba5,2024-02-24 07:00:00,Downtown,Fog,Icy,Bicycle,Fatal,2,7,Moderate,7
8d0a855b,2024-02-24 08:00:00,Industrial Area,Rain,Under Construction,Truck,Severe,4,2,High,8
64efa3c6,2024-02-24 09:00:00,Residential Zone,Rain,Icy,Bicycle,Severe,1,0,High,9
5021130c,2024-02-24 10:00:00,Residential Zone,Storm,Wet,Motorcycle,Severe,4,1,Low,10
c6adea7e,2024-02-24 11:00:00,Suburbs,Rain,Wet,Car,Minor,3,5,Moderate,11
853af28e,2024-02-24 12:00:00,Suburbs,Fog,Dry,Truck,Moderate,4,5,High,12
95c16553,2024-02-24 13:00:00,Residential Zone,Fog,Icy,Car,Severe,2,8,Moderate,13
411066f8,2024-02-24 14:00:00,Industrial Area,Fog,Wet,Bicycle,Severe,4,3,Moderate,14
36462b69,2024-02-24 15:00:00,Downtown,Storm,Dry,Bicycle,Minor,4,3,High,15
8a2ddf7f,2024-02-24 16:00:00,Industrial Area,Clear,Icy,Bus,Fatal,3,4,Low,16
759efd97,2024-02-24 17:00:00,Suburbs,Rain,Wet,Motorcycle,Fatal,4,8,Low,17
7d0efe8e,2024-02-24 18:00:00,Highway,Fog,Icy,Bus,Fatal,2,0,Low,18
f65eff61,2024-02-24 19:00:00,Industrial Area,Storm,Dry,Car,Minor,2,0,High,19
56ed8773,2024-02-24 20:00:00,Downtown,Fog,Wet,Truck,Severe,1,6,High,20
d6adfc0e,2024-02-24 21:00:00,Residential Zone,Clear,Dry,Truck,Moderate,2,3,High,21
00b287f9,2024-02-24 22:00:00,Industrial Area,Fog,Under Construction,Bus,Fatal,2,9,Moderate,22
14d6e9a9,2024-02-24 23:00:00,Highway,Storm,Dry,Truck,Minor,2,3,High,23
a4ca0f6f,2024-02-25 00:00:00,Industrial Area,Storm,Wet,Bicycle,Fatal,2,9,Moderate,0
0945c735,2024-02-25 01:00:00,Industrial Area,Fog,Wet,Truck,Minor,1,9,High,1
4f090011,2024-02-25 02:00:00,Industrial Area,Clear,Icy,Car,Severe,3,9,High,2
765206a8,2024-02-25 03:00:00,Residential Zone,Rain,Dry,Bicycle,Moderate,4,8,High,3
5c51c20c,2024-02-25 04:00:00,Suburbs,Rain,Icy,Car,Minor,1,3,Moderate,4
e964fafa,2024-02-25 05:00:00,Residential Zone,Rain,Wet,Bicycle,Moderate,2,9,High,5
503ee100,2024-02-25 06:00:00,Downtown,Rain,Wet,Car,Moderate,3,5,Moderate,6
fac7e41b,2024-02-25 07:00:00,Highway,Storm,Under Construction,Truck,Minor,3,7,Moderate,7
53b6e032,2024-02-25 08:00:00,Highway,Storm,Icy,Bicycle,Fatal,2,2,Moderate,8
29f01211,2024-02-25 09:00:00,Residential Zone,Snow,Icy,Bus,Severe,3,4,Moderate,9
1cb918fb,2024-02-25 10:00:00,Residential Zone,Fog,Under Construction,Bus,Fatal,3,4,Moderate,10
5d635bac,2024-02-25 11:00:00,Downtown,Snow,Dry,Bus,Minor,4,7,Moderate,11
20b272eb,2024-02-25 12:00:00,Downtown,Storm,Wet,Truck,Minor,1,6,Low,12
dd5ed616,2024-02-25 13:00:00,Residential Zone,Clear,Dry,Motorcycle,Moderate,1,8,Low,13
f7fcbb76,2024-02-25 14:00:00,Downtown,Rain,Wet,Bicycle,Minor,4,6,Low,14
121a51d4,2024-02-25 15:00:00,Residential Zone,Clear,Under Construction,Bicycle,Severe,2,9,High,15
67ce3f8f,2024-02-25 16:00:00,Suburbs,Rain,Icy,Bus,Minor,1,1,Low,16
f3815b8d,2024-02-25 17:00:00,Suburbs,Rain,Dry,Truck,Moderate,4,9,High,17
231ec645,2024-02-25 18:00:00,Residential Zone,Rain,Icy,Bus,Moderate,2,2,Moderate,18
ebd59189,2024-02-25 19:00:00,Downtown,Clear,Icy,Bicycle,Moderate,1,0,High,19
7d25110e,2024-02-25 20:00:00,Suburbs,Snow,Dry,Motorcycle,Moderate,4,3,Low,20
ef76761e,2024-02-25 21:00:00,Residential Zone,Snow,Under Construction,Motorcycle,Moderate,1,8,Low,21
cad7c739,2024-02-25 22:00:00,Residential Zone,Rain,Dry,Motorcycle,Fatal,3,0,Low,22
efcc92d3,2024-02-25 23:00:00,Industrial Area,Rain,Icy,Truck,Moderate,4,6,High,23
83988f5a,2024-02-26 00:00:00,Suburbs,Rain,Wet,Bicycle,Fatal,1,8,High,0
18b85e89,2024-02-26 01:00:00,Residential Zone,Fog,Dry,Car,Moderate,4,4,High,1
c2c5244c,2024-02-26 02:00:00,Suburbs,Snow,Wet,Motorcycle,Minor,4,1,Moderate,2
951776a4,2024-02-26 03:00:00,Residential Zone,Rain,Under Construction,Truck,Minor,4,0,High,3
c72c6e30,2024-02-26 04:00:00,Suburbs,Snow,Dry,Truck,Severe,1,9,Low,4
05273318,2024-02-26 05:00:00,Downtown,Fog,Dry,Bicycle,Moderate,4,7,Low,5
65fcdbba,2024-02-26 06:00:00,Residential Zone,Snow,Under Construction,Bus,Fatal,4,2,Low,6
e267e662,2024-02-26 07:00:00,Highway,Rain,Icy,Truck,Moderate,2,4,Low,7
74b84304,2024-02-26 08:00:00,Suburbs,Clear,Icy,Bus,Minor,1,3,Moderate,8
a0436cdc,2024-02-26 09:00:00,Suburbs,Snow,Under Construction,Motorcycle,Moderate,4,5,Low,9
bcd4d968,2024-02-26 10:00:00,Residential Zone,Rain,Wet,Truck,Fatal,4,5,Low,10
c3e4a815,2024-02-26 11:00:00,Highway,Fog,Wet,Motorcycle,Minor,1,8,Moderate,11
8cabdff6,2024-02-26 12:00:00,Suburbs,Rain,Wet,Bicycle,Moderate,1,6,High,12
f4acf2fa,2024-02-26 13:00:00,Residential Zone,Storm,Wet,Motorcycle,Severe,3,0,Low,13
fe86dc41,2024-02-26 14:00:00,Downtown,Clear,Icy,Truck,Minor,4,2,Moderate,14
7b5bbe64,2024-02-26 15:00:00,Downtown,Fog,Dry,Car,Fatal,1,8,Low,15
a024fe01,2024-02-26 16:00:00,Residential Zone,Fog,Under Construction,Truck,Severe,2,0,High,16
30ee470f,2024-02-26 17:00:00,Highway,Fog,Icy,Car,Severe,1,9,Low,17
c505dd37,2024-02-26 18:00:00,Residential Zone,Rain,Dry,Bicycle,Moderate,1,0,High,18
c59a24d2,2024-02-26 19:00:00,Residential Zone,Clear,Under Construction,Motorcycle,Fatal,3,0,High,19
0f38b367,2024-02-26 20:00:00,Industrial Area,Storm,Under Construction,Bicycle,Severe,2,1,High,20
3d743377,2024-02-26 21:00:00,Highway,Fog,Dry,Truck,Fatal,3,7,Low,21
f109cb22,2024-02-26 22:00:00,Downtown,Storm,Icy,Truck,Moderate,2,0,High,22
e31ef896,2024-02-26 23:00:00,Residential Zone,Snow,Icy,Bus,Moderate,1,0,Moderate,23
134cc2f4,2024-02-27 00:00:00,Industrial Area,Fog,Wet,Car,Moderate,3,1,High,0
8ad10f30,2024-02-27 01:00:00,Suburbs,Rain,Dry,Bicycle,Severe,3,2,High,1
d0aef57d,2024-02-27 02:00:00,Industrial Area,Snow,Dry,Truck,Severe,2,7,Low,2
a6cb9d8b,2024-02-27 03:00:00,Highway,Clear,Dry,Car,Severe,3,8,Moderate,3
bd276664,2024-02-27 04:00:00,Industrial Area,Snow,Under Construction,Motorcycle,Fatal,3,7,High,4
9331dede,2024-02-27 05:00:00,Downtown,Snow,Under Construction,Bicycle,Severe,2,2,Moderate,5
be1d0ad7,2024-02-27 06:00:00,Highway,Snow,Wet,Bicycle,Fatal,3,0,High,6
e7fc75b8,2024-02-27 07:00:00,Suburbs,Snow,Under Construction,Car,Fatal,2,0,High,7
272fc1da,2024-02-27 08:00:00,Downtown,Fog,Under Construction,Truck,Fatal,2,4,High,8
35a16ee7,2024-02-27 09:00:00,Suburbs,Clear,Under Construction,Car,Moderate,1,8,Moderate,9
5ed24e41,2024-02-27 10:00:00,Residential Zone,Storm,Icy,Car,Moderate,4,0,High,10
8089ccb9,2024-02-27 11:00:00,Residential Zone,Snow,Wet,Motorcycle,Fatal,4,7,High,11
86d80bce,2024-02-27 12:00:00,Downtown,Fog,Wet,Bicycle,Fatal,2,1,Moderate,12
c82f3ad2,2024-02-27 13:00:00,Residential Zone,Snow,Under Construction,Motorcycle,Minor,2,5,Moderate,13
f4b068fc,2024-02-27 14:00:00,Suburbs,Storm,Dry,Car,Fatal,1,0,Low,14
e47ed405,2024-02-27 15:00:00,Industrial Area,Snow,Wet,Car,Fatal,4,7,Low,15
b138e8ba,2024-02-27 16:00:00,Suburbs,Fog,Under Construction,Car,Fatal,1,4,Low,16
2156c860,2024-02-27 17:00:00,Residential Zone,Rain,Dry,Bus,Moderate,3,1,Moderate,17
debba4c0,2024-02-27 18:00:00,Highway,Rain,Under Construction,Motorcycle,Minor,2,8,High,18
ccf059a9,2024-02-27 19:00:00,Industrial Area,Fog,Wet,Bus,Moderate,3,6,Moderate,19
dc18f18c,2024-02-27 20:00:00,Highway,Clear,Under Construction,Bus,Severe,1,4,Low,20
679a1543,2024-02-27 21:00:00,Suburbs,Rain,Under Construction,Bicycle,Moderate,1,8,Moderate,21
44f60652,2024-02-27 22:00:00,Residential Zone,Fog,Under Construction,Bus,Fatal,2,1,Low,22
ea1cddb9,2024-02-27 23:00:00,Industrial Area,Storm,Wet,Bicycle,Fatal,1,8,Low,23
6737cd81,2024-02-28 00:00:00,Residential Zone,Clear,Wet,Car,Fatal,2,3,Low,0
68d2b4d0,2024-02-28 01:00:00,Suburbs,Storm,Wet,Bicycle,Moderate,2,1,Moderate,1
314c26ac,2024-02-28 02:00:00,Downtown,Snow,Icy,Motorcycle,Moderate,4,2,Low,2
b4e1a1cd,2024-02-28 03:00:00,Highway,Fog,Icy,Truck,Severe,4,9,Low,3
65f82062,2024-02-28 04:00:00,Highway,Storm,Wet,Car,Fatal,4,7,High,4
c4b4ae5c,2024-02-28 05:00:00,Industrial Area,Fog,Icy,Bus,Fatal,1,5,Moderate,5
968e7f35,2024-02-28 06:00:00,Suburbs,Storm,Under Construction,Bicycle,Moderate,2,6,Moderate,6
4c2efeb4,2024-02-28 07:00:00,Downtown,Snow,Under Construction,Motorcycle,Severe,1,9,High,7
0133c994,2024-02-28 08:00:00,Suburbs,Rain,Under Construction,Bus,Fatal,4,3,Moderate,8
82634c29,2024-02-28 09:00:00,Suburbs,Clear,Icy,Motorcycle,Severe,1,5,Low,9
9480feb4,2024-02-28 10:00:00,Residential Zone,Fog,Dry,Car,Minor,3,0,Low,10
d6cd20a2,2024-02-28 11:00:00,Downtown,Snow,Under Construction,Bus,Moderate,3,3,Moderate,11
64f76de2,2024-02-28 12:00:00,Suburbs,Clear,Wet,Car,Fatal,2,5,Moderate,12
668e4fe0,2024-02-28 13:00:00,Residential Zone,Rain,Under Construction,Car,Moderate,3,2,Moderate,13
990ae0cb,2024-02-28 14:00:00,Suburbs,Fog,Wet,Truck,Severe,2,4,Moderate,14
db0245f5,2024-02-28 15:00:00,Industrial Area,Clear,Dry,Bicycle,Minor,2,7,Moderate,15
ba2b7a7b,2024-02-28 16:00:00,Residential Zone,Rain,Wet,Motorcycle,Fatal,2,9,Moderate,16
508ab9bc,2024-02-28 17:00:00,Downtown,Fog,Under Construction,Truck,Fatal,1,1,Low,17
dc496c0d,2024-02-28 18:00:00,Highway,Rain,Wet,Bus,Moderate,4,7,Low,18
98c3d2d2,2024-02-28 19:00:00,Highway,Snow,Under Construction,Truck,Fatal,4,1,Moderate,19
b1827e04,2024-02-28 20:00:00,Industrial Area,Storm,Dry,Truck,Fatal,3,0,Low,20
1a2fd2f6,2024-02-28 21:00:00,Downtown,Clear,Icy,Bicycle,Moderate,2,7,Low,21
fb0cc913,2024-02-28 22:00:00,Downtown,Storm,Icy,Car,Minor,3,5,Low,22
09df38eb,2024-02-28 23:00:00,Downtown,Fog,Under Construction,Bus,Minor,4,3,Moderate,23
b9cf62c0,2024-02-29 00:00:00,Downtown,Storm,Wet,Bus,Moderate,1,6,High,0
6cb1db18,2024-02-29 01:00:00,Highway,Rain,Under Construction,Bicycle,Moderate,1,8,Moderate,1
61a9191e,2024-02-29 02:00:00,Downtown,Snow,Under Construction,Truck,Severe,3,5,High,2
fe229d0d,2024-02-29 03:00:00,Suburbs,Storm,Icy,Car,Moderate,3,4,High,3
ae54cc67,2024-02-29 04:00:00,Downtown,Snow,Dry,Motorcycle,Severe,4,3,High,4
248fe8eb,2024-02-29 05:00:00,Downtown,Fog,Under Construction,Car,Moderate,2,8,Low,5
18f02c8c,2024-02-29 06:00:00,Highway,Storm,Icy,Bicycle,Minor,3,3,Moderate,6
1089eeb4,2024-02-29 07:00:00,Downtown,Snow,Under Construction,Car,Severe,1,2,Low,7
0f647564,2024-02-29 08:00:00,Suburbs,Snow,Wet,Motorcycle,Moderate,1,3,High,8
527be9e9,2024-02-29 09:00:00,Residential Zone,Storm,Wet,Car,Severe,3,2,Moderate,9
858f707e,2024-02-29 10:00:00,Residential Zone,Rain,Dry,Motorcycle,Moderate,3,3,High,10
8fbfbc0b,2024-02-29 11:00:00,Suburbs,Clear,Under Construction,Car,Fatal,2,3,High,11
589baf7c,2024-02-29 12:00:00,Downtown,Snow,Under Construction,Bus,Severe,2,3,High,12
90a87af2,2024-02-29 13:00:00,Residential Zone,Rain,Icy,Car,Moderate,3,2,Moderate,13
24041fb0,2024-02-29 14:00:00,Industrial Area,Storm,Wet,Motorcycle,Moderate,2,0,Moderate,14
55c67ab1,2024-02-29 15:00:00,Residential Zone,Clear,Icy,Car,Severe,1,0,High,15
584de9f4,2024-02-29 16:00:00,Downtown,Fog,Wet,Truck,Minor,2,6,High,16
3b1c2369,2024-02-29 17:00:00,Suburbs,Rain,Wet,Truck,Minor,3,3,High,17
89d99b90,2024-02-29 18:00:00,Suburbs,Fog,Wet,Car,Moderate,4,1,High,18
a53d6ac6,2024-02-29 19:00:00,Highway,Fog,Dry,Motorcycle,Minor,2,9,Low,19
b3e7a093,2024-02-29 20:00:00,Residential Zone,Rain,Dry,Truck,Severe,2,3,High,20
3d39b7a9,2024-02-29 21:00:00,Residential Zone,Fog,Dry,Bicycle,Moderate,3,2,Low,21
90bcebe9,2024-02-29 22:00:00,Industrial Area,Fog,Wet,Car,Fatal,2,8,High,22
359136fc,2024-02-29 23:00:00,Highway,Rain,Icy,Bus,Severe,4,5,Moderate,23
5cf6ed34,2024-03-01 00:00:00,Suburbs,Fog,Wet,Bicycle,Severe,1,3,High,0
84fcb022,2024-03-01 01:00:00,Highway,Fog,Icy,Car,Fatal,3,6,High,1
f65e9591,2024-03-01 02:00:00,Industrial Area,Clear,Wet,Bus,Severe,3,9,High,2
bcbaf7a8,2024-03-01 03:00:00,Downtown,Clear,Dry,Car,Moderate,2,7,High,3
04729635,2024-03-01 04:00:00,Industrial Area,Clear,Dry,Bicycle,Moderate,1,1,Low,4
7ceb5a3c,2024-03-01 05:00:00,Downtown,Rain,Under Construction,Motorcycle,Moderate,4,8,Moderate,5
dcdc1d77,2024-03-01 06:00:00,Suburbs,Clear,Under Construction,Motorcycle,Severe,3,3,Low,6
38b2924e,2024-03-01 07:00:00,Highway,Storm,Dry,Bicycle,Minor,1,7,High,7
2a14574c,2024-03-01 08:00:00,Industrial Area,Storm,Wet,Car,Fatal,1,7,Moderate,8
c2ab81f0,2024-03-01 09:00:00,Downtown,Fog,Icy,Bus,Fatal,1,2,Low,9
79726e42,2024-03-01 10:00:00,Industrial Area,Storm,Wet,Car,Minor,4,1,Low,10
c7e63652,2024-03-01 11:00:00,Suburbs,Storm,Icy,Motorcycle,Fatal,1,1,High,11
0b81f6b6,2024-03-01 12:00:00,Downtown,Snow,Dry,Bicycle,Minor,1,8,High,12
91fcc5d6,2024-03-01 13:00:00,Suburbs,Rain,Dry,Bicycle,Severe,2,0,High,13
a5214540,2024-03-01 14:00:00,Residential Zone,Fog,Wet,Motorcycle,Fatal,4,0,Moderate,14
911987a0,2024-03-01 15:00:00,Residential Zone,Storm,Under Construction,Car,Moderate,1,2,Low,15
fe3a98f7,2024-03-01 16:00:00,Highway,Storm,Under Construction,Bus,Fatal,4,5,Moderate,16
60ed8ee8,2024-03-01 17:00:00,Downtown,Clear,Icy,Car,Severe,4,9,High,17
8bde680d,2024-03-01 18:00:00,Suburbs,Rain,Icy,Bus,Minor,3,4,Moderate,18
724ab607,2024-03-01 19:00:00,Downtown,Snow,Icy,Bicycle,Minor,4,4,Moderate,19
5b38b164,2024-03-01 20:00:00,Highway,Rain,Dry,Bus,Severe,4,6,Moderate,20
5fb188eb,2024-03-01 21:00:00,Downtown,Rain,Wet,Car,Minor,2,0,High,21
d89eb077,2024-03-01 22:00:00,Industrial Area,Snow,Under Construction,Truck,Fatal,2,5,High,22
6b66b710,2024-03-01 23:00:00,Suburbs,Storm,Under Construction,Bicycle,Fatal,4,6,Low,23
b3f1bc7d,2024-03-02 00:00:00,Highway,Rain,Wet,Truck,Minor,3,1,Low,0
6d8028e8,2024-03-02 01:00:00,Residential Zone,Storm,Under Construction,Motorcycle,Moderate,1,1,Moderate,1
fb8bcd5b,2024-03-02 02:00:00,Highway,Snow,Icy,Car,Moderate,2,6,Low,2
91b23bbc,2024-03-02 03:00:00,Residential Zone,Rain,Under Construction,Bicycle,Fatal,4,8,Low,3
857bb8be,2024-03-02 04:00:00,Industrial Area,Clear,Wet,Bus,Severe,2,3,High,4
391899a3,2024-03-02 05:00:00,Residential Zone,Clear,Icy,Truck,Moderate,1,9,Low,5
55b7a2fc,2024-03-02 06:00:00,Downtown,Rain,Dry,Bus,Fatal,3,2,High,6
749dec22,2024-03-02 07:00:00,Highway,Snow,Wet,Motorcycle,Minor,1,0,High,7
52c8a518,2024-03-02 08:00:00,Downtown,Snow,Icy,Bus,Severe,2,1,Low,8
25979df0,2024-03-02 09:00:00,Suburbs,Clear,Under Construction,Car,Moderate,3,1,High,9
9324b4b3,2024-03-02 10:00:00,Suburbs,Clear,Under Construction,Bicycle,Minor,1,4,High,10
4e183dc3,2024-03-02 11:00:00,Highway,Rain,Wet,Truck,Moderate,2,0,High,11
53152e49,2024-03-02 12:00:00,Industrial Area,Storm,Dry,Motorcycle,Moderate,3,7,Low,12
3c0075ae,2024-03-02 13:00:00,Industrial Area,Storm,Dry,Motorcycle,Minor,2,5,Moderate,13
d6199d90,2024-03-02 14:00:00,Suburbs,Clear,Wet,Car,Severe,3,7,Moderate,14
7d9a4f65,2024-03-02 15:00:00,Residential Zone,Storm,Icy,Car,Moderate,3,3,Low,15
41f5bbf1,2024-03-02 16:00:00,Residential Zone,Storm,Wet,Bus,Moderate,2,9,Moderate,16
4fe3dc16,2024-03-02 17:00:00,Residential Zone,Snow,Dry,Motorcycle,Minor,2,4,Moderate,17
6c4a60ce,2024-03-02 18:00:00,Downtown,Fog,Wet,Truck,Fatal,4,2,Low,18
30bd6270,2024-03-02 19:00:00,Downtown,Fog,Under Construction,Car,Severe,4,1,High,19
756f1293,2024-03-02 20:00:00,Residential Zone,Rain,Under Construction,Truck,Minor,4,4,High,20
a0620111,2024-03-02 21:00:00,Industrial Area,Snow,Under Construction,Motorcycle,Minor,4,1,Low,21
2e416313,2024-03-02 22:00:00,Downtown,Storm,Under Construction,Car,Minor,1,8,Low,22
46a25116,2024-03-02 23:00:00,Downtown,Clear,Icy,Motorcycle,Moderate,2,1,Low,23
f7beaa42,2024-03-03 00:00:00,Industrial Area,Snow,Icy,Bus,Severe,4,6,Moderate,0
4cda556f,2024-03-03 01:00:00,Residential Zone,Rain,Icy,Bicycle,Severe,3,6,High,1
92a736ce,2024-03-03 02:00:00,Suburbs,Rain,Icy,Bicycle,Moderate,3,6,High,2
18ffbde3,2024-03-03 03:00:00,Industrial Area,Fog,Under Construction,Truck,Severe,1,0,High,3
cc8ee0a2,2024-03-03 04:00:00,Suburbs,Snow,Wet,Bicycle,Moderate,2,2,High,4
ab1db49c,2024-03-03 05:00:00,Industrial Area,Storm,Under Construction,Truck,Moderate,2,3,High,5
0b54ff61,2024-03-03 06:00:00,Highway,Clear,Under Construction,Bus,Severe,2,9,High,6
84ee7caa,2024-03-03 07:00:00,Suburbs,Rain,Wet,Truck,Minor,2,2,High,7
f3324017,2024-03-03 08:00:00,Highway,Fog,Dry,Truck,Severe,2,3,Moderate,8
6875cb7e,2024-03-03 09:00:00,Residential Zone,Rain,Under Construction,Car,Moderate,2,1,Low,9
22dfbfd1,2024-03-03 10:00:00,Downtown,Snow,Dry,Truck,Fatal,2,6,Low,10
aae2c2e0,2024-03-03 11:00:00,Industrial Area,Snow,Under Construction,Truck,Severe,1,7,High,11
82813499,2024-03-03 12:00:00,Suburbs,Storm,Icy,Bicycle,Fatal,1,8,High,12
e3b678d6,2024-03-03 13:00:00,Residential Zone,Clear,Wet,Car,Moderate,3,1,Moderate,13
f58e9698,2024-03-03 14:00:00,Residential Zone,Snow,Wet,Car,Moderate,4,5,Low,14
7269a121,2024-03-03 15:00:00,Downtown,Rain,Under Construction,Bus,Fatal,3,1,Low,15
d9b358df,2024-03-03 16:00:00,Suburbs,Rain,Icy,Bus,Moderate,4,5,Moderate,16
c2064ca4,2024-03-03 17:00:00,Downtown,Clear,Dry,Car,Severe,2,3,Low,17
631613c1,2024-03-03 18:00:00,Industrial Area,Rain,Under Construction,Truck,Severe,4,1,Low,18
397555be,2024-03-03 19:00:00,Highway,Rain,Dry,Bus,Moderate,1,1,Low,19
da01c12e,2024-03-03 20:00:00,Highway,Snow,Wet,Bicycle,Severe,2,6,Low,20
d79d19b0,2024-03-03 21:00:00,Residential Zone,Rain,Icy,Bicycle,Fatal,3,6,High,21
13fc6140,2024-03-03 22:00:00,Residential Zone,Rain,Icy,Truck,Severe,2,0,Moderate,22
7c2a2d58,2024-03-03 23:00:00,Residential Zone,Storm,Dry,Truck,Moderate,3,9,Low,23
22759da4,2024-03-04 00:00:00,Suburbs,Fog,Dry,Motorcycle,Fatal,4,1,Low,0
17d07d7a,2024-03-04 01:00:00,Industrial Area,Snow,Wet,Truck,Moderate,3,9,Moderate,1
5793898b,2024-03-04 02:00:00,Suburbs,Storm,Wet,Truck,Moderate,2,4,Moderate,2
09f77367,2024-03-04 03:00:00,Industrial Area,Rain,Icy,Bus,Fatal,3,9,Low,3
7721873f,2024-03-04 04:00:00,Industrial Area,Fog,Dry,Truck,Severe,4,7,Moderate,4
cad7eb38,2024-03-04 05:00:00,Industrial Area,Storm,Under Construction,Motorcycle,Fatal,3,0,High,5
4bef260a,2024-03-04 06:00:00,Industrial Area,Rain,Icy,Truck,Minor,2,6,High,6
2368204e,2024-03-04 07:00:00,Downtown,Rain,Icy,Truck,Minor,4,2,Moderate,7
ed9633aa,2024-03-04 08:00:00,Downtown,Fog,Dry,Motorcycle,Severe,4,2,Moderate,8
077ff53c,2024-03-04 09:00:00,Industrial Area,Snow,Under Construction,Bicycle,Fatal,1,9,High,9
ab754821,2024-03-04 10:00:00,Industrial Area,Fog,Icy,Bicycle,Moderate,2,3,Low,10
4dbb66e5,2024-03-04 11:00:00,Suburbs,Fog,Under Construction,Car,Fatal,3,6,Moderate,11
ad229b47,2024-03-04 12:00:00,Industrial Area,Rain,Under Construction,Bus,Moderate,2,5,High,12
623336f8,2024-03-04 13:00:00,Downtown,Clear,Dry,Bicycle,Fatal,2,1,Low,13
7a38d67c,2024-03-04 14:00:00,Suburbs,Rain,Wet,Motorcycle,Minor,2,9,Low,14
e0bfc51c,2024-03-04 15:00:00,Downtown,Clear,Under Construction,Truck,Severe,1,0,Moderate,15
b95b04e4,2024-03-04 16:00:00,Residential Zone,Fog,Wet,Truck,Minor,3,8,High,16
ae89daf1,2024-03-04 17:00:00,Residential Zone,Fog,Dry,Bicycle,Severe,1,1,High,17
ed1d1409,2024-03-04 18:00:00,Highway,Fog,Dry,Truck,Severe,3,3,High,18
11ed263c,2024-03-04 19:00:00,Residential Zone,Rain,Wet,Car,Fatal,3,6,Low,19
0f0411b9,2024-03-04 20:00:00,Highway,Snow,Dry,Bicycle,Fatal,2,2,Moderate,20
82696206,2024-03-04 21:00:00,Industrial Area,Snow,Wet,Truck,Minor,4,4,High,21
605ebe4f,2024-03-04 22:00:00,Suburbs,Clear,Under Construction,Motorcycle,Fatal,1,4,Moderate,22
f229656a,2024-03-04 23:00:00,Downtown,Storm,Under Construction,Motorcycle,Moderate,1,1,Low,23
ddb35b6c,2024-03-05 00:00:00,Highway,Storm,Wet,Bicycle,Minor,4,3,Low,0
ceda9c2b,2024-03-05 01:00:00,Suburbs,Rain,Wet,Car,Minor,2,8,Moderate,1
7a9b2e86,2024-03-05 02:00:00,Downtown,Clear,Wet,Bicycle,Minor,2,1,High,2
ee407794,2024-03-05 03:00:00,Residential Zone,Snow,Under Construction,Motorcycle,Moderate,4,7,High,3
53c40a02,2024-03-05 04:00:00,Residential Zone,Storm,Wet,Car,Moderate,4,8,Low,4
5f872ab5,2024-03-05 05:00:00,Suburbs,Clear,Wet,Car,Fatal,2,2,Moderate,5
fdda86a2,2024-03-05 06:00:00,Residential Zone,Storm,Dry,Car,Fatal,4,8,Low,6
33f56f40,2024-03-05 07:00:00,Industrial Area,Fog,Dry,Bicycle,Severe,1,1,High,7
5d5d86ca,2024-03-05 08:00:00,Residential Zone,Clear,Wet,Motorcycle,Moderate,2,2,Low,8
97ebd753,2024-03-05 09:00:00,Suburbs,Storm,Under Construction,Car,Minor,4,2,High,9
8c313144,2024-03-05 10:00:00,Suburbs,Snow,Icy,Bus,Severe,2,6,Low,10
1f72fcf6,2024-03-05 11:00:00,Highway,Storm,Under Construction,Motorcycle,Moderate,4,4,Low,11
eafc2b38,2024-03-05 12:00:00,Downtown,Fog,Icy,Bus,Severe,3,9,Moderate,12
f7ad505e,2024-03-05 13:00:00,Residential Zone,Clear,Under Construction,Bicycle,Minor,1,0,High,13
c3108500,2024-03-05 14:00:00,Highway,Snow,Icy,Motorcycle,Moderate,1,3,High,14
874fe57e,2024-03-05 15:00:00,Industrial Area,Rain,Dry,Truck,Moderate,1,3,Low,15
d551ded4,2024-03-05 16:00:00,Suburbs,Clear,Under Construction,Car,Minor,1,3,High,16
bae5cd32,2024-03-05 17:00:00,Industrial Area,Storm,Icy,Car,Fatal,3,4,Low,17
21ac5d20,2024-03-05 18:00:00,Highway,Rain,Icy,Car,Fatal,2,5,Low,18
8878279c,2024-03-05 19:00:00,Industrial Area,Storm,Dry,Bicycle,Moderate,3,5,Low,19
bb5826eb,2024-03-05 20:00:00,Residential Zone,Snow,Wet,Truck,Moderate,4,8,High,20
f5777e0c,2024-03-05 21:00:00,Highway,Rain,Under Construction,Bus,Fatal,3,8,High,21
1ce48169,2024-03-05 22:00:00,Suburbs,Fog,Under Construction,Truck,Severe,2,8,High,22
5685cd01,2024-03-05 23:00:00,Industrial Area,Rain,Icy,Truck,Minor,3,9,Low,23
441dcb67,2024-03-06 00:00:00,Downtown,Rain,Icy,Bus,Minor,1,1,Low,0
2063f3e4,2024-03-06 01:00:00,Downtown,Snow,Wet,Bus,Severe,3,9,Low,1
e30799b2,2024-03-06 02:00:00,Downtown,Fog,Dry,Truck,Severe,3,6,Moderate,2
7fc1a726,2024-03-06 03:00:00,Industrial Area,Clear,Under Construction,Motorcycle,Moderate,4,2,Moderate,3
49294f4d,2024-03-06 04:00:00,Industrial Area,Storm,Under Construction,Car,Severe,1,9,Moderate,4
8d56a0e6,2024-03-06 05:00:00,Suburbs,Fog,Icy,Truck,Moderate,4,6,Moderate,5
3c2ece6d,2024-03-06 06:00:00,Residential Zone,Fog,Icy,Motorcycle,Moderate,1,9,Low,6
8736c7d0,2024-03-06 07:00:00,Residential Zone,Snow,Under Construction,Car,Minor,4,7,Moderate,7
aa0c5ef0,2024-03-06 08:00:00,Industrial Area,Storm,Under Construction,Car,Fatal,1,8,Low,8
4b377ce7,2024-03-06 09:00:00,Highway,Clear,Icy,Car,Minor,3,2,Low,9
15850ab5,2024-03-06 10:00:00,Residential Zone,Fog,Icy,Car,Minor,3,0,High,10
f50cc2a7,2024-03-06 11:00:00,Suburbs,Storm,Wet,Truck,Fatal,2,5,Low,11
38d563ca,2024-03-06 12:00:00,Residential Zone,Clear,Dry,Truck,Minor,3,4,Moderate,12
0a60b482,2024-03-06 13:00:00,Highway,Storm,Wet,Bus,Minor,3,8,High,13
b92ac9d9,2024-03-06 14:00:00,Residential Zone,Storm,Wet,Truck,Minor,2,8,Low,14
00b511f8,2024-03-06 15:00:00,Suburbs,Clear,Wet,Bus,Moderate,1,0,Moderate,15
cecfd989,2024-03-06 16:00:00,Highway,Clear,Wet,Bus,Moderate,2,1,High,16
184e3c2e,2024-03-06 17:00:00,Highway,Fog,Dry,Bus,Moderate,2,2,Moderate,17
4948c9b5,2024-03-06 18:00:00,Residential Zone,Snow,Wet,Bus,Severe,3,7,Low,18
4004191f,2024-03-06 19:00:00,Suburbs,Fog,Icy,Car,Minor,4,3,Low,19
6716b273,2024-03-06 20:00:00,Downtown,Clear,Wet,Bus,Severe,2,1,Low,20
73b35ef9,2024-03-06 21:00:00,Suburbs,Clear,Dry,Truck,Minor,3,3,High,21
8a7d0bdb,2024-03-06 22:00:00,Downtown,Snow,Wet,Car,Severe,1,0,High,22
083ad539,2024-03-06 23:00:00,Residential Zone,Storm,Wet,Motorcycle,Fatal,4,6,High,23
2edb29ec,2024-03-07 00:00:00,Highway,Rain,Dry,Truck,Severe,4,3,Moderate,0
1ae1e9f4,2024-03-07 01:00:00,Highway,Snow,Under Construction,Bicycle,Severe,3,4,Low,1
52647ece,2024-03-07 02:00:00,Residential Zone,Rain,Dry,Truck,Severe,3,3,Low,2
5323c3e2,2024-03-07 03:00:00,Downtown,Snow,Under Construction,Bus,Moderate,1,7,Low,3
ad5d35cd,2024-03-07 04:00:00,Residential Zone,Fog,Wet,Bicycle,Minor,3,9,High,4
c205654e,2024-03-07 05:00:00,Suburbs,Clear,Icy,Car,Moderate,4,5,Moderate,5
1bd8c28e,2024-03-07 06:00:00,Downtown,Fog,Wet,Motorcycle,Minor,2,7,Low,6
2606c0cf,2024-03-07 07:00:00,Highway,Snow,Dry,Motorcycle,Severe,3,4,High,7
ce95aeee,2024-03-07 08:00:00,Suburbs,Snow,Under Construction,Truck,Moderate,4,9,Low,8
277f19a0,2024-03-07 09:00:00,Industrial Area,Rain,Under Construction,Car,Severe,2,2,Moderate,9
10dcaa56,2024-03-07 10:00:00,Downtown,Storm,Under Construction,Truck,Minor,3,3,High,10
8c0c3300,2024-03-07 11:00:00,Industrial Area,Clear,Wet,Motorcycle,Severe,4,9,Moderate,11
3d28d285,2024-03-07 12:00:00,Residential Zone,Rain,Wet,Car,Fatal,2,5,Low,12
1c858017,2024-03-07 13:00:00,Industrial Area,Rain,Wet,Motorcycle,Fatal,4,8,High,13
18e3cb50,2024-03-07 14:00:00,Suburbs,Fog,Dry,Truck,Minor,1,4,High,14
3e985d8b,2024-03-07 15:00:00,Suburbs,Storm,Dry,Motorcycle,Minor,3,6,Low,15
ae989d01,2024-03-07 16:00:00,Suburbs,Snow,Under Construction,Bus,Minor,4,5,High,16
7ee3f980,2024-03-07 17:00:00,Residential Zone,Fog,Icy,Bicycle,Moderate,3,5,Low,17
b9a46f41,2024-03-07 18:00:00,Downtown,Clear,Wet,Bicycle,Minor,4,3,High,18
4d40a21b,2024-03-07 19:00:00,Residential Zone,Fog,Dry,Bicycle,Severe,4,5,High,19
5c3905c4,2024-03-07 20:00:00,Residential Zone,Fog,Icy,Bicycle,Minor,2,4,High,20
b8bb1562,2024-03-07 21:00:00,Residential Zone,Clear,Under Construction,Bicycle,Minor,1,7,High,21
3419ee6a,2024-03-07 22:00:00,Downtown,Storm,Icy,Bus,Minor,2,5,Moderate,22
ddab4a12,2024-03-07 23:00:00,Suburbs,Clear,Dry,Bicycle,Severe,1,9,Moderate,23
a2f3f742,2024-03-08 00:00:00,Downtown,Fog,Under Construction,Bicycle,Severe,4,5,Low,0
872b2803,2024-03-08 01:00:00,Highway,Clear,Icy,Truck,Moderate,3,8,Moderate,1
301a69fa,2024-03-08 02:00:00,Highway,Storm,Dry,Motorcycle,Severe,1,6,Moderate,2
75ac0ec8,2024-03-08 03:00:00,Downtown,Storm,Wet,Bicycle,Minor,1,3,High,3
3097350b,2024-03-08 04:00:00,Industrial Area,Fog,Icy,Bus,Minor,3,8,Low,4
259be13a,2024-03-08 05:00:00,Residential Zone,Storm,Under Construction,Truck,Fatal,4,5,Low,5
c56aa676,2024-03-08 06:00:00,Highway,Storm,Icy,Bicycle,Fatal,3,1,Low,6
48a601c6,2024-03-08 07:00:00,Suburbs,Storm,Dry,Truck,Minor,4,2,High,7
de1e3c25,2024-03-08 08:00:00,Suburbs,Snow,Icy,Bicycle,Severe,2,8,High,8
b40e7520,2024-03-08 09:00:00,Suburbs,Storm,Wet,Bus,Severe,1,6,High,9
d9fde81d,2024-03-08 10:00:00,Highway,Clear,Wet,Motorcycle,Minor,3,1,High,10
b98663dc,2024-03-08 11:00:00,Highway,Fog,Wet,Motorcycle,Severe,4,8,High,11
aecb9fa9,2024-03-08 12:00:00,Suburbs,Storm,Under Construction,Bus,Fatal,3,3,Moderate,12
07b9fa36,2024-03-08 13:00:00,Highway,Snow,Wet,Car,Minor,1,6,High,13
f9395064,2024-03-08 14:00:00,Highway,Rain,Wet,Car,Minor,1,4,Low,14
5481e7ca,2024-03-08 15:00:00,Industrial Area,Fog,Under Construction,Bus,Severe,2,4,Low,15
bcb9e9b6,2024-03-08 16:00:00,Industrial Area,Storm,Under Construction,Motorcycle,Severe,2,9,Moderate,16
269368cf,2024-03-08 17:00:00,Residential Zone,Snow,Dry,Bicycle,Severe,3,7,High,17
c481bcb2,2024-03-08 18:00:00,Industrial Area,Rain,Icy,Car,Moderate,3,0,Low,18
4962b9a1,2024-03-08 19:00:00,Industrial Area,Snow,Under Construction,Truck,Fatal,2,2,Low,19
9fecf255,2024-03-08 20:00:00,Highway,Snow,Wet,Bicycle,Fatal,4,8,Moderate,20
849a0523,2024-03-08 21:00:00,Residential Zone,Clear,Wet,Bicycle,Minor,4,2,High,21
15e4d729,2024-03-08 22:00:00,Downtown,Rain,Icy,Bicycle,Moderate,1,2,Moderate,22
16af3e62,2024-03-08 23:00:00,Residential Zone,Clear,Wet,Car,Minor,1,1,Low,23
385ce436,2024-03-09 00:00:00,Industrial Area,Snow,Icy,Truck,Fatal,3,2,Low,0
ae38e8e8,2024-03-09 01:00:00,Highway,Clear,Dry,Car,Severe,1,9,Moderate,1
28dd0cb3,2024-03-09 02:00:00,Residential Zone,Clear,Icy,Truck,Severe,4,9,Moderate,2
d344f404,2024-03-09 03:00:00,Highway,Fog,Wet,Bus,Moderate,4,2,Moderate,3
9a61a5d7,2024-03-09 04:00:00,Residential Zone,Clear,Wet,Car,Severe,4,4,High,4
5fbd81d2,2024-03-09 05:00:00,Highway,Clear,Dry,Bus,Moderate,1,6,Moderate,5
1eaf9a56,2024-03-09 06:00:00,Industrial Area,Snow,Under Construction,Bicycle,Moderate,2,7,High,6
c1508067,2024-03-09 07:00:00,Highway,Storm,Dry,Bicycle,Moderate,3,8,Low,7
50259982,2024-03-09 08:00:00,Residential Zone,Rain,Dry,Car,Moderate,4,3,Low,8
2a5b8ba9,2024-03-09 09:00:00,Highway,Rain,Wet,Bicycle,Severe,2,5,Moderate,9
89e27e0d,2024-03-09 10:00:00,Highway,Storm,Dry,Bicycle,Severe,4,1,Low,10
5733eb2b,2024-03-09 11:00:00,Highway,Snow,Icy,Bus,Minor,1,3,Low,11
25be79a9,2024-03-09 12:00:00,Highway,Snow,Icy,Bus,Minor,2,3,Moderate,12
8c5fd256,2024-03-09 13:00:00,Residential Zone,Clear,Under Construction,Car,Severe,3,8,Low,13
adb8fd1e,2024-03-09 14:00:00,Suburbs,Snow,Icy,Bicycle,Severe,4,2,Moderate,14
9acad918,2024-03-09 15:00:00,Residential Zone,Clear,Under Construction,Truck,Severe,2,6,Low,15
e407ec10,2024-03-09 16:00:00,Downtown,Rain,Under Construction,Car,Severe,4,0,High,16
48d45ec4,2024-03-09 17:00:00,Suburbs,Rain,Dry,Bus,Fatal,1,4,High,17
e5cc7793,2024-03-09 18:00:00,Downtown,Storm,Icy,Bicycle,Minor,2,1,Low,18
a3d65dff,2024-03-09 19:00:00,Downtown,Rain,Wet,Car,Severe,4,7,Moderate,19
dca4bb6b,2024-03-09 20:00:00,Residential Zone,Fog,Wet,Car,Severe,1,8,Low,20
c98cf899,2024-03-09 21:00:00,Downtown,Rain,Under Construction,Bicycle,Moderate,1,5,High,21
3c6c0d94,2024-03-09 22:00:00,Downtown,Storm,Icy,Car,Severe,3,4,High,22
d55866ad,2024-03-09 23:00:00,Downtown,Clear,Under Construction,Bicycle,Severe,1,9,Low,23
0a631ee0,2024-03-10 00:00:00,Residential Zone,Snow,Wet,Motorcycle,Minor,4,3,High,0
64a2755b,2024-03-10 01:00:00,Industrial Area,Fog,Icy,Car,Minor,2,2,High,1
6b509b1a,2024-03-10 02:00:00,Residential Zone,Storm,Dry,Motorcycle,Minor,4,9,Low,2
14654fdd,2024-03-10 03:00:00,Highway,Storm,Dry,Bus,Moderate,2,4,Low,3
bd0471ec,2024-03-10 04:00:00,Downtown,Clear,Wet,Truck,Minor,4,0,High,4
cc8830e5,2024-03-10 05:00:00,Residential Zone,Rain,Icy,Car,Minor,4,0,Low,5
11d939c4,2024-03-10 06:00:00,Suburbs,Rain,Dry,Bicycle,Severe,4,9,High,6
8f5d07b1,2024-03-10 07:00:00,Highway,Clear,Wet,Bus,Minor,2,2,Moderate,7
b77071dc,2024-03-10 08:00:00,Suburbs,Fog,Dry,Car,Minor,3,5,High,8
24de3433,2024-03-10 09:00:00,Suburbs,Fog,Under Construction,Bicycle,Minor,1,8,Moderate,9
0f1fabb1,2024-03-10 10:00:00,Downtown,Fog,Icy,Motorcycle,Moderate,4,6,Moderate,10
fd148bef,2024-03-10 11:00:00,Industrial Area,Fog,Dry,Truck,Severe,3,4,Moderate,11
2b940746,2024-03-10 12:00:00,Highway,Clear,Under Construction,Bus,Moderate,3,9,Moderate,12
5f934902,2024-03-10 13:00:00,Downtown,Rain,Wet,Bicycle,Minor,1,6,Moderate,13
bd84faf7,2024-03-10 14:00:00,Highway,Snow,Wet,Car,Fatal,2,9,Low,14
226dd3b0,2024-03-10 15:00:00,Highway,Rain,Wet,Car,Minor,1,0,Low,15
9577ac60,2024-03-10 16:00:00,Highway,Clear,Wet,Truck,Moderate,4,3,High,16
321420de,2024-03-10 17:00:00,Residential Zone,Snow,Icy,Motorcycle,Severe,2,6,Moderate,17
cd6a4a55,2024-03-10 18:00:00,Downtown,Fog,Icy,Bus,Minor,3,8,Low,18
c13e0084,2024-03-10 19:00:00,Residential Zone,Snow,Icy,Motorcycle,Severe,4,2,Moderate,19
472b72cb,2024-03-10 20:00:00,Downtown,Rain,Wet,Bus,Moderate,1,8,Moderate,20
3b28360d,2024-03-10 21:00:00,Highway,Snow,Wet,Truck,Fatal,1,1,Moderate,21
e02859d4,2024-03-10 22:00:00,Highway,Rain,Icy,Bus,Moderate,2,1,Moderate,22
e954fd05,2024-03-10 23:00:00,Suburbs,Rain,Icy,Car,Minor,3,1,High,23
f928110d,2024-03-11 00:00:00,Suburbs,Fog,Dry,Motorcycle,Fatal,4,2,Moderate,0
6f2556b0,2024-03-11 01:00:00,Highway,Snow,Icy,Motorcycle,Minor,4,5,Low,1
76fae923,2024-03-11 02:00:00,Industrial Area,Snow,Wet,Motorcycle,Minor,1,2,Moderate,2
440cea5d,2024-03-11 03:00:00,Suburbs,Storm,Dry,Bicycle,Severe,2,3,Low,3
5fe8e576,2024-03-11 04:00:00,Highway,Clear,Under Construction,Car,Fatal,3,4,Low,4
aaabc76f,2024-03-11 05:00:00,Residential Zone,Clear,Icy,Motorcycle,Minor,4,9,Moderate,5
3140efb1,2024-03-11 06:00:00,Industrial Area,Clear,Wet,Truck,Severe,3,2,Low,6
e83c7232,2024-03-11 07:00:00,Suburbs,Clear,Dry,Bicycle,Moderate,3,6,High,7
5364ca03,2024-03-11 08:00:00,Downtown,Storm,Under Construction,Bus,Minor,1,7,Low,8
ba52ec05,2024-03-11 09:00:00,Industrial Area,Snow,Wet,Motorcycle,Minor,2,7,Moderate,9
0b9fd7b2,2024-03-11 10:00:00,Highway,Rain,Icy,Motorcycle,Fatal,2,0,Moderate,10
6b00ad79,2024-03-11 11:00:00,Suburbs,Clear,Wet,Truck,Minor,1,6,Moderate,11
de5c9158,2024-03-11 12:00:00,Suburbs,Storm,Icy,Motorcycle,Severe,4,1,Low,12
ce36aac5,2024-03-11 13:00:00,Highway,Fog,Under Construction,Motorcycle,Moderate,3,6,Moderate,13
72c1fc80,2024-03-11 14:00:00,Highway,Rain,Icy,Car,Severe,4,4,Low,14
c7eb21a5,2024-03-11 15:00:00,Downtown,Fog,Wet,Bus,Moderate,4,8,Moderate,15
e1555a09,2024-03-11 16:00:00,Highway,Clear,Icy,Bicycle,Moderate,1,0,High,16
ee728100,2024-03-11 17:00:00,Industrial Area,Fog,Dry,Truck,Moderate,4,3,Low,17
44a61a1f,2024-03-11 18:00:00,Highway,Clear,Icy,Bicycle,Moderate,2,0,Moderate,18
14ebdc1d,2024-03-11 19:00:00,Residential Zone,Fog,Under Construction,Car,Minor,2,1,Moderate,19
ff70c81d,2024-03-11 20:00:00,Industrial Area,Clear,Wet,Car,Severe,1,6,Low,20
3b4316db,2024-03-11 21:00:00,Industrial Area,Rain,Dry,Motorcycle,Severe,4,8,High,21
28ef3ad4,2024-03-11 22:00:00,Suburbs,Rain,Icy,Truck,Minor,4,0,Low,22
ce1c3e4f,2024-03-11 23:00:00,Highway,Storm,Icy,Bus,Fatal,3,2,Low,23
da73c0e5,2024-03-12 00:00:00,Suburbs,Snow,Under Construction,Bicycle,Severe,2,2,High,0
290d1ca9,2024-03-12 01:00:00,Highway,Storm,Dry,Motorcycle,Fatal,2,2,Low,1
98c62696,2024-03-12 02:00:00,Downtown,Clear,Dry,Car,Fatal,2,7,Low,2
5a87cf66,2024-03-12 03:00:00,Suburbs,Rain,Dry,Bicycle,Minor,4,9,Moderate,3
70183ec9,2024-03-12 04:00:00,Industrial Area,Fog,Wet,Motorcycle,Severe,1,4,Moderate,4
269a7962,2024-03-12 05:00:00,Downtown,Rain,Wet,Bus,Fatal,4,7,High,5
5223ffa5,2024-03-12 06:00:00,Industrial Area,Fog,Wet,Truck,Severe,4,0,Low,6
1b59639c,2024-03-12 07:00:00,Suburbs,Clear,Icy,Motorcycle,Severe,1,9,Low,7
646906f6,2024-03-12 08:00:00,Residential Zone,Storm,Icy,Motorcycle,Severe,2,5,Low,8
0f99e8ca,2024-03-12 09:00:00,Suburbs,Rain,Dry,Bicycle,Fatal,4,0,Low,9
e35a5b00,2024-03-12 10:00:00,Suburbs,Storm,Under Construction,Truck,Moderate,1,4,High,10
2b74253e,2024-03-12 11:00:00,Downtown,Clear,Under Construction,Motorcycle,Moderate,1,2,Moderate,11
3537478c,2024-03-12 12:00:00,Suburbs,Clear,Dry,Car,Moderate,4,1,High,12
4f47cb09,2024-03-12 13:00:00,Highway,Storm,Wet,Truck,Fatal,2,1,Low,13
1dd99463,2024-03-12 14:00:00,Residential Zone,Clear,Icy,Bicycle,Minor,1,4,Low,14
6c4a255c,2024-03-12 15:00:00,Highway,Rain,Under Construction,Bus,Severe,4,2,Moderate,15
69c6f2db,2024-03-12 16:00:00,Highway,Clear,Dry,Motorcycle,Severe,1,2,Low,16
d6522e40,2024-03-12 17:00:00,Industrial Area,Rain,Dry,Bicycle,Fatal,3,2,High,17
cc9ef37a,2024-03-12 18:00:00,Residential Zone,Storm,Icy,Car,Minor,4,6,Low,18
954ea0a1,2024-03-12 19:00:00,Suburbs,Storm,Icy,Bus,Fatal,2,7,Moderate,19
2da22b30,2024-03-12 20:00:00,Downtown,Rain,Under Construction,Truck,Fatal,2,8,High,20
673e20a8,2024-03-12 21:00:00,Suburbs,Clear,Wet,Car,Minor,4,4,Moderate,21
afff5cea,2024-03-12 22:00:00,Industrial Area,Snow,Icy,Truck,Minor,2,1,Low,22
ffecc577,2024-03-12 23:00:00,Industrial Area,Storm,Dry,Car,Fatal,4,6,Low,23
f6e67844,2024-03-13 00:00:00,Industrial Area,Rain,Under Construction,Truck,Minor,2,6,High,0
2e5802a5,2024-03-13 01:00:00,Industrial Area,Storm,Under Construction,Bus,Moderate,2,5,Moderate,1
fe9ab162,2024-03-13 02:00:00,Highway,Rain,Icy,Truck,Fatal,1,5,Moderate,2
512383e3,2024-03-13 03:00:00,Industrial Area,Fog,Icy,Motorcycle,Severe,1,7,Low,3
c3b49440,2024-03-13 04:00:00,Suburbs,Clear,Under Construction,Motorcycle,Minor,3,6,Low,4
e2d56bce,2024-03-13 05:00:00,Downtown,Snow,Icy,Bicycle,Severe,3,6,High,5
fcb0adc0,2024-03-13 06:00:00,Suburbs,Clear,Wet,Truck,Moderate,1,5,Low,6
9c639f28,2024-03-13 07:00:00,Highway,Fog,Icy,Car,Moderate,2,4,High,7
a4276ee0,2024-03-13 08:00:00,Suburbs,Snow,Dry,Bicycle,Severe,2,2,High,8
e9e311d9,2024-03-13 09:00:00,Industrial Area,Storm,Under Construction,Truck,Severe,3,1,Moderate,9
55f5327f,2024-03-13 10:00:00,Highway,Fog,Under Construction,Bus,Severe,1,5,Moderate,10
2e36bc53,2024-03-13 11:00:00,Downtown,Storm,Icy,Motorcycle,Moderate,3,7,Low,11
4ed8db09,2024-03-13 12:00:00,Downtown,Storm,Dry,Motorcycle,Severe,4,6,Moderate,12
c67b2c3a,2024-03-13 13:00:00,Industrial Area,Clear,Dry,Truck,Minor,4,0,High,13
1a7538dd,2024-03-13 14:00:00,Suburbs,Storm,Dry,Bus,Fatal,4,0,Low,14
7adeafe7,2024-03-13 15:00:00,Residential Zone,Clear,Wet,Motorcycle,Severe,3,5,High,15
722fb6cb,2024-03-13 16:00:00,Residential Zone,Snow,Under Construction,Car,Minor,4,3,Moderate,16
327cabd3,2024-03-13 17:00:00,Suburbs,Rain,Dry,Motorcycle,Moderate,1,9,Low,17
ba0b12b3,2024-03-13 18:00:00,Suburbs,Rain,Under Construction,Truck,Moderate,3,9,High,18
a3c87a7d,2024-03-13 19:00:00,Downtown,Clear,Under Construction,Truck,Fatal,3,9,Moderate,19
f681384e,2024-03-13 20:00:00,Downtown,Rain,Under Construction,Car,Fatal,1,5,Low,20
e8d2c878,2024-03-13 21:00:00,Suburbs,Clear,Dry,Bicycle,Minor,2,8,High,21
128d7765,2024-03-13 22:00:00,Downtown,Storm,Wet,Motorcycle,Minor,3,9,High,22
47dffbbd,2024-03-13 23:00:00,Residential Zone,Clear,Icy,Truck,Severe,2,7,Moderate,23
4e68ad3c,2024-03-14 00:00:00,Highway,Snow,Icy,Truck,Moderate,4,8,High,0
6f68e2d0,2024-03-14 01:00:00,Highway,Storm,Dry,Motorcycle,Minor,1,4,High,1
c482171c,2024-03-14 02:00:00,Downtown,Snow,Under Construction,Bicycle,Moderate,3,2,High,2
c1d4c17e,2024-03-14 03:00:00,Downtown,Rain,Icy,Bus,Severe,4,6,Low,3
6943fc02,2024-03-14 04:00:00,Highway,Storm,Icy,Truck,Fatal,1,2,Moderate,4
8d89c617,2024-03-14 05:00:00,Downtown,Rain,Icy,Bicycle,Minor,1,9,Moderate,5
50655f6a,2024-03-14 06:00:00,Downtown,Snow,Icy,Bus,Fatal,4,6,High,6
b0ffbfc8,2024-03-14 07:00:00,Industrial Area,Storm,Icy,Car,Severe,4,1,Moderate,7
d7a9ed8d,2024-03-14 08:00:00,Suburbs,Clear,Under Construction,Motorcycle,Moderate,2,2,Moderate,8
6548095a,2024-03-14 09:00:00,Highway,Rain,Under Construction,Bicycle,Moderate,4,7,High,9
ede89f99,2024-03-14 10:00:00,Highway,Fog,Icy,Motorcycle,Moderate,2,0,High,10
e358f02f,2024-03-14 11:00:00,Industrial Area,Clear,Wet,Truck,Moderate,4,7,Low,11
52c3c43d,2024-03-14 12:00:00,Industrial Area,Fog,Under Construction,Bicycle,Moderate,4,3,Low,12
ead643c7,2024-03-14 13:00:00,Suburbs,Clear,Icy,Motorcycle,Moderate,2,1,Low,13
372db321,2024-03-14 14:00:00,Industrial Area,Rain,Icy,Car,Minor,1,6,High,14
05772d8f,2024-03-14 15:00:00,Suburbs,Snow,Dry,Bus,Minor,3,1,Low,15
3f45d35a,2024-03-14 16:00:00,Suburbs,Storm,Under Construction,Truck,Fatal,4,4,Low,16
dd57296e,2024-03-14 17:00:00,Residential Zone,Snow,Dry,Motorcycle,Severe,4,3,Moderate,17
5c98b6f8,2024-03-14 18:00:00,Downtown,Fog,Icy,Bicycle,Fatal,3,7,Moderate,18
50c6534b,2024-03-14 19:00:00,Suburbs,Rain,Icy,Truck,Fatal,1,0,Low,19
3f2a7b66,2024-03-14 20:00:00,Suburbs,Storm,Under Construction,Truck,Minor,3,5,High,20
54fdd413,2024-03-14 21:00:00,Industrial Area,Storm,Icy,Motorcycle,Moderate,1,7,Low,21
4eb9bcfe,2024-03-14 22:00:00,Industrial Area,Clear,Wet,Bus,Fatal,3,8,Low,22
0ee5674c,2024-03-14 23:00:00,Residential Zone,Snow,Dry,Bus,Moderate,1,7,Moderate,23
12669584,2024-03-15 00:00:00,Industrial Area,Snow,Icy,Car,Moderate,1,4,Low,0
50281e8a,2024-03-15 01:00:00,Highway,Rain,Icy,Car,Minor,2,3,High,1
44ca3eaf,2024-03-15 02:00:00,Downtown,Rain,Dry,Bicycle,Fatal,3,0,High,2
2f852923,2024-03-15 03:00:00,Residential Zone,Fog,Dry,Motorcycle,Minor,2,5,Low,3
6946ac91,2024-03-15 04:00:00,Suburbs,Storm,Under Construction,Bicycle,Severe,3,6,High,4
40b41532,2024-03-15 05:00:00,Highway,Rain,Under Construction,Bicycle,Fatal,2,0,High,5
f0df8176,2024-03-15 06:00:00,Highway,Rain,Wet,Bus,Moderate,3,7,High,6
27f5fb87,2024-03-15 07:00:00,Suburbs,Clear,Under Construction,Car,Minor,1,0,High,7
daed1aad,2024-03-15 08:00:00,Industrial Area,Snow,Dry,Motorcycle,Severe,3,1,Moderate,8
1d4ff1db,2024-03-15 09:00:00,Residential Zone,Snow,Under Construction,Bus,Severe,3,8,High,9
c6e392af,2024-03-15 10:00:00,Suburbs,Rain,Under Construction,Bus,Severe,3,5,High,10
f3d0d6b3,2024-03-15 11:00:00,Industrial Area,Clear,Wet,Motorcycle,Moderate,2,4,High,11
50a21346,2024-03-15 12:00:00,Highway,Clear,Dry,Bicycle,Severe,2,3,Moderate,12
1d2e92ef,2024-03-15 13:00:00,Highway,Snow,Under Construction,Bicycle,Fatal,3,8,Moderate,13
f082acbe,2024-03-15 14:00:00,Highway,Clear,Wet,Car,Fatal,1,0,Moderate,14
ab8de6b8,2024-03-15 15:00:00,Highway,Clear,Dry,Truck,Fatal,4,0,Low,15
6658b441,2024-03-15 16:00:00,Downtown,Storm,Icy,Car,Minor,4,0,High,16
2ea8c5d8,2024-03-15 17:00:00,Downtown,Rain,Icy,Truck,Moderate,1,7,Low,17
462f2962,2024-03-15 18:00:00,Residential Zone,Fog,Icy,Truck,Severe,3,2,Moderate,18
baf3b93e,2024-03-15 19:00:00,Downtown,Fog,Dry,Bicycle,Fatal,1,5,High,19
861d54cc,2024-03-15 20:00:00,Industrial Area,Fog,Icy,Truck,Moderate,1,1,High,20
4eb871a9,2024-03-15 21:00:00,Suburbs,Rain,Under Construction,Bus,Fatal,2,4,Low,21
29359d1c,2024-03-15 22:00:00,Downtown,Rain,Under Construction,Bicycle,Moderate,4,2,Moderate,22
65414e36,2024-03-15 23:00:00,Residential Zone,Snow,Wet,Motorcycle,Minor,3,6,High,23
dcde9a66,2024-03-16 00:00:00,Industrial Area,Fog,Under Construction,Car,Moderate,1,4,Low,0
6d4b265b,2024-03-16 01:00:00,Suburbs,Snow,Under Construction,Motorcycle,Fatal,4,0,Moderate,1
a6bb3100,2024-03-16 02:00:00,Suburbs,Clear,Under Construction,Car,Minor,2,4,Moderate,2
a13033b0,2024-03-16 03:00:00,Suburbs,Fog,Icy,Bus,Severe,1,4,Low,3
a10053f5,2024-03-16 04:00:00,Suburbs,Rain,Dry,Bicycle,Severe,4,1,Low,4
fa5f7fba,2024-03-16 05:00:00,Residential Zone,Storm,Dry,Bicycle,Fatal,2,8,High,5
b2d3f90a,2024-03-16 06:00:00,Industrial Area,Rain,Wet,Bicycle,Severe,3,8,High,6
1b4ffc39,2024-03-16 07:00:00,Highway,Snow,Under Construction,Bus,Severe,1,6,Moderate,7
892b72bc,2024-03-16 08:00:00,Highway,Storm,Icy,Bicycle,Minor,4,9,Low,8
1faae142,2024-03-16 09:00:00,Suburbs,Storm,Wet,Truck,Moderate,2,3,Moderate,9
905d0480,2024-03-16 10:00:00,Residential Zone,Storm,Under Construction,Motorcycle,Fatal,3,6,Moderate,10
fc347919,2024-03-16 11:00:00,Downtown,Rain,Icy,Bicycle,Fatal,2,4,High,11
8aa00951,2024-03-16 12:00:00,Downtown,Storm,Wet,Bus,Severe,3,9,High,12
7b6d4f98,2024-03-16 13:00:00,Suburbs,Storm,Wet,Truck,Moderate,4,6,High,13
74b834bb,2024-03-16 14:00:00,Downtown,Rain,Under Construction,Car,Fatal,1,9,Moderate,14
290e267f,2024-03-16 15:00:00,Downtown,Clear,Dry,Bicycle,Fatal,4,6,Moderate,15
5dd4f758,2024-03-16 16:00:00,Downtown,Clear,Under Construction,Bicycle,Fatal,4,5,Moderate,16
1005ca73,2024-03-16 17:00:00,Downtown,Clear,Wet,Bicycle,Minor,2,3,Moderate,17
e081ec27,2024-03-16 18:00:00,Downtown,Fog,Icy,Car,Severe,4,0,High,18
205296a2,2024-03-16 19:00:00,Residential Zone,Clear,Under Construction,Truck,Severe,1,2,Moderate,19
c79552b5,2024-03-16 20:00:00,Residential Zone,Clear,Icy,Truck,Moderate,4,9,Low,20
41b63900,2024-03-16 21:00:00,Downtown,Rain,Dry,Truck,Fatal,3,0,Moderate,21
f39c4d67,2024-03-16 22:00:00,Highway,Clear,Dry,Bicycle,Fatal,2,9,Moderate,22
aacd9b4f,2024-03-16 23:00:00,Industrial Area,Fog,Icy,Bicycle,Severe,3,2,Moderate,23
3e17a06b,2024-03-17 00:00:00,Highway,Rain,Wet,Motorcycle,Moderate,2,9,High,0
f0660a7e,2024-03-17 01:00:00,Suburbs,Storm,Under Construction,Car,Fatal,4,2,Moderate,1
62ed6bb6,2024-03-17 02:00:00,Downtown,Clear,Wet,Truck,Minor,1,0,Low,2
d562f21d,2024-03-17 03:00:00,Industrial Area,Rain,Icy,Bus,Severe,2,3,Low,3
854a595e,2024-03-17 04:00:00,Residential Zone,Fog,Icy,Truck,Minor,2,4,Moderate,4
15f96a29,2024-03-17 05:00:00,Industrial Area,Snow,Wet,Car,Moderate,3,3,High,5
d3bdc3f2,2024-03-17 06:00:00,Highway,Fog,Icy,Truck,Moderate,2,4,Moderate,6
e297e739,2024-03-17 07:00:00,Industrial Area,Fog,Wet,Bus,Minor,2,4,Low,7
b205ecbe,2024-03-17 08:00:00,Residential Zone,Rain,Dry,Truck,Minor,2,5,Moderate,8
36931673,2024-03-17 09:00:00,Suburbs,Rain,Under Construction,Truck,Severe,2,4,Moderate,9
74207445,2024-03-17 10:00:00,Residential Zone,Fog,Under Construction,Bus,Moderate,2,3,High,10
084f23da,2024-03-17 11:00:00,Highway,Fog,Under Construction,Bus,Fatal,2,1,Moderate,11
f70b9014,2024-03-17 12:00:00,Suburbs,Rain,Under Construction,Motorcycle,Severe,4,0,Low,12
a231ed4d,2024-03-17 13:00:00,Suburbs,Fog,Wet,Bicycle,Minor,4,9,High,13
4d04a210,2024-03-17 14:00:00,Highway,Fog,Wet,Car,Severe,3,4,Low,14
bf5b3b58,2024-03-17 15:00:00,Residential Zone,Storm,Wet,Car,Moderate,4,3,High,15
eb0e420b,2024-03-17 16:00:00,Downtown,Clear,Wet,Truck,Moderate,4,7,Low,16
1ae43632,2024-03-17 17:00:00,Residential Zone,Snow,Under Construction,Motorcycle,Severe,2,6,Moderate,17
a84891ab,2024-03-17 18:00:00,Suburbs,Fog,Dry,Motorcycle,Moderate,1,0,Low,18
8e7cc88c,2024-03-17 19:00:00,Suburbs,Fog,Under Construction,Truck,Minor,2,6,Low,19
a8428e29,2024-03-17 20:00:00,Downtown,Storm,Icy,Motorcycle,Severe,3,8,Low,20
c9f473e4,2024-03-17 21:00:00,Highway,Clear,Icy,Truck,Severe,1,4,Low,21
ef35c26f,2024-03-17 22:00:00,Residential Zone,Rain,Icy,Bicycle,Minor,2,7,High,22
797c4173,2024-03-17 23:00:00,Highway,Rain,Dry,Bicycle,Moderate,2,6,High,23
e76bd614,2024-03-18 00:00:00,Downtown,Snow,Wet,Truck,Moderate,4,6,High,0
3c1c23fc,2024-03-18 01:00:00,Residential Zone,Rain,Dry,Bus,Fatal,4,4,Moderate,1
e000613d,2024-03-18 02:00:00,Industrial Area,Storm,Wet,Truck,Minor,4,9,Moderate,2
642b941d,2024-03-18 03:00:00,Downtown,Fog,Wet,Motorcycle,Minor,1,8,Low,3
804ec271,2024-03-18 04:00:00,Downtown,Clear,Dry,Bus,Minor,4,7,High,4
ecc8ced7,2024-03-18 05:00:00,Downtown,Storm,Icy,Bicycle,Minor,3,1,High,5
f06fbdbc,2024-03-18 06:00:00,Suburbs,Clear,Wet,Truck,Moderate,4,2,Moderate,6
381db7f9,2024-03-18 07:00:00,Suburbs,Rain,Icy,Truck,Moderate,4,0,High,7
dcf043ba,2024-03-18 08:00:00,Industrial Area,Rain,Icy,Car,Fatal,1,6,Moderate,8
c1a34d6b,2024-03-18 09:00:00,Suburbs,Storm,Dry,Bus,Fatal,4,3,High,9
9a025124,2024-03-18 10:00:00,Highway,Clear,Wet,Bicycle,Fatal,1,0,High,10
c13cd3c6,2024-03-18 11:00:00,Industrial Area,Rain,Wet,Car,Fatal,4,5,Low,11
2e14ad59,2024-03-18 12:00:00,Residential Zone,Clear,Wet,Bus,Severe,3,2,Low,12
fdf94cdf,2024-03-18 13:00:00,Downtown,Rain,Icy,Truck,Moderate,2,3,High,13
f0be52ea,2024-03-18 14:00:00,Industrial Area,Rain,Icy,Truck,Moderate,2,4,High,14
688b7458,2024-03-18 15:00:00,Suburbs,Clear,Under Construction,Bus,Fatal,3,1,Moderate,15
3eceb101,2024-03-18 16:00:00,Highway,Fog,Icy,Bicycle,Fatal,2,8,High,16
ed92fd22,2024-03-18 17:00:00,Residential Zone,Clear,Icy,Truck,Moderate,1,6,Low,17
31b479fc,2024-03-18 18:00:00,Suburbs,Rain,Wet,Car,Severe,3,4,Low,18
b9c849a4,2024-03-18 19:00:00,Highway,Storm,Wet,Truck,Severe,1,1,High,19
2c428fee,2024-03-18 20:00:00,Downtown,Snow,Icy,Bicycle,Minor,4,7,High,20
947f3ae2,2024-03-18 21:00:00,Industrial Area,Clear,Dry,Truck,Fatal,4,0,Moderate,21
9bd46c41,2024-03-18 22:00:00,Suburbs,Storm,Dry,Car,Fatal,4,5,Moderate,22
b8a43f7c,2024-03-18 23:00:00,Suburbs,Snow,Under Construction,Motorcycle,Minor,3,7,High,23
8aa671e7,2024-03-19 00:00:00,Suburbs,Clear,Under Construction,Truck,Minor,3,1,Moderate,0
7cca2940,2024-03-19 01:00:00,Suburbs,Clear,Icy,Bus,Minor,2,4,Moderate,1
93649cf7,2024-03-19 02:00:00,Residential Zone,Snow,Icy,Car,Fatal,3,9,High,2
1c92bc4a,2024-03-19 03:00:00,Residential Zone,Fog,Under Construction,Car,Severe,4,8,Moderate,3
c8358696,2024-03-19 04:00:00,Residential Zone,Rain,Icy,Motorcycle,Minor,2,0,Moderate,4
ee83b90d,2024-03-19 05:00:00,Downtown,Snow,Wet,Car,Moderate,2,4,Low,5
c49c21a3,2024-03-19 06:00:00,Highway,Snow,Dry,Car,Minor,1,1,Moderate,6
d0ac6ecb,2024-03-19 07:00:00,Suburbs,Clear,Under Construction,Car,Fatal,1,3,Low,7
d2f7ed6f,2024-03-19 08:00:00,Residential Zone,Snow,Dry,Bicycle,Severe,3,3,Low,8
41836f52,2024-03-19 09:00:00,Residential Zone,Snow,Under Construction,Bicycle,Fatal,2,6,High,9
2f126abd,2024-03-19 10:00:00,Downtown,Rain,Under Construction,Bus,Severe,4,2,Moderate,10
8c034ea1,2024-03-19 11:00:00,Industrial Area,Snow,Dry,Motorcycle,Fatal,2,6,High,11
bdd7390e,2024-03-19 12:00:00,Industrial Area,Snow,Wet,Bicycle,Severe,1,7,Low,12
32fb540b,2024-03-19 13:00:00,Industrial Area,Clear,Wet,Bicycle,Minor,2,7,Moderate,13
287087f0,2024-03-19 14:00:00,Residential Zone,Storm,Wet,Motorcycle,Moderate,3,9,Moderate,14
1db764ae,2024-03-19 15:00:00,Residential Zone,Rain,Icy,Bicycle,Moderate,3,7,Moderate,15
8ac58f5a,2024-03-19 16:00:00,Residential Zone,Snow,Icy,Car,Moderate,4,8,High,16
7e567219,2024-03-19 17:00:00,Industrial Area,Fog,Wet,Bus,Moderate,2,9,Low,17
6799d410,2024-03-19 18:00:00,Industrial Area,Storm,Icy,Bus,Minor,4,3,Low,18
eff5f7e7,2024-03-19 19:00:00,Highway,Storm,Under Construction,Car,Severe,2,1,High,19
671f4a67,2024-03-19 20:00:00,Highway,Rain,Dry,Bus,Fatal,2,7,High,20
44ba43ff,2024-03-19 21:00:00,Downtown,Clear,Under Construction,Car,Severe,4,4,Moderate,21
c991df1e,2024-03-19 22:00:00,Industrial Area,Clear,Under Construction,Bus,Fatal,2,7,Moderate,22
f35940fe,2024-03-19 23:00:00,Industrial Area,Snow,Dry,Truck,Severe,1,0,Moderate,23
88f311ff,2024-03-20 00:00:00,Residential Zone,Rain,Icy,Bicycle,Fatal,1,6,Moderate,0
e7c72461,2024-03-20 01:00:00,Suburbs,Fog,Icy,Truck,Severe,2,1,Low,1
34ca6938,2024-03-20 02:00:00,Residential Zone,Fog,Wet,Motorcycle,Minor,4,3,High,2
6fbcace9,2024-03-20 03:00:00,Residential Zone,Fog,Under Construction,Bicycle,Fatal,2,1,Moderate,3
6ce4ad38,2024-03-20 04:00:00,Downtown,Rain,Under Construction,Bus,Severe,4,1,Moderate,4
5061065e,2024-03-20 05:00:00,Highway,Storm,Wet,Motorcycle,Moderate,2,0,Low,5
553b0564,2024-03-20 06:00:00,Residential Zone,Fog,Dry,Car,Severe,4,2,Moderate,6
a0e36bc5,2024-03-20 07:00:00,Suburbs,Fog,Under Construction,Truck,Moderate,4,4,Moderate,7
3c78402d,2024-03-20 08:00:00,Industrial Area,Snow,Wet,Motorcycle,Severe,2,2,Low,8
944b8bf7,2024-03-20 09:00:00,Highway,Rain,Icy,Car,Severe,2,4,Low,9
da69c988,2024-03-20 10:00:00,Industrial Area,Snow,Dry,Motorcycle,Moderate,1,4,Moderate,10
0d5d28cf,2024-03-20 11:00:00,Highway,Storm,Dry,Truck,Fatal,1,6,Moderate,11
eea594f6,2024-03-20 12:00:00,Industrial Area,Storm,Under Construction,Motorcycle,Moderate,2,8,Low,12
7e7c34a8,2024-03-20 13:00:00,Industrial Area,Storm,Icy,Bicycle,Severe,2,2,Low,13
52036e39,2024-03-20 14:00:00,Residential Zone,Clear,Icy,Car,Moderate,3,8,Moderate,14
f4f13c19,2024-03-20 15:00:00,Suburbs,Snow,Icy,Truck,Minor,3,1,High,15
95cc33a3,2024-03-20 16:00:00,Downtown,Fog,Under Construction,Car,Fatal,2,9,High,16
f1f8f880,2024-03-20 17:00:00,Downtown,Snow,Wet,Bicycle,Moderate,2,9,Low,17
34ffdee2,2024-03-20 18:00:00,Downtown,Rain,Under Construction,Bus,Severe,4,0,High,18
482dc55b,2024-03-20 19:00:00,Highway,Rain,Under Construction,Truck,Moderate,3,6,High,19
885debff,2024-03-20 20:00:00,Residential Zone,Fog,Dry,Motorcycle,Minor,3,4,Low,20
6dcc880d,2024-03-20 21:00:00,Residential Zone,Snow,Wet,Bus,Fatal,4,7,Low,21
2bfae06f,2024-03-20 22:00:00,Suburbs,Storm,Under Construction,Motorcycle,Minor,2,4,Low,22
c9dc6198,2024-03-20 23:00:00,Highway,Clear,Wet,Car,Fatal,3,6,High,23
5dbd925f,2024-03-21 00:00:00,Industrial Area,Rain,Dry,Bicycle,Severe,1,2,Moderate,0
bb48baf4,2024-03-21 01:00:00,Suburbs,Rain,Dry,Truck,Severe,3,9,High,1
6f621c30,2024-03-21 02:00:00,Residential Zone,Fog,Under Construction,Bus,Minor,3,6,High,2
e1b0e909,2024-03-21 03:00:00,Industrial Area,Clear,Under Construction,Truck,Severe,1,1,High,3
e383c843,2024-03-21 04:00:00,Residential Zone,Storm,Dry,Bus,Moderate,2,2,High,4
d5155b02,2024-03-21 05:00:00,Suburbs,Snow,Icy,Motorcycle,Fatal,1,0,Moderate,5
53251f2b,2024-03-21 06:00:00,Downtown,Snow,Icy,Bus,Fatal,3,6,High,6
141d4fed,2024-03-21 07:00:00,Industrial Area,Rain,Under Construction,Truck,Moderate,1,2,Low,7
f0d94808,2024-03-21 08:00:00,Industrial Area,Storm,Wet,Truck,Minor,2,9,Moderate,8
a9a0dea5,2024-03-21 09:00:00,Residential Zone,Clear,Dry,Car,Severe,2,0,High,9
b5edec56,2024-03-21 10:00:00,Downtown,Storm,Under Construction,Car,Moderate,3,6,Moderate,10
e8ff2e1c,2024-03-21 11:00:00,Highway,Rain,Under Construction,Truck,Severe,4,5,Low,11
7768bf01,2024-03-21 12:00:00,Suburbs,Rain,Wet,Motorcycle,Fatal,4,0,Low,12
c7cd8ab9,2024-03-21 13:00:00,Highway,Storm,Dry,Car,Minor,2,5,Low,13
a2b261ff,2024-03-21 14:00:00,Suburbs,Fog,Icy,Truck,Severe,4,7,Moderate,14
36ffe234,2024-03-21 15:00:00,Downtown,Rain,Under Construction,Truck,Fatal,4,1,Low,15
cfebf3d7,2024-03-21 16:00:00,Industrial Area,Snow,Under Construction,Bicycle,Severe,3,3,Low,16
bb4878b0,2024-03-21 17:00:00,Downtown,Fog,Under Construction,Bus,Minor,4,4,Low,17
fbd9c17a,2024-03-21 18:00:00,Industrial Area,Clear,Wet,Motorcycle,Severe,3,5,Moderate,18
a4fba75a,2024-03-21 19:00:00,Downtown,Clear,Wet,Bicycle,Severe,1,0,High,19
0fc77932,2024-03-21 20:00:00,Suburbs,Storm,Under Construction,Car,Minor,2,4,Low,20
5936aa07,2024-03-21 21:00:00,Residential Zone,Clear,Wet,Truck,Fatal,4,0,Moderate,21
a25fe500,2024-03-21 22:00:00,Industrial Area,Storm,Icy,Bicycle,Moderate,3,6,Low,22
0e087dbc,2024-03-21 23:00:00,Highway,Clear,Wet,Bicycle,Fatal,3,1,Moderate,23
a552c39c,2024-03-22 00:00:00,Downtown,Rain,Dry,Motorcycle,Moderate,3,5,Low,0
12612fe7,2024-03-22 01:00:00,Residential Zone,Clear,Under Construction,Bicycle,Fatal,1,6,Moderate,1
c2f02037,2024-03-22 02:00:00,Industrial Area,Fog,Icy,Car,Severe,4,6,Moderate,2
4e336135,2024-03-22 03:00:00,Downtown,Rain,Dry,Truck,Fatal,4,4,Moderate,3
60e2c6c1,2024-03-22 04:00:00,Highway,Snow,Dry,Car,Minor,2,4,Low,4
c197135d,2024-03-22 05:00:00,Highway,Rain,Icy,Car,Fatal,3,9,Low,5
0e6b3849,2024-03-22 06:00:00,Highway,Storm,Wet,Bus,Fatal,3,1,Moderate,6
93c0b836,2024-03-22 07:00:00,Highway,Fog,Wet,Bicycle,Minor,4,1,Moderate,7
ae6ad3e3,2024-03-22 08:00:00,Downtown,Rain,Icy,Bus,Moderate,4,9,Low,8
f2b01e55,2024-03-22 09:00:00,Residential Zone,Fog,Dry,Motorcycle,Minor,2,2,Moderate,9
358a5995,2024-03-22 10:00:00,Highway,Rain,Icy,Car,Moderate,4,3,Low,10
555eb397,2024-03-22 11:00:00,Residential Zone,Clear,Icy,Car,Minor,4,7,High,11
388fca37,2024-03-22 12:00:00,Highway,Fog,Under Construction,Bicycle,Fatal,3,2,Moderate,12
ef270439,2024-03-22 13:00:00,Downtown,Storm,Wet,Bus,Fatal,2,2,High,13
219b4c6a,2024-03-22 14:00:00,Highway,Snow,Dry,Truck,Minor,3,2,Moderate,14
7380fe48,2024-03-22 15:00:00,Suburbs,Rain,Icy,Car,Severe,3,4,High,15
9563e584,2024-03-22 16:00:00,Residential Zone,Snow,Under Construction,Truck,Severe,1,2,Low,16
1c93481b,2024-03-22 17:00:00,Suburbs,Snow,Wet,Bus,Minor,2,1,High,17
f1091c1e,2024-03-22 18:00:00,Industrial Area,Rain,Dry,Truck,Severe,1,1,High,18
52554f26,2024-03-22 19:00:00,Suburbs,Rain,Icy,Truck,Severe,1,6,Moderate,19
143a9d32,2024-03-22 20:00:00,Downtown,Rain,Under Construction,Motorcycle,Moderate,3,6,Low,20
0ea3104d,2024-03-22 21:00:00,Residential Zone,Fog,Icy,Truck,Minor,4,9,Low,21
eb557d46,2024-03-22 22:00:00,Industrial Area,Snow,Wet,Truck,Fatal,1,1,Moderate,22
b072ae83,2024-03-22 23:00:00,Highway,Rain,Wet,Bus,Moderate,3,9,Moderate,23
5d30f9c8,2024-03-23 00:00:00,Downtown,Rain,Wet,Car,Moderate,3,0,High,0
8d9d1694,2024-03-23 01:00:00,Industrial Area,Clear,Dry,Bus,Minor,1,1,Low,1
e6c31aa4,2024-03-23 02:00:00,Highway,Rain,Dry,Car,Severe,4,5,Low,2
0ae2ac04,2024-03-23 03:00:00,Industrial Area,Storm,Dry,Truck,Moderate,1,5,Low,3
11336bb9,2024-03-23 04:00:00,Downtown,Fog,Under Construction,Truck,Minor,4,9,High,4
ba80d581,2024-03-23 05:00:00,Suburbs,Fog,Wet,Motorcycle,Minor,2,5,Moderate,5
e4aa2b14,2024-03-23 06:00:00,Industrial Area,Rain,Wet,Bicycle,Moderate,1,4,High,6
647ac07d,2024-03-23 07:00:00,Residential Zone,Fog,Dry,Bicycle,Minor,3,7,Moderate,7
39a3f5a5,2024-03-23 08:00:00,Downtown,Clear,Under Construction,Car,Minor,2,8,High,8
6de6c532,2024-03-23 09:00:00,Residential Zone,Storm,Wet,Car,Minor,1,1,Low,9
3312bad9,2024-03-23 10:00:00,Residential Zone,Fog,Under Construction,Motorcycle,Fatal,4,6,Moderate,10
63cfeb78,2024-03-23 11:00:00,Downtown,Clear,Dry,Bus,Fatal,3,3,Moderate,11
6242e289,2024-03-23 12:00:00,Downtown,Fog,Icy,Motorcycle,Fatal,3,3,Low,12
76c7a00a,2024-03-23 13:00:00,Downtown,Clear,Wet,Car,Fatal,2,6,High,13
d14cb17e,2024-03-23 14:00:00,Highway,Fog,Dry,Bicycle,Minor,1,1,Moderate,14
56559a95,2024-03-23 15:00:00,Suburbs,Snow,Dry,Bus,Minor,3,1,Low,15
18471da8,2024-03-23 16:00:00,Highway,Snow,Under Construction,Truck,Moderate,4,0,Moderate,16
51a320b7,2024-03-23 17:00:00,Highway,Clear,Dry,Bus,Moderate,2,2,High,17
b9a3bfaf,2024-03-23 18:00:00,Downtown,Storm,Wet,Truck,Severe,1,7,High,18
f3302ee9,2024-03-23 19:00:00,Suburbs,Rain,Wet,Bus,Fatal,2,7,Low,19
a6115598,2024-03-23 20:00:00,Industrial Area,Fog,Wet,Car,Minor,2,3,Moderate,20
c1f439d3,2024-03-23 21:00:00,Highway,Snow,Under Construction,Truck,Fatal,1,4,High,21
bf634e2e,2024-03-23 22:00:00,Industrial Area,Fog,Wet,Bus,Severe,3,5,Moderate,22
2e7cb658,2024-03-23 23:00:00,Downtown,Clear,Icy,Truck,Severe,4,7,Low,23
222f5b2e,2024-03-24 00:00:00,Industrial Area,Clear,Dry,Car,Moderate,3,3,High,0
eb63aef5,2024-03-24 01:00:00,Highway,Fog,Icy,Bicycle,Moderate,3,8,High,1
8a099a4d,2024-03-24 02:00:00,Industrial Area,Snow,Dry,Bicycle,Moderate,4,1,Low,2
86e4ad81,2024-03-24 03:00:00,Residential Zone,Storm,Under Construction,Bus,Severe,3,5,High,3
768251dc,2024-03-24 04:00:00,Highway,Snow,Under Construction,Bus,Severe,3,7,High,4
b10c7c73,2024-03-24 05:00:00,Residential Zone,Storm,Icy,Bus,Fatal,4,5,Moderate,5
8c1f4ff7,2024-03-24 06:00:00,Industrial Area,Snow,Under Construction,Bicycle,Severe,4,3,Low,6
8ad07f58,2024-03-24 07:00:00,Highway,Rain,Under Construction,Bicycle,Moderate,3,4,Moderate,7
65748f1a,2024-03-24 08:00:00,Highway,Rain,Dry,Bicycle,Fatal,2,7,Moderate,8
2145fe9b,2024-03-24 09:00:00,Suburbs,Storm,Icy,Motorcycle,Moderate,1,8,High,9
6f0ba919,2024-03-24 10:00:00,Suburbs,Snow,Wet,Bus,Minor,2,6,High,10
d357f4af,2024-03-24 11:00:00,Highway,Rain,Wet,Motorcycle,Minor,4,4,Low,11
dc5387fe,2024-03-24 12:00:00,Highway,Rain,Icy,Motorcycle,Fatal,4,9,Low,12
e01cb953,2024-03-24 13:00:00,Highway,Storm,Under Construction,Truck,Fatal,2,3,Low,13
7fc5466b,2024-03-24 14:00:00,Suburbs,Clear,Under Construction,Bicycle,Severe,1,3,High,14
da6cd90d,2024-03-24 15:00:00,Industrial Area,Storm,Icy,Truck,Moderate,2,5,Moderate,15
620caea1,2024-03-24 16:00:00,Industrial Area,Rain,Dry,Bicycle,Moderate,4,2,Moderate,16
b1c125f1,2024-03-24 17:00:00,Industrial Area,Snow,Wet,Bicycle,Severe,1,4,Moderate,17
30c36394,2024-03-24 18:00:00,Suburbs,Rain,Icy,Motorcycle,Fatal,1,6,Moderate,18
d82575c7,2024-03-24 19:00:00,Residential Zone,Snow,Under Construction,Bicycle,Minor,2,1,High,19
17167064,2024-03-24 20:00:00,Highway,Fog,Icy,Car,Moderate,2,0,Moderate,20
218212b6,2024-03-24 21:00:00,Suburbs,Rain,Wet,Truck,Moderate,1,1,Moderate,21
fc9b9464,2024-03-24 22:00:00,Industrial Area,Storm,Wet,Truck,Moderate,1,3,Low,22
9bb9c032,2024-03-24 23:00:00,Residential Zone,Clear,Icy,Car,Severe,3,3,High,23
49a0d364,2024-03-25 00:00:00,Industrial Area,Rain,Icy,Bicycle,Moderate,4,0,Moderate,0
4f9c38da,2024-03-25 01:00:00,Residential Zone,Snow,Dry,Motorcycle,Moderate,1,9,Moderate,1
56c4a7c4,2024-03-25 02:00:00,Suburbs,Fog,Dry,Motorcycle,Severe,3,4,Low,2
c6c254c9,2024-03-25 03:00:00,Downtown,Clear,Wet,Truck,Minor,1,3,Moderate,3
f1e5e7d9,2024-03-25 04:00:00,Industrial Area,Clear,Icy,Bicycle,Moderate,1,8,Moderate,4
9807e03e,2024-03-25 05:00:00,Suburbs,Snow,Icy,Truck,Moderate,2,6,Moderate,5
15c5a4d4,2024-03-25 06:00:00,Highway,Clear,Icy,Bicycle,Fatal,4,3,Low,6
48c9a2fb,2024-03-25 07:00:00,Suburbs,Clear,Dry,Car,Fatal,1,3,Low,7
991f48dc,2024-03-25 08:00:00,Industrial Area,Fog,Icy,Truck,Fatal,3,9,Moderate,8
26ae12d8,2024-03-25 09:00:00,Residential Zone,Snow,Under Construction,Motorcycle,Moderate,3,6,Low,9
b27891fe,2024-03-25 10:00:00,Suburbs,Storm,Icy,Motorcycle,Severe,3,1,Low,10
5c0e16e3,2024-03-25 11:00:00,Highway,Snow,Dry,Car,Severe,1,3,Low,11
4a84a499,2024-03-25 12:00:00,Downtown,Clear,Under Construction,Car,Fatal,4,4,High,12
af8d5589,2024-03-25 13:00:00,Residential Zone,Snow,Icy,Car,Moderate,2,9,Moderate,13
436b24a9,2024-03-25 14:00:00,Residential Zone,Rain,Wet,Car,Moderate,1,7,High,14
46f0462a,2024-03-25 15:00:00,Highway,Rain,Icy,Car,Fatal,4,1,Low,15
29602a93,2024-03-25 16:00:00,Downtown,Fog,Under Construction,Truck,Minor,4,4,Moderate,16
e717ff9b,2024-03-25 17:00:00,Highway,Storm,Dry,Motorcycle,Moderate,3,5,Low,17
85e53294,2024-03-25 18:00:00,Downtown,Rain,Under Construction,Car,Severe,4,3,High,18
aec98930,2024-03-25 19:00:00,Highway,Rain,Icy,Bus,Minor,1,8,Low,19
da6c56b3,2024-03-25 20:00:00,Suburbs,Storm,Dry,Bus,Fatal,2,2,Low,20
24e6a935,2024-03-25 21:00:00,Suburbs,Clear,Icy,Truck,Fatal,4,8,Moderate,21
e074ff8b,2024-03-25 22:00:00,Suburbs,Storm,Icy,Motorcycle,Fatal,3,4,High,22
39473e7d,2024-03-25 23:00:00,Highway,Clear,Icy,Bus,Fatal,1,7,Moderate,23
7e293623,2024-03-26 00:00:00,Suburbs,Rain,Under Construction,Motorcycle,Fatal,1,2,Low,0
79873578,2024-03-26 01:00:00,Suburbs,Rain,Dry,Bicycle,Moderate,4,1,Moderate,1
c7198d1e,2024-03-26 02:00:00,Industrial Area,Snow,Wet,Bicycle,Minor,2,1,High,2
26a85aee,2024-03-26 03:00:00,Industrial Area,Fog,Icy,Bus,Moderate,4,8,High,3
3daa3ac6,2024-03-26 04:00:00,Downtown,Rain,Dry,Motorcycle,Minor,2,6,Low,4
e389384c,2024-03-26 05:00:00,Downtown,Storm,Dry,Bicycle,Moderate,2,8,High,5
397d2ee0,2024-03-26 06:00:00,Residential Zone,Snow,Icy,Bicycle,Minor,4,3,High,6
d1d0acc1,2024-03-26 07:00:00,Downtown,Storm,Under Construction,Truck,Moderate,4,7,Low,7
c4be06f6,2024-03-26 08:00:00,Industrial Area,Rain,Wet,Motorcycle,Moderate,2,0,Moderate,8
89b77f00,2024-03-26 09:00:00,Highway,Rain,Wet,Bicycle,Minor,4,8,Low,9
e6adc86d,2024-03-26 10:00:00,Residential Zone,Fog,Under Construction,Car,Severe,3,0,Low,10
45ff8046,2024-03-26 11:00:00,Highway,Snow,Icy,Car,Severe,1,5,High,11
9f66093e,2024-03-26 12:00:00,Industrial Area,Fog,Dry,Bus,Severe,2,3,Moderate,12
999a9f6c,2024-03-26 13:00:00,Highway,Rain,Dry,Bicycle,Moderate,4,0,Moderate,13
8fa4d7d2,2024-03-26 14:00:00,Downtown,Snow,Icy,Bus,Moderate,4,8,Low,14
8120a492,2024-03-26 15:00:00,Industrial Area,Snow,Wet,Bus,Severe,3,9,High,15
62d92acd,2024-03-26 16:00:00,Highway,Storm,Dry,Motorcycle,Minor,1,6,High,16
f86148af,2024-03-26 17:00:00,Residential Zone,Storm,Under Construction,Bus,Severe,2,2,Low,17
cc9b065c,2024-03-26 18:00:00,Suburbs,Clear,Dry,Car,Severe,1,9,Low,18
37f0cd9a,2024-03-26 19:00:00,Residential Zone,Clear,Icy,Truck,Moderate,1,7,High,19
6898550a,2024-03-26 20:00:00,Highway,Storm,Under Construction,Bicycle,Minor,2,8,Moderate,20
f0a54fca,2024-03-26 21:00:00,Residential Zone,Fog,Icy,Bicycle,Minor,3,0,Moderate,21
157dc6d4,2024-03-26 22:00:00,Highway,Clear,Icy,Bus,Fatal,3,0,High,22
f6e227a9,2024-03-26 23:00:00,Highway,Fog,Dry,Car,Minor,2,8,High,23
26209b26,2024-03-27 00:00:00,Industrial Area,Storm,Icy,Car,Minor,1,8,High,0
1cbdd701,2024-03-27 01:00:00,Residential Zone,Clear,Wet,Bicycle,Moderate,1,2,Moderate,1
bac306ad,2024-03-27 02:00:00,Suburbs,Snow,Wet,Motorcycle,Fatal,4,8,High,2
e958817b,2024-03-27 03:00:00,Highway,Snow,Dry,Bicycle,Moderate,4,5,Moderate,3
4f9a14ed,2024-03-27 04:00:00,Industrial Area,Snow,Wet,Bicycle,Severe,3,7,Low,4
01da05fd,2024-03-27 05:00:00,Industrial Area,Storm,Icy,Truck,Fatal,1,1,Moderate,5
6820d3f2,2024-03-27 06:00:00,Industrial Area,Snow,Dry,Bicycle,Minor,1,4,Low,6
d60c84e5,2024-03-27 07:00:00,Residential Zone,Clear,Under Construction,Motorcycle,Severe,2,3,High,7
ccaf0b67,2024-03-27 08:00:00,Residential Zone,Snow,Wet,Bicycle,Minor,1,6,Moderate,8
d25dc7b2,2024-03-27 09:00:00,Residential Zone,Rain,Icy,Bicycle,Moderate,4,3,Moderate,9
2122ee79,2024-03-27 10:00:00,Residential Zone,Rain,Icy,Motorcycle,Moderate,3,0,Moderate,10
84f6d8c9,2024-03-27 11:00:00,Residential Zone,Rain,Wet,Truck,Fatal,4,6,Low,11
b0a9f3de,2024-03-27 12:00:00,Highway,Fog,Icy,Bicycle,Fatal,3,5,High,12
a5cb614d,2024-03-27 13:00:00,Downtown,Rain,Wet,Bus,Fatal,1,1,Moderate,13
0478d3ae,2024-03-27 14:00:00,Residential Zone,Fog,Wet,Bicycle,Fatal,4,8,Moderate,14
b4b06b97,2024-03-27 15:00:00,Suburbs,Clear,Icy,Motorcycle,Minor,1,6,High,15
23d9d04f,2024-03-27 16:00:00,Residential Zone,Storm,Icy,Bus,Fatal,3,9,High,16
766118a0,2024-03-27 17:00:00,Highway,Storm,Icy,Bicycle,Minor,2,2,Low,17
96ed8ca0,2024-03-27 18:00:00,Residential Zone,Clear,Dry,Bicycle,Minor,2,1,Moderate,18
8380bcac,2024-03-27 19:00:00,Downtown,Clear,Icy,Truck,Minor,4,7,Moderate,19
b6043c13,2024-03-27 20:00:00,Suburbs,Rain,Icy,Car,Severe,3,4,High,20
74122b9a,2024-03-27 21:00:00,Downtown,Clear,Wet,Motorcycle,Fatal,3,2,Low,21
a6f316d3,2024-03-27 22:00:00,Highway,Clear,Icy,Motorcycle,Fatal,2,4,Low,22
c52a06b9,2024-03-27 23:00:00,Industrial Area,Storm,Icy,Truck,Fatal,3,7,Low,23
45820249,2024-03-28 00:00:00,Industrial Area,Snow,Dry,Car,Severe,4,2,Low,0
69314f33,2024-03-28 01:00:00,Residential Zone,Fog,Icy,Truck,Fatal,1,9,Low,1
efe5c7c5,2024-03-28 02:00:00,Highway,Clear,Under Construction,Car,Severe,4,5,Low,2
21df254f,2024-03-28 03:00:00,Highway,Storm,Under Construction,Truck,Minor,4,9,Low,3
3474dad2,2024-03-28 04:00:00,Industrial Area,Storm,Wet,Motorcycle,Moderate,2,8,High,4
377c2860,2024-03-28 05:00:00,Downtown,Storm,Icy,Bus,Moderate,3,0,Low,5
e0ec8325,2024-03-28 06:00:00,Downtown,Fog,Wet,Truck,Fatal,3,0,Low,6
ace191ee,2024-03-28 07:00:00,Highway,Fog,Icy,Bicycle,Moderate,4,5,Low,7
58301559,2024-03-28 08:00:00,Industrial Area,Storm,Icy,Bus,Moderate,2,8,Low,8
54dd747f,2024-03-28 09:00:00,Highway,Fog,Icy,Truck,Fatal,1,2,Low,9
02166455,2024-03-28 10:00:00,Highway,Rain,Wet,Motorcycle,Minor,2,6,High,10
66150d71,2024-03-28 11:00:00,Residential Zone,Snow,Wet,Bicycle,Severe,2,8,Moderate,11
159fee00,2024-03-28 12:00:00,Downtown,Clear,Dry,Car,Minor,3,8,High,12
3bfd7a49,2024-03-28 13:00:00,Residential Zone,Storm,Under Construction,Truck,Fatal,4,3,Low,13
66707ba7,2024-03-28 14:00:00,Residential Zone,Snow,Wet,Bicycle,Minor,1,5,Moderate,14
7add4d92,2024-03-28 15:00:00,Suburbs,Clear,Dry,Car,Fatal,3,6,Low,15
5b4e43cf,2024-03-28 16:00:00,Downtown,Snow,Wet,Car,Moderate,3,9,Moderate,16
e3cd6505,2024-03-28 17:00:00,Suburbs,Snow,Dry,Truck,Minor,3,5,Moderate,17
cb20dc25,2024-03-28 18:00:00,Highway,Snow,Under Construction,Car,Moderate,4,5,Low,18
29ae17bc,2024-03-28 19:00:00,Suburbs,Fog,Under Construction,Car,Fatal,1,2,High,19
623af939,2024-03-28 20:00:00,Highway,Fog,Icy,Motorcycle,Moderate,4,9,Moderate,20
6b254c0b,2024-03-28 21:00:00,Highway,Rain,Wet,Car,Minor,1,1,Low,21
9a172d3f,2024-03-28 22:00:00,Suburbs,Snow,Under Construction,Bus,Severe,3,1,Moderate,22
0a300601,2024-03-28 23:00:00,Industrial Area,Snow,Under Construction,Bicycle,Fatal,3,4,Low,23
ba3aee00,2024-03-29 00:00:00,Residential Zone,Clear,Under Construction,Truck,Moderate,3,6,Moderate,0
c9c97f5b,2024-03-29 01:00:00,Suburbs,Fog,Wet,Car,Moderate,2,6,Low,1
961eece9,2024-03-29 02:00:00,Downtown,Fog,Icy,Car,Severe,3,3,High,2
4d377849,2024-03-29 03:00:00,Downtown,Storm,Dry,Motorcycle,Minor,1,9,High,3
913242ed,2024-03-29 04:00:00,Suburbs,Snow,Dry,Truck,Minor,1,3,Moderate,4
b3ff632f,2024-03-29 05:00:00,Industrial Area,Storm,Under Construction,Bicycle,Minor,1,9,High,5
b93fa63f,2024-03-29 06:00:00,Residential Zone,Snow,Icy,Motorcycle,Severe,1,5,High,6
7bc17533,2024-03-29 07:00:00,Suburbs,Storm,Dry,Bus,Minor,3,5,Low,7
de183b49,2024-03-29 08:00:00,Industrial Area,Clear,Icy,Motorcycle,Moderate,4,5,Moderate,8
f432bbd0,2024-03-29 09:00:00,Downtown,Storm,Icy,Motorcycle,Severe,3,2,Low,9
06b6aa1f,2024-03-29 10:00:00,Suburbs,Snow,Under Construction,Truck,Severe,3,5,High,10
28b49538,2024-03-29 11:00:00,Suburbs,Snow,Under Construction,Bicycle,Moderate,3,5,High,11
7d405b56,2024-03-29 12:00:00,Suburbs,Clear,Dry,Motorcycle,Moderate,1,7,Moderate,12
65ce038c,2024-03-29 13:00:00,Residential Zone,Storm,Dry,Bicycle,Severe,2,7,Low,13
31d6fb84,2024-03-29 14:00:00,Residential Zone,Rain,Under Construction,Truck,Minor,1,5,Moderate,14
21d2e54b,2024-03-29 15:00:00,Residential Zone,Rain,Wet,Car,Severe,3,0,High,15
20ef4c97,2024-03-29 16:00:00,Highway,Rain,Icy,Bus,Fatal,3,3,High,16
b3d31af7,2024-03-29 17:00:00,Residential Zone,Fog,Under Construction,Truck,Severe,3,0,High,17
34ffdd3d,2024-03-29 18:00:00,Downtown,Rain,Icy,Car,Moderate,4,2,Low,18
fbed4850,2024-03-29 19:00:00,Residential Zone,Snow,Icy,Truck,Minor,2,1,Moderate,19
03189b07,2024-03-29 20:00:00,Suburbs,Rain,Icy,Motorcycle,Minor,3,5,Moderate,20
da0d6ce9,2024-03-29 21:00:00,Residential Zone,Rain,Wet,Truck,Moderate,3,4,High,21
0caf56bb,2024-03-29 22:00:00,Highway,Rain,Wet,Motorcycle,Fatal,2,5,Low,22
d563ec0a,2024-03-29 23:00:00,Industrial Area,Storm,Under Construction,Bus,Severe,4,2,Low,23
f37f1c5d,2024-03-30 00:00:00,Highway,Rain,Wet,Truck,Minor,2,6,High,0
635128c3,2024-03-30 01:00:00,Suburbs,Snow,Wet,Motorcycle,Minor,3,4,Low,1
aaa84138,2024-03-30 02:00:00,Highway,Fog,Wet,Motorcycle,Moderate,4,3,Low,2
5166119a,2024-03-30 03:00:00,Downtown,Storm,Wet,Bicycle,Moderate,4,8,Low,3
acd9964a,2024-03-30 04:00:00,Industrial Area,Clear,Icy,Bus,Moderate,4,2,High,4
0b07922b,2024-03-30 05:00:00,Residential Zone,Storm,Dry,Motorcycle,Fatal,2,4,Low,5
3b08f970,2024-03-30 06:00:00,Highway,Clear,Icy,Truck,Moderate,3,1,Moderate,6
889ebea9,2024-03-30 07:00:00,Residential Zone,Snow,Wet,Car,Severe,4,1,Moderate,7
f9a637e8,2024-03-30 08:00:00,Highway,Clear,Wet,Car,Minor,3,1,High,8
2ebb75cb,2024-03-30 09:00:00,Residential Zone,Rain,Icy,Truck,Fatal,1,3,Low,9
6079a605,2024-03-30 10:00:00,Residential Zone,Rain,Wet,Truck,Minor,3,0,Low,10
7c529c2a,2024-03-30 11:00:00,Residential Zone,Fog,Icy,Car,Fatal,1,2,Moderate,11
dfa68178,2024-03-30 12:00:00,Downtown,Rain,Wet,Car,Minor,2,4,Moderate,12
fa3fe321,2024-03-30 13:00:00,Highway,Fog,Under Construction,Bus,Minor,2,5,High,13
11969084,2024-03-30 14:00:00,Downtown,Fog,Dry,Motorcycle,Minor,4,3,Low,14
1fcf93f9,2024-03-30 15:00:00,Downtown,Rain,Under Construction,Truck,Fatal,1,6,Moderate,15
8e78586b,2024-03-30 16:00:00,Suburbs,Rain,Wet,Bus,Moderate,4,0,High,16
36666b89,2024-03-30 17:00:00,Industrial Area,Storm,Dry,Bus,Minor,1,0,Moderate,17
ed871b63,2024-03-30 18:00:00,Downtown,Storm,Icy,Car,Moderate,1,6,Low,18
adf34da5,2024-03-30 19:00:00,Downtown,Clear,Wet,Motorcycle,Severe,4,9,Moderate,19
1bd4495c,2024-03-30 20:00:00,Highway,Storm,Icy,Truck,Moderate,2,0,Low,20
0915a6ab,2024-03-30 21:00:00,Downtown,Storm,Under Construction,Car,Moderate,4,8,Low,21
c02d0969,2024-03-30 22:00:00,Highway,Clear,Icy,Bus,Moderate,1,6,Low,22
f4f91ad5,2024-03-30 23:00:00,Industrial Area,Clear,Dry,Bus,Fatal,4,2,Moderate,23
2772e263,2024-03-31 00:00:00,Residential Zone,Snow,Wet,Motorcycle,Severe,2,2,Low,0
b3576c5b,2024-03-31 01:00:00,Highway,Clear,Wet,Bicycle,Moderate,4,1,Moderate,1
f79933c4,2024-03-31 02:00:00,Residential Zone,Fog,Dry,Truck,Minor,3,6,Low,2
67218b82,2024-03-31 03:00:00,Industrial Area,Snow,Under Construction,Car,Fatal,4,0,Low,3
b84c0af4,2024-03-31 04:00:00,Suburbs,Rain,Wet,Bicycle,Severe,4,8,High,4
28a98a22,2024-03-31 05:00:00,Highway,Fog,Under Construction,Bicycle,Fatal,2,0,Low,5
1b8459ef,2024-03-31 06:00:00,Suburbs,Storm,Under Construction,Car,Moderate,2,2,High,6
cf0468dc,2024-03-31 07:00:00,Suburbs,Snow,Icy,Car,Minor,4,7,Moderate,7
7f9064d8,2024-03-31 08:00:00,Suburbs,Fog,Dry,Car,Moderate,2,8,High,8
3707f740,2024-03-31 09:00:00,Residential Zone,Rain,Under Construction,Bus,Fatal,1,9,Low,9
cc66e69c,2024-03-31 10:00:00,Highway,Clear,Wet,Truck,Moderate,3,7,Low,10
10fdd845,2024-03-31 11:00:00,Highway,Fog,Icy,Truck,Severe,2,9,Low,11
aad64fad,2024-03-31 12:00:00,Highway,Snow,Dry,Motorcycle,Severe,2,2,High,12
8980cc15,2024-03-31 13:00:00,Residential Zone,Rain,Under Construction,Motorcycle,Moderate,3,4,Low,13
a640aa56,2024-03-31 14:00:00,Highway,Storm,Wet,Bus,Moderate,4,4,High,14
fbd35d45,2024-03-31 15:00:00,Industrial Area,Rain,Dry,Bicycle,Fatal,1,6,Moderate,15
4d101718,2024-03-31 16:00:00,Suburbs,Rain,Dry,Bicycle,Severe,4,1,High,16
8a0ac32b,2024-03-31 17:00:00,Highway,Fog,Wet,Truck,Severe,2,4,Moderate,17
3aa31236,2024-03-31 18:00:00,Suburbs,Snow,Icy,Bicycle,Fatal,2,7,Moderate,18
b4c7c29a,2024-03-31 19:00:00,Downtown,Fog,Dry,Car,Severe,4,3,High,19
6bf17f83,2024-03-31 20:00:00,Downtown,Clear,Dry,Car,Fatal,3,9,High,20
395f66fc,2024-03-31 21:00:00,Downtown,Snow,Dry,Bicycle,Severe,1,1,Moderate,21
7aa55f3c,2024-03-31 22:00:00,Downtown,Clear,Under Construction,Motorcycle,Severe,1,0,Low,22
e95a38cb,2024-03-31 23:00:00,Highway,Clear,Icy,Truck,Fatal,3,2,Low,23
0cb4063b,2024-04-01 00:00:00,Highway,Rain,Under Construction,Bus,Fatal,1,6,Moderate,0
bdc42112,2024-04-01 01:00:00,Highway,Rain,Under Construction,Truck,Fatal,2,2,Moderate,1
ace09ce0,2024-04-01 02:00:00,Highway,Fog,Wet,Truck,Severe,2,5,Low,2
40830176,2024-04-01 03:00:00,Highway,Fog,Dry,Bus,Moderate,1,8,Low,3
72bc19d3,2024-04-01 04:00:00,Suburbs,Fog,Dry,Bicycle,Moderate,3,0,High,4
ba04a599,2024-04-01 05:00:00,Industrial Area,Snow,Under Construction,Car,Minor,1,7,Low,5
056113e0,2024-04-01 06:00:00,Downtown,Rain,Icy,Truck,Moderate,3,2,Moderate,6
6dcdf470,2024-04-01 07:00:00,Residential Zone,Clear,Icy,Bus,Moderate,2,5,Moderate,7
cb7f1453,2024-04-01 08:00:00,Suburbs,Storm,Icy,Truck,Moderate,1,0,Low,8
73682914,2024-04-01 09:00:00,Downtown,Clear,Icy,Bus,Minor,3,5,Moderate,9
bfadb5d8,2024-04-01 10:00:00,Residential Zone,Clear,Dry,Truck,Fatal,4,9,High,10
8b43f387,2024-04-01 11:00:00,Suburbs,Storm,Dry,Bicycle,Minor,3,7,High,11
5e94be75,2024-04-01 12:00:00,Industrial Area,Storm,Icy,Bicycle,Minor,3,8,Low,12
45758cb8,2024-04-01 13:00:00,Downtown,Rain,Dry,Bus,Minor,3,6,High,13
76d93e29,2024-04-01 14:00:00,Downtown,Snow,Under Construction,Car,Moderate,2,5,High,14
ed538fb0,2024-04-01 15:00:00,Residential Zone,Rain,Wet,Bicycle,Minor,3,7,Low,15
fce59b35,2024-04-01 16:00:00,Residential Zone,Fog,Icy,Motorcycle,Minor,4,4,Moderate,16
17486c33,2024-04-01 17:00:00,Residential Zone,Storm,Dry,Motorcycle,Minor,4,4,Low,17
efbe957f,2024-04-01 18:00:00,Suburbs,Rain,Dry,Bicycle,Fatal,4,2,Moderate,18
d74b6b92,2024-04-01 19:00:00,Downtown,Clear,Under Construction,Car,Minor,4,1,Low,19
aa4086eb,2024-04-01 20:00:00,Downtown,Storm,Icy,Bicycle,Minor,4,5,High,20
5f0bb519,2024-04-01 21:00:00,Suburbs,Fog,Wet,Car,Minor,2,8,High,21
3cc937e0,2024-04-01 22:00:00,Highway,Snow,Wet,Truck,Minor,4,5,Low,22
4759d64c,2024-04-01 23:00:00,Suburbs,Snow,Wet,Car,Fatal,1,8,Moderate,23
8247e1be,2024-04-02 00:00:00,Highway,Snow,Dry,Bicycle,Fatal,4,8,Moderate,0
be1fe7b3,2024-04-02 01:00:00,Residential Zone,Fog,Icy,Truck,Moderate,1,5,High,1
e09194bb,2024-04-02 02:00:00,Downtown,Rain,Under Construction,Bicycle,Fatal,4,7,Low,2
edf8666c,2024-04-02 03:00:00,Highway,Storm,Dry,Motorcycle,Minor,3,4,Low,3
8571dc21,2024-04-02 04:00:00,Industrial Area,Clear,Under Construction,Car,Fatal,3,1,Low,4
5f0514e7,2024-04-02 05:00:00,Downtown,Snow,Under Construction,Bus,Moderate,1,2,Low,5
b4b829d0,2024-04-02 06:00:00,Highway,Fog,Icy,Motorcycle,Fatal,2,5,High,6
fa3ad90e,2024-04-02 07:00:00,Downtown,Storm,Dry,Motorcycle,Severe,4,2,Moderate,7
f19e0cf9,2024-04-02 08:00:00,Highway,Fog,Under Construction,Bicycle,Fatal,1,2,High,8
827a8a4d,2024-04-02 09:00:00,Residential Zone,Snow,Wet,Truck,Severe,1,4,High,9
9c259c44,2024-04-02 10:00:00,Residential Zone,Storm,Icy,Bicycle,Moderate,1,8,Moderate,10
158f4fcb,2024-04-02 11:00:00,Highway,Rain,Under Construction,Truck,Minor,1,5,High,11
62cbefa8,2024-04-02 12:00:00,Residential Zone,Snow,Wet,Truck,Moderate,1,9,Moderate,12
731dafec,2024-04-02 13:00:00,Residential Zone,Storm,Under Construction,Motorcycle,Severe,2,4,Moderate,13
7bbbc56c,2024-04-02 14:00:00,Suburbs,Clear,Under Construction,Truck,Moderate,1,7,Moderate,14
5506f37f,2024-04-02 15:00:00,Downtown,Snow,Wet,Bus,Severe,2,9,Moderate,15
803042f9,2024-04-02 16:00:00,Suburbs,Clear,Wet,Bicycle,Fatal,1,2,Low,16
38b7c6b4,2024-04-02 17:00:00,Residential Zone,Snow,Icy,Car,Severe,2,9,Moderate,17
5feeeddd,2024-04-02 18:00:00,Downtown,Storm,Dry,Car,Minor,4,4,High,18
3a5606d8,2024-04-02 19:00:00,Downtown,Rain,Dry,Car,Fatal,2,8,High,19
0316c162,2024-04-02 20:00:00,Highway,Fog,Dry,Bicycle,Severe,2,9,High,20
e86af597,2024-04-02 21:00:00,Suburbs,Fog,Icy,Truck,Severe,1,8,Moderate,21
b2f110fe,2024-04-02 22:00:00,Highway,Fog,Dry,Bus,Severe,1,7,High,22
d837f1ec,2024-04-02 23:00:00,Residential Zone,Snow,Dry,Truck,Minor,3,9,High,23
55919ab9,2024-04-03 00:00:00,Suburbs,Snow,Wet,Bicycle,Minor,4,9,Low,0
1da19986,2024-04-03 01:00:00,Downtown,Snow,Icy,Motorcycle,Fatal,3,2,Moderate,1
6c454a23,2024-04-03 02:00:00,Industrial Area,Rain,Wet,Motorcycle,Minor,3,7,High,2
9a13bb40,2024-04-03 03:00:00,Downtown,Rain,Dry,Car,Minor,4,9,Moderate,3
00cc7627,2024-04-03 04:00:00,Downtown,Snow,Under Construction,Motorcycle,Moderate,2,8,Moderate,4
ea9e2ee1,2024-04-03 05:00:00,Suburbs,Rain,Wet,Bus,Fatal,1,8,High,5
3e21f5cf,2024-04-03 06:00:00,Industrial Area,Storm,Under Construction,Car,Moderate,1,0,Low,6
a2794213,2024-04-03 07:00:00,Suburbs,Fog,Icy,Truck,Fatal,3,0,Moderate,7
68e5c55e,2024-04-03 08:00:00,Residential Zone,Clear,Under Construction,Motorcycle,Moderate,2,2,Low,8
e8745fb9,2024-04-03 09:00:00,Downtown,Rain,Dry,Bus,Fatal,1,1,High,9
c7966b1e,2024-04-03 10:00:00,Suburbs,Rain,Dry,Truck,Severe,2,2,Moderate,10
a69afdb5,2024-04-03 11:00:00,Downtown,Snow,Dry,Bus,Fatal,1,2,Moderate,11
08c94549,2024-04-03 12:00:00,Downtown,Storm,Dry,Motorcycle,Minor,2,6,Low,12
a9abd792,2024-04-03 13:00:00,Industrial Area,Snow,Under Construction,Motorcycle,Fatal,4,9,Low,13
b98240f5,2024-04-03 14:00:00,Industrial Area,Clear,Under Construction,Truck,Fatal,4,6,Moderate,14
1563a1a1,2024-04-03 15:00:00,Highway,Snow,Icy,Car,Fatal,3,5,Moderate,15
db3a9764,2024-04-03 16:00:00,Industrial Area,Rain,Icy,Motorcycle,Minor,3,4,Moderate,16
6142cf3a,2024-04-03 17:00:00,Suburbs,Snow,Under Construction,Truck,Severe,3,8,Low,17
1a4a9a65,2024-04-03 18:00:00,Suburbs,Clear,Dry,Car,Moderate,2,1,Moderate,18
0c7825cd,2024-04-03 19:00:00,Industrial Area,Snow,Wet,Bicycle,Fatal,3,5,High,19
0aae77ed,2024-04-03 20:00:00,Residential Zone,Rain,Icy,Motorcycle,Moderate,2,2,Low,20
11a7212e,2024-04-03 21:00:00,Downtown,Clear,Icy,Bus,Moderate,3,3,High,21
47918200,2024-04-03 22:00:00,Residential Zone,Rain,Icy,Truck,Fatal,1,4,High,22
6cb00ee3,2024-04-03 23:00:00,Suburbs,Storm,Dry,Bicycle,Minor,4,5,High,23
7e9c6fe0,2024-04-04 00:00:00,Downtown,Rain,Wet,Bicycle,Severe,3,2,Moderate,0
5bd6f3f5,2024-04-04 01:00:00,Highway,Fog,Under Construction,Truck,Moderate,2,6,Moderate,1
b8eada6f,2024-04-04 02:00:00,Industrial Area,Rain,Wet,Truck,Fatal,3,3,High,2
100dc470,2024-04-04 03:00:00,Downtown,Rain,Dry,Bicycle,Fatal,3,4,Moderate,3
8a63a010,2024-04-04 04:00:00,Suburbs,Fog,Wet,Motorcycle,Moderate,4,5,Moderate,4
f944afa4,2024-04-04 05:00:00,Suburbs,Snow,Icy,Truck,Moderate,4,5,Low,5
598d05b5,2024-04-04 06:00:00,Suburbs,Clear,Under Construction,Motorcycle,Minor,3,8,Moderate,6
2f46e1a2,2024-04-04 07:00:00,Downtown,Clear,Dry,Car,Fatal,2,7,Low,7
aa483717,2024-04-04 08:00:00,Residential Zone,Rain,Dry,Bus,Moderate,2,9,Low,8
a71ed12a,2024-04-04 09:00:00,Highway,Snow,Icy,Bus,Severe,1,6,High,9
22170d7b,2024-04-04 10:00:00,Industrial Area,Snow,Dry,Motorcycle,Severe,3,0,High,10
7207d3f4,2024-04-04 11:00:00,Downtown,Clear,Icy,Bus,Severe,3,1,Low,11
5df14179,2024-04-04 12:00:00,Highway,Clear,Dry,Bicycle,Fatal,3,6,Moderate,12
41785cf7,2024-04-04 13:00:00,Residential Zone,Rain,Dry,Bicycle,Severe,4,8,High,13
4fa2d8af,2024-04-04 14:00:00,Downtown,Storm,Dry,Car,Moderate,4,8,Low,14
5337d497,2024-04-04 15:00:00,Downtown,Clear,Icy,Motorcycle,Minor,2,3,Moderate,15
9220e361,2024-04-04 16:00:00,Residential Zone,Clear,Icy,Truck,Moderate,4,2,Low,16
ed230b9b,2024-04-04 17:00:00,Highway,Storm,Wet,Bus,Minor,4,5,High,17
9c40c5d3,2024-04-04 18:00:00,Industrial Area,Storm,Wet,Bus,Minor,1,1,Moderate,18
93e31e67,2024-04-04 19:00:00,Industrial Area,Rain,Icy,Bus,Severe,2,4,Moderate,19
43cce92e,2024-04-04 20:00:00,Highway,Snow,Dry,Truck,Severe,4,5,Moderate,20
95621267,2024-04-04 21:00:00,Suburbs,Snow,Icy,Motorcycle,Severe,3,2,Low,21
25b2dc69,2024-04-04 22:00:00,Downtown,Rain,Wet,Truck,Fatal,1,1,Low,22
46ded7b3,2024-04-04 23:00:00,Highway,Clear,Under Construction,Bus,Severe,2,7,Moderate,23
b1558bcf,2024-04-05 00:00:00,Downtown,Rain,Under Construction,Bicycle,Fatal,1,8,Low,0
554a01f1,2024-04-05 01:00:00,Industrial Area,Storm,Wet,Truck,Minor,4,1,Moderate,1
4b363dfd,2024-04-05 02:00:00,Suburbs,Snow,Dry,Bus,Minor,4,4,Moderate,2
9e3f76f4,2024-04-05 03:00:00,Industrial Area,Clear,Under Construction,Truck,Moderate,4,0,Low,3
db1dc35f,2024-04-05 04:00:00,Downtown,Rain,Wet,Truck,Fatal,1,0,Low,4
fc286476,2024-04-05 05:00:00,Suburbs,Clear,Wet,Bicycle,Fatal,3,6,Moderate,5
06393245,2024-04-05 06:00:00,Industrial Area,Rain,Dry,Car,Fatal,2,7,High,6
e64a070c,2024-04-05 07:00:00,Highway,Fog,Under Construction,Car,Fatal,4,3,Moderate,7
8055bbd9,2024-04-05 08:00:00,Downtown,Clear,Under Construction,Motorcycle,Severe,4,3,High,8
fd07bdc2,2024-04-05 09:00:00,Industrial Area,Storm,Icy,Bus,Moderate,3,3,Moderate,9
32263586,2024-04-05 10:00:00,Industrial Area,Storm,Under Construction,Bus,Severe,4,1,High,10
7ba590f3,2024-04-05 11:00:00,Highway,Storm,Icy,Truck,Fatal,3,7,Low,11
de25bec4,2024-04-05 12:00:00,Suburbs,Rain,Icy,Bicycle,Fatal,4,9,High,12
4cc8cef9,2024-04-05 13:00:00,Suburbs,Storm,Icy,Truck,Fatal,3,0,Moderate,13
31d9e6c7,2024-04-05 14:00:00,Residential Zone,Storm,Dry,Truck,Severe,2,4,Moderate,14
dfc12b4b,2024-04-05 15:00:00,Suburbs,Storm,Dry,Motorcycle,Severe,1,1,Low,15
ecc51f8c,2024-04-05 16:00:00,Residential Zone,Rain,Icy,Car,Minor,4,7,Moderate,16
15bafdd5,2024-04-05 17:00:00,Suburbs,Fog,Dry,Car,Fatal,2,5,Moderate,17
0a68085c,2024-04-05 18:00:00,Industrial Area,Rain,Icy,Truck,Moderate,2,6,Moderate,18
92a193c8,2024-04-05 19:00:00,Highway,Fog,Under Construction,Bus,Fatal,4,9,Low,19
0e6d8698,2024-04-05 20:00:00,Highway,Storm,Wet,Bus,Fatal,1,6,Moderate,20
a2d93255,2024-04-05 21:00:00,Suburbs,Rain,Under Construction,Bus,Fatal,4,5,Low,21
9b1a7d9a,2024-04-05 22:00:00,Residential Zone,Clear,Wet,Car,Minor,3,5,Moderate,22
980a1687,2024-04-05 23:00:00,Suburbs,Snow,Icy,Motorcycle,Moderate,3,1,Low,23
f2567951,2024-04-06 00:00:00,Residential Zone,Rain,Dry,Motorcycle,Severe,4,0,High,0
06f41e67,2024-04-06 01:00:00,Highway,Rain,Wet,Motorcycle,Fatal,3,5,High,1
d430a2bf,2024-04-06 02:00:00,Downtown,Rain,Wet,Motorcycle,Fatal,1,1,Moderate,2
f17cc403,2024-04-06 03:00:00,Residential Zone,Snow,Dry,Motorcycle,Moderate,4,1,Low,3
8631efc2,2024-04-06 04:00:00,Industrial Area,Clear,Dry,Bicycle,Moderate,4,3,Low,4
65e92578,2024-04-06 05:00:00,Residential Zone,Fog,Under Construction,Motorcycle,Fatal,2,6,Low,5
c6632360,2024-04-06 06:00:00,Residential Zone,Clear,Dry,Truck,Fatal,4,8,Moderate,6
c09ff91a,2024-04-06 07:00:00,Highway,Rain,Under Construction,Bus,Moderate,2,9,Low,7
8b5cba23,2024-04-06 08:00:00,Suburbs,Clear,Icy,Bus,Minor,2,8,High,8
ab2ca604,2024-04-06 09:00:00,Industrial Area,Snow,Wet,Motorcycle,Minor,2,5,Low,9
5e2b8eb8,2024-04-06 10:00:00,Downtown,Fog,Wet,Bus,Moderate,1,5,Moderate,10
bebbbd97,2024-04-06 11:00:00,Industrial Area,Fog,Wet,Truck,Minor,4,9,High,11
367b2e53,2024-04-06 12:00:00,Downtown,Storm,Under Construction,Car,Minor,3,1,Moderate,12
7719a31f,2024-04-06 13:00:00,Downtown,Snow,Dry,Truck,Severe,4,0,Low,13
73ddc9fd,2024-04-06 14:00:00,Residential Zone,Snow,Icy,Bus,Severe,2,8,High,14
b4ff1353,2024-04-06 15:00:00,Highway,Storm,Dry,Bicycle,Minor,3,5,Low,15
8d4eab1c,2024-04-06 16:00:00,Downtown,Snow,Wet,Bicycle,Severe,1,5,Moderate,16
f114d483,2024-04-06 17:00:00,Highway,Snow,Icy,Car,Fatal,3,2,High,17
7e9f9a3b,2024-04-06 18:00:00,Suburbs,Clear,Icy,Car,Fatal,2,8,High,18
6bfe8cf1,2024-04-06 19:00:00,Highway,Rain,Under Construction,Truck,Fatal,1,3,High,19
7980c962,2024-04-06 20:00:00,Highway,Storm,Icy,Truck,Minor,4,1,High,20
7eecbc8f,2024-04-06 21:00:00,Downtown,Clear,Under Construction,Motorcycle,Minor,2,1,Low,21
a3b9d010,2024-04-06 22:00:00,Residential Zone,Rain,Wet,Motorcycle,Fatal,2,1,Moderate,22
3599104a,2024-04-06 23:00:00,Suburbs,Storm,Icy,Car,Fatal,3,1,High,23
76afc227,2024-04-07 00:00:00,Highway,Clear,Dry,Bus,Severe,1,2,High,0
18c806db,2024-04-07 01:00:00,Highway,Snow,Wet,Bicycle,Moderate,3,8,High,1
fd6d7eac,2024-04-07 02:00:00,Residential Zone,Rain,Under Construction,Motorcycle,Severe,2,7,Low,2
5fb91969,2024-04-07 03:00:00,Downtown,Rain,Under Construction,Bicycle,Moderate,1,1,Low,3
8b942dbd,2024-04-07 04:00:00,Highway,Snow,Wet,Car,Minor,3,9,High,4
95a45bf3,2024-04-07 05:00:00,Highway,Fog,Wet,Truck,Severe,4,1,Moderate,5
80f67b35,2024-04-07 06:00:00,Residential Zone,Fog,Dry,Motorcycle,Moderate,2,5,Moderate,6
98d653a5,2024-04-07 07:00:00,Industrial Area,Rain,Icy,Car,Fatal,1,0,Low,7
7b95514c,2024-04-07 08:00:00,Suburbs,Storm,Wet,Bicycle,Fatal,1,6,Moderate,8
52224ee6,2024-04-07 09:00:00,Downtown,Fog,Under Construction,Bus,Moderate,4,5,Moderate,9
c60ac5c2,2024-04-07 10:00:00,Residential Zone,Fog,Dry,Truck,Fatal,4,3,High,10
4821bc0d,2024-04-07 11:00:00,Highway,Fog,Icy,Motorcycle,Fatal,3,2,High,11
5cab1913,2024-04-07 12:00:00,Industrial Area,Rain,Icy,Bus,Fatal,2,8,High,12
211b436e,2024-04-07 13:00:00,Suburbs,Fog,Wet,Car,Minor,3,7,Low,13
31bb6943,2024-04-07 14:00:00,Industrial Area,Clear,Under Construction,Truck,Fatal,3,2,Moderate,14
c2139f56,2024-04-07 15:00:00,Downtown,Clear,Wet,Bus,Minor,1,5,Low,15
da006886,2024-04-07 16:00:00,Industrial Area,Fog,Under Construction,Motorcycle,Severe,4,5,Moderate,16
b5365d69,2024-04-07 17:00:00,Industrial Area,Storm,Under Construction,Motorcycle,Moderate,1,3,Low,17
cbcc5c79,2024-04-07 18:00:00,Highway,Clear,Icy,Motorcycle,Fatal,4,1,Moderate,18
8cd1bb4c,2024-04-07 19:00:00,Highway,Rain,Under Construction,Truck,Minor,3,2,Low,19
dd742e92,2024-04-07 20:00:00,Industrial Area,Snow,Dry,Motorcycle,Fatal,4,9,High,20
4d1581b8,2024-04-07 21:00:00,Suburbs,Fog,Icy,Car,Moderate,1,7,Moderate,21
bc3842b5,2024-04-07 22:00:00,Highway,Rain,Dry,Motorcycle,Fatal,2,1,Low,22
a8534a55,2024-04-07 23:00:00,Highway,Storm,Under Construction,Truck,Severe,4,5,Moderate,23
e6e7de00,2024-04-08 00:00:00,Highway,Snow,Dry,Truck,Severe,3,9,Low,0
89f9e49c,2024-04-08 01:00:00,Downtown,Fog,Dry,Motorcycle,Fatal,2,6,High,1
0730cb6c,2024-04-08 02:00:00,Downtown,Clear,Dry,Car,Minor,4,3,High,2
ca391849,2024-04-08 03:00:00,Highway,Snow,Wet,Bicycle,Fatal,1,8,High,3
97593411,2024-04-08 04:00:00,Suburbs,Snow,Wet,Motorcycle,Severe,1,8,Low,4
2dc502cd,2024-04-08 05:00:00,Residential Zone,Storm,Icy,Motorcycle,Fatal,4,0,Low,5
d3d3785c,2024-04-08 06:00:00,Industrial Area,Rain,Wet,Bicycle,Severe,4,0,High,6
4624f837,2024-04-08 07:00:00,Suburbs,Snow,Dry,Truck,Fatal,2,4,High,7
f5feaa31,2024-04-08 08:00:00,Highway,Rain,Under Construction,Car,Fatal,2,9,High,8
5d266610,2024-04-08 09:00:00,Suburbs,Clear,Under Construction,Truck,Minor,4,5,High,9
b9eacd45,2024-04-08 10:00:00,Industrial Area,Clear,Wet,Truck,Fatal,3,9,Moderate,10
b9d2c84a,2024-04-08 11:00:00,Residential Zone,Rain,Under Construction,Bus,Moderate,4,8,Low,11
5f30c198,2024-04-08 12:00:00,Industrial Area,Snow,Wet,Car,Fatal,2,4,Moderate,12
327fc87f,2024-04-08 13:00:00,Highway,Fog,Under Construction,Bus,Moderate,4,0,Low,13
f00f7941,2024-04-08 14:00:00,Downtown,Storm,Dry,Truck,Moderate,2,8,Low,14
7e7f4268,2024-04-08 15:00:00,Downtown,Snow,Under Construction,Truck,Fatal,4,4,Low,15
c3f72117,2024-04-08 16:00:00,Downtown,Storm,Under Construction,Bus,Fatal,4,6,Low,16
43a8805a,2024-04-08 17:00:00,Suburbs,Clear,Under Construction,Bus,Fatal,2,8,High,17
d5b0e5b6,2024-04-08 18:00:00,Highway,Snow,Icy,Motorcycle,Severe,1,4,Moderate,18
6a3462f9,2024-04-08 19:00:00,Downtown,Snow,Dry,Truck,Moderate,4,2,High,19
8e9c4de0,2024-04-08 20:00:00,Downtown,Clear,Under Construction,Bus,Fatal,2,4,Moderate,20
16c78934,2024-04-08 21:00:00,Suburbs,Snow,Wet,Motorcycle,Severe,4,5,Moderate,21
fa50c407,2024-04-08 22:00:00,Highway,Snow,Icy,Motorcycle,Moderate,2,5,High,22
f1b30923,2024-04-08 23:00:00,Industrial Area,Snow,Icy,Motorcycle,Minor,1,7,Moderate,23
cedb1a17,2024-04-09 00:00:00,Downtown,Rain,Dry,Bicycle,Minor,2,1,Moderate,0
573a0d01,2024-04-09 01:00:00,Highway,Rain,Icy,Motorcycle,Moderate,1,1,Low,1
5983d87b,2024-04-09 02:00:00,Suburbs,Snow,Under Construction,Motorcycle,Severe,1,4,High,2
782db546,2024-04-09 03:00:00,Residential Zone,Fog,Wet,Bus,Severe,3,6,High,3
297568a6,2024-04-09 04:00:00,Industrial Area,Fog,Under Construction,Car,Fatal,4,7,Low,4
a7c07d3d,2024-04-09 05:00:00,Highway,Snow,Wet,Motorcycle,Fatal,3,4,Moderate,5
b6606d8b,2024-04-09 06:00:00,Suburbs,Snow,Dry,Bicycle,Moderate,1,1,High,6
9bb55d0e,2024-04-09 07:00:00,Suburbs,Snow,Wet,Bicycle,Minor,4,4,High,7
5b2495de,2024-04-09 08:00:00,Residential Zone,Storm,Under Construction,Bus,Minor,2,5,Moderate,8
88633b28,2024-04-09 09:00:00,Residential Zone,Storm,Under Construction,Bicycle,Fatal,2,5,High,9
86eabd64,2024-04-09 10:00:00,Suburbs,Snow,Icy,Car,Fatal,2,6,Moderate,10
5bfb380e,2024-04-09 11:00:00,Industrial Area,Rain,Under Construction,Car,Minor,4,4,Low,11
ed2a7145,2024-04-09 12:00:00,Industrial Area,Storm,Wet,Bicycle,Severe,4,1,Low,12
8fc68446,2024-04-09 13:00:00,Residential Zone,Rain,Dry,Truck,Fatal,1,3,Moderate,13
e45b68e1,2024-04-09 14:00:00,Industrial Area,Storm,Icy,Bicycle,Severe,2,5,High,14
198df0a9,2024-04-09 15:00:00,Residential Zone,Fog,Wet,Motorcycle,Fatal,4,5,Low,15
5074d287,2024-04-09 16:00:00,Highway,Rain,Dry,Car,Fatal,1,8,High,16
6d210f4b,2024-04-09 17:00:00,Suburbs,Storm,Dry,Bus,Moderate,4,4,Moderate,17
cd17986d,2024-04-09 18:00:00,Suburbs,Rain,Icy,Truck,Moderate,4,3,Low,18
106da122,2024-04-09 19:00:00,Highway,Clear,Icy,Truck,Moderate,3,8,Moderate,19
ebf41153,2024-04-09 20:00:00,Industrial Area,Storm,Icy,Car,Moderate,1,6,Low,20
003fcf34,2024-04-09 21:00:00,Downtown,Storm,Wet,Truck,Fatal,1,6,High,21
68422ba2,2024-04-09 22:00:00,Downtown,Snow,Wet,Truck,Minor,4,7,High,22
4b1674c0,2024-04-09 23:00:00,Downtown,Rain,Dry,Truck,Severe,1,6,High,23
491af67f,2024-04-10 00:00:00,Highway,Clear,Dry,Truck,Minor,1,6,High,0
ec44356b,2024-04-10 01:00:00,Industrial Area,Fog,Icy,Motorcycle,Minor,3,0,Low,1
eb41c42b,2024-04-10 02:00:00,Downtown,Rain,Dry,Car,Moderate,3,5,Low,2
b744be77,2024-04-10 03:00:00,Highway,Rain,Under Construction,Bus,Fatal,2,7,High,3
28c0f234,2024-04-10 04:00:00,Suburbs,Storm,Icy,Car,Fatal,4,1,Low,4
01be9970,2024-04-10 05:00:00,Suburbs,Snow,Dry,Truck,Fatal,2,8,Moderate,5
1e2dece8,2024-04-10 06:00:00,Highway,Clear,Icy,Motorcycle,Fatal,3,9,Low,6
d81efeb4,2024-04-10 07:00:00,Highway,Fog,Wet,Bicycle,Severe,4,3,High,7
3c20261d,2024-04-10 08:00:00,Industrial Area,Rain,Wet,Car,Fatal,2,7,High,8
f46c472c,2024-04-10 09:00:00,Highway,Snow,Icy,Bus,Severe,3,2,Moderate,9
c60c17bd,2024-04-10 10:00:00,Industrial Area,Clear,Dry,Truck,Moderate,4,2,Moderate,10
1c68c11a,2024-04-10 11:00:00,Industrial Area,Snow,Under Construction,Motorcycle,Moderate,4,9,Moderate,11
e47c135b,2024-04-10 12:00:00,Downtown,Fog,Dry,Car,Minor,3,6,High,12
741ac0c7,2024-04-10 13:00:00,Industrial Area,Storm,Under Construction,Bus,Moderate,2,7,Low,13
22df1d08,2024-04-10 14:00:00,Industrial Area,Storm,Under Construction,Bicycle,Severe,1,8,Moderate,14
a733db68,2024-04-10 15:00:00,Suburbs,Snow,Under Construction,Bicycle,Severe,4,0,Moderate,15
a573db9a,2024-04-10 16:00:00,Residential Zone,Fog,Under Construction,Bicycle,Severe,1,1,Low,16
d9d806c3,2024-04-10 17:00:00,Suburbs,Clear,Dry,Motorcycle,Fatal,3,9,High,17
3c1e9c35,2024-04-10 18:00:00,Residential Zone,Rain,Dry,Bicycle,Fatal,1,6,Moderate,18
77f548d4,2024-04-10 19:00:00,Downtown,Clear,Under Construction,Motorcycle,Fatal,3,0,Moderate,19
7cf0cb78,2024-04-10 20:00:00,Highway,Clear,Dry,Motorcycle,Severe,4,2,Moderate,20
688fd926,2024-04-10 21:00:00,Residential Zone,Snow,Wet,Truck,Severe,4,8,Moderate,21
cd9946ac,2024-04-10 22:00:00,Highway,Rain,Dry,Car,Moderate,1,2,Moderate,22
efcce8b5,2024-04-10 23:00:00,Suburbs,Storm,Wet,Bus,Minor,4,4,Moderate,23
1f55e187,2024-04-11 00:00:00,Suburbs,Rain,Wet,Motorcycle,Minor,4,6,High,0
251770d4,2024-04-11 01:00:00,Highway,Fog,Under Construction,Bus,Fatal,1,4,Low,1
ee89838f,2024-04-11 02:00:00,Suburbs,Clear,Under Construction,Motorcycle,Minor,3,8,High,2
af5bcf70,2024-04-11 03:00:00,Highway,Rain,Icy,Truck,Severe,3,8,Moderate,3
829a0390,2024-04-11 04:00:00,Suburbs,Fog,Dry,Truck,Severe,2,1,Low,4
09b01435,2024-04-11 05:00:00,Suburbs,Snow,Wet,Car,Minor,1,0,High,5
bbb7201e,2024-04-11 06:00:00,Residential Zone,Rain,Icy,Car,Severe,2,2,High,6
cffce576,2024-04-11 07:00:00,Industrial Area,Fog,Wet,Bus,Moderate,1,2,Moderate,7
78c88441,2024-04-11 08:00:00,Industrial Area,Rain,Dry,Truck,Severe,3,0,High,8
7ea7762a,2024-04-11 09:00:00,Industrial Area,Clear,Icy,Bus,Moderate,3,9,Low,9
1226e87f,2024-04-11 10:00:00,Highway,Clear,Dry,Bicycle,Fatal,3,2,Moderate,10
a3d9c4f3,2024-04-11 11:00:00,Suburbs,Fog,Wet,Bicycle,Moderate,2,1,High,11
c1e95b20,2024-04-11 12:00:00,Downtown,Fog,Dry,Bus,Severe,4,7,High,12
b132ef84,2024-04-11 13:00:00,Industrial Area,Rain,Under Construction,Car,Minor,2,2,Moderate,13
5c7eeade,2024-04-11 14:00:00,Suburbs,Fog,Under Construction,Truck,Minor,4,3,High,14
336b9b84,2024-04-11 15:00:00,Industrial Area,Snow,Wet,Car,Severe,3,3,Low,15
54e0041f,2024-04-11 16:00:00,Residential Zone,Snow,Wet,Truck,Moderate,4,1,Moderate,16
50f694bf,2024-04-11 17:00:00,Residential Zone,Storm,Dry,Truck,Moderate,3,1,Moderate,17
5dcf04e5,2024-04-11 18:00:00,Industrial Area,Clear,Wet,Bicycle,Minor,3,0,Moderate,18
cb65095f,2024-04-11 19:00:00,Industrial Area,Clear,Dry,Motorcycle,Fatal,2,6,Low,19
ddf82d68,2024-04-11 20:00:00,Downtown,Fog,Under Construction,Car,Severe,1,9,High,20
7086c960,2024-04-11 21:00:00,Industrial Area,Storm,Icy,Car,Minor,1,3,Moderate,21
ca5d4a24,2024-04-11 22:00:00,Industrial Area,Rain,Wet,Bicycle,Fatal,4,3,Moderate,22
52875b1e,2024-04-11 23:00:00,Suburbs,Snow,Icy,Bicycle,Severe,4,3,Low,23
7f7ecd81,2024-04-12 00:00:00,Industrial Area,Storm,Dry,Truck,Fatal,2,7,High,0
e815b849,2024-04-12 01:00:00,Residential Zone,Storm,Wet,Car,Moderate,2,2,High,1
cc052f11,2024-04-12 02:00:00,Residential Zone,Storm,Dry,Bus,Minor,3,7,Moderate,2
1a96128b,2024-04-12 03:00:00,Residential Zone,Rain,Icy,Bus,Minor,4,4,Low,3
71260634,2024-04-12 04:00:00,Industrial Area,Rain,Under Construction,Truck,Fatal,3,8,Moderate,4
b6728e9a,2024-04-12 05:00:00,Suburbs,Fog,Dry,Truck,Fatal,2,9,Moderate,5
3ffe2174,2024-04-12 06:00:00,Downtown,Clear,Wet,Bicycle,Minor,1,5,Low,6
9c83d9a7,2024-04-12 07:00:00,Residential Zone,Snow,Dry,Truck,Minor,4,6,High,7
800e3b19,2024-04-12 08:00:00,Industrial Area,Clear,Icy,Bicycle,Severe,4,3,Low,8
09c0bebc,2024-04-12 09:00:00,Downtown,Fog,Icy,Car,Minor,4,8,Low,9
f7d06355,2024-04-12 10:00:00,Residential Zone,Storm,Wet,Bicycle,Moderate,4,8,High,10
c604acc5,2024-04-12 11:00:00,Highway,Rain,Wet,Bicycle,Fatal,3,2,Moderate,11
0c3d386a,2024-04-12 12:00:00,Residential Zone,Clear,Icy,Bus,Severe,1,2,Moderate,12
e30ce7ee,2024-04-12 13:00:00,Suburbs,Clear,Wet,Car,Minor,1,8,Moderate,13
c463edf4,2024-04-12 14:00:00,Residential Zone,Storm,Under Construction,Car,Minor,4,8,High,14
9cb955cd,2024-04-12 15:00:00,Industrial Area,Fog,Icy,Motorcycle,Moderate,2,0,Moderate,15
61ac3c9d,2024-04-12 16:00:00,Suburbs,Fog,Wet,Car,Severe,3,2,Low,16
d620ae63,2024-04-12 17:00:00,Downtown,Snow,Icy,Bicycle,Moderate,4,9,Low,17
a9b5d95b,2024-04-12 18:00:00,Industrial Area,Rain,Under Construction,Car,Fatal,3,5,High,18
69e0954b,2024-04-12 19:00:00,Industrial Area,Rain,Under Construction,Bus,Fatal,4,6,Low,19
177cb9cc,2024-04-12 20:00:00,Industrial Area,Storm,Wet,Bicycle,Fatal,1,8,Moderate,20
fff9eed6,2024-04-12 21:00:00,Industrial Area,Rain,Wet,Car,Minor,4,5,Moderate,21
a751e28a,2024-04-12 22:00:00,Highway,Snow,Wet,Truck,Severe,2,6,Moderate,22
6175c438,2024-04-12 23:00:00,Residential Zone,Storm,Dry,Truck,Fatal,4,7,Moderate,23
e9711bc5,2024-04-13 00:00:00,Suburbs,Storm,Dry,Motorcycle,Minor,4,9,High,0
ad448a60,2024-04-13 01:00:00,Residential Zone,Fog,Icy,Bus,Severe,2,6,High,1
bc5e4c3a,2024-04-13 02:00:00,Industrial Area,Fog,Dry,Truck,Moderate,4,1,Moderate,2
9258f035,2024-04-13 03:00:00,Downtown,Rain,Icy,Bicycle,Moderate,4,9,High,3
4c2ea571,2024-04-13 04:00:00,Downtown,Storm,Dry,Motorcycle,Minor,4,1,High,4
5f3371f9,2024-04-13 05:00:00,Downtown,Clear,Dry,Car,Severe,4,5,High,5
89b7e36c,2024-04-13 06:00:00,Residential Zone,Fog,Under Construction,Bicycle,Severe,4,3,Moderate,6
3ff239a0,2024-04-13 07:00:00,Residential Zone,Clear,Under Construction,Car,Severe,1,7,Low,7
e107303a,2024-04-13 08:00:00,Highway,Rain,Icy,Truck,Moderate,4,1,High,8
25572f1b,2024-04-13 09:00:00,Downtown,Clear,Icy,Bus,Severe,3,7,Low,9
c3839a64,2024-04-13 10:00:00,Highway,Fog,Under Construction,Motorcycle,Minor,3,2,Low,10
65bed36e,2024-04-13 11:00:00,Suburbs,Storm,Icy,Motorcycle,Moderate,3,8,High,11
7c9c743a,2024-04-13 12:00:00,Residential Zone,Clear,Dry,Bus,Fatal,4,8,Moderate,12
85cea212,2024-04-13 13:00:00,Downtown,Rain,Dry,Car,Moderate,3,8,High,13
cf2af027,2024-04-13 14:00:00,Industrial Area,Rain,Wet,Truck,Fatal,4,8,High,14
58e166f4,2024-04-13 15:00:00,Highway,Fog,Dry,Bicycle,Severe,4,5,Low,15
555cc54b,2024-04-13 16:00:00,Residential Zone,Fog,Dry,Truck,Fatal,2,2,Moderate,16
d2938e35,2024-04-13 17:00:00,Suburbs,Storm,Wet,Bus,Minor,4,2,Low,17
99929cb8,2024-04-13 18:00:00,Suburbs,Rain,Icy,Bus,Fatal,3,3,Moderate,18
d4e369f6,2024-04-13 19:00:00,Downtown,Clear,Icy,Bus,Fatal,4,1,Low,19
82c424dd,2024-04-13 20:00:00,Downtown,Clear,Dry,Bicycle,Fatal,1,4,Low,20
981e8170,2024-04-13 21:00:00,Downtown,Clear,Dry,Bicycle,Minor,1,8,Moderate,21
378d183f,2024-04-13 22:00:00,Industrial Area,Fog,Icy,Motorcycle,Fatal,4,1,Moderate,22
da9032bc,2024-04-13 23:00:00,Downtown,Storm,Wet,Bicycle,Minor,1,9,Moderate,23
aedfdfd6,2024-04-14 00:00:00,Suburbs,Fog,Icy,Bus,Fatal,1,2,High,0
7ba081db,2024-04-14 01:00:00,Highway,Clear,Icy,Motorcycle,Fatal,4,3,Moderate,1
73abf2df,2024-04-14 02:00:00,Suburbs,Storm,Wet,Truck,Minor,4,7,High,2
a5753a98,2024-04-14 03:00:00,Highway,Storm,Under Construction,Truck,Fatal,3,3,High,3
c239d91f,2024-04-14 04:00:00,Suburbs,Rain,Icy,Bicycle,Minor,4,9,Moderate,4
3f07dba8,2024-04-14 05:00:00,Suburbs,Storm,Under Construction,Motorcycle,Moderate,4,4,High,5
04c2cc3a,2024-04-14 06:00:00,Residential Zone,Fog,Under Construction,Car,Moderate,1,0,Moderate,6
76b31343,2024-04-14 07:00:00,Suburbs,Clear,Under Construction,Bus,Severe,2,5,High,7
bd1ec256,2024-04-14 08:00:00,Residential Zone,Clear,Under Construction,Motorcycle,Minor,1,7,Moderate,8
a024c5b5,2024-04-14 09:00:00,Highway,Snow,Dry,Bus,Fatal,3,6,Low,9
5fe4f4e4,2024-04-14 10:00:00,Suburbs,Fog,Dry,Motorcycle,Severe,4,3,Moderate,10
0a0a1d53,2024-04-14 11:00:00,Suburbs,Rain,Dry,Bus,Moderate,2,5,Low,11
99be97d4,2024-04-14 12:00:00,Downtown,Clear,Icy,Bicycle,Severe,2,6,Low,12
fb78add2,2024-04-14 13:00:00,Industrial Area,Rain,Icy,Bus,Moderate,2,6,Low,13
18598886,2024-04-14 14:00:00,Industrial Area,Storm,Wet,Truck,Severe,2,6,Moderate,14
fa95c84f,2024-04-14 15:00:00,Industrial Area,Storm,Wet,Truck,Minor,1,2,Moderate,15
1571618c,2024-04-14 16:00:00,Residential Zone,Fog,Icy,Motorcycle,Severe,3,8,Moderate,16
c36c63c2,2024-04-14 17:00:00,Industrial Area,Storm,Icy,Truck,Severe,3,1,Low,17
730b71f0,2024-04-14 18:00:00,Industrial Area,Rain,Wet,Truck,Minor,4,4,Moderate,18
5b0b0f8d,2024-04-14 19:00:00,Residential Zone,Clear,Wet,Bus,Moderate,2,1,Moderate,19
77107dab,2024-04-14 20:00:00,Highway,Fog,Under Construction,Motorcycle,Severe,4,0,Low,20
892f81d1,2024-04-14 21:00:00,Highway,Fog,Dry,Car,Severe,3,7,High,21
68f542a5,2024-04-14 22:00:00,Highway,Storm,Wet,Truck,Moderate,3,4,High,22
0138f551,2024-04-14 23:00:00,Residential Zone,Clear,Under Construction,Bus,Moderate,2,4,High,23
8dbb26e8,2024-04-15 00:00:00,Residential Zone,Fog,Icy,Truck,Moderate,3,3,Moderate,0
4c7a582d,2024-04-15 01:00:00,Downtown,Rain,Wet,Truck,Fatal,3,1,Moderate,1
c7c209b6,2024-04-15 02:00:00,Downtown,Rain,Dry,Truck,Minor,2,0,Moderate,2
9759da03,2024-04-15 03:00:00,Highway,Storm,Wet,Truck,Fatal,1,8,High,3
33ad9a32,2024-04-15 04:00:00,Residential Zone,Storm,Under Construction,Bicycle,Moderate,4,4,High,4
0452404f,2024-04-15 05:00:00,Suburbs,Rain,Dry,Car,Severe,4,0,Moderate,5
e4b8a5c4,2024-04-15 06:00:00,Suburbs,Storm,Dry,Car,Severe,2,3,Low,6
5cb4e1ec,2024-04-15 07:00:00,Suburbs,Rain,Dry,Car,Moderate,1,9,High,7
126df3cc,2024-04-15 08:00:00,Residential Zone,Snow,Dry,Car,Severe,2,4,Moderate,8
69f8f58c,2024-04-15 09:00:00,Downtown,Storm,Under Construction,Motorcycle,Fatal,4,4,Low,9
b3b22de0,2024-04-15 10:00:00,Residential Zone,Rain,Icy,Motorcycle,Moderate,4,5,Low,10
70790f51,2024-04-15 11:00:00,Suburbs,Fog,Under Construction,Motorcycle,Minor,2,6,Low,11
4df293e0,2024-04-15 12:00:00,Residential Zone,Fog,Under Construction,Truck,Moderate,1,6,Moderate,12
ed11c2bb,2024-04-15 13:00:00,Residential Zone,Snow,Dry,Truck,Severe,2,6,Low,13
3978ece7,2024-04-15 14:00:00,Suburbs,Clear,Icy,Motorcycle,Severe,4,8,Moderate,14
d631a82f,2024-04-15 15:00:00,Suburbs,Snow,Under Construction,Car,Fatal,4,2,Moderate,15
005d6281,2024-04-15 16:00:00,Highway,Fog,Icy,Motorcycle,Severe,2,6,High,16
bd53de24,2024-04-15 17:00:00,Industrial Area,Storm,Under Construction,Bus,Minor,2,1,Low,17
7f3ad6ab,2024-04-15 18:00:00,Residential Zone,Snow,Dry,Motorcycle,Severe,3,7,Moderate,18
2d46cbf9,2024-04-15 19:00:00,Suburbs,Fog,Under Construction,Truck,Moderate,3,4,Moderate,19
d2413b9c,2024-04-15 20:00:00,Downtown,Snow,Dry,Bus,Severe,4,0,Moderate,20
3cb546a8,2024-04-15 21:00:00,Suburbs,Clear,Icy,Bicycle,Fatal,4,2,Moderate,21
02c4c883,2024-04-15 22:00:00,Highway,Snow,Wet,Bus,Minor,1,3,High,22
ce82bdcc,2024-04-15 23:00:00,Residential Zone,Clear,Dry,Bicycle,Severe,4,7,High,23
b68a98e9,2024-04-16 00:00:00,Residential Zone,Storm,Icy,Truck,Fatal,2,9,High,0
3695643c,2024-04-16 01:00:00,Highway,Rain,Wet,Truck,Severe,3,4,High,1
79a0c35c,2024-04-16 02:00:00,Highway,Fog,Icy,Bicycle,Minor,1,6,Moderate,2
6d90e284,2024-04-16 03:00:00,Highway,Fog,Under Construction,Car,Moderate,1,4,High,3
e5815118,2024-04-16 04:00:00,Downtown,Snow,Icy,Bicycle,Moderate,4,3,High,4
82f9080a,2024-04-16 05:00:00,Residential Zone,Storm,Wet,Car,Moderate,1,2,Moderate,5
4e6b189e,2024-04-16 06:00:00,Downtown,Fog,Under Construction,Car,Minor,1,5,High,6
7357255b,2024-04-16 07:00:00,Downtown,Rain,Under Construction,Bus,Moderate,4,1,Moderate,7
d6b5bef4,2024-04-16 08:00:00,Residential Zone,Snow,Dry,Motorcycle,Moderate,2,4,Moderate,8
211829b0,2024-04-16 09:00:00,Downtown,Fog,Under Construction,Truck,Moderate,4,9,High,9
2d37a986,2024-04-16 10:00:00,Industrial Area,Storm,Under Construction,Bicycle,Minor,3,0,Moderate,10
7e36ab14,2024-04-16 11:00:00,Industrial Area,Storm,Under Construction,Bus,Moderate,3,6,Low,11
57fa534e,2024-04-16 12:00:00,Suburbs,Snow,Under Construction,Motorcycle,Fatal,4,1,Moderate,12
67d78a6d,2024-04-16 13:00:00,Highway,Storm,Under Construction,Motorcycle,Moderate,4,1,Moderate,13
c2e9b1b6,2024-04-16 14:00:00,Downtown,Storm,Dry,Bus,Severe,3,2,High,14
a2c16a82,2024-04-16 15:00:00,Industrial Area,Snow,Under Construction,Bicycle,Minor,1,3,High,15
41dad19e,2024-04-16 16:00:00,Residential Zone,Fog,Wet,Truck,Fatal,1,3,Moderate,16
ebac78c2,2024-04-16 17:00:00,Highway,Snow,Icy,Motorcycle,Severe,3,9,High,17
3d18b459,2024-04-16 18:00:00,Industrial Area,Snow,Dry,Truck,Fatal,2,7,Moderate,18
f6aff930,2024-04-16 19:00:00,Suburbs,Storm,Dry,Bus,Minor,3,4,High,19
18332880,2024-04-16 20:00:00,Downtown,Clear,Wet,Bicycle,Moderate,2,3,Moderate,20
9c6185cd,2024-04-16 21:00:00,Residential Zone,Storm,Wet,Motorcycle,Fatal,2,5,Moderate,21
58cda268,2024-04-16 22:00:00,Highway,Fog,Under Construction,Bus,Minor,1,3,Low,22
39cc3b24,2024-04-16 23:00:00,Suburbs,Clear,Under Construction,Bus,Severe,1,1,Low,23
bf8cbc80,2024-04-17 00:00:00,Suburbs,Rain,Icy,Bus,Moderate,2,0,Moderate,0
a9dc7247,2024-04-17 01:00:00,Highway,Snow,Icy,Car,Minor,3,7,Moderate,1
da716549,2024-04-17 02:00:00,Residential Zone,Storm,Dry,Motorcycle,Fatal,4,6,Moderate,2
1bfd9d01,2024-04-17 03:00:00,Industrial Area,Storm,Dry,Motorcycle,Severe,2,4,Moderate,3
333b64c6,2024-04-17 04:00:00,Downtown,Rain,Icy,Truck,Moderate,1,4,High,4
2b2cb106,2024-04-17 05:00:00,Industrial Area,Storm,Dry,Motorcycle,Moderate,4,2,High,5
8dfa6653,2024-04-17 06:00:00,Suburbs,Rain,Dry,Car,Moderate,3,4,Moderate,6
7a2f79c0,2024-04-17 07:00:00,Highway,Snow,Icy,Motorcycle,Severe,4,3,Low,7
160d4699,2024-04-17 08:00:00,Highway,Snow,Under Construction,Truck,Minor,2,8,High,8
a6ccd2ef,2024-04-17 09:00:00,Downtown,Rain,Wet,Bicycle,Fatal,1,4,High,9
fdc7a75c,2024-04-17 10:00:00,Residential Zone,Fog,Icy,Motorcycle,Fatal,1,8,Moderate,10
d79f3f84,2024-04-17 11:00:00,Industrial Area,Storm,Dry,Car,Severe,3,2,Moderate,11
40fa0d7c,2024-04-17 12:00:00,Industrial Area,Fog,Dry,Car,Fatal,4,0,Low,12
f6fe88e0,2024-04-17 13:00:00,Downtown,Rain,Under Construction,Car,Minor,3,7,Low,13
8fa50b22,2024-04-17 14:00:00,Residential Zone,Storm,Wet,Bus,Minor,4,1,Moderate,14
94fdaf5c,2024-04-17 15:00:00,Downtown,Fog,Wet,Truck,Severe,2,6,High,15
a137f4ea,2024-04-17 16:00:00,Suburbs,Clear,Wet,Car,Minor,4,2,Low,16
736965de,2024-04-17 17:00:00,Suburbs,Snow,Dry,Bicycle,Fatal,4,0,Moderate,17
842bc32a,2024-04-17 18:00:00,Industrial Area,Clear,Under Construction,Bicycle,Severe,1,9,High,18
b1736b5e,2024-04-17 19:00:00,Downtown,Clear,Dry,Bicycle,Minor,2,1,High,19
8bca94f4,2024-04-17 20:00:00,Suburbs,Fog,Wet,Bicycle,Moderate,1,8,High,20
a132c800,2024-04-17 21:00:00,Highway,Rain,Wet,Bicycle,Minor,3,1,Low,21
841fa6ec,2024-04-17 22:00:00,Industrial Area,Clear,Wet,Bus,Minor,4,4,Low,22
c68d53db,2024-04-17 23:00:00,Industrial Area,Clear,Dry,Truck,Moderate,4,6,Moderate,23
89b48d85,2024-04-18 00:00:00,Residential Zone,Rain,Under Construction,Car,Severe,3,3,Low,0
aef47441,2024-04-18 01:00:00,Downtown,Fog,Wet,Truck,Severe,4,7,Low,1
683e5195,2024-04-18 02:00:00,Downtown,Snow,Dry,Truck,Severe,2,0,High,2
43de0681,2024-04-18 03:00:00,Suburbs,Snow,Wet,Bus,Minor,2,5,Low,3
e326638a,2024-04-18 04:00:00,Downtown,Rain,Wet,Truck,Fatal,4,2,Low,4
f0dbf966,2024-04-18 05:00:00,Downtown,Fog,Wet,Bus,Severe,2,6,Low,5
875b2a5a,2024-04-18 06:00:00,Suburbs,Storm,Dry,Bus,Severe,2,4,Low,6
25ff46b1,2024-04-18 07:00:00,Highway,Storm,Under Construction,Truck,Severe,4,7,Moderate,7
fe8ebf7a,2024-04-18 08:00:00,Downtown,Rain,Icy,Motorcycle,Moderate,4,6,Moderate,8
9c53ea53,2024-04-18 09:00:00,Residential Zone,Storm,Wet,Truck,Fatal,2,3,Low,9
213855f3,2024-04-18 10:00:00,Residential Zone,Fog,Under Construction,Motorcycle,Minor,2,2,Low,10
d72050f0,2024-04-18 11:00:00,Suburbs,Clear,Wet,Bus,Severe,1,0,Low,11
9292bda7,2024-04-18 12:00:00,Suburbs,Snow,Dry,Bicycle,Moderate,2,4,Low,12
98cc4bf6,2024-04-18 13:00:00,Residential Zone,Clear,Wet,Motorcycle,Moderate,2,4,Moderate,13
3f06cd47,2024-04-18 14:00:00,Suburbs,Rain,Wet,Motorcycle,Severe,2,6,High,14
6f00e297,2024-04-18 15:00:00,Highway,Fog,Under Construction,Bus,Severe,1,8,Moderate,15
382fba58,2024-04-18 16:00:00,Highway,Snow,Dry,Bus,Moderate,1,5,High,16
7cb9d409,2024-04-18 17:00:00,Residential Zone,Fog,Dry,Car,Moderate,2,2,Moderate,17
8ca5ea0b,2024-04-18 18:00:00,Suburbs,Fog,Under Construction,Car,Minor,4,3,High,18
2b2edd0d,2024-04-18 19:00:00,Residential Zone,Clear,Dry,Bicycle,Severe,4,0,Moderate,19
6a556f39,2024-04-18 20:00:00,Industrial Area,Snow,Dry,Motorcycle,Fatal,2,3,Moderate,20
61f7f56e,2024-04-18 21:00:00,Highway,Fog,Dry,Truck,Minor,1,2,Low,21
a25b5ea9,2024-04-18 22:00:00,Downtown,Rain,Under Construction,Bus,Moderate,3,6,Moderate,22
bf7edf54,2024-04-18 23:00:00,Residential Zone,Clear,Under Construction,Bus,Moderate,4,5,High,23
dcf4d8a0,2024-04-19 00:00:00,Downtown,Fog,Icy,Bus,Severe,3,6,High,0
3ebbeadb,2024-04-19 01:00:00,Residential Zone,Rain,Wet,Bicycle,Severe,1,1,High,1
3af2a43c,2024-04-19 02:00:00,Highway,Snow,Dry,Motorcycle,Moderate,3,7,Moderate,2
85eceda0,2024-04-19 03:00:00,Highway,Snow,Dry,Truck,Severe,2,6,Moderate,3
6f7551b9,2024-04-19 04:00:00,Downtown,Clear,Icy,Motorcycle,Minor,4,3,High,4
afbb4e56,2024-04-19 05:00:00,Suburbs,Storm,Under Construction,Truck,Minor,3,7,Moderate,5
8b41b6d5,2024-04-19 06:00:00,Residential Zone,Rain,Wet,Bicycle,Minor,1,8,Low,6
b466edfb,2024-04-19 07:00:00,Residential Zone,Snow,Under Construction,Motorcycle,Fatal,2,3,High,7
212905f0,2024-04-19 08:00:00,Downtown,Snow,Wet,Motorcycle,Moderate,2,8,High,8
cfdb6ba1,2024-04-19 09:00:00,Suburbs,Clear,Icy,Motorcycle,Minor,3,8,Moderate,9
9c82b960,2024-04-19 10:00:00,Highway,Snow,Icy,Car,Moderate,4,8,Moderate,10
d161c6b9,2024-04-19 11:00:00,Industrial Area,Snow,Wet,Truck,Minor,3,6,High,11
3a7994c7,2024-04-19 12:00:00,Residential Zone,Fog,Under Construction,Car,Moderate,3,5,High,12
c7c58735,2024-04-19 13:00:00,Suburbs,Clear,Icy,Bus,Minor,4,4,Moderate,13
c6e9de8e,2024-04-19 14:00:00,Residential Zone,Fog,Wet,Motorcycle,Minor,1,0,High,14
43b05c1c,2024-04-19 15:00:00,Highway,Fog,Under Construction,Car,Fatal,1,9,Moderate,15
f1fafa5c,2024-04-19 16:00:00,Industrial Area,Clear,Dry,Bicycle,Moderate,1,3,High,16
30b5162d,2024-04-19 17:00:00,Suburbs,Rain,Icy,Bus,Severe,3,0,High,17
a05fded7,2024-04-19 18:00:00,Residential Zone,Fog,Wet,Motorcycle,Moderate,2,8,Low,18
6c2ea03e,2024-04-19 19:00:00,Downtown,Fog,Icy,Truck,Moderate,2,7,High,19
d62738c1,2024-04-19 20:00:00,Suburbs,Snow,Under Construction,Car,Minor,3,1,Low,20
6ffd2685,2024-04-19 21:00:00,Downtown,Clear,Icy,Bicycle,Moderate,2,9,Low,21
78174231,2024-04-19 22:00:00,Suburbs,Rain,Under Construction,Truck,Severe,4,1,Moderate,22
1ba11f71,2024-04-19 23:00:00,Highway,Rain,Dry,Bus,Moderate,4,5,Low,23
b5e82792,2024-04-20 00:00:00,Industrial Area,Rain,Dry,Motorcycle,Severe,1,1,High,0
73db0f50,2024-04-20 01:00:00,Highway,Snow,Icy,Truck,Fatal,1,6,High,1
11d6a891,2024-04-20 02:00:00,Suburbs,Fog,Icy,Motorcycle,Fatal,1,7,Low,2
22d92401,2024-04-20 03:00:00,Residential Zone,Storm,Dry,Bicycle,Severe,2,3,Low,3
c4cc0ec6,2024-04-20 04:00:00,Suburbs,Fog,Wet,Bicycle,Fatal,2,7,High,4
9c1ba35b,2024-04-20 05:00:00,Residential Zone,Fog,Under Construction,Motorcycle,Severe,1,8,Low,5
639a1ca4,2024-04-20 06:00:00,Industrial Area,Fog,Wet,Motorcycle,Severe,2,0,Moderate,6
5ed94cc7,2024-04-20 07:00:00,Downtown,Clear,Wet,Motorcycle,Moderate,1,7,Low,7
42e74f15,2024-04-20 08:00:00,Downtown,Fog,Wet,Bicycle,Fatal,4,1,High,8
2802d627,2024-04-20 09:00:00,Downtown,Rain,Icy,Truck,Moderate,3,6,Moderate,9
ca7b8ae9,2024-04-20 10:00:00,Highway,Storm,Dry,Truck,Fatal,1,8,Moderate,10
75195a68,2024-04-20 11:00:00,Industrial Area,Clear,Icy,Bus,Fatal,4,6,Moderate,11
816c000a,2024-04-20 12:00:00,Suburbs,Storm,Icy,Car,Minor,3,1,Moderate,12
7e66e309,2024-04-20 13:00:00,Downtown,Snow,Wet,Motorcycle,Severe,2,7,Moderate,13
5ce919e8,2024-04-20 14:00:00,Industrial Area,Fog,Under Construction,Truck,Minor,3,2,Moderate,14
3e1145e2,2024-04-20 15:00:00,Highway,Clear,Icy,Car,Fatal,4,8,Low,15
48c33bd7,2024-04-20 16:00:00,Industrial Area,Fog,Dry,Truck,Severe,4,5,Low,16
5dde6c50,2024-04-20 17:00:00,Downtown,Fog,Under Construction,Motorcycle,Severe,1,9,High,17
904f78b2,2024-04-20 18:00:00,Industrial Area,Clear,Wet,Bicycle,Fatal,2,6,Moderate,18
d4a1cea0,2024-04-20 19:00:00,Downtown,Storm,Icy,Bus,Severe,4,1,Moderate,19
47d34b03,2024-04-20 20:00:00,Highway,Fog,Under Construction,Bicycle,Minor,3,1,Low,20
f80c24c8,2024-04-20 21:00:00,Industrial Area,Fog,Dry,Motorcycle,Severe,1,6,Moderate,21
e003de48,2024-04-20 22:00:00,Industrial Area,Snow,Icy,Bus,Fatal,2,2,High,22
19d5e39b,2024-04-20 23:00:00,Industrial Area,Snow,Dry,Motorcycle,Minor,1,6,Low,23
06cbe003,2024-04-21 00:00:00,Highway,Clear,Wet,Car,Minor,2,3,Moderate,0
a96ce001,2024-04-21 01:00:00,Suburbs,Fog,Wet,Bus,Fatal,3,2,High,1
4ef382cd,2024-04-21 02:00:00,Industrial Area,Rain,Under Construction,Car,Fatal,2,1,Moderate,2
ab3fe1fd,2024-04-21 03:00:00,Industrial Area,Clear,Wet,Truck,Fatal,3,1,Low,3
a737ae9c,2024-04-21 04:00:00,Suburbs,Fog,Dry,Bus,Fatal,2,6,Low,4
65be6e98,2024-04-21 05:00:00,Industrial Area,Snow,Icy,Car,Minor,2,7,Low,5
1df525e3,2024-04-21 06:00:00,Suburbs,Clear,Under Construction,Car,Fatal,2,0,Low,6
f2ad3633,2024-04-21 07:00:00,Industrial Area,Rain,Under Construction,Bicycle,Moderate,2,6,Moderate,7
c91ee1b8,2024-04-21 08:00:00,Highway,Fog,Wet,Truck,Minor,3,5,Moderate,8
3dc612d1,2024-04-21 09:00:00,Industrial Area,Storm,Wet,Bus,Fatal,2,2,Moderate,9
e3c4cf95,2024-04-21 10:00:00,Downtown,Fog,Icy,Truck,Severe,2,8,High,10
eb712944,2024-04-21 11:00:00,Industrial Area,Storm,Wet,Car,Severe,3,5,Moderate,11
4ddef2c4,2024-04-21 12:00:00,Highway,Storm,Dry,Truck,Minor,4,2,Moderate,12
7ba44bf0,2024-04-21 13:00:00,Highway,Snow,Under Construction,Car,Moderate,2,8,Low,13
9b8c1ef9,2024-04-21 14:00:00,Highway,Snow,Icy,Truck,Severe,2,6,Moderate,14
c4a63ef2,2024-04-21 15:00:00,Residential Zone,Fog,Wet,Motorcycle,Fatal,3,7,Low,15
acba42b6,2024-04-21 16:00:00,Industrial Area,Clear,Wet,Bus,Fatal,4,4,High,16
5ea2a722,2024-04-21 17:00:00,Suburbs,Clear,Dry,Bus,Severe,3,8,Moderate,17
a477db4c,2024-04-21 18:00:00,Residential Zone,Rain,Under Construction,Bus,Moderate,3,2,High,18
3fe717c8,2024-04-21 19:00:00,Suburbs,Rain,Under Construction,Car,Moderate,2,7,High,19
8966617c,2024-04-21 20:00:00,Downtown,Clear,Wet,Bicycle,Severe,4,8,High,20
7e795f84,2024-04-21 21:00:00,Industrial Area,Snow,Icy,Bicycle,Severe,4,5,Low,21
7965a0ff,2024-04-21 22:00:00,Downtown,Fog,Icy,Motorcycle,Minor,3,6,Low,22
86b5143b,2024-04-21 23:00:00,Downtown,Fog,Under Construction,Truck,Severe,2,1,Low,23
ea9149eb,2024-04-22 00:00:00,Industrial Area,Storm,Wet,Bicycle,Fatal,1,1,Moderate,0
88b695bc,2024-04-22 01:00:00,Downtown,Fog,Icy,Car,Fatal,4,3,High,1
5db03ca5,2024-04-22 02:00:00,Downtown,Rain,Under Construction,Car,Moderate,2,5,Moderate,2
3e4e68ad,2024-04-22 03:00:00,Residential Zone,Storm,Dry,Car,Severe,1,2,Moderate,3
a241af36,2024-04-22 04:00:00,Suburbs,Storm,Under Construction,Truck,Severe,2,4,High,4
90aea39d,2024-04-22 05:00:00,Residential Zone,Fog,Dry,Bus,Minor,2,3,Low,5
2c93e6c5,2024-04-22 06:00:00,Residential Zone,Snow,Wet,Truck,Moderate,1,9,High,6
702ce67e,2024-04-22 07:00:00,Suburbs,Storm,Dry,Truck,Minor,2,9,Low,7
7daf8b86,2024-04-22 08:00:00,Residential Zone,Clear,Dry,Car,Minor,4,4,High,8
62d84517,2024-04-22 09:00:00,Residential Zone,Rain,Under Construction,Motorcycle,Minor,2,4,High,9
58530485,2024-04-22 10:00:00,Highway,Rain,Under Construction,Truck,Moderate,4,3,Moderate,10
071004e6,2024-04-22 11:00:00,Downtown,Clear,Dry,Car,Fatal,2,3,Low,11
f1e3f136,2024-04-22 12:00:00,Industrial Area,Storm,Under Construction,Bus,Minor,4,6,Moderate,12
9e7397b7,2024-04-22 13:00:00,Residential Zone,Snow,Under Construction,Motorcycle,Severe,4,1,Moderate,13
a863df6a,2024-04-22 14:00:00,Highway,Rain,Under Construction,Car,Minor,2,0,Low,14
ce78add5,2024-04-22 15:00:00,Industrial Area,Snow,Dry,Bus,Minor,4,5,High,15
db65c6fd,2024-04-22 16:00:00,Highway,Fog,Wet,Bicycle,Fatal,2,6,High,16
34bc30ce,2024-04-22 17:00:00,Residential Zone,Fog,Under Construction,Motorcycle,Severe,3,7,High,17
c670f44b,2024-04-22 18:00:00,Downtown,Storm,Dry,Truck,Severe,3,4,Moderate,18
a3ea1d45,2024-04-22 19:00:00,Highway,Snow,Wet,Car,Moderate,3,7,Moderate,19
6f4cf63b,2024-04-22 20:00:00,Suburbs,Rain,Dry,Bus,Minor,1,6,High,20
4b0f5b29,2024-04-22 21:00:00,Highway,Snow,Wet,Bus,Moderate,2,9,Low,21
87dc8e48,2024-04-22 22:00:00,Industrial Area,Fog,Dry,Bicycle,Minor,2,6,Low,22
b231ea8d,2024-04-22 23:00:00,Highway,Fog,Wet,Motorcycle,Severe,4,4,High,23
ed5603ed,2024-04-23 00:00:00,Residential Zone,Storm,Icy,Bus,Severe,4,2,Moderate,0
518d973b,2024-04-23 01:00:00,Residential Zone,Clear,Under Construction,Car,Fatal,2,1,Moderate,1
3c556df1,2024-04-23 02:00:00,Residential Zone,Rain,Wet,Motorcycle,Severe,3,7,Moderate,2
bbbf375e,2024-04-23 03:00:00,Highway,Storm,Wet,Bus,Moderate,4,7,Moderate,3
26afa99d,2024-04-23 04:00:00,Highway,Snow,Wet,Truck,Minor,2,7,Low,4
bd6d6b9f,2024-04-23 05:00:00,Industrial Area,Snow,Wet,Truck,Severe,4,8,High,5
1d39cb99,2024-04-23 06:00:00,Highway,Storm,Dry,Bicycle,Fatal,1,4,Low,6
f6ce7dfb,2024-04-23 07:00:00,Residential Zone,Snow,Dry,Bus,Severe,4,1,Moderate,7
b7c9c3b7,2024-04-23 08:00:00,Highway,Snow,Under Construction,Truck,Moderate,2,5,Moderate,8
6254fb4f,2024-04-23 09:00:00,Residential Zone,Rain,Icy,Bicycle,Fatal,1,3,High,9
121925f3,2024-04-23 10:00:00,Downtown,Clear,Wet,Truck,Moderate,2,0,High,10
fa9a9759,2024-04-23 11:00:00,Downtown,Storm,Dry,Bus,Fatal,2,6,Moderate,11
0c047ad9,2024-04-23 12:00:00,Industrial Area,Rain,Dry,Bicycle,Fatal,4,0,Moderate,12
3dfe36a1,2024-04-23 13:00:00,Highway,Snow,Dry,Bus,Minor,3,7,High,13
025d7dac,2024-04-23 14:00:00,Highway,Rain,Icy,Car,Minor,3,2,Low,14
c3c25e1b,2024-04-23 15:00:00,Highway,Rain,Under Construction,Motorcycle,Fatal,1,7,Low,15
4b589330,2024-04-23 16:00:00,Highway,Snow,Wet,Motorcycle,Moderate,3,6,Moderate,16
3f499cae,2024-04-23 17:00:00,Downtown,Storm,Under Construction,Bicycle,Minor,3,1,Moderate,17
93f03ee4,2024-04-23 18:00:00,Residential Zone,Rain,Wet,Motorcycle,Severe,3,5,Moderate,18
9bf4bac9,2024-04-23 19:00:00,Suburbs,Fog,Wet,Bus,Moderate,4,2,Moderate,19
12e3bca3,2024-04-23 20:00:00,Industrial Area,Rain,Dry,Motorcycle,Severe,1,9,Low,20
257ef0e6,2024-04-23 21:00:00,Residential Zone,Rain,Dry,Car,Fatal,4,3,Moderate,21
65ada3d3,2024-04-23 22:00:00,Highway,Storm,Icy,Motorcycle,Severe,4,8,Low,22
682ac429,2024-04-23 23:00:00,Industrial Area,Rain,Wet,Truck,Minor,1,4,Low,23
f4954843,2024-04-24 00:00:00,Residential Zone,Rain,Icy,Bus,Moderate,1,7,High,0
145cf2c8,2024-04-24 01:00:00,Downtown,Clear,Icy,Motorcycle,Minor,3,8,High,1
cdeeba15,2024-04-24 02:00:00,Industrial Area,Fog,Under Construction,Truck,Severe,2,7,Moderate,2
bc8f9207,2024-04-24 03:00:00,Industrial Area,Rain,Wet,Truck,Fatal,3,2,High,3
daa95ea8,2024-04-24 04:00:00,Highway,Clear,Under Construction,Car,Moderate,4,1,Moderate,4
806dca73,2024-04-24 05:00:00,Industrial Area,Storm,Dry,Truck,Moderate,1,9,High,5
827c1c5f,2024-04-24 06:00:00,Downtown,Clear,Icy,Car,Fatal,4,3,Moderate,6
1c3ebcd0,2024-04-24 07:00:00,Downtown,Rain,Dry,Bicycle,Severe,3,5,Low,7
410abed7,2024-04-24 08:00:00,Suburbs,Clear,Dry,Car,Minor,4,2,High,8
73eff0f5,2024-04-24 09:00:00,Suburbs,Storm,Dry,Bus,Fatal,4,5,High,9
d9eb0b07,2024-04-24 10:00:00,Highway,Rain,Under Construction,Car,Minor,4,8,Low,10
6d819976,2024-04-24 11:00:00,Suburbs,Storm,Wet,Bus,Minor,3,6,Moderate,11
227e5b0f,2024-04-24 12:00:00,Suburbs,Rain,Dry,Truck,Fatal,4,5,High,12
45b4c717,2024-04-24 13:00:00,Highway,Rain,Icy,Truck,Severe,2,3,High,13
1f35fa45,2024-04-24 14:00:00,Industrial Area,Storm,Wet,Truck,Moderate,2,3,High,14
c775ed83,2024-04-24 15:00:00,Residential Zone,Clear,Wet,Car,Fatal,2,5,Low,15
6d98428a,2024-04-24 16:00:00,Suburbs,Snow,Dry,Bicycle,Fatal,3,1,High,16
d300b393,2024-04-24 17:00:00,Residential Zone,Rain,Dry,Car,Severe,3,9,Moderate,17
dcab9aaf,2024-04-24 18:00:00,Downtown,Rain,Icy,Bus,Severe,1,8,Moderate,18
3d5ca436,2024-04-24 19:00:00,Highway,Clear,Wet,Bicycle,Severe,3,5,Low,19
0ded0cd6,2024-04-24 20:00:00,Residential Zone,Fog,Dry,Bus,Moderate,3,1,High,20
466b03f6,2024-04-24 21:00:00,Suburbs,Storm,Icy,Bicycle,Severe,1,3,High,21
fb0f2946,2024-04-24 22:00:00,Suburbs,Rain,Wet,Truck,Minor,3,1,Low,22
4cc7409e,2024-04-24 23:00:00,Residential Zone,Snow,Icy,Bicycle,Fatal,1,4,High,23
6fb141ba,2024-04-25 00:00:00,Downtown,Snow,Under Construction,Bicycle,Moderate,1,2,Moderate,0
21ffc720,2024-04-25 01:00:00,Suburbs,Snow,Dry,Bicycle,Moderate,1,8,High,1
0189b817,2024-04-25 02:00:00,Downtown,Snow,Icy,Car,Fatal,4,9,Moderate,2
cdd2f678,2024-04-25 03:00:00,Industrial Area,Rain,Under Construction,Motorcycle,Severe,1,0,Low,3
2346eafb,2024-04-25 04:00:00,Suburbs,Snow,Icy,Bus,Minor,1,9,Low,4
2e628160,2024-04-25 05:00:00,Downtown,Storm,Wet,Truck,Severe,2,4,High,5
dc2a1a78,2024-04-25 06:00:00,Highway,Rain,Under Construction,Truck,Severe,2,9,Moderate,6
e4e0c46f,2024-04-25 07:00:00,Industrial Area,Clear,Icy,Car,Moderate,1,4,High,7
e9f5c60d,2024-04-25 08:00:00,Suburbs,Clear,Dry,Truck,Minor,1,4,High,8
f28cf83a,2024-04-25 09:00:00,Highway,Storm,Under Construction,Truck,Minor,3,7,Low,9
1b45687a,2024-04-25 10:00:00,Residential Zone,Clear,Wet,Car,Minor,3,5,Low,10
4f735d76,2024-04-25 11:00:00,Highway,Clear,Wet,Bicycle,Minor,4,6,High,11
259376a3,2024-04-25 12:00:00,Industrial Area,Snow,Dry,Truck,Fatal,1,6,High,12
b7b82143,2024-04-25 13:00:00,Suburbs,Fog,Under Construction,Bus,Minor,1,7,High,13
a361c12c,2024-04-25 14:00:00,Residential Zone,Snow,Icy,Motorcycle,Minor,4,2,High,14
b5cf8f8a,2024-04-25 15:00:00,Downtown,Snow,Wet,Car,Moderate,2,6,Moderate,15
8517773f,2024-04-25 16:00:00,Downtown,Snow,Icy,Truck,Moderate,1,2,Moderate,16
d2fe0216,2024-04-25 17:00:00,Highway,Clear,Under Construction,Car,Fatal,1,5,Moderate,17
26707da3,2024-04-25 18:00:00,Downtown,Rain,Icy,Bus,Minor,1,0,Low,18
82d150c9,2024-04-25 19:00:00,Residential Zone,Rain,Wet,Truck,Moderate,4,4,Low,19
be41e0ca,2024-04-25 20:00:00,Suburbs,Rain,Under Construction,Bus,Fatal,1,5,Low,20
2fada4d0,2024-04-25 21:00:00,Highway,Clear,Wet,Truck,Minor,3,7,Low,21
494b7536,2024-04-25 22:00:00,Highway,Rain,Under Construction,Car,Severe,1,0,High,22
0f8e31df,2024-04-25 23:00:00,Highway,Storm,Dry,Car,Fatal,2,0,Moderate,23
d8ebcf5c,2024-04-26 00:00:00,Downtown,Storm,Wet,Bus,Minor,2,7,Low,0
dc2b4bb9,2024-04-26 01:00:00,Industrial Area,Snow,Dry,Car,Fatal,4,3,High,1
5dcd9e25,2024-04-26 02:00:00,Industrial Area,Fog,Icy,Bicycle,Severe,1,1,Low,2
e6058120,2024-04-26 03:00:00,Industrial Area,Fog,Under Construction,Bus,Minor,1,7,High,3
d75d1461,2024-04-26 04:00:00,Suburbs,Fog,Wet,Bus,Moderate,4,6,High,4
98c2aa74,2024-04-26 05:00:00,Highway,Snow,Wet,Bus,Fatal,3,8,Low,5
73787d1c,2024-04-26 06:00:00,Highway,Rain,Icy,Bicycle,Severe,3,9,Low,6
234e4823,2024-04-26 07:00:00,Residential Zone,Snow,Under Construction,Motorcycle,Severe,3,3,High,7
9ff496d5,2024-04-26 08:00:00,Residential Zone,Rain,Dry,Bus,Fatal,3,8,High,8
97119189,2024-04-26 09:00:00,Residential Zone,Clear,Under Construction,Bus,Moderate,4,1,Low,9
0a5b7c8f,2024-04-26 10:00:00,Industrial Area,Rain,Wet,Bus,Fatal,3,9,Low,10
50f33305,2024-04-26 11:00:00,Downtown,Rain,Icy,Truck,Fatal,3,0,Low,11
412b7fd1,2024-04-26 12:00:00,Residential Zone,Fog,Icy,Truck,Moderate,1,4,High,12
3e6539fd,2024-04-26 13:00:00,Downtown,Clear,Wet,Car,Moderate,1,5,Low,13
94ede52b,2024-04-26 14:00:00,Highway,Rain,Dry,Motorcycle,Minor,4,2,Moderate,14
804a7512,2024-04-26 15:00:00,Suburbs,Fog,Dry,Car,Severe,2,3,Low,15
a4a828fc,2024-04-26 16:00:00,Residential Zone,Fog,Dry,Bus,Severe,3,2,Low,16
e08d9d1c,2024-04-26 17:00:00,Highway,Rain,Under Construction,Car,Moderate,3,8,Moderate,17
144d570e,2024-04-26 18:00:00,Suburbs,Storm,Dry,Bus,Moderate,3,3,Low,18
c23b4362,2024-04-26 19:00:00,Residential Zone,Storm,Wet,Motorcycle,Fatal,1,8,Low,19
b316aff6,2024-04-26 20:00:00,Suburbs,Snow,Under Construction,Bus,Moderate,4,5,Moderate,20
5319e85a,2024-04-26 21:00:00,Highway,Snow,Wet,Bus,Fatal,1,9,High,21
2d73c9d1,2024-04-26 22:00:00,Suburbs,Fog,Dry,Bus,Severe,3,2,Moderate,22
2affdcd3,2024-04-26 23:00:00,Residential Zone,Rain,Icy,Bicycle,Fatal,1,5,High,23
c87fa8f3,2024-04-27 00:00:00,Highway,Snow,Under Construction,Bicycle,Moderate,4,5,Moderate,0
526e5e32,2024-04-27 01:00:00,Residential Zone,Clear,Under Construction,Bicycle,Minor,2,1,Low,1
1b8c4098,2024-04-27 02:00:00,Residential Zone,Clear,Under Construction,Bicycle,Severe,3,7,Moderate,2
6c724fd3,2024-04-27 03:00:00,Suburbs,Snow,Under Construction,Bicycle,Minor,2,0,High,3
4e63c11d,2024-04-27 04:00:00,Downtown,Snow,Under Construction,Motorcycle,Severe,2,8,Low,4
608ebae8,2024-04-27 05:00:00,Industrial Area,Snow,Icy,Motorcycle,Fatal,4,7,High,5
6791f6a7,2024-04-27 06:00:00,Suburbs,Snow,Wet,Bus,Minor,4,4,Moderate,6
aa8a0eac,2024-04-27 07:00:00,Downtown,Snow,Under Construction,Truck,Moderate,1,4,High,7
6a94e543,2024-04-27 08:00:00,Residential Zone,Fog,Dry,Bicycle,Severe,2,5,Moderate,8
db7a791e,2024-04-27 09:00:00,Suburbs,Storm,Wet,Truck,Minor,2,4,Low,9
94277313,2024-04-27 10:00:00,Residential Zone,Storm,Wet,Bus,Minor,2,9,Moderate,10
cfec9ba3,2024-04-27 11:00:00,Residential Zone,Storm,Dry,Truck,Severe,3,5,High,11
befbeec6,2024-04-27 12:00:00,Highway,Snow,Under Construction,Bicycle,Fatal,3,5,Moderate,12
8b5567c3,2024-04-27 13:00:00,Highway,Snow,Icy,Car,Fatal,3,8,High,13
c2566120,2024-04-27 14:00:00,Downtown,Clear,Under Construction,Car,Fatal,3,6,Low,14
a60deb10,2024-04-27 15:00:00,Residential Zone,Snow,Under Construction,Motorcycle,Severe,4,0,High,15
5c04d7c7,2024-04-27 16:00:00,Industrial Area,Fog,Icy,Motorcycle,Fatal,3,2,High,16
cb1f78fd,2024-04-27 17:00:00,Downtown,Clear,Icy,Car,Fatal,2,7,Low,17
a0ecb463,2024-04-27 18:00:00,Highway,Rain,Under Construction,Truck,Minor,2,8,Moderate,18
76d18904,2024-04-27 19:00:00,Suburbs,Snow,Under Construction,Motorcycle,Severe,2,6,Moderate,19
cd087876,2024-04-27 20:00:00,Industrial Area,Fog,Dry,Bicycle,Severe,1,2,High,20
63df32fe,2024-04-27 21:00:00,Industrial Area,Rain,Dry,Bicycle,Severe,1,9,Low,21
2d5b779e,2024-04-27 22:00:00,Residential Zone,Rain,Dry,Bicycle,Moderate,1,4,Moderate,22
88881760,2024-04-27 23:00:00,Industrial Area,Clear,Icy,Truck,Severe,2,9,Moderate,23
b0b3bf3a,2024-04-28 00:00:00,Downtown,Fog,Dry,Bicycle,Severe,1,5,Moderate,0
cea8466b,2024-04-28 01:00:00,Highway,Snow,Under Construction,Motorcycle,Fatal,4,3,High,1
0268b331,2024-04-28 02:00:00,Residential Zone,Storm,Icy,Truck,Moderate,2,0,Low,2
64a73d18,2024-04-28 03:00:00,Highway,Rain,Dry,Truck,Minor,2,0,Low,3
13b68507,2024-04-28 04:00:00,Downtown,Rain,Under Construction,Motorcycle,Minor,1,7,High,4
3d869cf8,2024-04-28 05:00:00,Residential Zone,Clear,Under Construction,Car,Severe,3,0,Moderate,5
16bddfe1,2024-04-28 06:00:00,Downtown,Storm,Wet,Truck,Fatal,3,2,Low,6
1752d061,2024-04-28 07:00:00,Downtown,Storm,Under Construction,Car,Severe,1,8,Moderate,7
c5139000,2024-04-28 08:00:00,Industrial Area,Clear,Wet,Bicycle,Fatal,2,5,Moderate,8
1af7c95e,2024-04-28 09:00:00,Residential Zone,Clear,Wet,Bus,Severe,1,9,Low,9
3f64405c,2024-04-28 10:00:00,Industrial Area,Snow,Icy,Truck,Fatal,1,8,High,10
99c47b3b,2024-04-28 11:00:00,Industrial Area,Snow,Under Construction,Bus,Moderate,4,0,High,11
851b4666,2024-04-28 12:00:00,Downtown,Rain,Under Construction,Bicycle,Moderate,1,9,Low,12
640e04df,2024-04-28 13:00:00,Industrial Area,Fog,Icy,Truck,Minor,2,7,Moderate,13
5a9380b5,2024-04-28 14:00:00,Highway,Clear,Dry,Bus,Moderate,1,1,Moderate,14
b16c7867,2024-04-28 15:00:00,Industrial Area,Rain,Under Construction,Motorcycle,Fatal,2,9,Low,15
331ae6cf,2024-04-28 16:00:00,Residential Zone,Snow,Wet,Truck,Fatal,3,5,Low,16
5b6d4c5c,2024-04-28 17:00:00,Downtown,Snow,Dry,Bus,Severe,3,8,High,17
6fa0c1c9,2024-04-28 18:00:00,Residential Zone,Rain,Dry,Truck,Moderate,1,6,High,18
2cf8b520,2024-04-28 19:00:00,Residential Zone,Rain,Under Construction,Motorcycle,Moderate,4,9,Moderate,19
a33907d6,2024-04-28 20:00:00,Residential Zone,Fog,Under Construction,Bicycle,Severe,1,2,Low,20
6897349a,2024-04-28 21:00:00,Downtown,Clear,Under Construction,Motorcycle,Minor,4,9,Moderate,21
f4a820bd,2024-04-28 22:00:00,Residential Zone,Fog,Dry,Bicycle,Moderate,2,0,High,22
aee2593f,2024-04-28 23:00:00,Suburbs,Storm,Wet,Truck,Moderate,4,4,Moderate,23
2521104b,2024-04-29 00:00:00,Industrial Area,Rain,Under Construction,Car,Fatal,4,5,High,0
2b7af6fb,2024-04-29 01:00:00,Downtown,Storm,Dry,Motorcycle,Moderate,2,8,High,1
ff316224,2024-04-29 02:00:00,Downtown,Storm,Under Construction,Car,Fatal,3,5,Low,2
4c91200c,2024-04-29 03:00:00,Downtown,Rain,Under Construction,Truck,Severe,3,9,Moderate,3
dd605f07,2024-04-29 04:00:00,Industrial Area,Snow,Under Construction,Motorcycle,Minor,2,6,Low,4
c149ae57,2024-04-29 05:00:00,Downtown,Clear,Wet,Motorcycle,Moderate,1,7,High,5
d057aca9,2024-04-29 06:00:00,Downtown,Clear,Dry,Bus,Moderate,4,9,Low,6
8c4d363c,2024-04-29 07:00:00,Suburbs,Clear,Icy,Bus,Minor,3,5,High,7
88cb72d6,2024-04-29 08:00:00,Downtown,Snow,Dry,Car,Fatal,1,4,High,8
e4c45b4d,2024-04-29 09:00:00,Industrial Area,Rain,Dry,Car,Minor,4,2,Moderate,9
7be69959,2024-04-29 10:00:00,Residential Zone,Snow,Dry,Bicycle,Severe,3,6,High,10
82c0224a,2024-04-29 11:00:00,Suburbs,Fog,Wet,Truck,Severe,2,8,Moderate,11
a78189f4,2024-04-29 12:00:00,Downtown,Clear,Dry,Truck,Minor,1,3,Moderate,12
56b34354,2024-04-29 13:00:00,Downtown,Rain,Dry,Truck,Minor,2,3,High,13
c8c554f1,2024-04-29 14:00:00,Downtown,Storm,Icy,Truck,Minor,3,6,Moderate,14
550f2755,2024-04-29 15:00:00,Industrial Area,Fog,Under Construction,Bicycle,Moderate,4,6,Low,15
df43c594,2024-04-29 16:00:00,Industrial Area,Snow,Wet,Bicycle,Moderate,1,4,High,16
184db90d,2024-04-29 17:00:00,Industrial Area,Snow,Wet,Truck,Severe,3,2,Moderate,17
6d9df9e7,2024-04-29 18:00:00,Highway,Rain,Wet,Car,Moderate,3,9,High,18
f0dee3a6,2024-04-29 19:00:00,Suburbs,Storm,Under Construction,Motorcycle,Minor,1,6,High,19
e6c1161b,2024-04-29 20:00:00,Suburbs,Snow,Under Construction,Motorcycle,Moderate,3,0,High,20
b32f3c69,2024-04-29 21:00:00,Downtown,Storm,Under Construction,Motorcycle,Minor,2,0,Moderate,21
820d9499,2024-04-29 22:00:00,Suburbs,Clear,Dry,Car,Minor,4,7,High,22
ce760059,2024-04-29 23:00:00,Highway,Storm,Dry,Bicycle,Moderate,3,9,Low,23
df8aad0d,2024-04-30 00:00:00,Suburbs,Storm,Under Construction,Bus,Minor,4,5,High,0
b592eb12,2024-04-30 01:00:00,Highway,Rain,Icy,Car,Minor,2,6,Low,1
0fdd84d5,2024-04-30 02:00:00,Highway,Fog,Dry,Car,Moderate,4,9,Moderate,2
b7dab930,2024-04-30 03:00:00,Highway,Clear,Under Construction,Car,Minor,3,6,Low,3
886d907b,2024-04-30 04:00:00,Industrial Area,Storm,Dry,Bicycle,Severe,1,9,High,4
bf0a477c,2024-04-30 05:00:00,Suburbs,Rain,Wet,Bicycle,Minor,3,9,High,5
c166717c,2024-04-30 06:00:00,Industrial Area,Clear,Icy,Motorcycle,Moderate,2,8,High,6
f86c551c,2024-04-30 07:00:00,Residential Zone,Fog,Dry,Motorcycle,Moderate,1,3,Low,7
8fd6adf7,2024-04-30 08:00:00,Downtown,Snow,Dry,Truck,Moderate,1,7,High,8
8dd5f572,2024-04-30 09:00:00,Downtown,Clear,Wet,Bus,Fatal,4,4,Moderate,9
42402a21,2024-04-30 10:00:00,Downtown,Clear,Icy,Bicycle,Fatal,1,4,Moderate,10
a16ea9eb,2024-04-30 11:00:00,Highway,Clear,Wet,Motorcycle,Severe,3,8,High,11
613d63e5,2024-04-30 12:00:00,Highway,Clear,Under Construction,Bicycle,Minor,2,9,Moderate,12
5a5c7d08,2024-04-30 13:00:00,Residential Zone,Rain,Icy,Bicycle,Moderate,4,7,High,13
dcc07918,2024-04-30 14:00:00,Highway,Clear,Under Construction,Bus,Moderate,3,6,Moderate,14
d4bc22e5,2024-04-30 15:00:00,Residential Zone,Rain,Under Construction,Truck,Severe,4,0,High,15
780b97dd,2024-04-30 16:00:00,Residential Zone,Storm,Dry,Bicycle,Moderate,3,8,Moderate,16
13181368,2024-04-30 17:00:00,Residential Zone,Clear,Wet,Truck,Fatal,1,7,Low,17
7704aa8e,2024-04-30 18:00:00,Highway,Clear,Under Construction,Car,Moderate,3,2,Low,18
af497e87,2024-04-30 19:00:00,Suburbs,Rain,Under Construction,Bus,Moderate,1,8,Moderate,19
d7dcbf85,2024-04-30 20:00:00,Downtown,Storm,Icy,Bus,Severe,3,3,High,20
a74c6adb,2024-04-30 21:00:00,Highway,Rain,Under Construction,Bus,Severe,1,1,Low,21
1df0f1b0,2024-04-30 22:00:00,Highway,Fog,Under Construction,Bus,Fatal,3,4,Low,22
d6d7445b,2024-04-30 23:00:00,Downtown,Snow,Wet,Bicycle,Fatal,3,1,Moderate,23
6d34c702,2024-05-01 00:00:00,Industrial Area,Storm,Wet,Car,Moderate,1,6,Low,0
af38726c,2024-05-01 01:00:00,Suburbs,Snow,Under Construction,Bicycle,Fatal,3,7,Low,1
0f0667a3,2024-05-01 02:00:00,Suburbs,Storm,Icy,Motorcycle,Minor,3,3,Moderate,2
9e541616,2024-05-01 03:00:00,Highway,Snow,Under Construction,Bicycle,Severe,4,0,Moderate,3
6b30ffe1,2024-05-01 04:00:00,Industrial Area,Snow,Under Construction,Truck,Moderate,1,2,Moderate,4
d82eebb8,2024-05-01 05:00:00,Suburbs,Rain,Icy,Bicycle,Fatal,3,4,High,5
2fa18db6,2024-05-01 06:00:00,Suburbs,Clear,Dry,Truck,Minor,4,7,Low,6
7bd73b6a,2024-05-01 07:00:00,Highway,Rain,Under Construction,Truck,Severe,1,9,Moderate,7
7b7217dd,2024-05-01 08:00:00,Residential Zone,Snow,Under Construction,Car,Moderate,3,4,High,8
7d3e89ce,2024-05-01 09:00:00,Highway,Snow,Wet,Motorcycle,Fatal,3,8,Low,9
6ae3608d,2024-05-01 10:00:00,Highway,Snow,Icy,Bus,Minor,2,4,High,10
b156ce39,2024-05-01 11:00:00,Downtown,Rain,Under Construction,Motorcycle,Severe,4,0,Low,11
f2c311fc,2024-05-01 12:00:00,Suburbs,Storm,Icy,Bicycle,Minor,1,1,High,12
473eafc1,2024-05-01 13:00:00,Downtown,Fog,Icy,Motorcycle,Moderate,3,0,Low,13
8bb68f34,2024-05-01 14:00:00,Industrial Area,Rain,Under Construction,Car,Minor,3,8,Low,14
7f67e6ba,2024-05-01 15:00:00,Suburbs,Storm,Wet,Bicycle,Severe,2,4,Moderate,15
e3b28c7f,2024-05-01 16:00:00,Highway,Clear,Wet,Car,Minor,4,1,Low,16
0a88fe3f,2024-05-01 17:00:00,Residential Zone,Rain,Wet,Bicycle,Minor,4,6,Low,17
9dbdd56c,2024-05-01 18:00:00,Suburbs,Clear,Dry,Bus,Moderate,2,7,Low,18
e79ca01b,2024-05-01 19:00:00,Industrial Area,Fog,Under Construction,Bicycle,Fatal,1,6,High,19
ed6b7eb9,2024-05-01 20:00:00,Industrial Area,Storm,Under Construction,Motorcycle,Severe,4,4,Moderate,20
69f44796,2024-05-01 21:00:00,Downtown,Storm,Icy,Bicycle,Fatal,1,4,Low,21
92125c10,2024-05-01 22:00:00,Suburbs,Fog,Dry,Motorcycle,Minor,1,6,Moderate,22
51bbae67,2024-05-01 23:00:00,Highway,Storm,Dry,Car,Moderate,1,1,High,23
04d9ff46,2024-05-02 00:00:00,Suburbs,Rain,Icy,Truck,Fatal,2,6,High,0
70ba6b4b,2024-05-02 01:00:00,Residential Zone,Rain,Dry,Motorcycle,Severe,1,2,High,1
2112c5fc,2024-05-02 02:00:00,Residential Zone,Clear,Under Construction,Motorcycle,Fatal,3,2,High,2
507d294f,2024-05-02 03:00:00,Residential Zone,Clear,Wet,Bicycle,Minor,2,7,Moderate,3
4cfb86c0,2024-05-02 04:00:00,Industrial Area,Storm,Icy,Bus,Severe,4,8,Moderate,4
78676c68,2024-05-02 05:00:00,Suburbs,Fog,Icy,Motorcycle,Severe,2,9,Low,5
97eae94c,2024-05-02 06:00:00,Suburbs,Storm,Wet,Bicycle,Severe,2,6,High,6
4db0d9cd,2024-05-02 07:00:00,Downtown,Snow,Dry,Motorcycle,Moderate,3,3,High,7
74ab88dd,2024-05-02 08:00:00,Downtown,Clear,Under Construction,Bicycle,Minor,3,1,High,8
c2472f12,2024-05-02 09:00:00,Industrial Area,Rain,Icy,Bus,Severe,2,6,Low,9
dbcb310c,2024-05-02 10:00:00,Highway,Storm,Icy,Bicycle,Minor,4,7,Low,10
18145d19,2024-05-02 11:00:00,Highway,Rain,Dry,Bus,Severe,3,5,High,11
f74c9117,2024-05-02 12:00:00,Residential Zone,Fog,Wet,Bicycle,Minor,2,8,High,12
e89398b6,2024-05-02 13:00:00,Downtown,Rain,Wet,Bicycle,Moderate,2,0,Low,13
4e58bb9a,2024-05-02 14:00:00,Suburbs,Fog,Icy,Bicycle,Fatal,3,5,Moderate,14
16b5c32a,2024-05-02 15:00:00,Residential Zone,Storm,Dry,Truck,Fatal,4,5,Moderate,15
cb646427,2024-05-02 16:00:00,Highway,Fog,Icy,Bicycle,Moderate,1,7,Low,16
d421ac00,2024-05-02 17:00:00,Highway,Clear,Dry,Bicycle,Severe,4,9,High,17
5d8b3893,2024-05-02 18:00:00,Residential Zone,Clear,Dry,Truck,Minor,2,4,High,18
5128677f,2024-05-02 19:00:00,Downtown,Snow,Dry,Truck,Moderate,4,2,High,19
f36a9d87,2024-05-02 20:00:00,Downtown,Clear,Under Construction,Truck,Minor,4,4,Low,20
3136c157,2024-05-02 21:00:00,Highway,Snow,Icy,Motorcycle,Moderate,2,9,Low,21
0fe597d2,2024-05-02 22:00:00,Residential Zone,Storm,Icy,Bus,Severe,4,7,Moderate,22
2c62d487,2024-05-02 23:00:00,Residential Zone,Rain,Dry,Truck,Severe,4,3,High,23
5e602a82,2024-05-03 00:00:00,Highway,Clear,Dry,Truck,Fatal,2,5,Low,0
b0365038,2024-05-03 01:00:00,Downtown,Fog,Under Construction,Bicycle,Fatal,2,7,Moderate,1
a2d56455,2024-05-03 02:00:00,Residential Zone,Fog,Under Construction,Car,Fatal,1,3,Moderate,2
e182ec31,2024-05-03 03:00:00,Suburbs,Clear,Under Construction,Bicycle,Minor,3,9,Moderate,3
50f33152,2024-05-03 04:00:00,Downtown,Fog,Under Construction,Bicycle,Minor,2,4,Low,4
aa9eebd9,2024-05-03 05:00:00,Suburbs,Clear,Under Construction,Car,Fatal,1,9,Moderate,5
4cf8d30c,2024-05-03 06:00:00,Highway,Fog,Dry,Truck,Severe,4,9,Moderate,6
3da0ce9c,2024-05-03 07:00:00,Industrial Area,Rain,Icy,Truck,Minor,3,5,Moderate,7
36f09bd7,2024-05-03 08:00:00,Highway,Clear,Wet,Bicycle,Severe,4,9,Moderate,8
eee5179a,2024-05-03 09:00:00,Highway,Rain,Under Construction,Bus,Moderate,4,3,Moderate,9
f5a3d983,2024-05-03 10:00:00,Industrial Area,Rain,Dry,Car,Minor,2,1,Moderate,10
b326edcd,2024-05-03 11:00:00,Suburbs,Clear,Icy,Car,Severe,4,0,Low,11
49165d0e,2024-05-03 12:00:00,Downtown,Storm,Dry,Bus,Fatal,2,4,High,12
552668ed,2024-05-03 13:00:00,Downtown,Snow,Dry,Motorcycle,Minor,2,8,Moderate,13
7d8910df,2024-05-03 14:00:00,Suburbs,Snow,Wet,Bus,Minor,2,3,Low,14
8386e50c,2024-05-03 15:00:00,Downtown,Snow,Icy,Motorcycle,Severe,1,0,High,15
daf81010,2024-05-03 16:00:00,Industrial Area,Storm,Wet,Car,Fatal,1,2,Moderate,16
7f58bd91,2024-05-03 17:00:00,Highway,Storm,Icy,Truck,Moderate,1,8,High,17
0fa659ae,2024-05-03 18:00:00,Highway,Rain,Dry,Car,Fatal,4,1,High,18
dd47de42,2024-05-03 19:00:00,Downtown,Rain,Icy,Bicycle,Moderate,2,8,Low,19
d5e836fa,2024-05-03 20:00:00,Suburbs,Snow,Wet,Bus,Severe,3,7,High,20
5f0a0b15,2024-05-03 21:00:00,Suburbs,Storm,Dry,Car,Fatal,3,4,Low,21
d69c83bd,2024-05-03 22:00:00,Suburbs,Storm,Under Construction,Motorcycle,Fatal,4,8,Moderate,22
036d4f08,2024-05-03 23:00:00,Suburbs,Fog,Under Construction,Bicycle,Minor,4,4,High,23
ee0e5948,2024-05-04 00:00:00,Suburbs,Clear,Dry,Bus,Minor,2,1,Moderate,0
c82fe9f6,2024-05-04 01:00:00,Downtown,Storm,Dry,Bicycle,Minor,2,2,Moderate,1
e10f7d8d,2024-05-04 02:00:00,Industrial Area,Snow,Dry,Car,Severe,3,0,High,2
0d3e1f2e,2024-05-04 03:00:00,Downtown,Fog,Wet,Car,Severe,4,8,Moderate,3
d7b4a035,2024-05-04 04:00:00,Residential Zone,Storm,Wet,Truck,Moderate,3,7,High,4
af513459,2024-05-04 05:00:00,Residential Zone,Clear,Icy,Motorcycle,Severe,4,3,High,5
137b31ff,2024-05-04 06:00:00,Residential Zone,Clear,Dry,Motorcycle,Minor,4,7,Moderate,6
6854c3ca,2024-05-04 07:00:00,Suburbs,Rain,Wet,Car,Fatal,4,8,High,7
0268bf04,2024-05-04 08:00:00,Highway,Fog,Icy,Car,Moderate,2,2,High,8
d2f1b9ab,2024-05-04 09:00:00,Industrial Area,Rain,Dry,Bus,Severe,2,0,High,9
3574b865,2024-05-04 10:00:00,Highway,Rain,Icy,Motorcycle,Moderate,3,1,Moderate,10
48f65c71,2024-05-04 11:00:00,Industrial Area,Clear,Icy,Truck,Moderate,4,2,Low,11
cd38a264,2024-05-04 12:00:00,Suburbs,Rain,Wet,Bicycle,Fatal,2,1,High,12
55af14e7,2024-05-04 13:00:00,Downtown,Snow,Dry,Bicycle,Fatal,1,9,Low,13
8affbb20,2024-05-04 14:00:00,Industrial Area,Clear,Icy,Bicycle,Severe,4,8,Moderate,14
647e72b4,2024-05-04 15:00:00,Downtown,Fog,Dry,Motorcycle,Fatal,2,1,High,15
b0049d82,2024-05-04 16:00:00,Suburbs,Fog,Dry,Truck,Moderate,1,8,High,16
71949863,2024-05-04 17:00:00,Industrial Area,Snow,Dry,Bus,Severe,2,9,Low,17
094e5645,2024-05-04 18:00:00,Industrial Area,Storm,Icy,Bicycle,Fatal,1,0,Low,18
14f81d82,2024-05-04 19:00:00,Highway,Snow,Wet,Motorcycle,Severe,1,9,Moderate,19
443cbc4d,2024-05-04 20:00:00,Highway,Fog,Under Construction,Bicycle,Severe,2,3,Moderate,20
5451e49e,2024-05-04 21:00:00,Highway,Fog,Dry,Truck,Moderate,2,8,Low,21
796b99e3,2024-05-04 22:00:00,Residential Zone,Clear,Icy,Motorcycle,Severe,2,2,Low,22
3757fa5f,2024-05-04 23:00:00,Industrial Area,Rain,Wet,Bus,Minor,2,8,High,23
326ec119,2024-05-05 00:00:00,Highway,Snow,Under Construction,Bicycle,Moderate,3,6,Low,0
e9ecf00b,2024-05-05 01:00:00,Suburbs,Snow,Under Construction,Bus,Moderate,4,5,High,1
ebaa4e59,2024-05-05 02:00:00,Residential Zone,Rain,Dry,Motorcycle,Severe,3,3,Moderate,2
c1ca3e89,2024-05-05 03:00:00,Suburbs,Clear,Icy,Motorcycle,Severe,2,3,High,3
1385180a,2024-05-05 04:00:00,Highway,Fog,Wet,Car,Fatal,4,1,High,4
b24fe7fa,2024-05-05 05:00:00,Highway,Storm,Icy,Truck,Moderate,4,6,Low,5
c4a3b613,2024-05-05 06:00:00,Highway,Storm,Under Construction,Truck,Moderate,3,7,High,6
16be30a7,2024-05-05 07:00:00,Highway,Snow,Dry,Bus,Moderate,3,7,High,7
a92d9458,2024-05-05 08:00:00,Suburbs,Clear,Icy,Truck,Moderate,2,0,Moderate,8
4e969c1c,2024-05-05 09:00:00,Downtown,Fog,Dry,Bus,Minor,1,5,High,9
b4c379e1,2024-05-05 10:00:00,Suburbs,Clear,Dry,Bicycle,Fatal,1,4,Low,10
7b0bd71e,2024-05-05 11:00:00,Industrial Area,Snow,Under Construction,Bicycle,Severe,3,9,Moderate,11
9d6e02f0,2024-05-05 12:00:00,Highway,Clear,Icy,Bicycle,Fatal,2,0,Moderate,12
f74e3a1d,2024-05-05 13:00:00,Industrial Area,Snow,Dry,Bicycle,Severe,1,7,High,13
f1713a21,2024-05-05 14:00:00,Downtown,Snow,Dry,Bus,Fatal,2,4,High,14
ac553731,2024-05-05 15:00:00,Industrial Area,Clear,Under Construction,Bicycle,Fatal,3,8,High,15
2424c963,2024-05-05 16:00:00,Highway,Snow,Icy,Car,Severe,1,5,High,16
00778daf,2024-05-05 17:00:00,Residential Zone,Snow,Icy,Motorcycle,Severe,3,3,High,17
de4cf61c,2024-05-05 18:00:00,Suburbs,Fog,Icy,Motorcycle,Fatal,1,7,High,18
dced2de6,2024-05-05 19:00:00,Highway,Storm,Wet,Motorcycle,Severe,1,7,High,19
07d7f615,2024-05-05 20:00:00,Industrial Area,Storm,Icy,Truck,Minor,4,8,High,20
339a852d,2024-05-05 21:00:00,Highway,Fog,Under Construction,Bus,Minor,4,1,High,21
75f2eec6,2024-05-05 22:00:00,Downtown,Storm,Icy,Truck,Severe,4,7,Low,22
1a34b56d,2024-05-05 23:00:00,Industrial Area,Storm,Under Construction,Car,Severe,4,1,Low,23
cf44d93f,2024-05-06 00:00:00,Industrial Area,Fog,Dry,Bus,Moderate,1,7,Low,0
4d59be5a,2024-05-06 01:00:00,Downtown,Snow,Wet,Car,Moderate,4,1,Low,1
8e961ebf,2024-05-06 02:00:00,Industrial Area,Clear,Dry,Bus,Moderate,3,7,High,2
cebd173d,2024-05-06 03:00:00,Industrial Area,Storm,Under Construction,Car,Fatal,1,2,High,3
f17f8019,2024-05-06 04:00:00,Industrial Area,Storm,Dry,Motorcycle,Severe,4,9,Low,4
2e21aff4,2024-05-06 05:00:00,Residential Zone,Storm,Icy,Car,Moderate,4,1,Moderate,5
862a374a,2024-05-06 06:00:00,Residential Zone,Snow,Icy,Bus,Minor,2,3,High,6
14c04048,2024-05-06 07:00:00,Industrial Area,Fog,Dry,Motorcycle,Minor,3,8,High,7
997fc095,2024-05-06 08:00:00,Downtown,Rain,Dry,Car,Moderate,4,4,Low,8
ab6a1e9d,2024-05-06 09:00:00,Residential Zone,Storm,Under Construction,Car,Moderate,2,7,Moderate,9
7d19882c,2024-05-06 10:00:00,Suburbs,Fog,Under Construction,Car,Minor,4,4,Low,10
f3f04694,2024-05-06 11:00:00,Industrial Area,Clear,Icy,Truck,Minor,2,4,High,11
82e898a1,2024-05-06 12:00:00,Suburbs,Storm,Wet,Car,Moderate,2,6,Low,12
b4c28d41,2024-05-06 13:00:00,Downtown,Snow,Under Construction,Motorcycle,Fatal,2,1,High,13
7ca0126f,2024-05-06 14:00:00,Highway,Clear,Dry,Bus,Severe,1,1,High,14
e8e775b0,2024-05-06 15:00:00,Residential Zone,Storm,Under Construction,Car,Severe,2,8,High,15
68aef61e,2024-05-06 16:00:00,Downtown,Rain,Dry,Bicycle,Minor,2,2,Low,16
a0793fee,2024-05-06 17:00:00,Industrial Area,Storm,Dry,Truck,Moderate,4,7,High,17
b93884be,2024-05-06 18:00:00,Highway,Fog,Dry,Motorcycle,Severe,2,8,Low,18
388adc6b,2024-05-06 19:00:00,Industrial Area,Fog,Wet,Bicycle,Minor,1,9,Low,19
b5a72c7a,2024-05-06 20:00:00,Residential Zone,Fog,Under Construction,Bicycle,Fatal,3,5,Low,20
115f959a,2024-05-06 21:00:00,Residential Zone,Rain,Icy,Bus,Fatal,2,6,Moderate,21
e11a6dc1,2024-05-06 22:00:00,Highway,Clear,Wet,Bicycle,Moderate,4,2,Moderate,22
279fe2c3,2024-05-06 23:00:00,Industrial Area,Fog,Wet,Car,Moderate,2,1,Moderate,23
8d51997c,2024-05-07 00:00:00,Industrial Area,Storm,Wet,Bicycle,Fatal,2,0,Low,0
5c06582c,2024-05-07 01:00:00,Residential Zone,Rain,Wet,Bicycle,Moderate,4,8,Moderate,1
f6adbfff,2024-05-07 02:00:00,Suburbs,Rain,Wet,Car,Fatal,1,0,High,2
9d957ed4,2024-05-07 03:00:00,Downtown,Storm,Dry,Bus,Minor,2,0,High,3
79a5c07c,2024-05-07 04:00:00,Downtown,Storm,Dry,Bicycle,Minor,2,0,High,4
44aadde5,2024-05-07 05:00:00,Industrial Area,Rain,Icy,Car,Severe,3,4,Low,5
12b41ff6,2024-05-07 06:00:00,Downtown,Fog,Under Construction,Bicycle,Moderate,1,2,Moderate,6
1bf8dfca,2024-05-07 07:00:00,Residential Zone,Rain,Dry,Bus,Minor,4,9,High,7
8c8883e6,2024-05-07 08:00:00,Highway,Clear,Dry,Bicycle,Fatal,3,9,Moderate,8
11d5a5d2,2024-05-07 09:00:00,Residential Zone,Snow,Dry,Car,Minor,1,5,Moderate,9
16c66246,2024-05-07 10:00:00,Downtown,Rain,Dry,Bus,Severe,2,1,Moderate,10
8b415488,2024-05-07 11:00:00,Industrial Area,Storm,Under Construction,Car,Minor,4,6,Low,11
495a7f52,2024-05-07 12:00:00,Highway,Storm,Dry,Truck,Minor,4,1,Moderate,12
df1ae9b9,2024-05-07 13:00:00,Residential Zone,Fog,Dry,Bus,Minor,1,0,Moderate,13
eb8923ff,2024-05-07 14:00:00,Highway,Clear,Wet,Car,Severe,2,1,Low,14
88782811,2024-05-07 15:00:00,Downtown,Fog,Wet,Car,Minor,1,3,High,15
20d36941,2024-05-07 16:00:00,Highway,Storm,Wet,Motorcycle,Fatal,4,7,Low,16
e3f229cf,2024-05-07 17:00:00,Suburbs,Storm,Wet,Car,Severe,1,7,High,17
4c7186c1,2024-05-07 18:00:00,Residential Zone,Fog,Icy,Bus,Severe,3,0,Low,18
2ca4e5fa,2024-05-07 19:00:00,Residential Zone,Fog,Icy,Motorcycle,Minor,3,0,Low,19
a9e66c7f,2024-05-07 20:00:00,Industrial Area,Rain,Under Construction,Motorcycle,Minor,2,2,High,20
1d33bff1,2024-05-07 21:00:00,Industrial Area,Rain,Under Construction,Bicycle,Severe,1,4,High,21
295050c6,2024-05-07 22:00:00,Residential Zone,Snow,Under Construction,Car,Moderate,2,2,Moderate,22
e3f95834,2024-05-07 23:00:00,Highway,Clear,Wet,Bus,Minor,2,7,High,23
c6ef8cc7,2024-05-08 00:00:00,Residential Zone,Storm,Dry,Truck,Minor,2,5,Low,0
7c487156,2024-05-08 01:00:00,Downtown,Rain,Wet,Motorcycle,Minor,4,3,Moderate,1
e405e7fb,2024-05-08 02:00:00,Downtown,Snow,Icy,Bus,Severe,4,0,High,2
bb8e8908,2024-05-08 03:00:00,Residential Zone,Clear,Icy,Bicycle,Severe,1,1,Moderate,3
d15b6cee,2024-05-08 04:00:00,Downtown,Clear,Wet,Bus,Minor,2,1,High,4
f709800a,2024-05-08 05:00:00,Industrial Area,Storm,Icy,Motorcycle,Moderate,3,9,Low,5
beb0bd82,2024-05-08 06:00:00,Downtown,Storm,Under Construction,Truck,Minor,1,7,High,6
55672224,2024-05-08 07:00:00,Downtown,Fog,Icy,Bicycle,Severe,4,1,High,7
06c19121,2024-05-08 08:00:00,Industrial Area,Clear,Dry,Bicycle,Minor,4,4,Low,8
50dba69c,2024-05-08 09:00:00,Residential Zone,Fog,Under Construction,Truck,Fatal,2,3,High,9
83d13b4c,2024-05-08 10:00:00,Downtown,Clear,Dry,Truck,Moderate,4,8,High,10
4ebb41ec,2024-05-08 11:00:00,Industrial Area,Storm,Wet,Car,Moderate,2,7,High,11
0292ebc4,2024-05-08 12:00:00,Downtown,Rain,Icy,Car,Severe,2,5,High,12
8087ee01,2024-05-08 13:00:00,Highway,Storm,Icy,Motorcycle,Minor,2,3,Moderate,13
2a9a68e1,2024-05-08 14:00:00,Highway,Snow,Dry,Motorcycle,Minor,2,8,High,14
af03ce2d,2024-05-08 15:00:00,Industrial Area,Rain,Wet,Motorcycle,Minor,3,6,Moderate,15
4ee10a2d,2024-05-08 16:00:00,Suburbs,Fog,Wet,Car,Moderate,3,2,High,16
07ca13af,2024-05-08 17:00:00,Suburbs,Storm,Wet,Car,Severe,2,1,High,17
16651b06,2024-05-08 18:00:00,Residential Zone,Storm,Wet,Motorcycle,Fatal,3,5,High,18
83e77cd6,2024-05-08 19:00:00,Residential Zone,Storm,Icy,Bus,Minor,3,3,Low,19
8f9095e5,2024-05-08 20:00:00,Industrial Area,Snow,Under Construction,Motorcycle,Severe,1,3,High,20
76c9310e,2024-05-08 21:00:00,Highway,Clear,Dry,Motorcycle,Moderate,1,9,Moderate,21
dc2e5330,2024-05-08 22:00:00,Industrial Area,Snow,Under Construction,Bus,Severe,1,7,High,22
f6c5e660,2024-05-08 23:00:00,Residential Zone,Fog,Wet,Bicycle,Moderate,3,2,High,23
cf5b7bfc,2024-05-09 00:00:00,Residential Zone,Clear,Under Construction,Motorcycle,Fatal,4,4,Low,0
27fbf280,2024-05-09 01:00:00,Industrial Area,Fog,Wet,Car,Fatal,2,5,High,1
4e7a84de,2024-05-09 02:00:00,Downtown,Snow,Wet,Car,Moderate,1,3,Moderate,2
7cdf74ef,2024-05-09 03:00:00,Residential Zone,Storm,Icy,Car,Moderate,3,2,High,3
2d2cdfc3,2024-05-09 04:00:00,Highway,Clear,Icy,Bicycle,Moderate,4,8,High,4
d4903977,2024-05-09 05:00:00,Suburbs,Fog,Wet,Truck,Severe,2,9,High,5
850d78d5,2024-05-09 06:00:00,Suburbs,Snow,Under Construction,Bus,Fatal,4,3,High,6
186b9afe,2024-05-09 07:00:00,Highway,Snow,Icy,Bus,Severe,4,9,Low,7
2d61f7a3,2024-05-09 08:00:00,Highway,Storm,Icy,Bus,Fatal,1,9,Moderate,8
4a85d2a5,2024-05-09 09:00:00,Highway,Storm,Wet,Truck,Minor,3,0,High,9
ea13d4d3,2024-05-09 10:00:00,Residential Zone,Fog,Under Construction,Truck,Minor,4,8,Low,10
de7fde60,2024-05-09 11:00:00,Downtown,Clear,Under Construction,Motorcycle,Minor,1,4,Low,11
e007713b,2024-05-09 12:00:00,Downtown,Clear,Wet,Motorcycle,Moderate,1,7,Low,12
c672630c,2024-05-09 13:00:00,Suburbs,Storm,Under Construction,Bicycle,Fatal,1,6,Moderate,13
1fcdecbd,2024-05-09 14:00:00,Suburbs,Clear,Dry,Bus,Moderate,1,2,High,14
af3817bf,2024-05-09 15:00:00,Highway,Clear,Icy,Bus,Severe,3,7,High,15
db42fd60,2024-05-09 16:00:00,Highway,Clear,Dry,Bus,Moderate,1,8,Low,16
c066b871,2024-05-09 17:00:00,Highway,Clear,Under Construction,Car,Severe,1,3,Low,17
339c13bc,2024-05-09 18:00:00,Downtown,Snow,Dry,Bus,Fatal,3,4,Low,18
94bf5f89,2024-05-09 19:00:00,Highway,Snow,Wet,Motorcycle,Minor,2,3,High,19
32df209f,2024-05-09 20:00:00,Residential Zone,Fog,Under Construction,Truck,Minor,4,9,High,20
6a9fb05b,2024-05-09 21:00:00,Downtown,Storm,Icy,Bus,Severe,1,6,High,21
da114c6a,2024-05-09 22:00:00,Suburbs,Rain,Icy,Bicycle,Fatal,2,1,Low,22
7601f4f2,2024-05-09 23:00:00,Downtown,Fog,Wet,Truck,Moderate,4,5,Low,23
9628edb1,2024-05-10 00:00:00,Industrial Area,Snow,Wet,Car,Moderate,2,6,Moderate,0
562344eb,2024-05-10 01:00:00,Downtown,Clear,Icy,Bicycle,Severe,2,3,High,1
822e569e,2024-05-10 02:00:00,Residential Zone,Clear,Wet,Motorcycle,Minor,2,4,Moderate,2
4f54b7eb,2024-05-10 03:00:00,Suburbs,Clear,Dry,Truck,Moderate,3,6,High,3
fee3519a,2024-05-10 04:00:00,Downtown,Rain,Wet,Bicycle,Fatal,1,1,Moderate,4
02112f29,2024-05-10 05:00:00,Industrial Area,Storm,Dry,Truck,Severe,2,3,Low,5
176faa1c,2024-05-10 06:00:00,Residential Zone,Clear,Wet,Truck,Minor,1,6,High,6
6cd28b6d,2024-05-10 07:00:00,Highway,Snow,Wet,Bus,Fatal,2,0,Low,7
7ea0ac36,2024-05-10 08:00:00,Residential Zone,Rain,Under Construction,Motorcycle,Severe,4,2,High,8
723a8b36,2024-05-10 09:00:00,Downtown,Clear,Icy,Car,Fatal,2,0,Moderate,9
d31ce497,2024-05-10 10:00:00,Downtown,Rain,Dry,Motorcycle,Moderate,4,6,Low,10
c8d5b0db,2024-05-10 11:00:00,Highway,Clear,Icy,Truck,Fatal,4,6,High,11
780abc3b,2024-05-10 12:00:00,Residential Zone,Snow,Dry,Truck,Fatal,1,0,High,12
b4461c7c,2024-05-10 13:00:00,Industrial Area,Fog,Wet,Truck,Fatal,3,4,Low,13
d2764eb2,2024-05-10 14:00:00,Highway,Storm,Wet,Bus,Severe,3,8,Low,14
151821ef,2024-05-10 15:00:00,Highway,Snow,Wet,Car,Fatal,4,9,Low,15
d147fc1b,2024-05-10 16:00:00,Downtown,Clear,Icy,Bicycle,Severe,2,1,Low,16
7902c9f4,2024-05-10 17:00:00,Suburbs,Fog,Wet,Motorcycle,Moderate,1,3,High,17
a872f7a0,2024-05-10 18:00:00,Industrial Area,Clear,Icy,Bicycle,Fatal,1,9,Low,18
95534bf0,2024-05-10 19:00:00,Residential Zone,Rain,Dry,Bicycle,Moderate,1,0,Low,19
b88e8090,2024-05-10 20:00:00,Residential Zone,Clear,Dry,Truck,Fatal,3,1,Low,20
2379a020,2024-05-10 21:00:00,Highway,Fog,Wet,Car,Minor,1,7,High,21
e4305884,2024-05-10 22:00:00,Downtown,Fog,Icy,Car,Minor,2,3,Low,22
a65a78ff,2024-05-10 23:00:00,Residential Zone,Clear,Icy,Motorcycle,Fatal,1,0,High,23
be3b58e6,2024-05-11 00:00:00,Suburbs,Clear,Icy,Car,Fatal,1,3,Moderate,0
a7c8e1fd,2024-05-11 01:00:00,Industrial Area,Rain,Wet,Motorcycle,Moderate,1,7,High,1
3331521e,2024-05-11 02:00:00,Suburbs,Snow,Under Construction,Bicycle,Severe,1,0,Moderate,2
df6c5da4,2024-05-11 03:00:00,Downtown,Fog,Wet,Car,Severe,4,2,High,3
93df2453,2024-05-11 04:00:00,Industrial Area,Snow,Dry,Bicycle,Moderate,3,4,Low,4
650af486,2024-05-11 05:00:00,Residential Zone,Fog,Wet,Bicycle,Minor,4,8,Low,5
63885c7a,2024-05-11 06:00:00,Suburbs,Storm,Wet,Motorcycle,Moderate,4,7,High,6
118052c8,2024-05-11 07:00:00,Highway,Fog,Dry,Bicycle,Moderate,1,7,Low,7
63f85045,2024-05-11 08:00:00,Downtown,Clear,Under Construction,Truck,Severe,2,1,High,8
21812084,2024-05-11 09:00:00,Residential Zone,Storm,Under Construction,Truck,Minor,1,4,High,9
95e3cd16,2024-05-11 10:00:00,Highway,Rain,Dry,Truck,Minor,1,3,High,10
2065c016,2024-05-11 11:00:00,Suburbs,Rain,Under Construction,Motorcycle,Severe,4,9,Low,11
b613a45d,2024-05-11 12:00:00,Industrial Area,Storm,Wet,Truck,Moderate,1,2,Moderate,12
7c2a3ea1,2024-05-11 13:00:00,Industrial Area,Rain,Icy,Truck,Moderate,4,7,Moderate,13
84319645,2024-05-11 14:00:00,Downtown,Clear,Dry,Truck,Minor,4,2,High,14
45df1c96,2024-05-11 15:00:00,Industrial Area,Fog,Under Construction,Truck,Severe,2,9,High,15
3aa426f6,2024-05-11 16:00:00,Downtown,Rain,Wet,Motorcycle,Fatal,4,9,Low,16
d3a032a9,2024-05-11 17:00:00,Suburbs,Fog,Wet,Truck,Moderate,2,3,Low,17
f5a3e15c,2024-05-11 18:00:00,Downtown,Snow,Icy,Bus,Moderate,2,4,Low,18
81cb3167,2024-05-11 19:00:00,Downtown,Snow,Under Construction,Bicycle,Severe,2,7,Low,19
1fa83b5b,2024-05-11 20:00:00,Residential Zone,Fog,Dry,Bicycle,Fatal,4,6,High,20
6fedbf90,2024-05-11 21:00:00,Suburbs,Fog,Icy,Motorcycle,Fatal,2,4,Low,21
c3b0e7f4,2024-05-11 22:00:00,Industrial Area,Rain,Under Construction,Motorcycle,Fatal,1,6,Low,22
d4196215,2024-05-11 23:00:00,Industrial Area,Storm,Wet,Car,Minor,3,0,High,23
e6d08558,2024-05-12 00:00:00,Downtown,Fog,Icy,Motorcycle,Severe,4,0,Moderate,0
7f4e56ca,2024-05-12 01:00:00,Residential Zone,Clear,Icy,Bicycle,Fatal,4,4,Low,1
5c4bdd0b,2024-05-12 02:00:00,Residential Zone,Storm,Under Construction,Bicycle,Moderate,2,1,Low,2
b0923d56,2024-05-12 03:00:00,Highway,Clear,Under Construction,Bus,Minor,3,3,Moderate,3
67277e8c,2024-05-12 04:00:00,Suburbs,Storm,Under Construction,Motorcycle,Moderate,2,9,Moderate,4
1302007e,2024-05-12 05:00:00,Residential Zone,Storm,Wet,Motorcycle,Fatal,2,3,Low,5
02b596d9,2024-05-12 06:00:00,Residential Zone,Clear,Dry,Truck,Moderate,2,6,High,6
fb190f02,2024-05-12 07:00:00,Downtown,Rain,Under Construction,Truck,Severe,1,4,Moderate,7
ed4deee2,2024-05-12 08:00:00,Downtown,Storm,Under Construction,Car,Severe,3,6,High,8
77ae1a7b,2024-05-12 09:00:00,Suburbs,Storm,Under Construction,Truck,Fatal,3,9,Moderate,9
2124c788,2024-05-12 10:00:00,Industrial Area,Snow,Dry,Car,Moderate,2,1,Moderate,10
1504421d,2024-05-12 11:00:00,Industrial Area,Rain,Under Construction,Bus,Fatal,2,4,Moderate,11
f6a11c16,2024-05-12 12:00:00,Residential Zone,Storm,Under Construction,Motorcycle,Moderate,3,6,Moderate,12
6fac2db0,2024-05-12 13:00:00,Suburbs,Clear,Under Construction,Bicycle,Fatal,1,2,Low,13
d9ead478,2024-05-12 14:00:00,Downtown,Rain,Icy,Motorcycle,Minor,4,3,Moderate,14
d2c8c55d,2024-05-12 15:00:00,Residential Zone,Clear,Dry,Motorcycle,Fatal,4,5,Moderate,15
459b57b9,2024-05-12 16:00:00,Downtown,Clear,Under Construction,Motorcycle,Fatal,3,5,Moderate,16
c011ba54,2024-05-12 17:00:00,Highway,Clear,Dry,Truck,Moderate,3,0,Low,17
348b3ffa,2024-05-12 18:00:00,Suburbs,Snow,Wet,Bicycle,Fatal,1,4,Low,18
e72e67cc,2024-05-12 19:00:00,Suburbs,Clear,Wet,Car,Minor,4,9,Moderate,19
ba46a8fc,2024-05-12 20:00:00,Industrial Area,Rain,Under Construction,Motorcycle,Severe,4,6,High,20
742a141e,2024-05-12 21:00:00,Industrial Area,Rain,Icy,Motorcycle,Minor,2,9,Low,21
00e7b0c0,2024-05-12 22:00:00,Suburbs,Clear,Under Construction,Bus,Fatal,2,1,Moderate,22
fbbe57c7,2024-05-12 23:00:00,Residential Zone,Clear,Icy,Truck,Severe,3,2,High,23
abd46720,2024-05-13 00:00:00,Suburbs,Storm,Under Construction,Bicycle,Severe,1,8,High,0
47f174b2,2024-05-13 01:00:00,Industrial Area,Snow,Dry,Car,Fatal,3,6,Moderate,1
982c70ad,2024-05-13 02:00:00,Downtown,Snow,Under Construction,Motorcycle,Moderate,2,7,Moderate,2
d8d0ee75,2024-05-13 03:00:00,Highway,Rain,Under Construction,Motorcycle,Severe,4,6,Low,3
9a997053,2024-05-13 04:00:00,Residential Zone,Storm,Under Construction,Truck,Severe,1,1,Moderate,4
2af36b57,2024-05-13 05:00:00,Downtown,Clear,Wet,Bicycle,Severe,2,2,High,5
1b4d43d3,2024-05-13 06:00:00,Industrial Area,Rain,Dry,Bicycle,Moderate,2,4,Low,6
85703cc9,2024-05-13 07:00:00,Industrial Area,Snow,Wet,Truck,Minor,3,4,Moderate,7
5b159c98,2024-05-13 08:00:00,Residential Zone,Rain,Wet,Truck,Fatal,3,3,High,8
604c5abe,2024-05-13 09:00:00,Residential Zone,Rain,Icy,Motorcycle,Fatal,3,0,Low,9
11eb093c,2024-05-13 10:00:00,Suburbs,Fog,Wet,Truck,Minor,3,2,High,10
f671e667,2024-05-13 11:00:00,Suburbs,Clear,Icy,Bicycle,Minor,3,7,Low,11
76afdfeb,2024-05-13 12:00:00,Suburbs,Storm,Dry,Car,Severe,4,4,Moderate,12
75fedabe,2024-05-13 13:00:00,Residential Zone,Fog,Wet,Bicycle,Minor,4,3,Low,13
7d282e3c,2024-05-13 14:00:00,Industrial Area,Fog,Wet,Bus,Severe,2,4,High,14
b427086e,2024-05-13 15:00:00,Suburbs,Snow,Under Construction,Car,Minor,2,1,Low,15
8c521b29,2024-05-13 16:00:00,Downtown,Clear,Icy,Bus,Fatal,2,6,High,16
c6d2dfc5,2024-05-13 17:00:00,Residential Zone,Rain,Icy,Truck,Minor,4,7,High,17
0cb823e7,2024-05-13 18:00:00,Residential Zone,Snow,Wet,Car,Severe,1,6,Moderate,18
674d5150,2024-05-13 19:00:00,Suburbs,Fog,Wet,Bus,Fatal,1,1,Moderate,19
0b3a9c10,2024-05-13 20:00:00,Downtown,Fog,Icy,Motorcycle,Severe,4,7,High,20
3d90fffc,2024-05-13 21:00:00,Suburbs,Clear,Wet,Bus,Severe,3,3,Low,21
17d79b17,2024-05-13 22:00:00,Industrial Area,Rain,Dry,Motorcycle,Moderate,1,8,Low,22
9c90dbc2,2024-05-13 23:00:00,Residential Zone,Storm,Dry,Truck,Severe,2,1,Moderate,23
2ecb240e,2024-05-14 00:00:00,Downtown,Rain,Dry,Motorcycle,Minor,4,2,Low,0
2f41f37f,2024-05-14 01:00:00,Industrial Area,Clear,Dry,Motorcycle,Moderate,4,5,Low,1
e70a4dc8,2024-05-14 02:00:00,Highway,Rain,Icy,Motorcycle,Minor,2,4,Low,2
3f18bd8b,2024-05-14 03:00:00,Industrial Area,Rain,Under Construction,Car,Minor,2,9,High,3
4577f6e8,2024-05-14 04:00:00,Residential Zone,Clear,Dry,Motorcycle,Fatal,3,7,Low,4
54a6f75e,2024-05-14 05:00:00,Suburbs,Storm,Dry,Bus,Minor,1,3,High,5
a9ab17ba,2024-05-14 06:00:00,Downtown,Storm,Dry,Bus,Minor,4,5,High,6
0d3325f0,2024-05-14 07:00:00,Highway,Snow,Dry,Truck,Severe,2,1,Moderate,7
65ddee2e,2024-05-14 08:00:00,Downtown,Snow,Wet,Motorcycle,Moderate,2,7,Moderate,8
1f0e12f0,2024-05-14 09:00:00,Downtown,Storm,Icy,Truck,Fatal,3,3,Moderate,9
33a23cf1,2024-05-14 10:00:00,Highway,Fog,Icy,Bicycle,Severe,1,9,Low,10
e5cf12c4,2024-05-14 11:00:00,Highway,Rain,Under Construction,Truck,Minor,2,3,High,11
3e6b7eb3,2024-05-14 12:00:00,Suburbs,Clear,Wet,Car,Fatal,1,3,Low,12
7921404a,2024-05-14 13:00:00,Suburbs,Fog,Icy,Truck,Moderate,3,7,High,13
8d1e2b5e,2024-05-14 14:00:00,Industrial Area,Snow,Under Construction,Car,Fatal,4,3,Moderate,14
887ed5f2,2024-05-14 15:00:00,Downtown,Snow,Under Construction,Truck,Moderate,3,9,Moderate,15
f7df84a9,2024-05-14 16:00:00,Suburbs,Fog,Dry,Bus,Minor,3,6,High,16
1e151aae,2024-05-14 17:00:00,Residential Zone,Rain,Under Construction,Motorcycle,Moderate,4,4,Moderate,17
d7cdfc57,2024-05-14 18:00:00,Residential Zone,Clear,Wet,Car,Minor,4,0,Low,18
4fda7fad,2024-05-14 19:00:00,Downtown,Rain,Dry,Motorcycle,Minor,1,1,Low,19
d037a354,2024-05-14 20:00:00,Downtown,Storm,Dry,Truck,Moderate,3,8,Moderate,20
ef934dcc,2024-05-14 21:00:00,Downtown,Snow,Wet,Bus,Severe,2,3,Moderate,21
55a7fbda,2024-05-14 22:00:00,Suburbs,Rain,Wet,Bicycle,Minor,2,8,Moderate,22
1bf0d80f,2024-05-14 23:00:00,Suburbs,Rain,Dry,Bicycle,Fatal,2,6,Low,23
146af376,2024-05-15 00:00:00,Suburbs,Clear,Icy,Motorcycle,Severe,4,4,Low,0
65aa964f,2024-05-15 01:00:00,Highway,Rain,Wet,Truck,Moderate,2,6,Moderate,1
dce53ffc,2024-05-15 02:00:00,Highway,Storm,Wet,Truck,Fatal,2,9,High,2
1b165fbf,2024-05-15 03:00:00,Industrial Area,Fog,Dry,Bus,Fatal,3,8,Moderate,3
a296b435,2024-05-15 04:00:00,Highway,Snow,Icy,Car,Minor,4,7,Moderate,4
53e4886c,2024-05-15 05:00:00,Suburbs,Rain,Under Construction,Bus,Severe,2,1,Moderate,5
b82f9475,2024-05-15 06:00:00,Highway,Storm,Under Construction,Truck,Fatal,4,7,Low,6
814e72da,2024-05-15 07:00:00,Highway,Rain,Wet,Motorcycle,Minor,2,0,High,7
41bdb79d,2024-05-15 08:00:00,Industrial Area,Clear,Dry,Bicycle,Fatal,3,4,Moderate,8
eec9346e,2024-05-15 09:00:00,Industrial Area,Rain,Under Construction,Bicycle,Severe,1,8,Moderate,9
cf7f8436,2024-05-15 10:00:00,Suburbs,Storm,Icy,Car,Fatal,3,1,Moderate,10
7c71d826,2024-05-15 11:00:00,Suburbs,Rain,Under Construction,Car,Moderate,3,6,Low,11
558cdbc7,2024-05-15 12:00:00,Residential Zone,Rain,Under Construction,Car,Moderate,3,2,High,12
0c23ba9e,2024-05-15 13:00:00,Downtown,Snow,Wet,Bus,Minor,3,9,Low,13
b0f0c04c,2024-05-15 14:00:00,Industrial Area,Rain,Icy,Truck,Moderate,4,1,Low,14
849913f2,2024-05-15 15:00:00,Residential Zone,Snow,Under Construction,Car,Moderate,2,7,Moderate,15
4fa4ab53,2024-05-15 16:00:00,Downtown,Clear,Wet,Bus,Moderate,1,0,Low,16
2ccd84ed,2024-05-15 17:00:00,Highway,Snow,Dry,Motorcycle,Moderate,4,5,Moderate,17
92fb5faf,2024-05-15 18:00:00,Downtown,Rain,Wet,Bus,Moderate,1,2,Moderate,18
814692b6,2024-05-15 19:00:00,Highway,Storm,Icy,Motorcycle,Severe,3,2,Low,19
db8d296c,2024-05-15 20:00:00,Downtown,Fog,Dry,Car,Minor,4,1,Moderate,20
91af2a04,2024-05-15 21:00:00,Highway,Fog,Dry,Bicycle,Moderate,1,7,High,21
a09930ef,2024-05-15 22:00:00,Downtown,Storm,Wet,Truck,Minor,3,4,High,22
2c03723e,2024-05-15 23:00:00,Downtown,Fog,Wet,Truck,Moderate,2,1,High,23
b4503c44,2024-05-16 00:00:00,Residential Zone,Rain,Dry,Truck,Minor,1,0,Moderate,0
c386392e,2024-05-16 01:00:00,Suburbs,Rain,Wet,Motorcycle,Moderate,2,7,Moderate,1
f46370c9,2024-05-16 02:00:00,Downtown,Storm,Dry,Motorcycle,Moderate,4,6,Low,2
53dccddc,2024-05-16 03:00:00,Highway,Storm,Wet,Motorcycle,Minor,4,0,Low,3
a8f0ff4e,2024-05-16 04:00:00,Residential Zone,Storm,Under Construction,Bicycle,Minor,2,5,Low,4
3efb070a,2024-05-16 05:00:00,Highway,Clear,Under Construction,Bicycle,Fatal,1,0,Low,5
5098487f,2024-05-16 06:00:00,Suburbs,Storm,Dry,Bicycle,Severe,4,9,High,6
c7ab63e1,2024-05-16 07:00:00,Downtown,Storm,Icy,Car,Moderate,4,3,Moderate,7
023179d9,2024-05-16 08:00:00,Residential Zone,Storm,Dry,Motorcycle,Moderate,2,1,Low,8
f53d1cba,2024-05-16 09:00:00,Residential Zone,Snow,Under Construction,Motorcycle,Fatal,1,6,Low,9
b3d4091c,2024-05-16 10:00:00,Downtown,Rain,Icy,Truck,Minor,4,1,High,10
5ffcb813,2024-05-16 11:00:00,Downtown,Clear,Under Construction,Car,Moderate,4,2,Moderate,11
167159a5,2024-05-16 12:00:00,Highway,Clear,Wet,Truck,Moderate,2,3,Low,12
b12ff114,2024-05-16 13:00:00,Suburbs,Rain,Icy,Motorcycle,Minor,3,8,Moderate,13
2d473800,2024-05-16 14:00:00,Industrial Area,Clear,Icy,Car,Minor,4,8,Low,14
e8c46592,2024-05-16 15:00:00,Residential Zone,Storm,Wet,Motorcycle,Severe,4,2,Moderate,15
2c8afd2a,2024-05-16 16:00:00,Suburbs,Clear,Icy,Bicycle,Fatal,2,8,High,16
b8378e39,2024-05-16 17:00:00,Industrial Area,Snow,Icy,Motorcycle,Severe,4,0,High,17
58febb2c,2024-05-16 18:00:00,Industrial Area,Fog,Dry,Truck,Severe,4,6,High,18
3bfef791,2024-05-16 19:00:00,Suburbs,Rain,Wet,Car,Moderate,4,9,High,19
2babb086,2024-05-16 20:00:00,Highway,Clear,Icy,Car,Moderate,1,3,Low,20
412d817c,2024-05-16 21:00:00,Highway,Storm,Dry,Car,Severe,3,8,High,21
d2aaefcc,2024-05-16 22:00:00,Suburbs,Fog,Icy,Bicycle,Minor,1,6,Low,22
5c44b9db,2024-05-16 23:00:00,Highway,Storm,Wet,Car,Severe,1,1,Low,23
103d2a83,2024-05-17 00:00:00,Industrial Area,Fog,Dry,Car,Severe,3,5,Moderate,0
7044703e,2024-05-17 01:00:00,Downtown,Rain,Icy,Car,Moderate,2,7,Low,1
945bf1da,2024-05-17 02:00:00,Industrial Area,Fog,Wet,Bicycle,Minor,1,4,Low,2
6a2677b8,2024-05-17 03:00:00,Highway,Clear,Dry,Car,Minor,2,3,Low,3
99309d3e,2024-05-17 04:00:00,Suburbs,Storm,Under Construction,Car,Fatal,2,2,Moderate,4
6612f13d,2024-05-17 05:00:00,Industrial Area,Snow,Wet,Bicycle,Severe,3,4,Low,5
c7dcab3f,2024-05-17 06:00:00,Residential Zone,Rain,Wet,Bicycle,Severe,2,3,High,6
33168bb9,2024-05-17 07:00:00,Highway,Snow,Wet,Bus,Severe,3,5,Low,7
62785232,2024-05-17 08:00:00,Suburbs,Storm,Dry,Car,Fatal,4,0,Low,8
1b2c3820,2024-05-17 09:00:00,Residential Zone,Fog,Dry,Car,Moderate,4,3,Moderate,9
566c61e1,2024-05-17 10:00:00,Highway,Rain,Icy,Truck,Severe,4,4,Moderate,10
9389fe22,2024-05-17 11:00:00,Suburbs,Storm,Icy,Motorcycle,Moderate,4,9,High,11
4f9b9e82,2024-05-17 12:00:00,Highway,Clear,Dry,Bicycle,Severe,3,3,High,12
897303ba,2024-05-17 13:00:00,Suburbs,Fog,Under Construction,Truck,Moderate,4,8,High,13
57257c4a,2024-05-17 14:00:00,Industrial Area,Clear,Dry,Bicycle,Severe,3,2,High,14
449f7a8f,2024-05-17 15:00:00,Industrial Area,Storm,Dry,Motorcycle,Minor,4,1,Moderate,15
80ad5fbf,2024-05-17 16:00:00,Highway,Rain,Wet,Truck,Minor,4,2,Low,16
d6ab6b12,2024-05-17 17:00:00,Highway,Storm,Dry,Car,Moderate,1,5,Low,17
22efb390,2024-05-17 18:00:00,Industrial Area,Clear,Dry,Truck,Minor,2,6,High,18
19d61c53,2024-05-17 19:00:00,Residential Zone,Storm,Under Construction,Car,Moderate,1,0,Low,19
08ab4d55,2024-05-17 20:00:00,Residential Zone,Rain,Wet,Car,Minor,1,1,High,20
373adf4c,2024-05-17 21:00:00,Highway,Rain,Dry,Bicycle,Severe,3,6,Moderate,21
8a899b36,2024-05-17 22:00:00,Industrial Area,Snow,Dry,Bicycle,Severe,3,8,Low,22
5cfd9bc8,2024-05-17 23:00:00,Suburbs,Storm,Under Construction,Car,Severe,3,3,Moderate,23
9ce6e69a,2024-05-18 00:00:00,Highway,Rain,Under Construction,Truck,Fatal,4,0,Moderate,0
a2141219,2024-05-18 01:00:00,Residential Zone,Snow,Wet,Truck,Moderate,4,9,High,1
56c1443e,2024-05-18 02:00:00,Industrial Area,Snow,Wet,Truck,Severe,3,1,High,2
744249ad,2024-05-18 03:00:00,Industrial Area,Storm,Wet,Bicycle,Severe,1,0,Low,3
f233f5c1,2024-05-18 04:00:00,Industrial Area,Fog,Wet,Truck,Fatal,4,0,Moderate,4
95567a41,2024-05-18 05:00:00,Downtown,Rain,Under Construction,Truck,Severe,4,4,High,5
6c66ab39,2024-05-18 06:00:00,Downtown,Fog,Wet,Motorcycle,Moderate,4,5,Low,6
79214cf9,2024-05-18 07:00:00,Suburbs,Fog,Dry,Truck,Minor,3,9,High,7
aa3157ab,2024-05-18 08:00:00,Suburbs,Storm,Dry,Bus,Moderate,4,8,High,8
718b25a5,2024-05-18 09:00:00,Highway,Rain,Icy,Bicycle,Severe,4,7,Moderate,9
092c79f3,2024-05-18 10:00:00,Suburbs,Rain,Dry,Car,Moderate,2,9,Moderate,10
1a71bbdd,2024-05-18 11:00:00,Residential Zone,Storm,Dry,Car,Moderate,4,8,Moderate,11
f43707e6,2024-05-18 12:00:00,Residential Zone,Rain,Under Construction,Car,Severe,3,6,Moderate,12
0d273a15,2024-05-18 13:00:00,Highway,Snow,Wet,Bus,Severe,3,5,High,13
bbd3c3e6,2024-05-18 14:00:00,Industrial Area,Rain,Wet,Car,Minor,2,6,High,14
28062260,2024-05-18 15:00:00,Residential Zone,Fog,Under Construction,Motorcycle,Minor,1,9,High,15
7770d976,2024-05-18 16:00:00,Highway,Rain,Under Construction,Car,Moderate,4,2,Moderate,16
f2201c69,2024-05-18 17:00:00,Highway,Snow,Wet,Bicycle,Severe,3,9,Low,17
169f2d49,2024-05-18 18:00:00,Downtown,Snow,Icy,Bicycle,Severe,1,8,High,18
40aaa6cd,2024-05-18 19:00:00,Suburbs,Fog,Icy,Truck,Moderate,3,5,Low,19
930abd8e,2024-05-18 20:00:00,Industrial Area,Snow,Wet,Bus,Fatal,3,8,Moderate,20
0ac05d10,2024-05-18 21:00:00,Highway,Snow,Under Construction,Car,Moderate,4,5,Low,21
b7be151e,2024-05-18 22:00:00,Industrial Area,Clear,Wet,Motorcycle,Minor,3,7,Low,22
9cf99129,2024-05-18 23:00:00,Residential Zone,Fog,Under Construction,Motorcycle,Fatal,1,9,Low,23
e5e93456,2024-05-19 00:00:00,Residential Zone,Rain,Wet,Bus,Fatal,1,4,Moderate,0
94eb55ec,2024-05-19 01:00:00,Residential Zone,Rain,Wet,Car,Minor,2,9,Moderate,1
f72fb62b,2024-05-19 02:00:00,Highway,Rain,Icy,Bicycle,Moderate,4,4,High,2
27d03238,2024-05-19 03:00:00,Downtown,Rain,Wet,Car,Fatal,1,6,Moderate,3
2603fd60,2024-05-19 04:00:00,Highway,Fog,Icy,Car,Moderate,2,4,Moderate,4
0d08018c,2024-05-19 05:00:00,Residential Zone,Snow,Wet,Bicycle,Severe,2,3,Low,5
deca8de9,2024-05-19 06:00:00,Residential Zone,Fog,Icy,Car,Moderate,1,2,Low,6
133727d9,2024-05-19 07:00:00,Residential Zone,Snow,Dry,Car,Severe,4,3,High,7
b46c9b1a,2024-05-19 08:00:00,Residential Zone,Storm,Icy,Motorcycle,Fatal,3,8,Low,8
d830b03b,2024-05-19 09:00:00,Industrial Area,Rain,Icy,Motorcycle,Moderate,2,0,Low,9
d0c416ff,2024-05-19 10:00:00,Suburbs,Storm,Wet,Bus,Minor,1,2,Moderate,10
2227df0b,2024-05-19 11:00:00,Highway,Rain,Under Construction,Bicycle,Severe,3,9,High,11
3f4f92ab,2024-05-19 12:00:00,Industrial Area,Rain,Wet,Bicycle,Minor,4,6,Low,12
cac1da91,2024-05-19 13:00:00,Residential Zone,Rain,Under Construction,Bus,Fatal,4,5,Moderate,13
ab0815cc,2024-05-19 14:00:00,Downtown,Clear,Dry,Car,Severe,1,8,Moderate,14
65bd6d48,2024-05-19 15:00:00,Suburbs,Clear,Icy,Motorcycle,Severe,2,8,Low,15
34eb241d,2024-05-19 16:00:00,Highway,Fog,Under Construction,Bus,Fatal,4,7,High,16
6ac16416,2024-05-19 17:00:00,Suburbs,Clear,Wet,Bicycle,Moderate,4,9,Moderate,17
1ee4ceb8,2024-05-19 18:00:00,Highway,Rain,Dry,Car,Minor,2,3,High,18
a5a948a9,2024-05-19 19:00:00,Residential Zone,Snow,Dry,Car,Severe,2,3,Low,19
26a21178,2024-05-19 20:00:00,Industrial Area,Rain,Under Construction,Bicycle,Minor,3,9,Low,20
b20a5782,2024-05-19 21:00:00,Residential Zone,Rain,Dry,Bicycle,Severe,2,3,Low,21
448194fb,2024-05-19 22:00:00,Highway,Storm,Under Construction,Bicycle,Moderate,3,5,Low,22
29a8ed1e,2024-05-19 23:00:00,Suburbs,Clear,Icy,Bus,Minor,3,2,Low,23
2ed23e58,2024-05-20 00:00:00,Residential Zone,Fog,Dry,Truck,Moderate,2,9,Moderate,0
ed998ff6,2024-05-20 01:00:00,Residential Zone,Fog,Icy,Truck,Minor,3,7,High,1
ec8992fb,2024-05-20 02:00:00,Industrial Area,Clear,Wet,Truck,Fatal,3,2,High,2
1ed28418,2024-05-20 03:00:00,Industrial Area,Clear,Wet,Motorcycle,Fatal,3,1,Moderate,3
91319088,2024-05-20 04:00:00,Suburbs,Rain,Dry,Car,Severe,4,0,Moderate,4
74b0e7e5,2024-05-20 05:00:00,Highway,Clear,Dry,Bicycle,Severe,3,4,Moderate,5
442b1042,2024-05-20 06:00:00,Downtown,Storm,Wet,Bicycle,Moderate,2,6,High,6
1b3c65bf,2024-05-20 07:00:00,Residential Zone,Clear,Icy,Car,Minor,1,0,High,7
8377492e,2024-05-20 08:00:00,Suburbs,Rain,Icy,Car,Minor,2,6,High,8
9cc48ea9,2024-05-20 09:00:00,Residential Zone,Fog,Icy,Motorcycle,Minor,3,1,Moderate,9
95c84c9a,2024-05-20 10:00:00,Residential Zone,Snow,Icy,Motorcycle,Fatal,4,1,High,10
f662ea00,2024-05-20 11:00:00,Industrial Area,Snow,Icy,Truck,Severe,3,0,High,11
597315bd,2024-05-20 12:00:00,Suburbs,Fog,Wet,Car,Severe,2,0,High,12
7c9f0b24,2024-05-20 13:00:00,Industrial Area,Storm,Under Construction,Truck,Moderate,4,2,Moderate,13
8df6a98a,2024-05-20 14:00:00,Downtown,Storm,Wet,Motorcycle,Severe,2,0,Low,14
acbd4791,2024-05-20 15:00:00,Residential Zone,Storm,Icy,Truck,Fatal,4,9,Low,15
d7f88545,2024-05-20 16:00:00,Suburbs,Clear,Under Construction,Motorcycle,Fatal,4,9,High,16
1cbb8ec4,2024-05-20 17:00:00,Suburbs,Rain,Dry,Truck,Minor,1,4,High,17
33830bd9,2024-05-20 18:00:00,Suburbs,Rain,Icy,Motorcycle,Minor,1,0,Moderate,18
a22c3f34,2024-05-20 19:00:00,Highway,Rain,Dry,Motorcycle,Minor,1,0,Low,19
dc385f67,2024-05-20 20:00:00,Downtown,Storm,Dry,Motorcycle,Severe,1,2,Low,20
653fefdc,2024-05-20 21:00:00,Downtown,Clear,Under Construction,Bicycle,Fatal,3,4,High,21
ec961b25,2024-05-20 22:00:00,Suburbs,Clear,Icy,Bus,Severe,4,8,Moderate,22
85ece3fa,2024-05-20 23:00:00,Downtown,Fog,Dry,Bus,Severe,3,4,Low,23
3c76035b,2024-05-21 00:00:00,Highway,Fog,Wet,Car,Severe,1,4,High,0
6f89bf5b,2024-05-21 01:00:00,Downtown,Storm,Wet,Bus,Minor,1,3,High,1
963c33dc,2024-05-21 02:00:00,Residential Zone,Fog,Dry,Motorcycle,Minor,1,6,Low,2
42eec004,2024-05-21 03:00:00,Highway,Clear,Dry,Truck,Fatal,2,5,Low,3
7af0ca86,2024-05-21 04:00:00,Residential Zone,Snow,Dry,Bus,Moderate,1,6,Moderate,4
d284e0d6,2024-05-21 05:00:00,Residential Zone,Fog,Under Construction,Bicycle,Severe,3,2,Moderate,5
4352b493,2024-05-21 06:00:00,Suburbs,Snow,Dry,Car,Minor,1,9,Moderate,6
6dd61515,2024-05-21 07:00:00,Suburbs,Rain,Icy,Bus,Severe,2,8,Low,7
75695b26,2024-05-21 08:00:00,Downtown,Snow,Under Construction,Truck,Fatal,1,8,Moderate,8
a5ac367c,2024-05-21 09:00:00,Residential Zone,Storm,Dry,Bus,Fatal,4,8,High,9
7140a6c6,2024-05-21 10:00:00,Industrial Area,Rain,Icy,Motorcycle,Severe,1,4,Moderate,10
147dbeec,2024-05-21 11:00:00,Downtown,Snow,Icy,Bicycle,Minor,3,9,High,11
88c412a5,2024-05-21 12:00:00,Suburbs,Clear,Dry,Truck,Fatal,2,2,High,12
a17208f8,2024-05-21 13:00:00,Industrial Area,Snow,Icy,Bus,Minor,3,6,High,13
a5ba5679,2024-05-21 14:00:00,Residential Zone,Rain,Icy,Motorcycle,Minor,2,3,Low,14
b379994e,2024-05-21 15:00:00,Residential Zone,Clear,Icy,Bicycle,Minor,3,0,Low,15
7a07cea4,2024-05-21 16:00:00,Suburbs,Snow,Wet,Car,Moderate,4,2,Low,16
55e601d4,2024-05-21 17:00:00,Industrial Area,Clear,Icy,Bicycle,Moderate,2,8,Low,17
45bc657f,2024-05-21 18:00:00,Downtown,Fog,Dry,Motorcycle,Fatal,1,4,Low,18
d4ade102,2024-05-21 19:00:00,Highway,Storm,Dry,Motorcycle,Moderate,1,8,Low,19
63f65bfb,2024-05-21 20:00:00,Downtown,Rain,Wet,Car,Fatal,4,4,High,20
442a5956,2024-05-21 21:00:00,Residential Zone,Rain,Wet,Motorcycle,Moderate,3,2,Low,21
a8e58130,2024-05-21 22:00:00,Residential Zone,Fog,Dry,Bus,Fatal,4,4,Low,22
8dd035a3,2024-05-21 23:00:00,Industrial Area,Storm,Wet,Car,Severe,2,6,High,23
ca5f4ed2,2024-05-22 00:00:00,Industrial Area,Snow,Icy,Car,Minor,1,3,High,0
0ed02ab8,2024-05-22 01:00:00,Downtown,Fog,Icy,Truck,Moderate,3,8,Low,1
9de1843a,2024-05-22 02:00:00,Highway,Clear,Under Construction,Bicycle,Fatal,4,6,Low,2
3d1144b6,2024-05-22 03:00:00,Industrial Area,Snow,Under Construction,Truck,Moderate,1,5,High,3
19fd62b9,2024-05-22 04:00:00,Highway,Rain,Wet,Bus,Moderate,1,3,Low,4
a0e64bb4,2024-05-22 05:00:00,Residential Zone,Fog,Dry,Car,Minor,1,9,High,5
3ff98da9,2024-05-22 06:00:00,Industrial Area,Fog,Under Construction,Bus,Minor,1,4,High,6
93973a11,2024-05-22 07:00:00,Highway,Clear,Icy,Bus,Severe,2,7,High,7
b926322c,2024-05-22 08:00:00,Downtown,Snow,Dry,Motorcycle,Moderate,2,5,Low,8
b9e79f10,2024-05-22 09:00:00,Downtown,Snow,Dry,Motorcycle,Fatal,3,0,High,9
aedd5556,2024-05-22 10:00:00,Suburbs,Snow,Icy,Bus,Moderate,4,0,Moderate,10
d95dda31,2024-05-22 11:00:00,Industrial Area,Clear,Dry,Bus,Fatal,2,6,High,11
91b7a3ae,2024-05-22 12:00:00,Downtown,Snow,Dry,Car,Severe,2,2,Moderate,12
6b77b9ee,2024-05-22 13:00:00,Downtown,Storm,Icy,Truck,Severe,2,7,Moderate,13
eabc1ad8,2024-05-22 14:00:00,Industrial Area,Storm,Under Construction,Motorcycle,Fatal,4,5,Low,14
0bf9cfa2,2024-05-22 15:00:00,Downtown,Storm,Dry,Bicycle,Minor,1,0,Low,15
21c54a0e,2024-05-22 16:00:00,Industrial Area,Clear,Dry,Car,Severe,2,8,Moderate,16
3b2e8a70,2024-05-22 17:00:00,Suburbs,Rain,Under Construction,Car,Fatal,2,4,High,17
fff245c7,2024-05-22 18:00:00,Suburbs,Fog,Dry,Bicycle,Severe,3,5,Low,18
bfdfefe1,2024-05-22 19:00:00,Industrial Area,Rain,Wet,Truck,Fatal,1,3,Moderate,19
8794b7be,2024-05-22 20:00:00,Industrial Area,Fog,Dry,Bicycle,Moderate,4,6,High,20
f1d9b016,2024-05-22 21:00:00,Highway,Clear,Icy,Car,Moderate,1,0,Low,21
b50294e0,2024-05-22 22:00:00,Downtown,Clear,Dry,Bus,Minor,2,0,Moderate,22
6e7ad1db,2024-05-22 23:00:00,Residential Zone,Clear,Icy,Bus,Fatal,1,5,High,23
56655c65,2024-05-23 00:00:00,Industrial Area,Fog,Icy,Truck,Minor,3,5,Moderate,0
ba572158,2024-05-23 01:00:00,Downtown,Storm,Wet,Bicycle,Minor,1,7,Low,1
1be1fc94,2024-05-23 02:00:00,Suburbs,Rain,Dry,Bus,Moderate,3,9,Moderate,2
5c4e4e73,2024-05-23 03:00:00,Suburbs,Clear,Dry,Truck,Minor,2,7,High,3
8172ecad,2024-05-23 04:00:00,Downtown,Storm,Icy,Bus,Fatal,2,5,Low,4
ccad3e25,2024-05-23 05:00:00,Residential Zone,Rain,Dry,Truck,Fatal,2,5,High,5
47355e27,2024-05-23 06:00:00,Suburbs,Clear,Dry,Motorcycle,Minor,2,7,High,6
303a9098,2024-05-23 07:00:00,Suburbs,Snow,Under Construction,Motorcycle,Moderate,3,0,High,7
df3ac25a,2024-05-23 08:00:00,Residential Zone,Snow,Icy,Bus,Minor,2,5,Moderate,8
812fce41,2024-05-23 09:00:00,Downtown,Clear,Icy,Car,Moderate,4,8,Moderate,9
04c41b04,2024-05-23 10:00:00,Highway,Rain,Under Construction,Bicycle,Fatal,3,1,Low,10
351f3b95,2024-05-23 11:00:00,Residential Zone,Storm,Icy,Bicycle,Moderate,4,8,Low,11
1feb938b,2024-05-23 12:00:00,Downtown,Rain,Dry,Bus,Moderate,3,2,High,12
a09cbb6e,2024-05-23 13:00:00,Industrial Area,Rain,Dry,Bus,Fatal,3,1,High,13
4fb54c3a,2024-05-23 14:00:00,Residential Zone,Storm,Wet,Car,Minor,3,0,Low,14
6d217e8c,2024-05-23 15:00:00,Industrial Area,Fog,Wet,Motorcycle,Moderate,3,9,High,15
89bbed55,2024-05-23 16:00:00,Residential Zone,Rain,Icy,Truck,Severe,3,7,Moderate,16
36e33b6d,2024-05-23 17:00:00,Suburbs,Fog,Wet,Car,Fatal,4,3,Low,17
892ca7e3,2024-05-23 18:00:00,Downtown,Rain,Wet,Truck,Minor,2,5,Moderate,18
5f5d821f,2024-05-23 19:00:00,Downtown,Clear,Under Construction,Bus,Moderate,1,8,Moderate,19
6be08437,2024-05-23 20:00:00,Residential Zone,Storm,Wet,Car,Fatal,3,9,High,20
831ed6a2,2024-05-23 21:00:00,Downtown,Clear,Under Construction,Motorcycle,Minor,2,3,Low,21
c1818067,2024-05-23 22:00:00,Highway,Storm,Dry,Bus,Fatal,4,0,High,22
7df5f7c5,2024-05-23 23:00:00,Suburbs,Clear,Wet,Bus,Minor,1,3,High,23
b0808304,2024-05-24 00:00:00,Industrial Area,Snow,Under Construction,Truck,Minor,4,0,Moderate,0
94e8659a,2024-05-24 01:00:00,Downtown,Rain,Icy,Motorcycle,Moderate,4,8,Moderate,1
a685bf4c,2024-05-24 02:00:00,Industrial Area,Clear,Dry,Bus,Severe,2,1,Low,2
e80d6f81,2024-05-24 03:00:00,Residential Zone,Clear,Dry,Bicycle,Minor,3,2,Moderate,3
10a25480,2024-05-24 04:00:00,Highway,Fog,Wet,Motorcycle,Fatal,3,0,Moderate,4
e245a848,2024-05-24 05:00:00,Residential Zone,Clear,Under Construction,Truck,Moderate,3,8,Low,5
54ff4c83,2024-05-24 06:00:00,Industrial Area,Storm,Icy,Car,Minor,2,3,Moderate,6
4b14ac93,2024-05-24 07:00:00,Residential Zone,Clear,Icy,Truck,Minor,3,1,High,7
79cb52e5,2024-05-24 08:00:00,Industrial Area,Storm,Dry,Bicycle,Severe,1,0,Moderate,8
396a3fe6,2024-05-24 09:00:00,Residential Zone,Rain,Dry,Bicycle,Minor,1,7,High,9
93c5e772,2024-05-24 10:00:00,Highway,Storm,Wet,Truck,Minor,4,5,High,10
6515c85b,2024-05-24 11:00:00,Residential Zone,Rain,Dry,Bus,Fatal,4,7,High,11
4a4f146f,2024-05-24 12:00:00,Industrial Area,Rain,Icy,Motorcycle,Severe,3,8,Moderate,12
2f5ded79,2024-05-24 13:00:00,Residential Zone,Clear,Under Construction,Bus,Moderate,4,0,Low,13
9877c3eb,2024-05-24 14:00:00,Residential Zone,Storm,Wet,Truck,Fatal,2,0,Moderate,14
25686b22,2024-05-24 15:00:00,Downtown,Clear,Icy,Motorcycle,Minor,3,3,Moderate,15
4e59fa83,2024-05-24 16:00:00,Suburbs,Storm,Wet,Motorcycle,Fatal,1,8,Moderate,16
8d7c3e54,2024-05-24 17:00:00,Residential Zone,Fog,Under Construction,Car,Severe,2,5,High,17
83e777e7,2024-05-24 18:00:00,Highway,Snow,Dry,Bicycle,Fatal,2,5,High,18
8f7020a6,2024-05-24 19:00:00,Industrial Area,Snow,Dry,Bus,Severe,1,9,Low,19
86880e8d,2024-05-24 20:00:00,Highway,Clear,Icy,Motorcycle,Minor,1,6,Moderate,20
6ad3dbae,2024-05-24 21:00:00,Industrial Area,Clear,Dry,Truck,Moderate,3,9,Moderate,21
ed13c88e,2024-05-24 22:00:00,Residential Zone,Storm,Wet,Bus,Moderate,4,0,Low,22
7edab4f8,2024-05-24 23:00:00,Industrial Area,Fog,Under Construction,Car,Fatal,1,3,Moderate,23
8d8ad978,2024-05-25 00:00:00,Suburbs,Storm,Dry,Bicycle,Severe,1,2,Moderate,0
9b4e684f,2024-05-25 01:00:00,Suburbs,Clear,Under Construction,Bicycle,Minor,3,5,Low,1
82fd8550,2024-05-25 02:00:00,Suburbs,Snow,Under Construction,Car,Minor,1,6,High,2
ed1cde84,2024-05-25 03:00:00,Downtown,Storm,Wet,Bus,Minor,3,9,High,3
61795215,2024-05-25 04:00:00,Highway,Fog,Dry,Motorcycle,Moderate,2,2,Low,4
44cdbf2f,2024-05-25 05:00:00,Highway,Storm,Wet,Bus,Minor,4,7,High,5
56ecd22f,2024-05-25 06:00:00,Suburbs,Rain,Wet,Truck,Minor,2,5,Moderate,6
853f99d5,2024-05-25 07:00:00,Highway,Clear,Icy,Truck,Minor,1,7,High,7
064c38f0,2024-05-25 08:00:00,Industrial Area,Snow,Icy,Bicycle,Severe,4,6,High,8
ee822e61,2024-05-25 09:00:00,Suburbs,Snow,Dry,Bicycle,Minor,3,1,High,9
1cf8599d,2024-05-25 10:00:00,Downtown,Rain,Icy,Bicycle,Minor,4,1,Moderate,10
79639e76,2024-05-25 11:00:00,Suburbs,Fog,Dry,Truck,Fatal,2,3,High,11
fd9d7913,2024-05-25 12:00:00,Downtown,Clear,Under Construction,Motorcycle,Severe,3,7,Moderate,12
6beca899,2024-05-25 13:00:00,Residential Zone,Fog,Under Construction,Bicycle,Fatal,1,7,High,13
0afb8814,2024-05-25 14:00:00,Industrial Area,Storm,Icy,Motorcycle,Minor,2,4,High,14
f9f98a55,2024-05-25 15:00:00,Downtown,Snow,Wet,Truck,Minor,3,7,High,15
cab36f9f,2024-05-25 16:00:00,Residential Zone,Storm,Icy,Motorcycle,Moderate,2,2,Low,16
206d299a,2024-05-25 17:00:00,Industrial Area,Rain,Wet,Car,Moderate,3,4,High,17
dccd76df,2024-05-25 18:00:00,Downtown,Rain,Under Construction,Car,Moderate,3,8,Low,18
bb3a4160,2024-05-25 19:00:00,Highway,Fog,Icy,Bicycle,Moderate,1,3,Low,19
66583434,2024-05-25 20:00:00,Highway,Storm,Dry,Motorcycle,Fatal,2,6,Moderate,20
f37a9852,2024-05-25 21:00:00,Highway,Storm,Wet,Motorcycle,Fatal,3,3,High,21
98970778,2024-05-25 22:00:00,Downtown,Clear,Wet,Motorcycle,Moderate,1,7,Low,22
8c006899,2024-05-25 23:00:00,Suburbs,Clear,Icy,Truck,Minor,2,0,Moderate,23
54b2668f,2024-05-26 00:00:00,Downtown,Storm,Under Construction,Bus,Severe,4,4,Moderate,0
1488edca,2024-05-26 01:00:00,Suburbs,Clear,Wet,Bicycle,Fatal,4,0,Moderate,1
850cde53,2024-05-26 02:00:00,Industrial Area,Fog,Icy,Bus,Minor,4,0,Low,2
a0db84d3,2024-05-26 03:00:00,Residential Zone,Rain,Icy,Bicycle,Minor,4,5,Low,3
ac7093ee,2024-05-26 04:00:00,Highway,Storm,Under Construction,Bus,Moderate,4,5,High,4
ed0e436a,2024-05-26 05:00:00,Suburbs,Snow,Dry,Motorcycle,Severe,2,1,Low,5
48139f39,2024-05-26 06:00:00,Downtown,Fog,Dry,Motorcycle,Minor,2,7,High,6
9082a901,2024-05-26 07:00:00,Industrial Area,Clear,Icy,Bus,Severe,4,7,High,7
ba24f929,2024-05-26 08:00:00,Residential Zone,Rain,Icy,Car,Fatal,2,4,Low,8
44e30d34,2024-05-26 09:00:00,Residential Zone,Clear,Icy,Motorcycle,Fatal,4,4,High,9
c8332014,2024-05-26 10:00:00,Suburbs,Rain,Icy,Bicycle,Severe,4,2,High,10
76b02f3e,2024-05-26 11:00:00,Downtown,Rain,Under Construction,Bus,Moderate,1,0,Moderate,11
83d33fc3,2024-05-26 12:00:00,Residential Zone,Fog,Wet,Truck,Moderate,3,8,Moderate,12
c88ba9a8,2024-05-26 13:00:00,Residential Zone,Fog,Icy,Truck,Moderate,1,7,Moderate,13
a6115fa6,2024-05-26 14:00:00,Suburbs,Fog,Under Construction,Motorcycle,Minor,3,1,Moderate,14
477b68f6,2024-05-26 15:00:00,Suburbs,Fog,Icy,Car,Moderate,1,2,High,15
cf44a9b9,2024-05-26 16:00:00,Suburbs,Snow,Icy,Bus,Moderate,2,5,High,16
c21fb0a3,2024-05-26 17:00:00,Highway,Clear,Dry,Car,Fatal,3,7,Moderate,17
6fecf4d7,2024-05-26 18:00:00,Downtown,Storm,Wet,Motorcycle,Moderate,1,8,Low,18
1147ae05,2024-05-26 19:00:00,Residential Zone,Snow,Dry,Bicycle,Minor,1,9,Moderate,19
a637aa02,2024-05-26 20:00:00,Highway,Snow,Icy,Truck,Severe,4,1,High,20
e90fec98,2024-05-26 21:00:00,Residential Zone,Clear,Dry,Motorcycle,Fatal,2,9,High,21
936094f0,2024-05-26 22:00:00,Highway,Rain,Wet,Truck,Severe,3,6,Low,22
96e958df,2024-05-26 23:00:00,Highway,Snow,Under Construction,Bus,Moderate,4,5,Moderate,23
da020918,2024-05-27 00:00:00,Highway,Clear,Under Construction,Truck,Moderate,4,8,Low,0
32ee1a9a,2024-05-27 01:00:00,Industrial Area,Fog,Wet,Bicycle,Minor,2,1,Moderate,1
80daee37,2024-05-27 02:00:00,Residential Zone,Clear,Icy,Motorcycle,Minor,3,1,Moderate,2
0cf6c411,2024-05-27 03:00:00,Downtown,Fog,Wet,Car,Moderate,3,0,High,3
81c14ffd,2024-05-27 04:00:00,Suburbs,Rain,Wet,Car,Minor,4,4,High,4
b7c53916,2024-05-27 05:00:00,Residential Zone,Fog,Under Construction,Motorcycle,Minor,2,9,Moderate,5
afc355de,2024-05-27 06:00:00,Industrial Area,Snow,Under Construction,Car,Severe,1,1,High,6
ca08a138,2024-05-27 07:00:00,Industrial Area,Rain,Icy,Car,Moderate,1,7,Moderate,7
d40d6a93,2024-05-27 08:00:00,Industrial Area,Clear,Dry,Motorcycle,Moderate,2,5,Low,8
b095e503,2024-05-27 09:00:00,Residential Zone,Rain,Dry,Car,Fatal,3,9,High,9
ee13c668,2024-05-27 10:00:00,Downtown,Clear,Under Construction,Bus,Severe,1,2,Low,10
6d7a4f00,2024-05-27 11:00:00,Industrial Area,Fog,Wet,Car,Minor,3,2,Low,11
154973cc,2024-05-27 12:00:00,Downtown,Storm,Dry,Bicycle,Minor,2,9,High,12
e268492e,2024-05-27 13:00:00,Residential Zone,Fog,Dry,Truck,Minor,2,6,Low,13
fbee1ef7,2024-05-27 14:00:00,Downtown,Storm,Icy,Bicycle,Minor,1,8,High,14
f7467e66,2024-05-27 15:00:00,Industrial Area,Snow,Wet,Truck,Severe,4,8,Low,15
1edffae4,2024-05-27 16:00:00,Suburbs,Storm,Wet,Motorcycle,Moderate,2,1,Low,16
53d5580d,2024-05-27 17:00:00,Highway,Rain,Dry,Bus,Minor,1,9,Low,17
76846f8b,2024-05-27 18:00:00,Downtown,Fog,Dry,Car,Severe,3,3,High,18
51ffa253,2024-05-27 19:00:00,Downtown,Clear,Dry,Bus,Fatal,4,5,High,19
5671debf,2024-05-27 20:00:00,Downtown,Storm,Under Construction,Bus,Minor,3,6,Moderate,20
3abd59e1,2024-05-27 21:00:00,Industrial Area,Rain,Under Construction,Motorcycle,Minor,1,3,High,21
67eacf53,2024-05-27 22:00:00,Downtown,Clear,Icy,Truck,Fatal,1,7,Low,22
15e5dd63,2024-05-27 23:00:00,Suburbs,Clear,Icy,Bicycle,Severe,4,8,Moderate,23
2292bd89,2024-05-28 00:00:00,Highway,Fog,Wet,Bicycle,Moderate,1,2,Low,0
7cf81f37,2024-05-28 01:00:00,Residential Zone,Fog,Wet,Truck,Minor,1,2,High,1
9409c6d2,2024-05-28 02:00:00,Downtown,Fog,Wet,Bicycle,Fatal,1,6,High,2
92d7ded2,2024-05-28 03:00:00,Industrial Area,Clear,Dry,Bicycle,Minor,4,1,High,3
6a3d116c,2024-05-28 04:00:00,Highway,Clear,Under Construction,Motorcycle,Moderate,1,5,High,4
a683e078,2024-05-28 05:00:00,Downtown,Fog,Under Construction,Motorcycle,Moderate,3,3,Low,5
3ab96269,2024-05-28 06:00:00,Downtown,Snow,Dry,Bus,Fatal,1,6,High,6
0885e5e8,2024-05-28 07:00:00,Suburbs,Storm,Under Construction,Bus,Moderate,1,4,Low,7
5f02c706,2024-05-28 08:00:00,Residential Zone,Storm,Dry,Truck,Moderate,1,6,Low,8
95a001ab,2024-05-28 09:00:00,Suburbs,Fog,Under Construction,Motorcycle,Severe,1,0,Moderate,9
b388e2c2,2024-05-28 10:00:00,Downtown,Fog,Icy,Bus,Moderate,2,0,High,10
b8529c56,2024-05-28 11:00:00,Residential Zone,Rain,Icy,Car,Severe,2,9,High,11
1a6254c8,2024-05-28 12:00:00,Highway,Clear,Icy,Bicycle,Moderate,4,2,Moderate,12
ac6915b7,2024-05-28 13:00:00,Residential Zone,Clear,Under Construction,Bus,Severe,1,6,High,13
f2d4e1dd,2024-05-28 14:00:00,Suburbs,Snow,Dry,Car,Minor,2,0,High,14
714075e0,2024-05-28 15:00:00,Industrial Area,Clear,Dry,Motorcycle,Severe,3,0,Moderate,15
92bcb833,2024-05-28 16:00:00,Downtown,Fog,Under Construction,Bus,Minor,1,9,Moderate,16
e4e88b02,2024-05-28 17:00:00,Downtown,Clear,Wet,Bus,Fatal,3,5,Moderate,17
e87d0c60,2024-05-28 18:00:00,Industrial Area,Snow,Wet,Car,Severe,2,0,Moderate,18
3b12944a,2024-05-28 19:00:00,Highway,Fog,Dry,Motorcycle,Minor,4,6,Low,19
0849efb6,2024-05-28 20:00:00,Industrial Area,Clear,Under Construction,Bus,Severe,2,1,Moderate,20
63e56d90,2024-05-28 21:00:00,Downtown,Fog,Wet,Car,Severe,4,7,Low,21
dbc697bd,2024-05-28 22:00:00,Suburbs,Fog,Under Construction,Bicycle,Moderate,4,3,Low,22
9ae68ca2,2024-05-28 23:00:00,Industrial Area,Snow,Under Construction,Bicycle,Minor,4,0,High,23
6a3c718c,2024-05-29 00:00:00,Suburbs,Fog,Under Construction,Car,Severe,4,2,Low,0
4c6a6911,2024-05-29 01:00:00,Downtown,Rain,Icy,Truck,Fatal,2,1,Moderate,1
71228020,2024-05-29 02:00:00,Residential Zone,Fog,Icy,Motorcycle,Severe,1,1,High,2
b48d57f9,2024-05-29 03:00:00,Downtown,Storm,Under Construction,Bicycle,Minor,4,3,Low,3
65cce2c6,2024-05-29 04:00:00,Industrial Area,Snow,Under Construction,Motorcycle,Minor,1,6,High,4
5d5dfac1,2024-05-29 05:00:00,Suburbs,Clear,Dry,Car,Minor,3,8,Moderate,5
213765c1,2024-05-29 06:00:00,Residential Zone,Rain,Under Construction,Bus,Fatal,2,3,High,6
17ad08b8,2024-05-29 07:00:00,Highway,Snow,Icy,Bus,Moderate,4,8,High,7
d841f863,2024-05-29 08:00:00,Residential Zone,Fog,Dry,Car,Severe,1,8,Moderate,8
6b669676,2024-05-29 09:00:00,Industrial Area,Clear,Dry,Motorcycle,Minor,2,5,Moderate,9
de38e25c,2024-05-29 10:00:00,Suburbs,Storm,Icy,Bicycle,Fatal,4,0,Moderate,10
00b84cd3,2024-05-29 11:00:00,Suburbs,Rain,Dry,Truck,Severe,2,1,High,11
74080b1a,2024-05-29 12:00:00,Suburbs,Snow,Wet,Bicycle,Minor,2,9,Moderate,12
33182851,2024-05-29 13:00:00,Downtown,Fog,Icy,Bicycle,Severe,1,3,Low,13
ca8440ad,2024-05-29 14:00:00,Highway,Storm,Under Construction,Bus,Minor,3,0,High,14
241bb05e,2024-05-29 15:00:00,Industrial Area,Rain,Under Construction,Bus,Minor,4,3,Low,15
cd7f40a1,2024-05-29 16:00:00,Suburbs,Rain,Icy,Truck,Fatal,3,9,High,16
21ea3acc,2024-05-29 17:00:00,Residential Zone,Clear,Wet,Bus,Moderate,2,3,High,17
84e9e135,2024-05-29 18:00:00,Downtown,Snow,Icy,Bicycle,Moderate,4,0,High,18
dce81bb8,2024-05-29 19:00:00,Industrial Area,Clear,Icy,Motorcycle,Severe,3,1,Low,19
09552a63,2024-05-29 20:00:00,Suburbs,Storm,Icy,Bicycle,Moderate,4,9,High,20
b24de505,2024-05-29 21:00:00,Downtown,Fog,Dry,Motorcycle,Minor,3,2,Low,21
21ffccdb,2024-05-29 22:00:00,Residential Zone,Snow,Under Construction,Truck,Minor,4,4,Moderate,22
1fba4419,2024-05-29 23:00:00,Suburbs,Clear,Icy,Truck,Severe,2,3,High,23
5d006149,2024-05-30 00:00:00,Suburbs,Storm,Dry,Motorcycle,Minor,3,7,Low,0
3aac90ab,2024-05-30 01:00:00,Downtown,Fog,Icy,Truck,Severe,2,3,Low,1
19128834,2024-05-30 02:00:00,Industrial Area,Storm,Icy,Bicycle,Moderate,1,7,Low,2
31f984a8,2024-05-30 03:00:00,Industrial Area,Storm,Icy,Bus,Fatal,4,7,Low,3
6831b73f,2024-05-30 04:00:00,Highway,Storm,Under Construction,Car,Minor,1,6,Moderate,4
3aa44fb8,2024-05-30 05:00:00,Suburbs,Fog,Under Construction,Truck,Minor,2,7,Moderate,5
5492d378,2024-05-30 06:00:00,Industrial Area,Snow,Dry,Motorcycle,Fatal,1,0,Low,6
d5d5ca58,2024-05-30 07:00:00,Suburbs,Snow,Wet,Motorcycle,Severe,1,0,High,7
6ffbec00,2024-05-30 08:00:00,Downtown,Snow,Under Construction,Car,Fatal,2,0,Low,8
3204da4f,2024-05-30 09:00:00,Industrial Area,Fog,Icy,Bus,Minor,2,3,Low,9
eee04462,2024-05-30 10:00:00,Suburbs,Rain,Under Construction,Car,Fatal,1,3,Low,10
592348b8,2024-05-30 11:00:00,Residential Zone,Snow,Wet,Bus,Severe,2,7,Moderate,11
46b9a7a4,2024-05-30 12:00:00,Highway,Storm,Under Construction,Bicycle,Fatal,4,5,Low,12
ec0d6b8c,2024-05-30 13:00:00,Residential Zone,Snow,Under Construction,Bicycle,Severe,2,4,Low,13
967be3e8,2024-05-30 14:00:00,Residential Zone,Snow,Icy,Motorcycle,Minor,3,4,Low,14
636126c9,2024-05-30 15:00:00,Suburbs,Rain,Icy,Bicycle,Minor,1,7,High,15
91ed1288,2024-05-30 16:00:00,Residential Zone,Snow,Icy,Bus,Moderate,3,6,Low,16
c2a753c4,2024-05-30 17:00:00,Suburbs,Rain,Icy,Bicycle,Minor,3,2,Moderate,17
d121361e,2024-05-30 18:00:00,Suburbs,Clear,Under Construction,Bus,Minor,3,9,Moderate,18
b90ca8c4,2024-05-30 19:00:00,Residential Zone,Snow,Wet,Bus,Fatal,2,5,High,19
dd610365,2024-05-30 20:00:00,Industrial Area,Storm,Dry,Truck,Moderate,3,2,Low,20
284d0450,2024-05-30 21:00:00,Downtown,Rain,Icy,Bus,Fatal,1,5,Low,21
e4f79629,2024-05-30 22:00:00,Suburbs,Rain,Under Construction,Bicycle,Minor,2,7,High,22
c9cd3359,2024-05-30 23:00:00,Highway,Fog,Wet,Bus,Minor,1,9,Low,23
b0a686e3,2024-05-31 00:00:00,Highway,Clear,Icy,Truck,Fatal,1,0,Low,0
4b5951e6,2024-05-31 01:00:00,Industrial Area,Fog,Under Construction,Bicycle,Minor,2,2,Moderate,1
fd7bd8d2,2024-05-31 02:00:00,Highway,Clear,Icy,Bus,Moderate,1,5,Low,2
fb7ef453,2024-05-31 03:00:00,Highway,Snow,Dry,Bus,Moderate,1,3,Low,3
be4b860a,2024-05-31 04:00:00,Residential Zone,Fog,Wet,Car,Moderate,1,2,Moderate,4
d6c4ef98,2024-05-31 05:00:00,Residential Zone,Storm,Icy,Car,Severe,4,2,Low,5
fb67723f,2024-05-31 06:00:00,Downtown,Storm,Wet,Bicycle,Minor,4,4,High,6
0b66451b,2024-05-31 07:00:00,Residential Zone,Clear,Icy,Motorcycle,Moderate,1,6,Moderate,7
6bffc284,2024-05-31 08:00:00,Highway,Rain,Wet,Truck,Minor,2,6,Moderate,8
49c5d3db,2024-05-31 09:00:00,Highway,Storm,Wet,Bus,Moderate,2,1,Moderate,9
26e8bf86,2024-05-31 10:00:00,Highway,Storm,Icy,Bus,Fatal,2,9,Moderate,10
38ebe29d,2024-05-31 11:00:00,Suburbs,Fog,Under Construction,Truck,Minor,3,0,Low,11
b7a1c955,2024-05-31 12:00:00,Downtown,Fog,Wet,Bicycle,Severe,2,0,Low,12
e4e6d22b,2024-05-31 13:00:00,Suburbs,Clear,Icy,Bus,Minor,1,1,Moderate,13
e878c447,2024-05-31 14:00:00,Downtown,Clear,Under Construction,Truck,Fatal,4,3,High,14
a774c25d,2024-05-31 15:00:00,Downtown,Storm,Icy,Truck,Fatal,3,9,Low,15
fe0116a6,2024-05-31 16:00:00,Residential Zone,Fog,Icy,Motorcycle,Fatal,1,4,Low,16
21f271d9,2024-05-31 17:00:00,Industrial Area,Storm,Icy,Truck,Moderate,1,4,High,17
3ed8b8e3,2024-05-31 18:00:00,Downtown,Snow,Dry,Bicycle,Severe,4,9,Moderate,18
205b780d,2024-05-31 19:00:00,Suburbs,Storm,Wet,Bicycle,Moderate,4,5,Moderate,19
6fa0bc08,2024-05-31 20:00:00,Downtown,Clear,Under Construction,Motorcycle,Minor,2,3,Moderate,20
63fea33a,2024-05-31 21:00:00,Suburbs,Clear,Icy,Car,Severe,2,8,Low,21
d9657e5c,2024-05-31 22:00:00,Highway,Fog,Icy,Bus,Moderate,3,6,Low,22
befcd8d4,2024-05-31 23:00:00,Suburbs,Storm,Icy,Motorcycle,Severe,3,7,High,23
b6d60aa0,2024-06-01 00:00:00,Highway,Clear,Icy,Bus,Severe,1,4,Low,0
5d7ed3bb,2024-06-01 01:00:00,Downtown,Rain,Under Construction,Car,Minor,3,4,Moderate,1
5e50002e,2024-06-01 02:00:00,Highway,Clear,Under Construction,Truck,Minor,1,0,Low,2
029591da,2024-06-01 03:00:00,Suburbs,Clear,Wet,Car,Severe,4,4,High,3
05379823,2024-06-01 04:00:00,Residential Zone,Snow,Dry,Motorcycle,Fatal,2,3,Moderate,4
0c866362,2024-06-01 05:00:00,Highway,Snow,Under Construction,Car,Moderate,2,2,High,5
95280bdf,2024-06-01 06:00:00,Downtown,Rain,Dry,Car,Minor,3,4,High,6
be647b78,2024-06-01 07:00:00,Downtown,Rain,Icy,Truck,Moderate,4,1,Moderate,7
32a80b42,2024-06-01 08:00:00,Industrial Area,Clear,Under Construction,Car,Moderate,4,4,Moderate,8
ba8b5d34,2024-06-01 09:00:00,Residential Zone,Fog,Wet,Car,Severe,3,3,High,9
653d739e,2024-06-01 10:00:00,Highway,Rain,Icy,Motorcycle,Severe,1,6,High,10
2e4a6f9e,2024-06-01 11:00:00,Highway,Snow,Wet,Bicycle,Severe,1,4,Low,11
4f1460ce,2024-06-01 12:00:00,Residential Zone,Rain,Under Construction,Car,Severe,2,8,High,12
b0b58a2b,2024-06-01 13:00:00,Suburbs,Fog,Wet,Car,Severe,2,0,Low,13
695ab2cf,2024-06-01 14:00:00,Residential Zone,Fog,Wet,Bicycle,Moderate,4,7,High,14
b1816ab3,2024-06-01 15:00:00,Downtown,Fog,Icy,Bus,Fatal,2,3,Moderate,15
3168a290,2024-06-01 16:00:00,Suburbs,Snow,Wet,Bicycle,Moderate,4,2,Low,16
7cbabd99,2024-06-01 17:00:00,Industrial Area,Fog,Wet,Truck,Moderate,2,4,Low,17
7920ba30,2024-06-01 18:00:00,Suburbs,Fog,Wet,Car,Fatal,3,4,High,18
f32e90d2,2024-06-01 19:00:00,Industrial Area,Snow,Dry,Car,Severe,2,4,High,19
1f06a53d,2024-06-01 20:00:00,Highway,Snow,Dry,Motorcycle,Moderate,2,0,Moderate,20
cff4522e,2024-06-01 21:00:00,Suburbs,Fog,Icy,Motorcycle,Severe,4,2,Moderate,21
7fdf8aea,2024-06-01 22:00:00,Industrial Area,Storm,Wet,Car,Severe,1,3,Low,22
7fc15b87,2024-06-01 23:00:00,Residential Zone,Fog,Icy,Car,Moderate,2,4,Moderate,23
158c13b0,2024-06-02 00:00:00,Highway,Snow,Under Construction,Motorcycle,Fatal,2,7,Low,0
3c9f5e07,2024-06-02 01:00:00,Suburbs,Fog,Under Construction,Car,Moderate,2,2,High,1
d0730de4,2024-06-02 02:00:00,Downtown,Clear,Dry,Motorcycle,Severe,4,1,High,2
6092ff1f,2024-06-02 03:00:00,Industrial Area,Fog,Under Construction,Motorcycle,Fatal,1,6,Low,3
3f08ef9c,2024-06-02 04:00:00,Highway,Storm,Dry,Bicycle,Severe,3,0,Low,4
fc55b324,2024-06-02 05:00:00,Downtown,Clear,Under Construction,Car,Minor,1,9,Low,5
28aa6c7c,2024-06-02 06:00:00,Suburbs,Clear,Wet,Car,Minor,1,3,Moderate,6
8e3363d6,2024-06-02 07:00:00,Downtown,Fog,Wet,Bicycle,Severe,4,5,High,7
2f5f844b,2024-06-02 08:00:00,Downtown,Storm,Under Construction,Bicycle,Fatal,3,4,High,8
58b16bd3,2024-06-02 09:00:00,Suburbs,Rain,Wet,Motorcycle,Fatal,4,3,Low,9
ae8cb54e,2024-06-02 10:00:00,Downtown,Fog,Under Construction,Motorcycle,Moderate,4,1,High,10
b6233567,2024-06-02 11:00:00,Downtown,Clear,Icy,Truck,Moderate,4,9,Moderate,11
484268cd,2024-06-02 12:00:00,Residential Zone,Fog,Under Construction,Car,Severe,1,2,Low,12
6c0b18e4,2024-06-02 13:00:00,Highway,Snow,Under Construction,Bus,Moderate,1,0,Moderate,13
ff90395e,2024-06-02 14:00:00,Residential Zone,Fog,Under Construction,Bicycle,Fatal,2,0,Low,14
cf2f884a,2024-06-02 15:00:00,Downtown,Storm,Wet,Motorcycle,Moderate,2,5,Low,15
e1a3e6bc,2024-06-02 16:00:00,Suburbs,Fog,Icy,Car,Minor,3,6,Low,16
618738a3,2024-06-02 17:00:00,Highway,Clear,Icy,Car,Severe,3,4,High,17
d58e459b,2024-06-02 18:00:00,Industrial Area,Storm,Under Construction,Car,Severe,2,3,Low,18
6114cdf4,2024-06-02 19:00:00,Highway,Fog,Icy,Car,Severe,3,0,Moderate,19
853c52bf,2024-06-02 20:00:00,Suburbs,Clear,Icy,Truck,Severe,1,3,Low,20
40c7d450,2024-06-02 21:00:00,Residential Zone,Rain,Icy,Car,Moderate,4,8,Moderate,21
d3c931a0,2024-06-02 22:00:00,Suburbs,Rain,Wet,Car,Moderate,3,9,Moderate,22
bc39748c,2024-06-02 23:00:00,Highway,Snow,Under Construction,Bicycle,Severe,3,8,Moderate,23
a5d26b1e,2024-06-03 00:00:00,Downtown,Storm,Dry,Motorcycle,Moderate,1,9,High,0
3c18c5e4,2024-06-03 01:00:00,Residential Zone,Fog,Icy,Truck,Moderate,2,5,High,1
d0ecba3c,2024-06-03 02:00:00,Industrial Area,Snow,Icy,Bus,Minor,2,7,Low,2
91ee7ea7,2024-06-03 03:00:00,Residential Zone,Storm,Under Construction,Bicycle,Fatal,2,1,Moderate,3
d326705e,2024-06-03 04:00:00,Residential Zone,Snow,Wet,Truck,Severe,3,9,High,4
125e7466,2024-06-03 05:00:00,Highway,Snow,Dry,Truck,Moderate,1,0,Low,5
08ccaa09,2024-06-03 06:00:00,Suburbs,Rain,Dry,Car,Minor,4,6,Low,6
8c5bd23a,2024-06-03 07:00:00,Industrial Area,Snow,Icy,Car,Severe,1,7,High,7
51c970af,2024-06-03 08:00:00,Residential Zone,Fog,Dry,Car,Severe,1,8,Low,8
e7c7cdc2,2024-06-03 09:00:00,Industrial Area,Rain,Dry,Bus,Moderate,3,0,Moderate,9
f23fde73,2024-06-03 10:00:00,Industrial Area,Snow,Icy,Bicycle,Minor,1,6,Low,10
5f1de39b,2024-06-03 11:00:00,Downtown,Rain,Under Construction,Car,Fatal,2,6,Moderate,11
47892057,2024-06-03 12:00:00,Downtown,Snow,Dry,Bus,Minor,1,8,High,12
604b31de,2024-06-03 13:00:00,Downtown,Snow,Icy,Bus,Severe,4,6,High,13
4156770d,2024-06-03 14:00:00,Downtown,Fog,Dry,Bus,Minor,2,7,Low,14
abbd7a4a,2024-06-03 15:00:00,Suburbs,Fog,Dry,Bus,Fatal,2,2,High,15
b827593c,2024-06-03 16:00:00,Downtown,Storm,Wet,Motorcycle,Severe,1,8,Moderate,16
b269c0eb,2024-06-03 17:00:00,Downtown,Storm,Dry,Truck,Minor,3,8,Moderate,17
7f3ee47d,2024-06-03 18:00:00,Residential Zone,Storm,Dry,Motorcycle,Minor,2,8,High,18
ee8d9187,2024-06-03 19:00:00,Suburbs,Fog,Icy,Truck,Severe,2,7,High,19
0e4aa81e,2024-06-03 20:00:00,Residential Zone,Rain,Dry,Bus,Moderate,3,0,Low,20
39ede598,2024-06-03 21:00:00,Highway,Rain,Icy,Car,Moderate,4,8,Low,21
05e96f5a,2024-06-03 22:00:00,Highway,Clear,Dry,Motorcycle,Fatal,2,1,Low,22
e2eede44,2024-06-03 23:00:00,Suburbs,Clear,Dry,Bus,Fatal,4,6,Moderate,23
fa97eb4f,2024-06-04 00:00:00,Highway,Storm,Dry,Bus,Minor,4,9,High,0
929407b0,2024-06-04 01:00:00,Industrial Area,Clear,Dry,Bicycle,Fatal,3,4,Low,1
2a5a12ef,2024-06-04 02:00:00,Residential Zone,Snow,Icy,Car,Moderate,1,0,High,2
5a96f56e,2024-06-04 03:00:00,Residential Zone,Snow,Icy,Car,Moderate,1,3,Low,3
b8e00df4,2024-06-04 04:00:00,Downtown,Fog,Dry,Truck,Severe,3,1,High,4
b6332862,2024-06-04 05:00:00,Industrial Area,Storm,Under Construction,Truck,Minor,4,8,Moderate,5
212f306d,2024-06-04 06:00:00,Downtown,Storm,Wet,Truck,Moderate,2,0,High,6
ca79f8e4,2024-06-04 07:00:00,Highway,Snow,Dry,Truck,Severe,3,8,Low,7
7e6eb9a1,2024-06-04 08:00:00,Industrial Area,Clear,Dry,Bus,Minor,1,5,Moderate,8
e115246e,2024-06-04 09:00:00,Downtown,Clear,Wet,Truck,Severe,3,1,Low,9
9a9bdb97,2024-06-04 10:00:00,Industrial Area,Snow,Dry,Truck,Fatal,4,0,Moderate,10
34d67835,2024-06-04 11:00:00,Residential Zone,Clear,Under Construction,Bus,Severe,3,9,Moderate,11
de70d102,2024-06-04 12:00:00,Industrial Area,Rain,Icy,Bus,Minor,2,6,Moderate,12
55fba2c8,2024-06-04 13:00:00,Industrial Area,Snow,Icy,Motorcycle,Severe,1,9,Moderate,13
85b9d88d,2024-06-04 14:00:00,Suburbs,Clear,Wet,Motorcycle,Fatal,4,3,Low,14
3caf02cd,2024-06-04 15:00:00,Residential Zone,Rain,Under Construction,Bicycle,Minor,2,1,Moderate,15
7c9a38bb,2024-06-04 16:00:00,Suburbs,Clear,Icy,Bicycle,Moderate,2,4,High,16
97fcbbff,2024-06-04 17:00:00,Suburbs,Rain,Under Construction,Truck,Minor,3,3,Low,17
fae22abe,2024-06-04 18:00:00,Suburbs,Fog,Wet,Car,Moderate,1,2,Low,18
37883c89,2024-06-04 19:00:00,Residential Zone,Storm,Under Construction,Bicycle,Moderate,2,9,Moderate,19
b7d1b253,2024-06-04 20:00:00,Residential Zone,Clear,Wet,Motorcycle,Moderate,1,6,High,20
e01e3047,2024-06-04 21:00:00,Suburbs,Snow,Icy,Car,Fatal,2,6,Low,21
72ad00de,2024-06-04 22:00:00,Highway,Snow,Wet,Car,Fatal,1,3,Low,22
cf7f61a3,2024-06-04 23:00:00,Residential Zone,Storm,Icy,Bus,Minor,2,4,High,23
b9bc8bd4,2024-06-05 00:00:00,Highway,Fog,Wet,Car,Moderate,3,4,Moderate,0
85b5a376,2024-06-05 01:00:00,Residential Zone,Storm,Icy,Truck,Minor,3,6,Low,1
29028f49,2024-06-05 02:00:00,Highway,Rain,Dry,Bicycle,Severe,3,5,Low,2
e803f3f8,2024-06-05 03:00:00,Industrial Area,Storm,Wet,Bicycle,Minor,2,4,High,3
a4e61d0d,2024-06-05 04:00:00,Downtown,Snow,Dry,Bus,Moderate,3,4,High,4
e6e50e41,2024-06-05 05:00:00,Industrial Area,Storm,Dry,Car,Moderate,2,4,Moderate,5
09460c65,2024-06-05 06:00:00,Highway,Fog,Under Construction,Bus,Severe,2,9,Low,6
3f422004,2024-06-05 07:00:00,Suburbs,Snow,Icy,Bus,Minor,4,3,High,7
ea8fe89e,2024-06-05 08:00:00,Highway,Fog,Wet,Motorcycle,Fatal,3,3,Moderate,8
c94eecc5,2024-06-05 09:00:00,Highway,Rain,Icy,Car,Severe,3,9,High,9
a0d0cf24,2024-06-05 10:00:00,Suburbs,Rain,Wet,Motorcycle,Fatal,2,9,High,10
2bb8fd6d,2024-06-05 11:00:00,Industrial Area,Clear,Wet,Car,Moderate,3,8,Moderate,11
88a54ae0,2024-06-05 12:00:00,Industrial Area,Clear,Icy,Bus,Fatal,4,8,Low,12
c3114bff,2024-06-05 13:00:00,Highway,Clear,Wet,Bus,Severe,3,6,Moderate,13
d42adfb2,2024-06-05 14:00:00,Residential Zone,Rain,Icy,Truck,Minor,1,6,Low,14
016c3f84,2024-06-05 15:00:00,Highway,Clear,Dry,Truck,Moderate,3,0,Moderate,15
e9eb44ff,2024-06-05 16:00:00,Downtown,Clear,Under Construction,Motorcycle,Fatal,3,9,Moderate,16
02f8915b,2024-06-05 17:00:00,Highway,Snow,Dry,Motorcycle,Minor,1,6,High,17
9d3c0a2b,2024-06-05 18:00:00,Industrial Area,Snow,Icy,Car,Minor,1,0,Low,18
9e2165c2,2024-06-05 19:00:00,Downtown,Clear,Icy,Motorcycle,Moderate,1,8,Moderate,19
dc48d0d9,2024-06-05 20:00:00,Downtown,Fog,Under Construction,Car,Minor,4,2,Moderate,20
e4b7e420,2024-06-05 21:00:00,Industrial Area,Snow,Icy,Bicycle,Severe,2,6,Moderate,21
8995b15e,2024-06-05 22:00:00,Downtown,Snow,Wet,Motorcycle,Fatal,3,8,Moderate,22
0d12b0d7,2024-06-05 23:00:00,Highway,Fog,Dry,Bus,Moderate,1,1,High,23
831170fe,2024-06-06 00:00:00,Residential Zone,Snow,Wet,Bus,Fatal,3,1,Moderate,0
99428131,2024-06-06 01:00:00,Industrial Area,Snow,Dry,Truck,Severe,2,6,Moderate,1
110ebfdd,2024-06-06 02:00:00,Highway,Storm,Under Construction,Motorcycle,Fatal,4,8,Low,2
cfc48f88,2024-06-06 03:00:00,Suburbs,Snow,Under Construction,Truck,Moderate,2,0,Low,3
31a3281e,2024-06-06 04:00:00,Downtown,Fog,Dry,Motorcycle,Minor,4,9,High,4
40fdc025,2024-06-06 05:00:00,Highway,Storm,Dry,Motorcycle,Moderate,3,7,High,5
84da3f6d,2024-06-06 06:00:00,Industrial Area,Storm,Icy,Bicycle,Severe,4,7,Low,6
10697e08,2024-06-06 07:00:00,Highway,Snow,Dry,Bicycle,Fatal,3,2,Low,7
93c9075b,2024-06-06 08:00:00,Industrial Area,Fog,Icy,Motorcycle,Moderate,4,3,High,8
888e1857,2024-06-06 09:00:00,Residential Zone,Storm,Dry,Bus,Fatal,1,0,Moderate,9
d4eae8dc,2024-06-06 10:00:00,Industrial Area,Fog,Under Construction,Bicycle,Fatal,3,4,High,10
5afa6a36,2024-06-06 11:00:00,Suburbs,Clear,Wet,Bus,Minor,4,0,Low,11
599acee2,2024-06-06 12:00:00,Industrial Area,Storm,Icy,Bus,Severe,3,8,Moderate,12
e32655a7,2024-06-06 13:00:00,Suburbs,Storm,Dry,Motorcycle,Moderate,2,4,Moderate,13
88a51047,2024-06-06 14:00:00,Highway,Fog,Under Construction,Bus,Severe,4,6,Low,14
f8099f68,2024-06-06 15:00:00,Residential Zone,Fog,Wet,Truck,Fatal,1,5,High,15
5cbae58e,2024-06-06 16:00:00,Downtown,Snow,Icy,Bus,Fatal,3,1,Low,16
69858698,2024-06-06 17:00:00,Highway,Storm,Under Construction,Bus,Fatal,4,1,High,17
8fc37e5f,2024-06-06 18:00:00,Downtown,Rain,Under Construction,Motorcycle,Moderate,1,0,Low,18
62d3b66c,2024-06-06 19:00:00,Suburbs,Rain,Dry,Motorcycle,Minor,4,2,High,19
4e7940c5,2024-06-06 20:00:00,Industrial Area,Storm,Wet,Truck,Fatal,4,2,Moderate,20
62af65ac,2024-06-06 21:00:00,Industrial Area,Rain,Wet,Car,Minor,3,3,Moderate,21
00a9d128,2024-06-06 22:00:00,Downtown,Snow,Under Construction,Truck,Severe,3,0,Moderate,22
3ae897b4,2024-06-06 23:00:00,Highway,Rain,Dry,Bus,Severe,1,3,High,23
9f0d416a,2024-06-07 00:00:00,Suburbs,Fog,Under Construction,Car,Moderate,3,1,Moderate,0
61ab6ee9,2024-06-07 01:00:00,Industrial Area,Storm,Dry,Car,Moderate,2,0,Moderate,1
acee4127,2024-06-07 02:00:00,Downtown,Clear,Under Construction,Bicycle,Fatal,3,3,Moderate,2
857e15c2,2024-06-07 03:00:00,Residential Zone,Fog,Icy,Truck,Fatal,2,7,Low,3
947dd447,2024-06-07 04:00:00,Downtown,Snow,Dry,Truck,Moderate,3,6,Low,4
4fef7e78,2024-06-07 05:00:00,Downtown,Fog,Under Construction,Motorcycle,Severe,3,5,High,5
b114053c,2024-06-07 06:00:00,Residential Zone,Rain,Under Construction,Bicycle,Minor,1,6,High,6
2dc789f6,2024-06-07 07:00:00,Highway,Rain,Wet,Car,Fatal,1,7,High,7
b85ca3a8,2024-06-07 08:00:00,Industrial Area,Clear,Wet,Truck,Minor,2,9,Low,8
154206b5,2024-06-07 09:00:00,Residential Zone,Fog,Wet,Motorcycle,Severe,2,1,Low,9
edce0c22,2024-06-07 10:00:00,Industrial Area,Storm,Wet,Bicycle,Minor,1,9,Moderate,10
442091df,2024-06-07 11:00:00,Suburbs,Fog,Icy,Bicycle,Minor,4,5,Low,11
993cfe19,2024-06-07 12:00:00,Highway,Snow,Under Construction,Bicycle,Moderate,2,9,High,12
764e7859,2024-06-07 13:00:00,Suburbs,Storm,Dry,Bicycle,Fatal,4,7,Low,13
c012d011,2024-06-07 14:00:00,Downtown,Fog,Wet,Bus,Severe,4,7,High,14
b1e69bad,2024-06-07 15:00:00,Downtown,Storm,Icy,Bicycle,Minor,4,4,Moderate,15
12fc3e6a,2024-06-07 16:00:00,Suburbs,Clear,Dry,Truck,Fatal,4,7,High,16
5d4ac655,2024-06-07 17:00:00,Industrial Area,Clear,Wet,Car,Fatal,3,8,Moderate,17
c2973793,2024-06-07 18:00:00,Downtown,Clear,Dry,Bus,Minor,3,9,Moderate,18
2f96200e,2024-06-07 19:00:00,Residential Zone,Clear,Under Construction,Motorcycle,Fatal,2,0,Moderate,19
dfd0989a,2024-06-07 20:00:00,Highway,Fog,Under Construction,Car,Minor,3,9,Moderate,20
b9d8ea77,2024-06-07 21:00:00,Highway,Storm,Dry,Bus,Minor,2,8,Moderate,21
a675240b,2024-06-07 22:00:00,Residential Zone,Fog,Dry,Motorcycle,Severe,1,4,Low,22
7aa7e420,2024-06-07 23:00:00,Residential Zone,Fog,Under Construction,Bicycle,Fatal,3,8,High,23
c65c8d69,2024-06-08 00:00:00,Downtown,Rain,Icy,Bus,Moderate,2,9,High,0
2b8efa1c,2024-06-08 01:00:00,Downtown,Storm,Icy,Bus,Moderate,4,5,High,1
6451bd0b,2024-06-08 02:00:00,Suburbs,Clear,Icy,Bus,Fatal,2,5,Moderate,2
7d9a2e2d,2024-06-08 03:00:00,Suburbs,Rain,Dry,Bicycle,Moderate,4,5,High,3
bc80af42,2024-06-08 04:00:00,Downtown,Storm,Dry,Bicycle,Severe,2,0,Moderate,4
79576cb3,2024-06-08 05:00:00,Downtown,Rain,Wet,Truck,Minor,3,8,High,5
85c92665,2024-06-08 06:00:00,Highway,Snow,Dry,Bus,Severe,2,1,Low,6
af92ecd6,2024-06-08 07:00:00,Highway,Rain,Icy,Bicycle,Moderate,1,3,Moderate,7
071a5ee2,2024-06-08 08:00:00,Industrial Area,Fog,Dry,Bicycle,Moderate,3,3,High,8
e7bcc460,2024-06-08 09:00:00,Highway,Rain,Wet,Motorcycle,Moderate,3,0,Moderate,9
446b867e,2024-06-08 10:00:00,Downtown,Fog,Icy,Car,Moderate,4,1,High,10
d68cc318,2024-06-08 11:00:00,Highway,Clear,Wet,Bus,Moderate,4,5,Moderate,11
2660b48a,2024-06-08 12:00:00,Industrial Area,Rain,Wet,Bus,Fatal,2,2,Moderate,12
eb5d0410,2024-06-08 13:00:00,Suburbs,Clear,Under Construction,Bicycle,Severe,4,1,High,13
17d5b000,2024-06-08 14:00:00,Highway,Fog,Under Construction,Car,Minor,4,4,High,14
8d9e4ef4,2024-06-08 15:00:00,Residential Zone,Snow,Wet,Car,Fatal,4,2,Moderate,15
0193217c,2024-06-08 16:00:00,Downtown,Clear,Icy,Truck,Severe,4,1,High,16
f5d8cf1c,2024-06-08 17:00:00,Downtown,Rain,Icy,Bus,Moderate,1,4,Moderate,17
7c131592,2024-06-08 18:00:00,Suburbs,Fog,Wet,Bus,Fatal,1,6,Low,18
2cc3f86e,2024-06-08 19:00:00,Industrial Area,Clear,Wet,Car,Fatal,4,9,Moderate,19
7fc04175,2024-06-08 20:00:00,Downtown,Storm,Wet,Truck,Minor,2,6,High,20
8b773fc6,2024-06-08 21:00:00,Highway,Clear,Dry,Motorcycle,Severe,4,1,High,21
f811c6fe,2024-06-08 22:00:00,Highway,Snow,Dry,Bus,Moderate,4,6,High,22
927a727f,2024-06-08 23:00:00,Suburbs,Snow,Wet,Car,Minor,1,8,High,23
507f91ad,2024-06-09 00:00:00,Industrial Area,Fog,Dry,Bicycle,Fatal,1,2,Low,0
4265fe42,2024-06-09 01:00:00,Downtown,Clear,Icy,Motorcycle,Fatal,4,9,High,1
797e2fbb,2024-06-09 02:00:00,Downtown,Rain,Icy,Car,Minor,1,1,Moderate,2
688d61c8,2024-06-09 03:00:00,Residential Zone,Storm,Under Construction,Truck,Minor,2,1,Moderate,3
09891f70,2024-06-09 04:00:00,Industrial Area,Snow,Under Construction,Truck,Fatal,1,8,High,4
a5113b74,2024-06-09 05:00:00,Residential Zone,Snow,Under Construction,Bus,Severe,3,0,Moderate,5
baf352a4,2024-06-09 06:00:00,Highway,Rain,Wet,Car,Fatal,3,6,High,6
3c3617b6,2024-06-09 07:00:00,Residential Zone,Clear,Icy,Motorcycle,Fatal,2,7,Moderate,7
469eb8bd,2024-06-09 08:00:00,Highway,Storm,Dry,Truck,Minor,3,0,High,8
423e547d,2024-06-09 09:00:00,Highway,Fog,Dry,Bus,Fatal,2,6,High,9
5f4245e9,2024-06-09 10:00:00,Highway,Clear,Icy,Bicycle,Minor,3,0,High,10
0e393188,2024-06-09 11:00:00,Industrial Area,Snow,Wet,Bus,Severe,2,3,Low,11
9cb47336,2024-06-09 12:00:00,Residential Zone,Storm,Wet,Bicycle,Moderate,1,9,Moderate,12
d1107381,2024-06-09 13:00:00,Industrial Area,Snow,Icy,Motorcycle,Moderate,1,9,Low,13
fbc11ed3,2024-06-09 14:00:00,Industrial Area,Fog,Icy,Truck,Moderate,3,0,Moderate,14
f2a8d3ea,2024-06-09 15:00:00,Downtown,Storm,Dry,Motorcycle,Moderate,1,4,Moderate,15
4221da3b,2024-06-09 16:00:00,Downtown,Fog,Dry,Motorcycle,Moderate,4,5,Low,16
e7c17e15,2024-06-09 17:00:00,Residential Zone,Rain,Icy,Car,Severe,4,8,High,17
57e5be19,2024-06-09 18:00:00,Industrial Area,Rain,Icy,Bus,Severe,1,3,High,18
a9e21e3c,2024-06-09 19:00:00,Industrial Area,Clear,Wet,Car,Fatal,1,8,Low,19
d7b5fcf3,2024-06-09 20:00:00,Residential Zone,Fog,Under Construction,Motorcycle,Moderate,1,6,Moderate,20
e3bf9ded,2024-06-09 21:00:00,Industrial Area,Fog,Wet,Bus,Severe,1,6,Low,21
ca93152d,2024-06-09 22:00:00,Downtown,Clear,Icy,Truck,Minor,1,5,Moderate,22
8ff50369,2024-06-09 23:00:00,Suburbs,Rain,Icy,Bicycle,Severe,2,0,High,23
34d9cec5,2024-06-10 00:00:00,Residential Zone,Fog,Wet,Bus,Fatal,1,6,High,0
a820d863,2024-06-10 01:00:00,Industrial Area,Fog,Wet,Car,Moderate,3,7,High,1
09068814,2024-06-10 02:00:00,Downtown,Clear,Icy,Bus,Fatal,4,8,Moderate,2
e87a6095,2024-06-10 03:00:00,Industrial Area,Snow,Wet,Car,Minor,1,2,Low,3
3380c389,2024-06-10 04:00:00,Highway,Storm,Icy,Car,Severe,4,4,Moderate,4
fcae7680,2024-06-10 05:00:00,Downtown,Clear,Icy,Car,Severe,2,5,Low,5
e692cf2f,2024-06-10 06:00:00,Suburbs,Storm,Wet,Bicycle,Moderate,3,5,Low,6
19b13515,2024-06-10 07:00:00,Downtown,Fog,Under Construction,Bicycle,Fatal,4,2,Low,7
df6fa365,2024-06-10 08:00:00,Residential Zone,Snow,Dry,Car,Minor,2,2,High,8
5ac0df97,2024-06-10 09:00:00,Highway,Snow,Icy,Truck,Minor,3,4,Low,9
3969523b,2024-06-10 10:00:00,Industrial Area,Storm,Icy,Bus,Minor,4,6,Low,10
8cb3bcba,2024-06-10 11:00:00,Downtown,Rain,Wet,Truck,Severe,4,7,High,11
9f87d3e3,2024-06-10 12:00:00,Downtown,Storm,Under Construction,Bus,Fatal,1,0,High,12
1e2bd2da,2024-06-10 13:00:00,Industrial Area,Rain,Icy,Truck,Severe,2,0,High,13
05a9e61a,2024-06-10 14:00:00,Suburbs,Snow,Dry,Bus,Fatal,3,5,Moderate,14
62bd5ec3,2024-06-10 15:00:00,Suburbs,Snow,Icy,Motorcycle,Severe,3,8,Low,15
6702a527,2024-06-10 16:00:00,Industrial Area,Snow,Dry,Truck,Minor,1,1,Low,16
71a6737c,2024-06-10 17:00:00,Downtown,Fog,Dry,Motorcycle,Minor,1,6,High,17
766efd21,2024-06-10 18:00:00,Downtown,Fog,Icy,Bicycle,Moderate,4,0,Moderate,18
2daa7a90,2024-06-10 19:00:00,Highway,Clear,Dry,Bus,Minor,1,6,Low,19
9664b1f3,2024-06-10 20:00:00,Downtown,Fog,Icy,Car,Severe,1,8,Moderate,20
c1074ed6,2024-06-10 21:00:00,Suburbs,Fog,Dry,Bicycle,Fatal,4,4,Low,21
2168b8ee,2024-06-10 22:00:00,Suburbs,Storm,Dry,Truck,Severe,4,7,Low,22
4df67128,2024-06-10 23:00:00,Downtown,Snow,Icy,Car,Minor,2,9,High,23
98046eae,2024-06-11 00:00:00,Suburbs,Fog,Icy,Truck,Moderate,3,9,Low,0
04b1bedb,2024-06-11 01:00:00,Suburbs,Rain,Wet,Truck,Moderate,1,7,High,1
c6034879,2024-06-11 02:00:00,Industrial Area,Fog,Icy,Truck,Moderate,2,9,Low,2
4a274ec9,2024-06-11 03:00:00,Highway,Snow,Under Construction,Bicycle,Fatal,1,2,High,3
dc6f49e1,2024-06-11 04:00:00,Residential Zone,Clear,Wet,Truck,Severe,2,3,Low,4
f0c8df47,2024-06-11 05:00:00,Highway,Rain,Icy,Bus,Severe,4,5,Moderate,5
14a17fa9,2024-06-11 06:00:00,Suburbs,Snow,Icy,Truck,Severe,3,9,Low,6
8270bdb9,2024-06-11 07:00:00,Residential Zone,Clear,Icy,Car,Moderate,3,9,High,7
5dd71711,2024-06-11 08:00:00,Highway,Clear,Icy,Bicycle,Fatal,2,9,Moderate,8
e6be04b0,2024-06-11 09:00:00,Suburbs,Fog,Under Construction,Car,Minor,3,7,Moderate,9
3ce9d123,2024-06-11 10:00:00,Suburbs,Fog,Under Construction,Bicycle,Fatal,4,9,Moderate,10
063d04d5,2024-06-11 11:00:00,Suburbs,Storm,Icy,Truck,Fatal,3,6,Moderate,11
0e4f3318,2024-06-11 12:00:00,Suburbs,Snow,Under Construction,Car,Minor,4,2,Low,12
951e284b,2024-06-11 13:00:00,Downtown,Snow,Dry,Motorcycle,Fatal,3,9,High,13
b85abce4,2024-06-11 14:00:00,Suburbs,Rain,Icy,Car,Severe,3,8,Moderate,14
8d2c26d1,2024-06-11 15:00:00,Highway,Rain,Dry,Car,Severe,4,7,Low,15
c77518d9,2024-06-11 16:00:00,Highway,Snow,Under Construction,Motorcycle,Minor,1,1,High,16
1436755f,2024-06-11 17:00:00,Industrial Area,Rain,Dry,Bicycle,Minor,1,8,Low,17
218120be,2024-06-11 18:00:00,Highway,Rain,Icy,Bus,Moderate,3,0,High,18
7d9fb460,2024-06-11 19:00:00,Suburbs,Fog,Wet,Motorcycle,Minor,2,1,Low,19
e8d5a75e,2024-06-11 20:00:00,Downtown,Fog,Wet,Car,Moderate,2,8,High,20
6ff9f7d8,2024-06-11 21:00:00,Industrial Area,Snow,Icy,Truck,Fatal,3,3,Moderate,21
f1c01527,2024-06-11 22:00:00,Downtown,Snow,Wet,Bus,Moderate,4,5,Moderate,22
b31631d9,2024-06-11 23:00:00,Residential Zone,Clear,Wet,Truck,Moderate,3,0,High,23
a58e4049,2024-06-12 00:00:00,Suburbs,Snow,Dry,Truck,Fatal,3,5,Low,0
18a66e84,2024-06-12 01:00:00,Residential Zone,Storm,Icy,Motorcycle,Severe,2,5,Low,1
84347dd7,2024-06-12 02:00:00,Highway,Clear,Icy,Bus,Severe,2,4,High,2
ca1c2902,2024-06-12 03:00:00,Suburbs,Rain,Icy,Truck,Minor,3,5,Low,3
28cbeca7,2024-06-12 04:00:00,Highway,Rain,Icy,Truck,Minor,2,9,High,4
cffa1f68,2024-06-12 05:00:00,Suburbs,Clear,Dry,Bus,Minor,4,3,High,5
5fffd33d,2024-06-12 06:00:00,Suburbs,Clear,Icy,Motorcycle,Fatal,2,6,High,6
f5c098ba,2024-06-12 07:00:00,Highway,Storm,Icy,Motorcycle,Minor,1,7,Moderate,7
19ea3404,2024-06-12 08:00:00,Residential Zone,Clear,Under Construction,Bicycle,Minor,1,3,High,8
70d02e11,2024-06-12 09:00:00,Highway,Snow,Icy,Bicycle,Fatal,1,1,Low,9
6faf9a8c,2024-06-12 10:00:00,Downtown,Storm,Under Construction,Bus,Moderate,4,5,Moderate,10
bd8f9aa2,2024-06-12 11:00:00,Residential Zone,Snow,Icy,Truck,Severe,4,1,Low,11
a4ab9684,2024-06-12 12:00:00,Industrial Area,Storm,Icy,Bicycle,Severe,4,5,Low,12
79bf5433,2024-06-12 13:00:00,Suburbs,Snow,Icy,Bicycle,Severe,3,7,High,13
9de8ae2e,2024-06-12 14:00:00,Suburbs,Storm,Wet,Bus,Severe,1,6,Low,14
29588247,2024-06-12 15:00:00,Suburbs,Storm,Icy,Motorcycle,Minor,4,8,High,15
cd871c64,2024-06-12 16:00:00,Downtown,Fog,Dry,Bicycle,Moderate,1,4,Moderate,16
164361e9,2024-06-12 17:00:00,Downtown,Storm,Dry,Bicycle,Fatal,3,7,Moderate,17
e3acc6e8,2024-06-12 18:00:00,Industrial Area,Storm,Under Construction,Bus,Severe,4,6,High,18
e0b50bef,2024-06-12 19:00:00,Highway,Storm,Dry,Bus,Minor,3,1,Low,19
a4f4e809,2024-06-12 20:00:00,Suburbs,Snow,Under Construction,Bus,Minor,2,0,Low,20
c112d8ba,2024-06-12 21:00:00,Suburbs,Fog,Icy,Motorcycle,Minor,1,1,Moderate,21
95ba018a,2024-06-12 22:00:00,Suburbs,Snow,Dry,Truck,Fatal,4,1,Moderate,22
cf7ee757,2024-06-12 23:00:00,Residential Zone,Storm,Dry,Bicycle,Fatal,3,9,Low,23
1cd0366e,2024-06-13 00:00:00,Highway,Clear,Under Construction,Motorcycle,Moderate,4,9,Moderate,0
f842bc30,2024-06-13 01:00:00,Residential Zone,Snow,Icy,Bus,Severe,4,5,High,1
6cff1716,2024-06-13 02:00:00,Industrial Area,Fog,Under Construction,Motorcycle,Moderate,4,0,Low,2
647c01ed,2024-06-13 03:00:00,Suburbs,Snow,Under Construction,Bicycle,Moderate,4,9,Moderate,3
adf94df3,2024-06-13 04:00:00,Highway,Storm,Icy,Car,Minor,1,5,Moderate,4
85632223,2024-06-13 05:00:00,Industrial Area,Snow,Under Construction,Bus,Severe,4,5,Low,5
535f6f19,2024-06-13 06:00:00,Industrial Area,Snow,Icy,Truck,Severe,3,4,Low,6
af8ae939,2024-06-13 07:00:00,Suburbs,Storm,Icy,Bus,Minor,1,6,Low,7
5c892013,2024-06-13 08:00:00,Industrial Area,Storm,Under Construction,Car,Severe,4,0,High,8
c1ad3c42,2024-06-13 09:00:00,Residential Zone,Fog,Icy,Bus,Moderate,4,8,Moderate,9
934053dc,2024-06-13 10:00:00,Industrial Area,Rain,Icy,Car,Minor,4,5,Low,10
18bd959a,2024-06-13 11:00:00,Industrial Area,Snow,Under Construction,Motorcycle,Moderate,2,4,Moderate,11
b7a687a6,2024-06-13 12:00:00,Residential Zone,Rain,Wet,Motorcycle,Minor,2,5,Moderate,12
ed57e90f,2024-06-13 13:00:00,Downtown,Rain,Under Construction,Truck,Moderate,2,9,Moderate,13
37dfb46d,2024-06-13 14:00:00,Suburbs,Clear,Wet,Truck,Fatal,4,0,Moderate,14
27377def,2024-06-13 15:00:00,Residential Zone,Snow,Wet,Motorcycle,Fatal,4,2,Moderate,15
d1bf44f5,2024-06-13 16:00:00,Residential Zone,Snow,Wet,Bus,Minor,2,5,Moderate,16
33738ecb,2024-06-13 17:00:00,Highway,Rain,Wet,Bus,Severe,2,4,Low,17
9f6aff02,2024-06-13 18:00:00,Residential Zone,Fog,Icy,Car,Severe,1,3,Low,18
c2755f98,2024-06-13 19:00:00,Residential Zone,Clear,Wet,Bicycle,Moderate,4,3,High,19
037bd569,2024-06-13 20:00:00,Industrial Area,Fog,Icy,Bus,Minor,2,7,Low,20
99b25de3,2024-06-13 21:00:00,Highway,Rain,Under Construction,Car,Fatal,4,6,Moderate,21
f17c1c00,2024-06-13 22:00:00,Residential Zone,Fog,Under Construction,Motorcycle,Moderate,2,8,High,22
6268be8d,2024-06-13 23:00:00,Suburbs,Storm,Wet,Motorcycle,Severe,4,9,Moderate,23
747fc192,2024-06-14 00:00:00,Residential Zone,Clear,Icy,Motorcycle,Severe,2,7,High,0
393dd3bf,2024-06-14 01:00:00,Industrial Area,Storm,Under Construction,Bus,Moderate,4,6,Moderate,1
a35ca254,2024-06-14 02:00:00,Highway,Snow,Wet,Bus,Fatal,4,5,High,2
ab6aa3c2,2024-06-14 03:00:00,Downtown,Rain,Wet,Truck,Fatal,2,6,Low,3
2fe78be8,2024-06-14 04:00:00,Residential Zone,Snow,Wet,Car,Severe,3,3,Moderate,4
73021712,2024-06-14 05:00:00,Industrial Area,Snow,Dry,Truck,Moderate,2,5,High,5
685ac233,2024-06-14 06:00:00,Industrial Area,Fog,Under Construction,Motorcycle,Fatal,1,2,Moderate,6
4509bb1b,2024-06-14 07:00:00,Highway,Snow,Dry,Bicycle,Minor,3,8,Moderate,7
13ed7816,2024-06-14 08:00:00,Downtown,Clear,Wet,Car,Minor,2,6,Moderate,8
e2a20491,2024-06-14 09:00:00,Suburbs,Clear,Wet,Truck,Moderate,2,4,Moderate,9
f0b37f75,2024-06-14 10:00:00,Residential Zone,Clear,Dry,Car,Severe,2,2,Moderate,10
0dcca700,2024-06-14 11:00:00,Highway,Snow,Icy,Bus,Minor,2,5,Moderate,11
153710f3,2024-06-14 12:00:00,Industrial Area,Storm,Under Construction,Bicycle,Moderate,4,7,Moderate,12
63dd98d7,2024-06-14 13:00:00,Residential Zone,Fog,Wet,Motorcycle,Moderate,3,5,Moderate,13
98b94e3e,2024-06-14 14:00:00,Highway,Clear,Dry,Truck,Minor,2,4,High,14
50bd6423,2024-06-14 15:00:00,Suburbs,Fog,Dry,Truck,Moderate,1,2,Moderate,15
fce6acc0,2024-06-14 16:00:00,Industrial Area,Storm,Wet,Bus,Moderate,2,6,Moderate,16
021b05a8,2024-06-14 17:00:00,Downtown,Fog,Under Construction,Bicycle,Severe,2,9,High,17
9e4d278c,2024-06-14 18:00:00,Industrial Area,Rain,Under Construction,Bus,Moderate,4,7,Moderate,18
4ea82d37,2024-06-14 19:00:00,Highway,Storm,Dry,Truck,Fatal,4,0,Low,19
ac1d1f47,2024-06-14 20:00:00,Industrial Area,Clear,Under Construction,Car,Moderate,2,9,Moderate,20
6c51c807,2024-06-14 21:00:00,Highway,Fog,Icy,Motorcycle,Fatal,4,2,Low,21
3338f7a1,2024-06-14 22:00:00,Suburbs,Storm,Icy,Bus,Minor,1,7,Moderate,22
3b433627,2024-06-14 23:00:00,Industrial Area,Storm,Icy,Bus,Minor,2,3,High,23
940bd73b,2024-06-15 00:00:00,Residential Zone,Clear,Under Construction,Truck,Minor,1,3,Low,0
42202a4a,2024-06-15 01:00:00,Residential Zone,Rain,Dry,Bus,Moderate,2,0,Low,1
1bee4ba1,2024-06-15 02:00:00,Industrial Area,Snow,Icy,Bus,Minor,3,3,Moderate,2
94a10e9c,2024-06-15 03:00:00,Suburbs,Clear,Wet,Motorcycle,Fatal,1,4,Low,3
4142ce9a,2024-06-15 04:00:00,Highway,Fog,Icy,Car,Minor,1,0,Low,4
fd63141a,2024-06-15 05:00:00,Industrial Area,Snow,Wet,Bicycle,Moderate,2,0,High,5
61914034,2024-06-15 06:00:00,Industrial Area,Clear,Dry,Motorcycle,Severe,1,9,High,6
b39e1f00,2024-06-15 07:00:00,Downtown,Storm,Dry,Truck,Severe,1,4,Moderate,7
ae4a21a0,2024-06-15 08:00:00,Residential Zone,Storm,Wet,Bicycle,Moderate,3,6,Moderate,8
7a70e16d,2024-06-15 09:00:00,Highway,Fog,Dry,Truck,Minor,3,5,Moderate,9
38ea9559,2024-06-15 10:00:00,Industrial Area,Snow,Wet,Motorcycle,Moderate,2,6,Moderate,10
909c0a4d,2024-06-15 11:00:00,Highway,Rain,Dry,Bus,Severe,4,7,High,11
b1c549a8,2024-06-15 12:00:00,Suburbs,Rain,Under Construction,Truck,Minor,1,6,High,12
cf32626e,2024-06-15 13:00:00,Industrial Area,Fog,Icy,Motorcycle,Minor,2,3,High,13
f2a586c0,2024-06-15 14:00:00,Residential Zone,Snow,Icy,Car,Fatal,3,4,Moderate,14
85d15d0a,2024-06-15 15:00:00,Industrial Area,Snow,Dry,Motorcycle,Minor,3,9,Moderate,15
5f56f3bc,2024-06-15 16:00:00,Highway,Rain,Wet,Bicycle,Moderate,1,9,High,16
01ba4c7e,2024-06-15 17:00:00,Industrial Area,Rain,Dry,Truck,Fatal,3,0,High,17
5b0c56a6,2024-06-15 18:00:00,Downtown,Fog,Under Construction,Car,Severe,1,3,High,18
736a8ecf,2024-06-15 19:00:00,Downtown,Rain,Under Construction,Bus,Minor,3,1,Moderate,19
fb1e6b52,2024-06-15 20:00:00,Residential Zone,Fog,Dry,Bicycle,Fatal,4,8,Moderate,20
1f1bd6b6,2024-06-15 21:00:00,Industrial Area,Storm,Under Construction,Car,Severe,4,4,High,21
99eaafc6,2024-06-15 22:00:00,Suburbs,Storm,Icy,Motorcycle,Minor,1,7,Low,22
53966af7,2024-06-15 23:00:00,Suburbs,Storm,Under Construction,Truck,Moderate,3,1,High,23
6b8bf946,2024-06-16 00:00:00,Highway,Clear,Dry,Car,Moderate,3,3,High,0
9cdb4e9a,2024-06-16 01:00:00,Highway,Snow,Under Construction,Bicycle,Minor,1,3,Moderate,1
586523bf,2024-06-16 02:00:00,Suburbs,Snow,Icy,Car,Minor,4,5,High,2
8a790e76,2024-06-16 03:00:00,Downtown,Fog,Icy,Truck,Minor,4,6,Moderate,3
a5565988,2024-06-16 04:00:00,Residential Zone,Rain,Under Construction,Bus,Severe,2,8,Moderate,4
133bb57f,2024-06-16 05:00:00,Suburbs,Fog,Dry,Bus,Severe,3,0,Moderate,5
f08afbf8,2024-06-16 06:00:00,Suburbs,Clear,Under Construction,Bicycle,Minor,2,4,Moderate,6
4ed91e7e,2024-06-16 07:00:00,Downtown,Snow,Dry,Bicycle,Severe,4,2,Moderate,7
49990e38,2024-06-16 08:00:00,Residential Zone,Rain,Wet,Bicycle,Moderate,4,0,Moderate,8
9e5f55b3,2024-06-16 09:00:00,Highway,Clear,Icy,Bicycle,Fatal,1,8,High,9
5fbc46d6,2024-06-16 10:00:00,Industrial Area,Fog,Dry,Truck,Moderate,3,3,Low,10
9b542931,2024-06-16 11:00:00,Industrial Area,Fog,Dry,Motorcycle,Moderate,2,3,Moderate,11
ab903b3f,2024-06-16 12:00:00,Downtown,Rain,Wet,Bicycle,Moderate,2,5,Low,12
2df2b370,2024-06-16 13:00:00,Residential Zone,Snow,Under Construction,Truck,Moderate,3,7,Low,13
b931d441,2024-06-16 14:00:00,Suburbs,Rain,Dry,Car,Severe,1,9,High,14
f3b189b1,2024-06-16 15:00:00,Downtown,Storm,Under Construction,Truck,Moderate,1,9,Low,15
2fba8a12,2024-06-16 16:00:00,Industrial Area,Rain,Dry,Bicycle,Fatal,3,9,Low,16
fd8251d8,2024-06-16 17:00:00,Suburbs,Fog,Under Construction,Motorcycle,Fatal,3,1,High,17
c1c3d2a0,2024-06-16 18:00:00,Residential Zone,Fog,Dry,Truck,Severe,2,6,Moderate,18
e007425e,2024-06-16 19:00:00,Industrial Area,Snow,Under Construction,Car,Fatal,1,1,Moderate,19
0b590a30,2024-06-16 20:00:00,Suburbs,Snow,Dry,Bus,Minor,4,8,High,20
a25f87f5,2024-06-16 21:00:00,Residential Zone,Fog,Icy,Bus,Severe,3,1,Low,21
0f6109de,2024-06-16 22:00:00,Industrial Area,Rain,Icy,Bus,Minor,3,4,Moderate,22
31966d82,2024-06-16 23:00:00,Suburbs,Storm,Icy,Bicycle,Severe,3,0,Moderate,23
b4477586,2024-06-17 00:00:00,Residential Zone,Rain,Icy,Motorcycle,Moderate,4,8,Moderate,0
d20b6f53,2024-06-17 01:00:00,Highway,Rain,Wet,Truck,Moderate,3,2,High,1
3788539f,2024-06-17 02:00:00,Suburbs,Snow,Wet,Bicycle,Fatal,1,2,Low,2
312a07ba,2024-06-17 03:00:00,Suburbs,Rain,Icy,Motorcycle,Fatal,3,6,Moderate,3
70091633,2024-06-17 04:00:00,Downtown,Fog,Dry,Truck,Minor,1,4,Moderate,4
e1ee85c0,2024-06-17 05:00:00,Suburbs,Rain,Icy,Bicycle,Moderate,1,6,High,5
aabda779,2024-06-17 06:00:00,Highway,Snow,Under Construction,Truck,Severe,4,8,High,6
18e8fbba,2024-06-17 07:00:00,Industrial Area,Fog,Dry,Truck,Fatal,4,3,Low,7
1ca0b4da,2024-06-17 08:00:00,Highway,Clear,Dry,Truck,Severe,3,3,High,8
7eff6d10,2024-06-17 09:00:00,Downtown,Clear,Icy,Motorcycle,Minor,3,6,High,9
23039faf,2024-06-17 10:00:00,Downtown,Storm,Icy,Car,Minor,4,9,Low,10
e6a81b52,2024-06-17 11:00:00,Downtown,Fog,Icy,Truck,Fatal,3,4,High,11
819555b7,2024-06-17 12:00:00,Residential Zone,Snow,Icy,Bicycle,Moderate,3,7,Moderate,12
f4595b56,2024-06-17 13:00:00,Highway,Clear,Dry,Bicycle,Fatal,2,9,Moderate,13
cfe9a329,2024-06-17 14:00:00,Industrial Area,Fog,Dry,Car,Moderate,3,7,Low,14
45099d30,2024-06-17 15:00:00,Highway,Rain,Under Construction,Car,Moderate,3,5,Low,15
5989984e,2024-06-17 16:00:00,Highway,Rain,Wet,Bicycle,Severe,1,6,Moderate,16
9752c663,2024-06-17 17:00:00,Downtown,Snow,Dry,Bus,Moderate,4,2,High,17
14ec9c63,2024-06-17 18:00:00,Residential Zone,Fog,Wet,Truck,Minor,1,1,Moderate,18
93791c0a,2024-06-17 19:00:00,Highway,Rain,Under Construction,Truck,Fatal,3,5,Moderate,19
c1434cfd,2024-06-17 20:00:00,Highway,Storm,Icy,Bicycle,Moderate,3,4,High,20
52e95d36,2024-06-17 21:00:00,Highway,Rain,Icy,Motorcycle,Severe,3,5,Moderate,21
ce2c0c3e,2024-06-17 22:00:00,Industrial Area,Clear,Under Construction,Truck,Minor,4,5,Low,22
56959d03,2024-06-17 23:00:00,Residential Zone,Rain,Wet,Bicycle,Fatal,2,6,High,23
3f799852,2024-06-18 00:00:00,Highway,Fog,Under Construction,Car,Minor,3,1,Moderate,0
cf850ea0,2024-06-18 01:00:00,Suburbs,Clear,Wet,Truck,Minor,1,9,Moderate,1
4ce96c4d,2024-06-18 02:00:00,Highway,Rain,Under Construction,Car,Fatal,1,1,Moderate,2
1019e4cf,2024-06-18 03:00:00,Suburbs,Snow,Wet,Truck,Minor,3,9,Moderate,3
c1ee9efc,2024-06-18 04:00:00,Suburbs,Storm,Icy,Bicycle,Severe,4,2,Moderate,4
4720273f,2024-06-18 05:00:00,Suburbs,Rain,Wet,Motorcycle,Fatal,2,4,Low,5
7d7cbac5,2024-06-18 06:00:00,Suburbs,Fog,Dry,Bus,Moderate,2,4,High,6
e88aa638,2024-06-18 07:00:00,Highway,Rain,Under Construction,Truck,Minor,3,1,High,7
c410abab,2024-06-18 08:00:00,Highway,Clear,Wet,Bus,Fatal,4,2,High,8
c4d3cf7c,2024-06-18 09:00:00,Suburbs,Storm,Dry,Motorcycle,Severe,3,8,Moderate,9
edcf9eb4,2024-06-18 10:00:00,Residential Zone,Storm,Icy,Bus,Minor,4,0,Moderate,10
7f289b68,2024-06-18 11:00:00,Downtown,Snow,Dry,Bus,Fatal,1,3,High,11
4327569e,2024-06-18 12:00:00,Suburbs,Snow,Wet,Bicycle,Minor,3,3,Low,12
5b9597d6,2024-06-18 13:00:00,Downtown,Clear,Dry,Bicycle,Minor,2,7,Moderate,13
dd5041d7,2024-06-18 14:00:00,Residential Zone,Fog,Wet,Motorcycle,Minor,3,3,High,14
bf011044,2024-06-18 15:00:00,Suburbs,Snow,Icy,Truck,Fatal,1,5,Low,15
391d50d4,2024-06-18 16:00:00,Residential Zone,Clear,Wet,Bus,Fatal,3,3,Low,16
e70844ef,2024-06-18 17:00:00,Downtown,Storm,Dry,Car,Minor,4,8,Moderate,17
5e185b8c,2024-06-18 18:00:00,Downtown,Rain,Dry,Truck,Severe,1,9,Moderate,18
b35cd596,2024-06-18 19:00:00,Residential Zone,Storm,Wet,Motorcycle,Severe,2,4,Moderate,19
b37a36a9,2024-06-18 20:00:00,Highway,Snow,Icy,Motorcycle,Moderate,2,8,Low,20
7d34cf48,2024-06-18 21:00:00,Highway,Storm,Wet,Car,Fatal,1,9,High,21
a37bc211,2024-06-18 22:00:00,Suburbs,Clear,Icy,Motorcycle,Severe,3,1,Low,22
e14cee8e,2024-06-18 23:00:00,Industrial Area,Clear,Under Construction,Car,Moderate,3,5,High,23
b8d26cfb,2024-06-19 00:00:00,Highway,Snow,Wet,Bicycle,Moderate,1,4,Moderate,0
dd69d90d,2024-06-19 01:00:00,Residential Zone,Fog,Under Construction,Car,Minor,1,7,Low,1
5e128488,2024-06-19 02:00:00,Residential Zone,Rain,Wet,Truck,Fatal,1,9,Low,2
ffd3f7b4,2024-06-19 03:00:00,Residential Zone,Fog,Dry,Car,Severe,3,8,Moderate,3
2d4d2b2e,2024-06-19 04:00:00,Suburbs,Fog,Under Construction,Bicycle,Minor,3,7,Moderate,4
73483b66,2024-06-19 05:00:00,Highway,Clear,Dry,Bus,Minor,3,4,High,5
7aa41ece,2024-06-19 06:00:00,Downtown,Fog,Wet,Car,Moderate,3,8,Low,6
d92d7b34,2024-06-19 07:00:00,Downtown,Clear,Wet,Bus,Fatal,4,5,Low,7
fa7a685c,2024-06-19 08:00:00,Suburbs,Rain,Icy,Bus,Fatal,2,5,Low,8
9330b328,2024-06-19 09:00:00,Downtown,Storm,Under Construction,Truck,Moderate,2,4,High,9
baca82ec,2024-06-19 10:00:00,Industrial Area,Clear,Under Construction,Motorcycle,Fatal,1,6,High,10
480eace9,2024-06-19 11:00:00,Residential Zone,Clear,Wet,Motorcycle,Fatal,4,9,Moderate,11
17155240,2024-06-19 12:00:00,Highway,Clear,Under Construction,Bicycle,Fatal,2,8,Moderate,12
db9fca92,2024-06-19 13:00:00,Industrial Area,Storm,Wet,Bicycle,Minor,3,9,Moderate,13
b50191dc,2024-06-19 14:00:00,Suburbs,Rain,Wet,Motorcycle,Minor,2,8,High,14
af962c0c,2024-06-19 15:00:00,Industrial Area,Rain,Wet,Bicycle,Severe,2,2,Moderate,15
34b623a7,2024-06-19 16:00:00,Suburbs,Clear,Under Construction,Car,Minor,1,4,Moderate,16
11ceba0f,2024-06-19 17:00:00,Highway,Snow,Wet,Car,Severe,4,4,Moderate,17
bdd633a6,2024-06-19 18:00:00,Suburbs,Fog,Icy,Car,Severe,3,8,Moderate,18
9aa4d18d,2024-06-19 19:00:00,Residential Zone,Clear,Icy,Bus,Moderate,3,3,High,19
09dcd138,2024-06-19 20:00:00,Suburbs,Snow,Dry,Truck,Moderate,4,8,High,20
29689253,2024-06-19 21:00:00,Downtown,Fog,Icy,Truck,Severe,2,0,Moderate,21
48716465,2024-06-19 22:00:00,Highway,Fog,Icy,Bus,Moderate,2,1,High,22
8fbf54d1,2024-06-19 23:00:00,Downtown,Clear,Dry,Bus,Severe,3,9,Moderate,23
1e495ee4,2024-06-20 00:00:00,Residential Zone,Rain,Icy,Truck,Minor,2,1,High,0
007bc677,2024-06-20 01:00:00,Industrial Area,Rain,Icy,Motorcycle,Severe,4,7,High,1
5cac9d13,2024-06-20 02:00:00,Downtown,Clear,Dry,Bus,Moderate,1,0,Moderate,2
16f056a3,2024-06-20 03:00:00,Downtown,Clear,Under Construction,Truck,Moderate,1,8,High,3
c86f8999,2024-06-20 04:00:00,Residential Zone,Rain,Icy,Motorcycle,Moderate,1,3,High,4
957f6691,2024-06-20 05:00:00,Highway,Storm,Dry,Car,Fatal,2,5,High,5
137201c2,2024-06-20 06:00:00,Industrial Area,Storm,Icy,Bicycle,Moderate,3,0,Moderate,6
209381b6,2024-06-20 07:00:00,Residential Zone,Storm,Dry,Truck,Minor,4,5,Moderate,7
d16dc8a3,2024-06-20 08:00:00,Downtown,Storm,Dry,Bicycle,Moderate,2,0,Moderate,8
af884019,2024-06-20 09:00:00,Suburbs,Clear,Icy,Truck,Fatal,3,2,Low,9
9036c8b8,2024-06-20 10:00:00,Highway,Rain,Icy,Bus,Severe,1,9,Low,10
579b2a8e,2024-06-20 11:00:00,Residential Zone,Rain,Dry,Motorcycle,Moderate,4,5,High,11
bf3e4031,2024-06-20 12:00:00,Downtown,Clear,Under Construction,Truck,Severe,3,8,Low,12
449d2820,2024-06-20 13:00:00,Highway,Storm,Wet,Car,Fatal,3,0,High,13
22685b99,2024-06-20 14:00:00,Industrial Area,Storm,Wet,Truck,Moderate,2,1,High,14
166f6e01,2024-06-20 15:00:00,Industrial Area,Snow,Icy,Motorcycle,Moderate,1,2,High,15
8c7aa18b,2024-06-20 16:00:00,Downtown,Storm,Under Construction,Car,Moderate,2,2,Low,16
1fe2e1d8,2024-06-20 17:00:00,Industrial Area,Rain,Wet,Truck,Moderate,1,6,Moderate,17
92e045d8,2024-06-20 18:00:00,Downtown,Snow,Dry,Truck,Minor,3,5,Low,18
6ef57eba,2024-06-20 19:00:00,Residential Zone,Rain,Dry,Bicycle,Minor,1,6,High,19
ae398314,2024-06-20 20:00:00,Suburbs,Clear,Icy,Car,Moderate,3,3,High,20
f189704d,2024-06-20 21:00:00,Highway,Snow,Wet,Bicycle,Fatal,1,2,Low,21
f57adf85,2024-06-20 22:00:00,Highway,Storm,Icy,Motorcycle,Minor,2,0,Moderate,22
c76dc310,2024-06-20 23:00:00,Residential Zone,Rain,Dry,Bicycle,Moderate,1,6,Low,23
843dfb29,2024-06-21 00:00:00,Residential Zone,Rain,Dry,Motorcycle,Moderate,4,1,Moderate,0
1a21166d,2024-06-21 01:00:00,Suburbs,Fog,Dry,Bicycle,Moderate,1,8,High,1
4db9ca5b,2024-06-21 02:00:00,Industrial Area,Fog,Dry,Bus,Moderate,3,6,High,2
6c995c94,2024-06-21 03:00:00,Highway,Fog,Wet,Truck,Moderate,4,5,Moderate,3
67fe5583,2024-06-21 04:00:00,Industrial Area,Fog,Icy,Bicycle,Minor,2,6,Moderate,4
74cc6632,2024-06-21 05:00:00,Industrial Area,Fog,Under Construction,Bus,Fatal,4,6,High,5
97bc0609,2024-06-21 06:00:00,Downtown,Snow,Dry,Motorcycle,Minor,3,9,Moderate,6
543b67ef,2024-06-21 07:00:00,Residential Zone,Storm,Icy,Bus,Fatal,1,9,High,7
00ae6200,2024-06-21 08:00:00,Residential Zone,Clear,Icy,Truck,Minor,1,1,Low,8
7efa6cd7,2024-06-21 09:00:00,Downtown,Clear,Under Construction,Bicycle,Severe,1,5,Moderate,9
e54e4bbb,2024-06-21 10:00:00,Residential Zone,Rain,Icy,Bicycle,Severe,4,8,High,10
c8a22de0,2024-06-21 11:00:00,Industrial Area,Fog,Wet,Bus,Minor,1,4,Moderate,11
bc282e5f,2024-06-21 12:00:00,Suburbs,Rain,Icy,Car,Moderate,2,0,Low,12
b175cd3a,2024-06-21 13:00:00,Suburbs,Clear,Icy,Car,Fatal,1,3,Low,13
565b0cb3,2024-06-21 14:00:00,Suburbs,Snow,Dry,Truck,Moderate,1,3,Low,14
e082c453,2024-06-21 15:00:00,Highway,Clear,Wet,Truck,Moderate,1,6,Low,15
8f96b223,2024-06-21 16:00:00,Industrial Area,Rain,Wet,Bicycle,Minor,4,0,Moderate,16
fa7cf4f4,2024-06-21 17:00:00,Downtown,Rain,Under Construction,Bicycle,Moderate,4,2,Moderate,17
ed8dc6ac,2024-06-21 18:00:00,Industrial Area,Storm,Wet,Bus,Fatal,3,3,Moderate,18
721736ab,2024-06-21 19:00:00,Residential Zone,Snow,Under Construction,Bicycle,Moderate,3,0,Moderate,19
37c98a96,2024-06-21 20:00:00,Industrial Area,Snow,Icy,Bus,Fatal,3,2,Moderate,20
a217716b,2024-06-21 21:00:00,Highway,Fog,Dry,Car,Moderate,2,3,High,21
3669c1c3,2024-06-21 22:00:00,Highway,Snow,Under Construction,Bicycle,Minor,2,7,Moderate,22
9f5924ec,2024-06-21 23:00:00,Highway,Rain,Dry,Bus,Minor,3,7,High,23
194a07bb,2024-06-22 00:00:00,Downtown,Clear,Dry,Car,Fatal,4,0,Low,0
8a153e2d,2024-06-22 01:00:00,Highway,Storm,Under Construction,Truck,Fatal,2,6,Low,1
5ed53ba2,2024-06-22 02:00:00,Industrial Area,Fog,Wet,Bus,Moderate,2,7,High,2
7957dd24,2024-06-22 03:00:00,Residential Zone,Storm,Under Construction,Bus,Fatal,1,1,High,3
3ef7d4c4,2024-06-22 04:00:00,Downtown,Rain,Dry,Bus,Minor,4,8,High,4
91e18cf9,2024-06-22 05:00:00,Industrial Area,Clear,Wet,Car,Severe,1,1,High,5
7168ff4c,2024-06-22 06:00:00,Highway,Rain,Wet,Truck,Fatal,2,3,Moderate,6
e52127e1,2024-06-22 07:00:00,Downtown,Rain,Dry,Truck,Moderate,4,0,Low,7
5cfe55f1,2024-06-22 08:00:00,Highway,Clear,Under Construction,Bus,Fatal,3,0,Low,8
a962f9dd,2024-06-22 09:00:00,Suburbs,Snow,Under Construction,Car,Minor,2,7,Moderate,9
4ad2d61b,2024-06-22 10:00:00,Suburbs,Snow,Dry,Truck,Moderate,2,0,High,10
82ba29d0,2024-06-22 11:00:00,Suburbs,Clear,Under Construction,Car,Fatal,4,4,High,11
df9df70e,2024-06-22 12:00:00,Industrial Area,Snow,Under Construction,Bus,Moderate,4,4,High,12
a5d104cd,2024-06-22 13:00:00,Downtown,Rain,Dry,Motorcycle,Fatal,4,9,Moderate,13
a4624789,2024-06-22 14:00:00,Highway,Storm,Under Construction,Truck,Moderate,2,3,Low,14
0cc28a2b,2024-06-22 15:00:00,Highway,Storm,Icy,Car,Fatal,3,8,High,15
b595b13e,2024-06-22 16:00:00,Residential Zone,Fog,Icy,Bus,Minor,1,3,Low,16
0e35bb68,2024-06-22 17:00:00,Downtown,Clear,Icy,Truck,Severe,4,8,Moderate,17
ea4b9e16,2024-06-22 18:00:00,Suburbs,Storm,Under Construction,Motorcycle,Fatal,3,9,Low,18
68d8c604,2024-06-22 19:00:00,Residential Zone,Clear,Under Construction,Car,Fatal,2,1,Moderate,19
fcd24ba4,2024-06-22 20:00:00,Highway,Snow,Wet,Car,Moderate,3,0,Moderate,20
732e2415,2024-06-22 21:00:00,Residential Zone,Storm,Under Construction,Bus,Minor,1,5,Moderate,21
93330b03,2024-06-22 22:00:00,Suburbs,Storm,Wet,Bus,Fatal,3,3,High,22
69af78d5,2024-06-22 23:00:00,Highway,Rain,Icy,Motorcycle,Fatal,3,2,Low,23
9bf85a7a,2024-06-23 00:00:00,Highway,Fog,Icy,Bus,Fatal,4,9,High,0
562ddcf1,2024-06-23 01:00:00,Downtown,Snow,Icy,Motorcycle,Fatal,2,7,Low,1
a6c80931,2024-06-23 02:00:00,Industrial Area,Storm,Wet,Truck,Fatal,1,3,Low,2
8f4d7646,2024-06-23 03:00:00,Residential Zone,Storm,Icy,Bicycle,Moderate,4,2,Moderate,3
063fb268,2024-06-23 04:00:00,Suburbs,Fog,Wet,Bicycle,Severe,3,6,High,4
08d97625,2024-06-23 05:00:00,Suburbs,Rain,Under Construction,Bicycle,Fatal,4,4,Low,5
3d59b92e,2024-06-23 06:00:00,Suburbs,Rain,Wet,Bicycle,Minor,1,3,Moderate,6
297f0746,2024-06-23 07:00:00,Industrial Area,Fog,Under Construction,Motorcycle,Fatal,4,5,Moderate,7
a7528756,2024-06-23 08:00:00,Downtown,Snow,Dry,Car,Minor,1,4,Moderate,8
00607a27,2024-06-23 09:00:00,Highway,Rain,Wet,Truck,Severe,3,9,Moderate,9
da73f4c9,2024-06-23 10:00:00,Industrial Area,Storm,Wet,Truck,Moderate,3,4,High,10
f572aa29,2024-06-23 11:00:00,Suburbs,Rain,Icy,Motorcycle,Minor,2,6,High,11
3f1820b4,2024-06-23 12:00:00,Suburbs,Storm,Dry,Truck,Minor,3,0,Low,12
a57cad4a,2024-06-23 13:00:00,Industrial Area,Storm,Icy,Bus,Moderate,2,1,High,13
41f78cb5,2024-06-23 14:00:00,Suburbs,Clear,Wet,Bus,Severe,4,4,High,14
4e16aabd,2024-06-23 15:00:00,Suburbs,Storm,Icy,Bus,Severe,4,6,Low,15
73cce4d6,2024-06-23 16:00:00,Industrial Area,Clear,Under Construction,Car,Moderate,1,6,High,16
28eed94e,2024-06-23 17:00:00,Residential Zone,Clear,Under Construction,Car,Minor,3,6,High,17
0283f9d5,2024-06-23 18:00:00,Downtown,Rain,Dry,Car,Fatal,3,9,Moderate,18
4f3a48f6,2024-06-23 19:00:00,Downtown,Snow,Under Construction,Bicycle,Fatal,1,0,Moderate,19
efa3c686,2024-06-23 20:00:00,Suburbs,Clear,Icy,Truck,Minor,4,8,High,20
72549ade,2024-06-23 21:00:00,Downtown,Storm,Dry,Motorcycle,Fatal,1,9,High,21
61c08e45,2024-06-23 22:00:00,Suburbs,Clear,Under Construction,Truck,Minor,3,1,Low,22
a1d93e39,2024-06-23 23:00:00,Highway,Fog,Under Construction,Truck,Severe,4,3,Moderate,23
ebd4c512,2024-06-24 00:00:00,Suburbs,Storm,Wet,Car,Fatal,4,2,Moderate,0
1f3f9792,2024-06-24 01:00:00,Suburbs,Snow,Under Construction,Bicycle,Minor,4,6,Moderate,1
c191feda,2024-06-24 02:00:00,Residential Zone,Fog,Icy,Car,Minor,2,7,Low,2
afddccf9,2024-06-24 03:00:00,Highway,Storm,Wet,Bus,Minor,3,1,High,3
9dca8ba7,2024-06-24 04:00:00,Industrial Area,Fog,Wet,Motorcycle,Moderate,4,5,Moderate,4
47213654,2024-06-24 05:00:00,Industrial Area,Storm,Dry,Bus,Severe,3,6,Moderate,5
6b910256,2024-06-24 06:00:00,Suburbs,Rain,Under Construction,Bicycle,Moderate,4,3,Low,6
39c4bd71,2024-06-24 07:00:00,Highway,Snow,Dry,Motorcycle,Moderate,4,9,High,7
38bc91d7,2024-06-24 08:00:00,Industrial Area,Snow,Icy,Truck,Severe,4,1,High,8
b794250a,2024-06-24 09:00:00,Highway,Rain,Dry,Car,Moderate,2,3,Low,9
ad852333,2024-06-24 10:00:00,Downtown,Snow,Under Construction,Bicycle,Minor,4,2,Moderate,10
74e79f9a,2024-06-24 11:00:00,Industrial Area,Clear,Icy,Motorcycle,Severe,1,5,Low,11
1d23e1fd,2024-06-24 12:00:00,Industrial Area,Snow,Icy,Car,Moderate,2,7,Low,12
d09e0b74,2024-06-24 13:00:00,Industrial Area,Snow,Under Construction,Truck,Severe,3,0,High,13
808c3540,2024-06-24 14:00:00,Industrial Area,Snow,Dry,Car,Minor,4,7,Moderate,14
b318b39a,2024-06-24 15:00:00,Suburbs,Rain,Wet,Motorcycle,Minor,3,0,Low,15
2074749d,2024-06-24 16:00:00,Residential Zone,Rain,Dry,Bus,Severe,1,7,Moderate,16
3f386ebf,2024-06-24 17:00:00,Residential Zone,Rain,Icy,Car,Severe,3,5,Moderate,17
81484c1b,2024-06-24 18:00:00,Industrial Area,Clear,Wet,Bus,Fatal,4,5,Low,18
8bcecbe2,2024-06-24 19:00:00,Highway,Clear,Wet,Bus,Severe,4,0,High,19
0efc57f5,2024-06-24 20:00:00,Downtown,Rain,Icy,Bus,Moderate,3,2,High,20
506b175a,2024-06-24 21:00:00,Highway,Clear,Wet,Car,Moderate,1,2,High,21
374e6b83,2024-06-24 22:00:00,Downtown,Fog,Dry,Car,Severe,2,5,Moderate,22
6f961ae4,2024-06-24 23:00:00,Industrial Area,Snow,Under Construction,Bicycle,Fatal,2,8,Moderate,23
f7f9e8da,2024-06-25 00:00:00,Residential Zone,Fog,Under Construction,Bus,Minor,3,0,High,0
ba7b4929,2024-06-25 01:00:00,Highway,Fog,Icy,Bus,Moderate,1,2,Low,1
bbb3f090,2024-06-25 02:00:00,Suburbs,Clear,Dry,Bicycle,Fatal,2,3,High,2
2e245580,2024-06-25 03:00:00,Downtown,Rain,Under Construction,Truck,Moderate,3,2,Low,3
7dc95079,2024-06-25 04:00:00,Industrial Area,Rain,Wet,Bicycle,Severe,1,0,Low,4
4488a41d,2024-06-25 05:00:00,Residential Zone,Clear,Under Construction,Truck,Minor,1,4,High,5
78626ff1,2024-06-25 06:00:00,Industrial Area,Snow,Under Construction,Truck,Fatal,4,1,Low,6
12ea366f,2024-06-25 07:00:00,Downtown,Rain,Wet,Car,Minor,1,4,High,7
e9944c36,2024-06-25 08:00:00,Industrial Area,Storm,Icy,Bus,Moderate,2,5,Moderate,8
54870e22,2024-06-25 09:00:00,Downtown,Snow,Wet,Truck,Minor,3,7,High,9
8e2de112,2024-06-25 10:00:00,Highway,Fog,Under Construction,Bicycle,Moderate,3,4,Moderate,10
01681301,2024-06-25 11:00:00,Industrial Area,Rain,Icy,Car,Severe,4,1,Moderate,11
83066c0d,2024-06-25 12:00:00,Downtown,Rain,Icy,Car,Moderate,1,2,Low,12
a6cc4450,2024-06-25 13:00:00,Highway,Rain,Dry,Truck,Minor,2,7,High,13
e41ef03f,2024-06-25 14:00:00,Industrial Area,Snow,Wet,Bicycle,Moderate,2,1,Low,14
c41b8913,2024-06-25 15:00:00,Highway,Snow,Under Construction,Car,Severe,3,8,Moderate,15
981eb118,2024-06-25 16:00:00,Downtown,Storm,Icy,Truck,Minor,3,1,Low,16
6155839c,2024-06-25 17:00:00,Suburbs,Rain,Dry,Bus,Severe,2,0,Moderate,17
a3177692,2024-06-25 18:00:00,Industrial Area,Rain,Dry,Motorcycle,Moderate,4,2,Moderate,18
fe09943e,2024-06-25 19:00:00,Highway,Rain,Wet,Bus,Fatal,4,0,Moderate,19
ab7d29e7,2024-06-25 20:00:00,Industrial Area,Snow,Under Construction,Truck,Minor,2,8,Low,20
81e0b1f4,2024-06-25 21:00:00,Highway,Fog,Dry,Bus,Severe,4,9,High,21
5e8e013a,2024-06-25 22:00:00,Highway,Rain,Under Construction,Bicycle,Severe,3,6,Moderate,22
13ca6268,2024-06-25 23:00:00,Suburbs,Rain,Dry,Bicycle,Moderate,2,0,High,23
c03f1f7b,2024-06-26 00:00:00,Residential Zone,Fog,Dry,Car,Fatal,2,6,Moderate,0
cfb7796e,2024-06-26 01:00:00,Residential Zone,Snow,Icy,Bus,Severe,3,8,Low,1
6eadff58,2024-06-26 02:00:00,Residential Zone,Snow,Under Construction,Motorcycle,Minor,3,8,High,2
1a79542f,2024-06-26 03:00:00,Residential Zone,Snow,Dry,Truck,Minor,2,5,Moderate,3
5f8bd640,2024-06-26 04:00:00,Suburbs,Snow,Wet,Bicycle,Fatal,4,3,Moderate,4
8fbe941a,2024-06-26 05:00:00,Industrial Area,Clear,Under Construction,Bicycle,Moderate,4,2,High,5
27c54a7f,2024-06-26 06:00:00,Industrial Area,Storm,Icy,Motorcycle,Moderate,3,4,Low,6
70fd385d,2024-06-26 07:00:00,Downtown,Snow,Wet,Motorcycle,Severe,3,3,Low,7
27e4a125,2024-06-26 08:00:00,Highway,Rain,Under Construction,Bus,Fatal,3,1,Moderate,8
7eb1d63d,2024-06-26 09:00:00,Residential Zone,Fog,Icy,Bus,Moderate,4,2,Low,9
ef1e3b54,2024-06-26 10:00:00,Downtown,Clear,Dry,Motorcycle,Moderate,2,7,Low,10
16afb29f,2024-06-26 11:00:00,Residential Zone,Clear,Under Construction,Bus,Severe,4,2,Moderate,11
6566c8cb,2024-06-26 12:00:00,Industrial Area,Fog,Dry,Bus,Fatal,3,1,High,12
f053c319,2024-06-26 13:00:00,Residential Zone,Fog,Under Construction,Car,Severe,2,7,High,13
9e891453,2024-06-26 14:00:00,Suburbs,Clear,Wet,Motorcycle,Moderate,4,2,High,14
d65cfaad,2024-06-26 15:00:00,Downtown,Clear,Wet,Bus,Minor,1,0,Low,15
ef340a20,2024-06-26 16:00:00,Highway,Fog,Wet,Motorcycle,Minor,3,0,Moderate,16
97a33a3c,2024-06-26 17:00:00,Downtown,Clear,Icy,Bus,Moderate,1,4,Moderate,17
fc816020,2024-06-26 18:00:00,Residential Zone,Snow,Dry,Truck,Minor,1,6,Low,18
26e3458d,2024-06-26 19:00:00,Highway,Storm,Icy,Bus,Minor,1,7,High,19
e743b934,2024-06-26 20:00:00,Highway,Fog,Dry,Bicycle,Moderate,3,1,High,20
64d23795,2024-06-26 21:00:00,Suburbs,Snow,Icy,Motorcycle,Moderate,4,7,High,21
22210d91,2024-06-26 22:00:00,Industrial Area,Rain,Icy,Motorcycle,Fatal,3,6,Low,22
dbc39b1f,2024-06-26 23:00:00,Downtown,Snow,Dry,Car,Moderate,4,2,Moderate,23
2b988817,2024-06-27 00:00:00,Industrial Area,Clear,Under Construction,Bicycle,Minor,2,0,High,0
3d2e808e,2024-06-27 01:00:00,Downtown,Clear,Icy,Bus,Minor,2,3,Low,1
9f40a849,2024-06-27 02:00:00,Industrial Area,Fog,Wet,Bus,Moderate,3,7,Low,2
5f41d488,2024-06-27 03:00:00,Suburbs,Clear,Icy,Motorcycle,Severe,4,4,Low,3
228a1dd2,2024-06-27 04:00:00,Suburbs,Clear,Dry,Car,Fatal,4,9,High,4
1c7f3429,2024-06-27 05:00:00,Highway,Rain,Dry,Car,Fatal,4,9,Moderate,5
67ac20fb,2024-06-27 06:00:00,Suburbs,Clear,Under Construction,Bus,Fatal,3,1,Moderate,6
e123a42b,2024-06-27 07:00:00,Suburbs,Clear,Under Construction,Motorcycle,Severe,2,0,High,7
a9d27c4e,2024-06-27 08:00:00,Downtown,Rain,Wet,Motorcycle,Severe,3,9,Moderate,8
5022e7b7,2024-06-27 09:00:00,Residential Zone,Clear,Icy,Motorcycle,Fatal,1,1,High,9
b516e108,2024-06-27 10:00:00,Industrial Area,Storm,Icy,Truck,Severe,4,1,Low,10
c4838224,2024-06-27 11:00:00,Industrial Area,Snow,Under Construction,Car,Moderate,2,6,Low,11
079493ad,2024-06-27 12:00:00,Downtown,Storm,Icy,Truck,Minor,2,1,Moderate,12
a6062653,2024-06-27 13:00:00,Residential Zone,Clear,Wet,Truck,Minor,2,9,Moderate,13
ae78cdb2,2024-06-27 14:00:00,Residential Zone,Snow,Wet,Car,Moderate,1,1,High,14
7fcf0f61,2024-06-27 15:00:00,Suburbs,Fog,Wet,Bus,Minor,2,4,Moderate,15
124618de,2024-06-27 16:00:00,Industrial Area,Clear,Dry,Truck,Fatal,2,7,Low,16
7be21c73,2024-06-27 17:00:00,Industrial Area,Fog,Under Construction,Bus,Severe,1,1,Moderate,17
f5d344ca,2024-06-27 18:00:00,Highway,Clear,Wet,Car,Minor,3,5,Low,18
124c3ee7,2024-06-27 19:00:00,Residential Zone,Snow,Wet,Bicycle,Minor,2,3,Low,19
896e64db,2024-06-27 20:00:00,Suburbs,Fog,Under Construction,Truck,Moderate,1,1,High,20
335ece3f,2024-06-27 21:00:00,Industrial Area,Clear,Icy,Truck,Minor,4,0,High,21
bf9c2d91,2024-06-27 22:00:00,Highway,Clear,Icy,Truck,Minor,4,2,Low,22
bc3d8162,2024-06-27 23:00:00,Residential Zone,Rain,Dry,Truck,Minor,3,4,Moderate,23
0cc3ecf5,2024-06-28 00:00:00,Suburbs,Snow,Under Construction,Bus,Fatal,1,6,High,0
61a5e2e8,2024-06-28 01:00:00,Residential Zone,Storm,Dry,Car,Severe,3,1,Moderate,1
df542a8c,2024-06-28 02:00:00,Suburbs,Fog,Icy,Bicycle,Severe,3,3,Moderate,2
74c30499,2024-06-28 03:00:00,Downtown,Clear,Dry,Motorcycle,Moderate,1,4,Low,3
f84b6629,2024-06-28 04:00:00,Downtown,Storm,Dry,Car,Severe,2,0,High,4
fbdfb995,2024-06-28 05:00:00,Residential Zone,Fog,Under Construction,Bus,Fatal,3,2,High,5
232d733d,2024-06-28 06:00:00,Industrial Area,Clear,Dry,Motorcycle,Fatal,1,8,Low,6
4ecd222d,2024-06-28 07:00:00,Residential Zone,Snow,Dry,Bicycle,Moderate,4,7,High,7
9c8bf5a9,2024-06-28 08:00:00,Residential Zone,Storm,Icy,Bus,Fatal,2,6,Low,8
74193bf6,2024-06-28 09:00:00,Residential Zone,Fog,Icy,Bicycle,Severe,3,6,Low,9
847906d5,2024-06-28 10:00:00,Suburbs,Fog,Icy,Bicycle,Minor,2,9,Moderate,10
deb5911c,2024-06-28 11:00:00,Residential Zone,Rain,Icy,Motorcycle,Moderate,4,6,Low,11
f905ea1c,2024-06-28 12:00:00,Suburbs,Snow,Wet,Motorcycle,Fatal,2,2,Low,12
3959b0ac,2024-06-28 13:00:00,Residential Zone,Storm,Wet,Car,Minor,1,4,Low,13
3092e856,2024-06-28 14:00:00,Residential Zone,Snow,Icy,Car,Moderate,1,6,Low,14
dba7133d,2024-06-28 15:00:00,Highway,Storm,Under Construction,Car,Moderate,2,7,Moderate,15
81ad7ffc,2024-06-28 16:00:00,Suburbs,Snow,Wet,Car,Minor,3,2,High,16
4f2ad1db,2024-06-28 17:00:00,Downtown,Fog,Under Construction,Bus,Minor,2,1,Low,17
1c8f27b4,2024-06-28 18:00:00,Highway,Clear,Icy,Truck,Severe,3,7,Low,18
14c134bd,2024-06-28 19:00:00,Highway,Rain,Under Construction,Car,Minor,3,3,High,19
fe0ecdcd,2024-06-28 20:00:00,Downtown,Snow,Wet,Bicycle,Minor,1,7,Moderate,20
ed04b63a,2024-06-28 21:00:00,Industrial Area,Snow,Wet,Motorcycle,Minor,2,6,Moderate,21
5c888d4b,2024-06-28 22:00:00,Suburbs,Clear,Dry,Motorcycle,Fatal,3,4,Moderate,22
43fd03ec,2024-06-28 23:00:00,Suburbs,Rain,Icy,Bicycle,Moderate,4,8,Low,23
ee1c97f1,2024-06-29 00:00:00,Highway,Storm,Dry,Truck,Fatal,3,6,Moderate,0
a637a0bf,2024-06-29 01:00:00,Highway,Storm,Under Construction,Bus,Severe,2,0,Moderate,1
1f320f47,2024-06-29 02:00:00,Industrial Area,Storm,Under Construction,Car,Minor,4,8,Moderate,2
5ad7d701,2024-06-29 03:00:00,Highway,Rain,Icy,Car,Fatal,3,8,High,3
9df4ef4d,2024-06-29 04:00:00,Industrial Area,Rain,Icy,Car,Fatal,2,3,Low,4
f5d8de94,2024-06-29 05:00:00,Industrial Area,Snow,Dry,Car,Severe,2,2,Moderate,5
d3a2f1e3,2024-06-29 06:00:00,Downtown,Snow,Wet,Bicycle,Severe,1,1,Moderate,6
1be91804,2024-06-29 07:00:00,Suburbs,Fog,Dry,Car,Fatal,3,2,High,7
1dbcae00,2024-06-29 08:00:00,Industrial Area,Storm,Under Construction,Car,Moderate,4,9,Moderate,8
b1d3f432,2024-06-29 09:00:00,Highway,Fog,Icy,Car,Fatal,2,3,Moderate,9
bf311bc1,2024-06-29 10:00:00,Highway,Storm,Under Construction,Bicycle,Moderate,2,4,Moderate,10
f93a10c2,2024-06-29 11:00:00,Highway,Rain,Dry,Bicycle,Fatal,1,6,Moderate,11
9390de2c,2024-06-29 12:00:00,Suburbs,Fog,Wet,Truck,Moderate,3,9,High,12
d26ba303,2024-06-29 13:00:00,Residential Zone,Clear,Under Construction,Truck,Fatal,1,3,Low,13
bfc9b9f4,2024-06-29 14:00:00,Highway,Clear,Wet,Truck,Severe,3,2,Low,14
7f73943c,2024-06-29 15:00:00,Industrial Area,Fog,Wet,Motorcycle,Severe,4,2,Moderate,15
ad46c620,2024-06-29 16:00:00,Residential Zone,Storm,Icy,Bus,Moderate,3,6,Low,16
db1318a8,2024-06-29 17:00:00,Highway,Storm,Dry,Truck,Minor,2,4,Low,17
0148b5c0,2024-06-29 18:00:00,Suburbs,Rain,Wet,Bus,Moderate,4,1,High,18
70964cbc,2024-06-29 19:00:00,Industrial Area,Snow,Icy,Bus,Fatal,2,9,Moderate,19
186ebab2,2024-06-29 20:00:00,Residential Zone,Storm,Wet,Motorcycle,Fatal,3,6,Low,20
e78c9d19,2024-06-29 21:00:00,Suburbs,Clear,Icy,Car,Moderate,3,8,High,21
2a988bb9,2024-06-29 22:00:00,Downtown,Fog,Under Construction,Car,Fatal,3,3,High,22
a1e81f23,2024-06-29 23:00:00,Highway,Fog,Dry,Bus,Fatal,2,4,Moderate,23
3876c748,2024-06-30 00:00:00,Residential Zone,Clear,Under Construction,Car,Moderate,1,9,High,0
ed118227,2024-06-30 01:00:00,Highway,Rain,Under Construction,Bus,Severe,4,9,High,1
93228754,2024-06-30 02:00:00,Highway,Storm,Wet,Bicycle,Minor,2,4,Moderate,2
63d4fa3c,2024-06-30 03:00:00,Highway,Rain,Wet,Bus,Minor,2,2,Moderate,3
0e1c9569,2024-06-30 04:00:00,Downtown,Rain,Wet,Bicycle,Minor,2,5,Low,4
97e435cb,2024-06-30 05:00:00,Residential Zone,Clear,Wet,Bicycle,Minor,1,4,Moderate,5
d6e4853d,2024-06-30 06:00:00,Industrial Area,Snow,Icy,Truck,Moderate,3,9,Moderate,6
2df5906b,2024-06-30 07:00:00,Residential Zone,Clear,Wet,Car,Minor,4,3,High,7
2af1a26b,2024-06-30 08:00:00,Industrial Area,Fog,Under Construction,Bus,Fatal,4,1,Low,8
8cc57fb1,2024-06-30 09:00:00,Downtown,Storm,Icy,Bus,Moderate,1,8,High,9
2859e3d0,2024-06-30 10:00:00,Suburbs,Storm,Wet,Bus,Severe,1,7,Moderate,10
c30f3fb3,2024-06-30 11:00:00,Suburbs,Snow,Wet,Car,Fatal,1,8,Low,11
b7c3c958,2024-06-30 12:00:00,Suburbs,Fog,Dry,Car,Moderate,1,4,High,12
ceb35f1b,2024-06-30 13:00:00,Residential Zone,Fog,Wet,Motorcycle,Moderate,3,1,Low,13
d8817dc1,2024-06-30 14:00:00,Suburbs,Rain,Wet,Bicycle,Minor,2,1,Moderate,14
2edfcaf7,2024-06-30 15:00:00,Residential Zone,Fog,Under Construction,Motorcycle,Moderate,2,2,High,15
1d0e25a2,2024-06-30 16:00:00,Highway,Storm,Dry,Car,Fatal,2,5,Moderate,16
d6a134de,2024-06-30 17:00:00,Downtown,Clear,Wet,Motorcycle,Moderate,1,6,Moderate,17
2896918e,2024-06-30 18:00:00,Residential Zone,Snow,Wet,Truck,Minor,2,2,Moderate,18
875615ba,2024-06-30 19:00:00,Industrial Area,Rain,Under Construction,Bicycle,Severe,2,7,High,19
1f7f4b54,2024-06-30 20:00:00,Residential Zone,Rain,Under Construction,Bus,Severe,4,2,High,20
a0c10368,2024-06-30 21:00:00,Highway,Fog,Dry,Bus,Minor,4,1,High,21
8981a340,2024-06-30 22:00:00,Residential Zone,Clear,Icy,Car,Fatal,3,0,Low,22
cad63873,2024-06-30 23:00:00,Industrial Area,Snow,Dry,Bicycle,Fatal,4,1,Moderate,23
1dd57c30,2024-07-01 00:00:00,Industrial Area,Storm,Under Construction,Car,Fatal,4,2,High,0
56ef4d92,2024-07-01 01:00:00,Downtown,Fog,Under Construction,Bicycle,Severe,2,2,Low,1
867eb857,2024-07-01 02:00:00,Industrial Area,Rain,Icy,Car,Minor,2,4,Moderate,2
532dfefa,2024-07-01 03:00:00,Downtown,Fog,Under Construction,Bus,Moderate,2,0,Moderate,3
a9e8e0ae,2024-07-01 04:00:00,Suburbs,Rain,Dry,Motorcycle,Minor,2,4,Low,4
f0cbf4cc,2024-07-01 05:00:00,Highway,Storm,Icy,Bicycle,Fatal,3,7,Low,5
1e8e04c4,2024-07-01 06:00:00,Highway,Clear,Wet,Truck,Fatal,2,1,Low,6
bc53c8e6,2024-07-01 07:00:00,Highway,Storm,Dry,Motorcycle,Moderate,1,7,Low,7
46330d04,2024-07-01 08:00:00,Highway,Snow,Dry,Truck,Fatal,4,4,High,8
f0b47c4e,2024-07-01 09:00:00,Industrial Area,Clear,Wet,Bus,Minor,3,4,High,9
4cb89580,2024-07-01 10:00:00,Highway,Clear,Under Construction,Bicycle,Moderate,4,5,High,10
ea309c51,2024-07-01 11:00:00,Highway,Rain,Dry,Bicycle,Fatal,3,7,Low,11
9d07323f,2024-07-01 12:00:00,Residential Zone,Fog,Icy,Bus,Moderate,3,9,Moderate,12
ae368c83,2024-07-01 13:00:00,Suburbs,Storm,Dry,Bus,Fatal,3,4,Low,13
6ff8d8a1,2024-07-01 14:00:00,Highway,Rain,Dry,Truck,Fatal,1,3,Moderate,14
2577c5e4,2024-07-01 15:00:00,Residential Zone,Storm,Under Construction,Truck,Fatal,3,2,Low,15
e32d6dfe,2024-07-01 16:00:00,Suburbs,Clear,Under Construction,Motorcycle,Moderate,2,8,Moderate,16
de3ee2ed,2024-07-01 17:00:00,Suburbs,Rain,Dry,Truck,Moderate,2,4,High,17
d494999a,2024-07-01 18:00:00,Industrial Area,Storm,Wet,Truck,Severe,4,1,Moderate,18
17d9dc8e,2024-07-01 19:00:00,Residential Zone,Rain,Icy,Motorcycle,Severe,4,9,High,19
5d1a6840,2024-07-01 20:00:00,Industrial Area,Fog,Under Construction,Bicycle,Fatal,4,0,Moderate,20
bbb71ee4,2024-07-01 21:00:00,Industrial Area,Snow,Under Construction,Bicycle,Minor,3,4,Moderate,21
966cf9c2,2024-07-01 22:00:00,Residential Zone,Rain,Under Construction,Motorcycle,Severe,2,4,Moderate,22
57af75b3,2024-07-01 23:00:00,Residential Zone,Rain,Under Construction,Car,Moderate,2,0,Moderate,23
69ae8eac,2024-07-02 00:00:00,Industrial Area,Clear,Icy,Car,Minor,4,9,High,0
c0843b7f,2024-07-02 01:00:00,Residential Zone,Snow,Dry,Motorcycle,Minor,4,6,High,1
7550601d,2024-07-02 02:00:00,Downtown,Clear,Dry,Truck,Fatal,3,9,Moderate,2
0f46ea1f,2024-07-02 03:00:00,Industrial Area,Clear,Dry,Bus,Severe,2,9,Low,3
a25171ed,2024-07-02 04:00:00,Residential Zone,Clear,Under Construction,Car,Fatal,2,3,Moderate,4
a5d5d7c8,2024-07-02 05:00:00,Residential Zone,Clear,Icy,Car,Severe,3,9,High,5
a7342797,2024-07-02 06:00:00,Residential Zone,Clear,Icy,Bus,Moderate,2,2,High,6
d78ab1f0,2024-07-02 07:00:00,Downtown,Clear,Dry,Motorcycle,Moderate,4,6,Moderate,7
84e46a10,2024-07-02 08:00:00,Residential Zone,Clear,Dry,Car,Fatal,3,7,Moderate,8
e6fcee37,2024-07-02 09:00:00,Residential Zone,Rain,Wet,Motorcycle,Minor,3,1,High,9
a6016b34,2024-07-02 10:00:00,Suburbs,Fog,Wet,Motorcycle,Minor,3,5,Moderate,10
5ecc769f,2024-07-02 11:00:00,Suburbs,Snow,Wet,Bus,Minor,2,2,Moderate,11
cb0fddff,2024-07-02 12:00:00,Highway,Snow,Dry,Bicycle,Moderate,3,1,High,12
f45bf89a,2024-07-02 13:00:00,Industrial Area,Fog,Icy,Bus,Fatal,1,7,Low,13
a504d1f0,2024-07-02 14:00:00,Suburbs,Snow,Icy,Bicycle,Fatal,2,3,Low,14
206eb626,2024-07-02 15:00:00,Highway,Clear,Wet,Truck,Severe,3,6,High,15
6c56c6f1,2024-07-02 16:00:00,Residential Zone,Storm,Under Construction,Bus,Moderate,2,3,High,16
8885be7d,2024-07-02 17:00:00,Downtown,Snow,Under Construction,Motorcycle,Severe,2,0,Low,17
a968fc9e,2024-07-02 18:00:00,Suburbs,Storm,Wet,Car,Minor,2,0,Moderate,18
49beda2b,2024-07-02 19:00:00,Highway,Clear,Icy,Car,Fatal,2,6,Moderate,19
eb66071e,2024-07-02 20:00:00,Suburbs,Clear,Wet,Car,Fatal,1,9,Moderate,20
ace92136,2024-07-02 21:00:00,Residential Zone,Snow,Wet,Truck,Moderate,4,8,Low,21
aaccc436,2024-07-02 22:00:00,Downtown,Fog,Wet,Truck,Moderate,4,3,Moderate,22
60aa1141,2024-07-02 23:00:00,Industrial Area,Clear,Icy,Motorcycle,Moderate,4,3,High,23
cfc2fe13,2024-07-03 00:00:00,Industrial Area,Storm,Icy,Car,Severe,2,5,Moderate,0
bdfa14cc,2024-07-03 01:00:00,Highway,Clear,Dry,Bus,Minor,4,6,High,1
807d3976,2024-07-03 02:00:00,Highway,Rain,Wet,Motorcycle,Moderate,4,0,Low,2
491e2ad1,2024-07-03 03:00:00,Suburbs,Storm,Dry,Bicycle,Fatal,3,3,Moderate,3
640cc8d4,2024-07-03 04:00:00,Industrial Area,Snow,Wet,Motorcycle,Fatal,3,7,High,4
cdbe4b45,2024-07-03 05:00:00,Industrial Area,Rain,Dry,Car,Severe,1,1,High,5
a380f6be,2024-07-03 06:00:00,Downtown,Rain,Icy,Bicycle,Severe,1,1,High,6
a9f080b7,2024-07-03 07:00:00,Industrial Area,Rain,Under Construction,Bicycle,Fatal,3,5,Moderate,7
a18bf059,2024-07-03 08:00:00,Highway,Clear,Under Construction,Truck,Severe,3,5,Low,8
b7d8a4a8,2024-07-03 09:00:00,Residential Zone,Storm,Dry,Bus,Severe,2,8,Low,9
284d486f,2024-07-03 10:00:00,Industrial Area,Rain,Wet,Bus,Severe,4,7,Moderate,10
33538439,2024-07-03 11:00:00,Highway,Storm,Wet,Bus,Minor,2,4,High,11
02b2e1a4,2024-07-03 12:00:00,Industrial Area,Rain,Wet,Bus,Severe,3,1,High,12
7d735d80,2024-07-03 13:00:00,Residential Zone,Snow,Icy,Motorcycle,Severe,3,1,Low,13
bc566f50,2024-07-03 14:00:00,Industrial Area,Storm,Wet,Car,Severe,2,1,Low,14
5eb50f34,2024-07-03 15:00:00,Highway,Fog,Wet,Motorcycle,Minor,1,6,Moderate,15
ae757faf,2024-07-03 16:00:00,Downtown,Snow,Dry,Car,Moderate,1,7,Low,16
4ba1db89,2024-07-03 17:00:00,Highway,Clear,Under Construction,Truck,Fatal,4,3,Moderate,17
da70a6a1,2024-07-03 18:00:00,Industrial Area,Fog,Wet,Bus,Severe,2,1,Moderate,18
1ccdebb9,2024-07-03 19:00:00,Industrial Area,Storm,Wet,Bicycle,Moderate,1,0,High,19
2d8e7bb6,2024-07-03 20:00:00,Downtown,Snow,Dry,Truck,Minor,3,5,Low,20
dda618c0,2024-07-03 21:00:00,Downtown,Storm,Dry,Motorcycle,Moderate,2,4,High,21
8bec0797,2024-07-03 22:00:00,Suburbs,Storm,Icy,Truck,Minor,3,9,High,22
f384d18b,2024-07-03 23:00:00,Suburbs,Rain,Under Construction,Car,Severe,4,2,Low,23
034c3983,2024-07-04 00:00:00,Residential Zone,Storm,Wet,Bus,Moderate,4,3,High,0
4b729964,2024-07-04 01:00:00,Residential Zone,Rain,Under Construction,Motorcycle,Moderate,4,1,Low,1
cf2110ae,2024-07-04 02:00:00,Downtown,Clear,Icy,Bus,Severe,1,3,Moderate,2
eafea3af,2024-07-04 03:00:00,Residential Zone,Storm,Under Construction,Bicycle,Moderate,2,5,Low,3
581b4def,2024-07-04 04:00:00,Suburbs,Clear,Under Construction,Bus,Minor,3,0,High,4
6cb0a92a,2024-07-04 05:00:00,Suburbs,Fog,Icy,Motorcycle,Severe,1,4,High,5
39fcc079,2024-07-04 06:00:00,Downtown,Clear,Dry,Bus,Minor,4,1,Low,6
7a9aa887,2024-07-04 07:00:00,Residential Zone,Storm,Under Construction,Truck,Minor,3,8,Low,7
02a4ae92,2024-07-04 08:00:00,Industrial Area,Fog,Wet,Motorcycle,Severe,4,5,Low,8
d8c1e322,2024-07-04 09:00:00,Suburbs,Snow,Dry,Bus,Fatal,3,6,Low,9
1e4a9830,2024-07-04 10:00:00,Residential Zone,Storm,Dry,Car,Severe,2,5,Moderate,10
83625f96,2024-07-04 11:00:00,Residential Zone,Snow,Icy,Truck,Fatal,2,2,Low,11
a315711b,2024-07-04 12:00:00,Suburbs,Fog,Dry,Car,Minor,4,8,Low,12
32bc28ef,2024-07-04 13:00:00,Industrial Area,Rain,Wet,Bus,Minor,1,9,Low,13
319c07cf,2024-07-04 14:00:00,Industrial Area,Snow,Wet,Motorcycle,Minor,2,0,Low,14
e0cc9f0d,2024-07-04 15:00:00,Suburbs,Snow,Wet,Bicycle,Minor,1,9,Low,15
f4fc8900,2024-07-04 16:00:00,Suburbs,Clear,Under Construction,Bicycle,Severe,2,3,High,16
d841ec2f,2024-07-04 17:00:00,Residential Zone,Rain,Dry,Car,Fatal,3,3,Low,17
1a4834f4,2024-07-04 18:00:00,Downtown,Storm,Wet,Bicycle,Fatal,1,0,Low,18
a9b62cb7,2024-07-04 19:00:00,Residential Zone,Clear,Icy,Bus,Moderate,2,8,Low,19
69084c05,2024-07-04 20:00:00,Residential Zone,Clear,Icy,Motorcycle,Severe,1,1,Low,20
55837fc4,2024-07-04 21:00:00,Residential Zone,Clear,Under Construction,Truck,Minor,2,0,Moderate,21
a69bcb19,2024-07-04 22:00:00,Highway,Rain,Dry,Car,Fatal,4,7,High,22
54ac0107,2024-07-04 23:00:00,Downtown,Clear,Wet,Bus,Minor,2,1,Moderate,23
fb3c319f,2024-07-05 00:00:00,Industrial Area,Storm,Wet,Bicycle,Moderate,4,1,Low,0
d385d995,2024-07-05 01:00:00,Industrial Area,Rain,Under Construction,Bicycle,Minor,3,9,High,1
cacff20d,2024-07-05 02:00:00,Suburbs,Clear,Dry,Bus,Minor,4,6,High,2
ad0da522,2024-07-05 03:00:00,Downtown,Rain,Icy,Truck,Severe,3,2,High,3
7a5f85fd,2024-07-05 04:00:00,Highway,Clear,Wet,Bicycle,Minor,2,9,Moderate,4
4503b816,2024-07-05 05:00:00,Suburbs,Snow,Dry,Truck,Severe,4,6,High,5
18f9eb78,2024-07-05 06:00:00,Industrial Area,Rain,Dry,Truck,Fatal,4,4,Moderate,6
430f45f7,2024-07-05 07:00:00,Industrial Area,Clear,Dry,Bicycle,Severe,2,7,Moderate,7
4ecb3897,2024-07-05 08:00:00,Suburbs,Fog,Wet,Truck,Moderate,3,2,Moderate,8
fcee12e4,2024-07-05 09:00:00,Suburbs,Storm,Dry,Bus,Moderate,3,9,High,9
0139809d,2024-07-05 10:00:00,Highway,Clear,Dry,Truck,Severe,2,6,Low,10
b9f478dd,2024-07-05 11:00:00,Highway,Clear,Icy,Truck,Minor,2,7,Low,11
ea8938e3,2024-07-05 12:00:00,Suburbs,Fog,Under Construction,Bicycle,Fatal,1,2,High,12
4555083a,2024-07-05 13:00:00,Residential Zone,Storm,Under Construction,Bicycle,Moderate,4,7,Low,13
c7b0b82b,2024-07-05 14:00:00,Industrial Area,Fog,Dry,Bus,Fatal,1,3,Low,14
e949abb5,2024-07-05 15:00:00,Industrial Area,Snow,Dry,Car,Fatal,2,0,Low,15
3a112733,2024-07-05 16:00:00,Highway,Fog,Icy,Motorcycle,Minor,3,9,Moderate,16
f8b807ee,2024-07-05 17:00:00,Downtown,Fog,Under Construction,Bus,Fatal,4,4,Low,17
f6c48098,2024-07-05 18:00:00,Suburbs,Fog,Under Construction,Bicycle,Minor,3,5,Moderate,18
0224e29d,2024-07-05 19:00:00,Downtown,Fog,Dry,Car,Moderate,3,4,Moderate,19
1ba81410,2024-07-05 20:00:00,Industrial Area,Storm,Wet,Truck,Moderate,1,6,Low,20
cfd8cbb1,2024-07-05 21:00:00,Downtown,Snow,Icy,Bus,Minor,2,0,Moderate,21
872a9ac1,2024-07-05 22:00:00,Industrial Area,Clear,Under Construction,Bus,Moderate,3,5,Moderate,22
dbb2e0e6,2024-07-05 23:00:00,Highway,Rain,Under Construction,Car,Minor,4,7,Low,23
f55fb720,2024-07-06 00:00:00,Residential Zone,Fog,Under Construction,Car,Severe,4,5,High,0
feaadcb2,2024-07-06 01:00:00,Residential Zone,Snow,Under Construction,Car,Fatal,4,6,Low,1
2557b38f,2024-07-06 02:00:00,Highway,Rain,Under Construction,Bus,Minor,4,1,Low,2
66e64c35,2024-07-06 03:00:00,Downtown,Fog,Wet,Motorcycle,Minor,2,8,Moderate,3
f28ddbc3,2024-07-06 04:00:00,Residential Zone,Storm,Under Construction,Truck,Moderate,3,8,Low,4
e0d2b92f,2024-07-06 05:00:00,Suburbs,Clear,Under Construction,Car,Fatal,2,8,High,5
815af1fa,2024-07-06 06:00:00,Downtown,Rain,Icy,Truck,Moderate,3,2,Moderate,6
73957a3c,2024-07-06 07:00:00,Downtown,Snow,Dry,Bicycle,Severe,3,9,Moderate,7
a339fc57,2024-07-06 08:00:00,Suburbs,Rain,Icy,Motorcycle,Fatal,3,0,Moderate,8
44b08ad4,2024-07-06 09:00:00,Highway,Rain,Wet,Bicycle,Minor,3,0,High,9
67922d52,2024-07-06 10:00:00,Downtown,Snow,Under Construction,Car,Minor,3,5,High,10
d753bc17,2024-07-06 11:00:00,Suburbs,Clear,Wet,Bicycle,Moderate,1,7,Low,11
0d5529a1,2024-07-06 12:00:00,Highway,Snow,Dry,Car,Moderate,3,7,Moderate,12
c9109111,2024-07-06 13:00:00,Residential Zone,Snow,Under Construction,Truck,Severe,4,6,Low,13
96389e7d,2024-07-06 14:00:00,Suburbs,Clear,Icy,Motorcycle,Severe,3,9,Moderate,14
2eabb5cc,2024-07-06 15:00:00,Downtown,Storm,Dry,Bus,Moderate,2,3,Moderate,15
0985a247,2024-07-06 16:00:00,Highway,Rain,Wet,Truck,Severe,4,4,Low,16
8c1135df,2024-07-06 17:00:00,Highway,Clear,Icy,Car,Minor,4,7,Low,17
46000f85,2024-07-06 18:00:00,Suburbs,Rain,Icy,Truck,Fatal,1,1,Low,18
9f2d52e3,2024-07-06 19:00:00,Downtown,Storm,Icy,Car,Fatal,4,7,Low,19
c125867c,2024-07-06 20:00:00,Suburbs,Rain,Wet,Car,Severe,3,7,High,20
cc0890ad,2024-07-06 21:00:00,Suburbs,Storm,Dry,Truck,Fatal,2,8,Moderate,21
59298f55,2024-07-06 22:00:00,Industrial Area,Fog,Wet,Motorcycle,Moderate,2,1,Low,22
f7c08891,2024-07-06 23:00:00,Downtown,Rain,Under Construction,Truck,Moderate,3,5,Low,23
cc382d9f,2024-07-07 00:00:00,Downtown,Fog,Dry,Motorcycle,Moderate,3,3,Moderate,0
80f69b52,2024-07-07 01:00:00,Residential Zone,Fog,Dry,Car,Fatal,3,2,Moderate,1
2a588b79,2024-07-07 02:00:00,Residential Zone,Fog,Under Construction,Bus,Moderate,3,2,High,2
98d22da4,2024-07-07 03:00:00,Industrial Area,Snow,Wet,Motorcycle,Severe,4,8,High,3
58a557ab,2024-07-07 04:00:00,Residential Zone,Storm,Under Construction,Bus,Minor,1,7,High,4
035cb94b,2024-07-07 05:00:00,Downtown,Storm,Icy,Truck,Minor,3,4,Low,5
55413eca,2024-07-07 06:00:00,Highway,Snow,Under Construction,Motorcycle,Minor,2,7,Moderate,6
34f71a50,2024-07-07 07:00:00,Downtown,Storm,Wet,Car,Moderate,1,6,Moderate,7
e1f1e9ad,2024-07-07 08:00:00,Suburbs,Clear,Wet,Bus,Severe,4,1,Low,8
f373aee5,2024-07-07 09:00:00,Residential Zone,Storm,Dry,Car,Fatal,1,8,Low,9
9e68ce2b,2024-07-07 10:00:00,Residential Zone,Storm,Dry,Truck,Severe,1,1,Low,10
151e4b09,2024-07-07 11:00:00,Downtown,Snow,Wet,Motorcycle,Minor,3,4,Low,11
299f9c0b,2024-07-07 12:00:00,Highway,Fog,Dry,Bicycle,Severe,1,5,High,12
2bcf16da,2024-07-07 13:00:00,Highway,Storm,Icy,Car,Severe,3,9,High,13
1cf29623,2024-07-07 14:00:00,Suburbs,Rain,Wet,Car,Severe,3,3,High,14
eeb4baf9,2024-07-07 15:00:00,Highway,Fog,Wet,Truck,Severe,1,0,Moderate,15
31b1bbc2,2024-07-07 16:00:00,Residential Zone,Rain,Wet,Motorcycle,Fatal,3,1,Low,16
e96121c3,2024-07-07 17:00:00,Downtown,Snow,Wet,Bus,Minor,2,1,Moderate,17
52d5446c,2024-07-07 18:00:00,Industrial Area,Rain,Dry,Bicycle,Minor,1,5,Low,18
ac3bca0f,2024-07-07 19:00:00,Residential Zone,Storm,Dry,Motorcycle,Fatal,3,3,Moderate,19
41e3a2b5,2024-07-07 20:00:00,Residential Zone,Snow,Dry,Motorcycle,Moderate,2,1,Low,20
f92e00a9,2024-07-07 21:00:00,Suburbs,Storm,Dry,Bus,Fatal,3,2,Moderate,21
f6bd4dad,2024-07-07 22:00:00,Industrial Area,Fog,Icy,Bus,Severe,3,0,Moderate,22
65b23785,2024-07-07 23:00:00,Downtown,Clear,Dry,Car,Fatal,1,0,Low,23
b9189595,2024-07-08 00:00:00,Downtown,Snow,Wet,Bus,Minor,2,2,High,0
2d5b6829,2024-07-08 01:00:00,Highway,Clear,Wet,Bus,Severe,1,2,High,1
bb4e62b8,2024-07-08 02:00:00,Downtown,Storm,Wet,Motorcycle,Minor,4,2,Moderate,2
edcf49d5,2024-07-08 03:00:00,Suburbs,Storm,Dry,Motorcycle,Minor,3,6,Moderate,3
de926ff3,2024-07-08 04:00:00,Industrial Area,Snow,Dry,Car,Severe,2,4,Moderate,4
89a0fcb3,2024-07-08 05:00:00,Highway,Clear,Wet,Car,Moderate,3,6,Low,5
2c8dc96d,2024-07-08 06:00:00,Industrial Area,Rain,Dry,Bicycle,Moderate,4,5,High,6
819d556c,2024-07-08 07:00:00,Industrial Area,Rain,Dry,Car,Moderate,4,3,Moderate,7
1d1d13e9,2024-07-08 08:00:00,Industrial Area,Storm,Icy,Truck,Fatal,3,4,Moderate,8
c3f27360,2024-07-08 09:00:00,Residential Zone,Snow,Icy,Truck,Minor,2,2,High,9
e05ba623,2024-07-08 10:00:00,Highway,Storm,Under Construction,Motorcycle,Severe,1,1,High,10
e9c0b8ee,2024-07-08 11:00:00,Highway,Clear,Wet,Truck,Fatal,2,8,Low,11
c6c39d37,2024-07-08 12:00:00,Industrial Area,Rain,Icy,Bicycle,Minor,1,6,Moderate,12
acafd638,2024-07-08 13:00:00,Suburbs,Rain,Dry,Bicycle,Fatal,1,5,Moderate,13
0c2d4299,2024-07-08 14:00:00,Residential Zone,Rain,Under Construction,Truck,Moderate,3,9,Moderate,14
cc17a9ed,2024-07-08 15:00:00,Suburbs,Clear,Icy,Truck,Minor,4,8,Low,15
023cad3d,2024-07-08 16:00:00,Highway,Rain,Dry,Truck,Severe,4,1,High,16
3e56b44d,2024-07-08 17:00:00,Residential Zone,Fog,Icy,Bus,Minor,3,3,Moderate,17
e7ada1ab,2024-07-08 18:00:00,Downtown,Rain,Wet,Car,Moderate,3,8,High,18
b4fc50f7,2024-07-08 19:00:00,Residential Zone,Fog,Under Construction,Bicycle,Severe,3,4,Moderate,19
782a81c7,2024-07-08 20:00:00,Highway,Snow,Under Construction,Bicycle,Severe,1,6,High,20
0418f903,2024-07-08 21:00:00,Downtown,Clear,Wet,Motorcycle,Fatal,1,2,Moderate,21
5a60aec3,2024-07-08 22:00:00,Highway,Clear,Icy,Bus,Fatal,3,4,Low,22
a2321bbe,2024-07-08 23:00:00,Highway,Snow,Icy,Bus,Fatal,1,2,High,23
398edc85,2024-07-09 00:00:00,Industrial Area,Clear,Wet,Motorcycle,Minor,2,8,High,0
f5dc92d4,2024-07-09 01:00:00,Suburbs,Rain,Icy,Car,Fatal,3,3,Moderate,1
0e0e6378,2024-07-09 02:00:00,Industrial Area,Clear,Under Construction,Motorcycle,Minor,1,0,High,2
3710700c,2024-07-09 03:00:00,Residential Zone,Fog,Icy,Bus,Minor,2,4,Low,3
b417c1ad,2024-07-09 04:00:00,Industrial Area,Snow,Icy,Truck,Moderate,2,1,Low,4
6960464b,2024-07-09 05:00:00,Highway,Storm,Icy,Car,Minor,1,2,Moderate,5
8aa41631,2024-07-09 06:00:00,Suburbs,Fog,Wet,Car,Moderate,1,9,Moderate,6
2839a697,2024-07-09 07:00:00,Highway,Fog,Icy,Car,Severe,2,2,Low,7
87fc0e6b,2024-07-09 08:00:00,Highway,Rain,Dry,Truck,Fatal,4,5,Low,8
bdbe9406,2024-07-09 09:00:00,Suburbs,Snow,Wet,Truck,Minor,1,7,Low,9
2a3d8ae8,2024-07-09 10:00:00,Highway,Rain,Dry,Car,Fatal,3,7,Low,10
95a231b8,2024-07-09 11:00:00,Suburbs,Fog,Icy,Car,Severe,1,0,Moderate,11
6016d3e5,2024-07-09 12:00:00,Residential Zone,Storm,Dry,Truck,Moderate,3,1,Low,12
ac63bbf2,2024-07-09 13:00:00,Highway,Snow,Wet,Bicycle,Moderate,3,5,Moderate,13
d8d156cd,2024-07-09 14:00:00,Downtown,Snow,Under Construction,Truck,Moderate,1,7,High,14
1e97c03b,2024-07-09 15:00:00,Downtown,Fog,Under Construction,Car,Minor,1,3,Low,15
bff9067e,2024-07-09 16:00:00,Suburbs,Storm,Dry,Bus,Fatal,1,6,High,16
1fea246e,2024-07-09 17:00:00,Highway,Rain,Under Construction,Bus,Fatal,3,1,Low,17
7dd90ee5,2024-07-09 18:00:00,Highway,Fog,Icy,Bus,Severe,4,6,Moderate,18
fc5b5cb0,2024-07-09 19:00:00,Suburbs,Storm,Icy,Truck,Minor,1,4,High,19
fda736f2,2024-07-09 20:00:00,Residential Zone,Rain,Icy,Truck,Moderate,4,4,Low,20
2f563c68,2024-07-09 21:00:00,Industrial Area,Storm,Wet,Car,Fatal,4,7,High,21
0b161ca3,2024-07-09 22:00:00,Suburbs,Snow,Wet,Bicycle,Severe,3,4,Low,22
81643d23,2024-07-09 23:00:00,Suburbs,Snow,Icy,Bus,Severe,4,9,Low,23
75605bc2,2024-07-10 00:00:00,Downtown,Clear,Dry,Car,Severe,1,8,Low,0
e17110c2,2024-07-10 01:00:00,Suburbs,Storm,Dry,Truck,Fatal,3,7,Low,1
4df254fb,2024-07-10 02:00:00,Suburbs,Rain,Dry,Motorcycle,Moderate,1,1,Low,2
a70f1d3d,2024-07-10 03:00:00,Residential Zone,Storm,Icy,Motorcycle,Severe,4,5,Low,3
1f807b06,2024-07-10 04:00:00,Suburbs,Snow,Wet,Car,Fatal,2,4,High,4
6825c06e,2024-07-10 05:00:00,Industrial Area,Rain,Dry,Motorcycle,Severe,2,3,Moderate,5
986395b7,2024-07-10 06:00:00,Industrial Area,Snow,Wet,Motorcycle,Minor,4,8,High,6
e71fbf7c,2024-07-10 07:00:00,Residential Zone,Fog,Under Construction,Truck,Fatal,1,3,High,7
cb911521,2024-07-10 08:00:00,Suburbs,Clear,Icy,Motorcycle,Moderate,2,3,Low,8
60d9b869,2024-07-10 09:00:00,Residential Zone,Snow,Under Construction,Motorcycle,Fatal,4,6,High,9
6b4c374c,2024-07-10 10:00:00,Suburbs,Rain,Dry,Bus,Fatal,4,3,Moderate,10
925a18ea,2024-07-10 11:00:00,Downtown,Storm,Dry,Bus,Moderate,3,8,Moderate,11
49341b49,2024-07-10 12:00:00,Downtown,Snow,Icy,Truck,Moderate,1,0,High,12
9e1e4ef7,2024-07-10 13:00:00,Residential Zone,Clear,Icy,Motorcycle,Minor,2,1,Low,13
11c6868d,2024-07-10 14:00:00,Residential Zone,Snow,Wet,Motorcycle,Severe,3,8,High,14
d15f83f6,2024-07-10 15:00:00,Highway,Snow,Icy,Bus,Fatal,2,7,Moderate,15
b98953dc,2024-07-10 16:00:00,Downtown,Rain,Wet,Truck,Moderate,4,8,Moderate,16
c069284b,2024-07-10 17:00:00,Highway,Fog,Wet,Motorcycle,Severe,4,2,High,17
af67e8a8,2024-07-10 18:00:00,Suburbs,Clear,Dry,Bus,Fatal,3,2,Low,18
391fb7f9,2024-07-10 19:00:00,Downtown,Storm,Dry,Motorcycle,Moderate,3,7,High,19
9812cae5,2024-07-10 20:00:00,Downtown,Snow,Icy,Motorcycle,Moderate,4,9,Moderate,20
79ba3bb3,2024-07-10 21:00:00,Residential Zone,Clear,Dry,Truck,Moderate,1,5,High,21
d0016688,2024-07-10 22:00:00,Suburbs,Snow,Dry,Bicycle,Fatal,3,4,Moderate,22
4926e1f3,2024-07-10 23:00:00,Downtown,Clear,Dry,Truck,Fatal,2,6,Moderate,23
1e693138,2024-07-11 00:00:00,Downtown,Clear,Under Construction,Bicycle,Severe,1,4,Moderate,0
fed03468,2024-07-11 01:00:00,Suburbs,Storm,Icy,Bicycle,Minor,3,1,Moderate,1
db85f29c,2024-07-11 02:00:00,Downtown,Fog,Wet,Bus,Moderate,4,4,Low,2
ed064cbe,2024-07-11 03:00:00,Residential Zone,Storm,Dry,Motorcycle,Minor,3,8,High,3
fdcecaa5,2024-07-11 04:00:00,Residential Zone,Clear,Wet,Motorcycle,Fatal,3,3,Moderate,4
3aef3d2e,2024-07-11 05:00:00,Downtown,Fog,Icy,Car,Moderate,3,5,High,5
3e88ad13,2024-07-11 06:00:00,Downtown,Clear,Under Construction,Motorcycle,Minor,4,0,High,6
918dbf0f,2024-07-11 07:00:00,Suburbs,Clear,Under Construction,Truck,Fatal,1,8,Moderate,7
b754ba74,2024-07-11 08:00:00,Highway,Storm,Icy,Motorcycle,Minor,3,6,High,8
9f3a683d,2024-07-11 09:00:00,Downtown,Clear,Wet,Truck,Severe,3,8,High,9
1b1f8b64,2024-07-11 10:00:00,Highway,Snow,Icy,Truck,Minor,2,9,High,10
596fd18b,2024-07-11 11:00:00,Downtown,Storm,Icy,Motorcycle,Minor,2,5,Low,11
5bd37e32,2024-07-11 12:00:00,Industrial Area,Fog,Wet,Motorcycle,Severe,2,9,Moderate,12
85d2ef0c,2024-07-11 13:00:00,Industrial Area,Snow,Under Construction,Car,Severe,3,8,Low,13
b0fa749e,2024-07-11 14:00:00,Industrial Area,Clear,Icy,Truck,Severe,2,3,Moderate,14
77bb1deb,2024-07-11 15:00:00,Highway,Clear,Under Construction,Bicycle,Minor,2,3,Low,15
b1f48adc,2024-07-11 16:00:00,Industrial Area,Clear,Wet,Truck,Severe,3,6,Moderate,16
e7762610,2024-07-11 17:00:00,Downtown,Fog,Under Construction,Bus,Moderate,1,6,High,17
2e14a725,2024-07-11 18:00:00,Residential Zone,Snow,Icy,Car,Fatal,1,2,Low,18
bd00e4d1,2024-07-11 19:00:00,Industrial Area,Storm,Dry,Motorcycle,Severe,4,0,Moderate,19
63971f6c,2024-07-11 20:00:00,Downtown,Snow,Dry,Bicycle,Moderate,1,1,Moderate,20
6ffcfc6d,2024-07-11 21:00:00,Suburbs,Snow,Wet,Bus,Moderate,2,4,Moderate,21
88689d43,2024-07-11 22:00:00,Downtown,Clear,Under Construction,Car,Severe,4,3,High,22
5b1bcff4,2024-07-11 23:00:00,Downtown,Clear,Icy,Truck,Moderate,3,8,High,23
fbab9588,2024-07-12 00:00:00,Highway,Storm,Under Construction,Truck,Minor,1,0,Moderate,0
bb67fbbf,2024-07-12 01:00:00,Industrial Area,Snow,Icy,Bicycle,Fatal,3,7,Moderate,1
463b4dcd,2024-07-12 02:00:00,Industrial Area,Clear,Icy,Motorcycle,Minor,3,5,High,2
4858e9e7,2024-07-12 03:00:00,Industrial Area,Storm,Under Construction,Truck,Severe,4,6,High,3
64cecb8e,2024-07-12 04:00:00,Suburbs,Fog,Dry,Bicycle,Minor,3,0,High,4
53cfc0d7,2024-07-12 05:00:00,Industrial Area,Snow,Under Construction,Truck,Severe,1,9,Low,5
ac97a336,2024-07-12 06:00:00,Residential Zone,Fog,Icy,Motorcycle,Fatal,2,7,High,6
f8d3d326,2024-07-12 07:00:00,Industrial Area,Storm,Icy,Bus,Severe,4,7,Low,7
432311a0,2024-07-12 08:00:00,Downtown,Fog,Under Construction,Motorcycle,Severe,2,7,Moderate,8
95619260,2024-07-12 09:00:00,Highway,Fog,Under Construction,Bicycle,Moderate,2,3,High,9
f2c49186,2024-07-12 10:00:00,Highway,Storm,Icy,Bicycle,Moderate,3,5,High,10
5eab5631,2024-07-12 11:00:00,Highway,Storm,Dry,Car,Minor,3,1,Low,11
9b035c76,2024-07-12 12:00:00,Highway,Clear,Wet,Bicycle,Moderate,4,1,Moderate,12
63480a01,2024-07-12 13:00:00,Downtown,Fog,Dry,Motorcycle,Moderate,3,3,Low,13
aa1507f3,2024-07-12 14:00:00,Suburbs,Fog,Icy,Car,Moderate,4,7,Low,14
e1a49b55,2024-07-12 15:00:00,Downtown,Clear,Under Construction,Bicycle,Minor,4,4,Low,15
2ec484b0,2024-07-12 16:00:00,Residential Zone,Rain,Dry,Bicycle,Severe,2,0,High,16
b654b1f0,2024-07-12 17:00:00,Industrial Area,Snow,Under Construction,Bus,Severe,3,5,Low,17
6225bdeb,2024-07-12 18:00:00,Industrial Area,Snow,Under Construction,Truck,Minor,1,8,Moderate,18
8f570526,2024-07-12 19:00:00,Downtown,Snow,Dry,Truck,Fatal,3,2,Low,19
6e23da1b,2024-07-12 20:00:00,Industrial Area,Rain,Icy,Truck,Severe,4,7,High,20
268cc080,2024-07-12 21:00:00,Industrial Area,Storm,Under Construction,Truck,Minor,3,5,Low,21
80c6e70e,2024-07-12 22:00:00,Industrial Area,Rain,Wet,Motorcycle,Fatal,4,1,Low,22
f5118389,2024-07-12 23:00:00,Suburbs,Snow,Wet,Bicycle,Fatal,1,1,Moderate,23
a91bdd64,2024-07-13 00:00:00,Suburbs,Clear,Dry,Truck,Minor,3,5,High,0
7d9002f1,2024-07-13 01:00:00,Downtown,Storm,Wet,Truck,Severe,2,6,Moderate,1
11acb529,2024-07-13 02:00:00,Residential Zone,Storm,Dry,Truck,Minor,1,2,High,2
31e6ad12,2024-07-13 03:00:00,Suburbs,Storm,Dry,Car,Minor,2,0,Moderate,3
ebdf78be,2024-07-13 04:00:00,Industrial Area,Storm,Wet,Car,Moderate,2,3,High,4
c37cf140,2024-07-13 05:00:00,Residential Zone,Clear,Under Construction,Bus,Severe,4,5,High,5
780a9be9,2024-07-13 06:00:00,Downtown,Clear,Icy,Motorcycle,Minor,3,3,High,6
efa97a94,2024-07-13 07:00:00,Industrial Area,Snow,Dry,Truck,Fatal,2,4,Low,7
ffd68e31,2024-07-13 08:00:00,Downtown,Fog,Under Construction,Bus,Moderate,3,7,Moderate,8
0a1fa093,2024-07-13 09:00:00,Downtown,Rain,Wet,Truck,Fatal,3,1,Low,9
37acf6ec,2024-07-13 10:00:00,Downtown,Storm,Icy,Bicycle,Severe,4,0,Moderate,10
2d61a057,2024-07-13 11:00:00,Downtown,Rain,Wet,Truck,Severe,4,6,Moderate,11
58e38b2f,2024-07-13 12:00:00,Industrial Area,Rain,Dry,Bicycle,Severe,3,3,Moderate,12
8ad57cef,2024-07-13 13:00:00,Suburbs,Rain,Wet,Car,Fatal,1,4,Moderate,13
9ea3add0,2024-07-13 14:00:00,Suburbs,Rain,Wet,Truck,Fatal,2,8,Low,14
940495a1,2024-07-13 15:00:00,Downtown,Fog,Dry,Bicycle,Fatal,4,4,Low,15
7077ddd5,2024-07-13 16:00:00,Residential Zone,Rain,Dry,Bus,Minor,1,0,High,16
5acc683f,2024-07-13 17:00:00,Highway,Snow,Under Construction,Bicycle,Severe,4,3,High,17
23fc63ae,2024-07-13 18:00:00,Highway,Snow,Under Construction,Truck,Severe,4,3,Low,18
32f57ec0,2024-07-13 19:00:00,Downtown,Snow,Wet,Bus,Fatal,4,1,Low,19
4197b344,2024-07-13 20:00:00,Residential Zone,Snow,Under Construction,Truck,Moderate,3,7,Low,20
caa3b304,2024-07-13 21:00:00,Industrial Area,Storm,Wet,Bus,Severe,1,3,Moderate,21
7ed1e7c6,2024-07-13 22:00:00,Residential Zone,Clear,Wet,Motorcycle,Severe,1,1,High,22
1d67279f,2024-07-13 23:00:00,Industrial Area,Storm,Wet,Truck,Fatal,2,1,High,23
8c366d4e,2024-07-14 00:00:00,Highway,Snow,Icy,Car,Minor,4,8,Low,0
42e88659,2024-07-14 01:00:00,Residential Zone,Clear,Wet,Truck,Fatal,4,9,High,1
1e553342,2024-07-14 02:00:00,Residential Zone,Clear,Icy,Truck,Severe,2,9,Moderate,2
2e0ea035,2024-07-14 03:00:00,Suburbs,Rain,Icy,Motorcycle,Minor,1,8,Moderate,3
0329db09,2024-07-14 04:00:00,Suburbs,Rain,Icy,Motorcycle,Minor,2,9,Moderate,4
d2aa591c,2024-07-14 05:00:00,Residential Zone,Storm,Dry,Bicycle,Fatal,2,2,High,5
7d94c34e,2024-07-14 06:00:00,Downtown,Rain,Wet,Bicycle,Minor,3,7,Moderate,6
4c034b3c,2024-07-14 07:00:00,Suburbs,Storm,Under Construction,Car,Severe,1,3,Moderate,7
4cc40ed5,2024-07-14 08:00:00,Downtown,Storm,Dry,Motorcycle,Severe,2,5,High,8
d14e7821,2024-07-14 09:00:00,Highway,Rain,Icy,Motorcycle,Moderate,1,1,High,9
5e3602c4,2024-07-14 10:00:00,Industrial Area,Clear,Icy,Truck,Severe,3,8,Low,10
f486d74c,2024-07-14 11:00:00,Downtown,Fog,Wet,Car,Fatal,3,9,Low,11
cc44da98,2024-07-14 12:00:00,Residential Zone,Storm,Dry,Car,Severe,1,9,Moderate,12
5cb39d94,2024-07-14 13:00:00,Highway,Rain,Dry,Bus,Minor,1,4,High,13
ce5194c9,2024-07-14 14:00:00,Industrial Area,Fog,Under Construction,Car,Fatal,3,9,High,14
61105484,2024-07-14 15:00:00,Highway,Rain,Under Construction,Motorcycle,Moderate,1,6,High,15
dc9cd314,2024-07-14 16:00:00,Suburbs,Fog,Wet,Motorcycle,Moderate,1,4,Moderate,16
f15be9cd,2024-07-14 17:00:00,Industrial Area,Clear,Under Construction,Truck,Minor,1,5,High,17
57094ae8,2024-07-14 18:00:00,Suburbs,Fog,Dry,Bicycle,Fatal,1,2,High,18
be1e355d,2024-07-14 19:00:00,Residential Zone,Fog,Wet,Motorcycle,Severe,4,5,Moderate,19
ec115803,2024-07-14 20:00:00,Suburbs,Fog,Dry,Truck,Fatal,2,5,Low,20
fccad8fa,2024-07-14 21:00:00,Residential Zone,Snow,Icy,Truck,Minor,4,5,Moderate,21
90be741e,2024-07-14 22:00:00,Highway,Rain,Wet,Motorcycle,Severe,4,0,Moderate,22
5d97c1ab,2024-07-14 23:00:00,Industrial Area,Clear,Under Construction,Car,Severe,4,9,Moderate,23
b1c7efea,2024-07-15 00:00:00,Downtown,Snow,Icy,Truck,Moderate,4,5,High,0
5aa0563f,2024-07-15 01:00:00,Downtown,Fog,Under Construction,Bicycle,Fatal,1,4,Moderate,1
8a83e355,2024-07-15 02:00:00,Downtown,Rain,Icy,Bus,Fatal,2,3,High,2
589070ea,2024-07-15 03:00:00,Downtown,Fog,Icy,Car,Minor,2,9,High,3
3b858e1e,2024-07-15 04:00:00,Downtown,Fog,Under Construction,Car,Moderate,2,7,High,4
003bb254,2024-07-15 05:00:00,Suburbs,Fog,Under Construction,Motorcycle,Minor,4,1,High,5
3892ea34,2024-07-15 06:00:00,Industrial Area,Snow,Dry,Car,Severe,2,3,Moderate,6
35a828fc,2024-07-15 07:00:00,Industrial Area,Clear,Dry,Truck,Severe,1,6,Moderate,7
a8f2d131,2024-07-15 08:00:00,Suburbs,Storm,Dry,Bus,Minor,2,2,Low,8
da3f80e8,2024-07-15 09:00:00,Downtown,Fog,Under Construction,Bus,Severe,4,6,Moderate,9
f397a633,2024-07-15 10:00:00,Residential Zone,Rain,Wet,Bus,Fatal,1,0,Moderate,10
9b718cb2,2024-07-15 11:00:00,Residential Zone,Snow,Dry,Bus,Moderate,4,0,Moderate,11
0ccc0d7f,2024-07-15 12:00:00,Highway,Rain,Under Construction,Car,Fatal,3,7,High,12
142def27,2024-07-15 13:00:00,Downtown,Rain,Dry,Truck,Minor,1,9,Low,13
c81320cc,2024-07-15 14:00:00,Industrial Area,Snow,Wet,Car,Fatal,3,5,High,14
b4a46205,2024-07-15 15:00:00,Industrial Area,Fog,Icy,Bus,Moderate,4,6,High,15
11d863fc,2024-07-15 16:00:00,Highway,Rain,Dry,Bus,Minor,2,0,High,16
f82db73d,2024-07-15 17:00:00,Residential Zone,Fog,Wet,Car,Fatal,4,7,High,17
702cc1c9,2024-07-15 18:00:00,Downtown,Clear,Icy,Motorcycle,Severe,1,1,Moderate,18
fcbd11a3,2024-07-15 19:00:00,Downtown,Rain,Under Construction,Bus,Minor,1,5,Low,19
b9fc4fbf,2024-07-15 20:00:00,Suburbs,Storm,Dry,Truck,Severe,2,0,Low,20
1f4377c9,2024-07-15 21:00:00,Downtown,Clear,Dry,Truck,Minor,1,7,Moderate,21
4f146203,2024-07-15 22:00:00,Industrial Area,Rain,Icy,Bicycle,Minor,2,0,High,22
600794c2,2024-07-15 23:00:00,Industrial Area,Fog,Under Construction,Bus,Fatal,4,1,Moderate,23
1894a4c8,2024-07-16 00:00:00,Highway,Rain,Dry,Truck,Minor,1,9,Low,0
efc7914e,2024-07-16 01:00:00,Industrial Area,Storm,Icy,Bus,Moderate,2,0,Low,1
95123156,2024-07-16 02:00:00,Industrial Area,Fog,Dry,Motorcycle,Fatal,4,7,Low,2
c5439c77,2024-07-16 03:00:00,Highway,Rain,Dry,Bicycle,Severe,4,1,Moderate,3
18741c7e,2024-07-16 04:00:00,Suburbs,Snow,Dry,Bus,Fatal,2,5,Low,4
59451f67,2024-07-16 05:00:00,Residential Zone,Rain,Dry,Bicycle,Severe,4,7,High,5
85be982c,2024-07-16 06:00:00,Industrial Area,Rain,Wet,Bicycle,Moderate,3,7,Low,6
f09484d4,2024-07-16 07:00:00,Suburbs,Fog,Under Construction,Motorcycle,Severe,1,2,Low,7
f3e2c20f,2024-07-16 08:00:00,Residential Zone,Rain,Under Construction,Car,Fatal,1,7,High,8
8dac994a,2024-07-16 09:00:00,Residential Zone,Snow,Dry,Truck,Severe,3,4,Low,9
9166360c,2024-07-16 10:00:00,Downtown,Clear,Wet,Motorcycle,Severe,1,5,High,10
448db172,2024-07-16 11:00:00,Residential Zone,Snow,Under Construction,Bicycle,Fatal,1,7,High,11
f5c97f41,2024-07-16 12:00:00,Industrial Area,Snow,Wet,Motorcycle,Fatal,4,4,High,12
8c0a43a7,2024-07-16 13:00:00,Suburbs,Clear,Under Construction,Bus,Moderate,1,0,High,13
97c9557d,2024-07-16 14:00:00,Residential Zone,Fog,Dry,Bus,Fatal,3,3,Moderate,14
6dd940be,2024-07-16 15:00:00,Industrial Area,Clear,Dry,Bus,Minor,4,8,High,15
19f24700,2024-07-16 16:00:00,Residential Zone,Fog,Dry,Car,Moderate,1,5,High,16
737b01a2,2024-07-16 17:00:00,Industrial Area,Clear,Dry,Bus,Fatal,3,6,High,17
75764d73,2024-07-16 18:00:00,Suburbs,Fog,Under Construction,Truck,Severe,4,3,Moderate,18
bbf7d117,2024-07-16 19:00:00,Highway,Rain,Wet,Motorcycle,Fatal,3,4,Low,19
7b27c861,2024-07-16 20:00:00,Residential Zone,Fog,Under Construction,Truck,Minor,3,2,Low,20
a034c104,2024-07-16 21:00:00,Highway,Fog,Under Construction,Truck,Severe,3,5,High,21
51b55f68,2024-07-16 22:00:00,Industrial Area,Snow,Icy,Truck,Fatal,3,5,Moderate,22
e0dd3460,2024-07-16 23:00:00,Highway,Snow,Wet,Truck,Moderate,4,1,Moderate,23
cd64d81f,2024-07-17 00:00:00,Residential Zone,Rain,Icy,Motorcycle,Severe,2,6,High,0
83605251,2024-07-17 01:00:00,Downtown,Storm,Icy,Bicycle,Fatal,1,8,High,1
ddc7bbf1,2024-07-17 02:00:00,Industrial Area,Snow,Under Construction,Car,Minor,4,6,Low,2
de829729,2024-07-17 03:00:00,Suburbs,Fog,Wet,Motorcycle,Moderate,3,1,Moderate,3
b69f9dd9,2024-07-17 04:00:00,Residential Zone,Snow,Dry,Motorcycle,Moderate,3,0,Low,4
6dd1f7d5,2024-07-17 05:00:00,Highway,Rain,Icy,Bus,Severe,3,8,Low,5
11d1dbb7,2024-07-17 06:00:00,Highway,Fog,Wet,Car,Severe,1,5,Moderate,6
b828cd14,2024-07-17 07:00:00,Industrial Area,Rain,Under Construction,Bicycle,Severe,1,3,High,7
5dd79244,2024-07-17 08:00:00,Downtown,Rain,Icy,Truck,Moderate,1,9,Low,8
b3b33dc9,2024-07-17 09:00:00,Industrial Area,Fog,Icy,Bus,Severe,3,9,Low,9
5344725b,2024-07-17 10:00:00,Downtown,Snow,Under Construction,Bus,Minor,4,7,High,10
adf40b07,2024-07-17 11:00:00,Residential Zone,Storm,Wet,Bus,Moderate,2,8,Low,11
8ab2c27b,2024-07-17 12:00:00,Residential Zone,Fog,Under Construction,Bus,Moderate,3,1,Low,12
d9994947,2024-07-17 13:00:00,Downtown,Fog,Dry,Car,Fatal,3,9,High,13
a187a3c1,2024-07-17 14:00:00,Industrial Area,Rain,Dry,Bus,Fatal,3,7,Moderate,14
2fa31a48,2024-07-17 15:00:00,Suburbs,Clear,Wet,Bicycle,Severe,4,1,Low,15
f56f2108,2024-07-17 16:00:00,Suburbs,Fog,Dry,Bus,Severe,4,8,High,16
f5f09504,2024-07-17 17:00:00,Highway,Storm,Wet,Bicycle,Moderate,2,0,Low,17
4890298b,2024-07-17 18:00:00,Residential Zone,Snow,Dry,Bicycle,Severe,3,7,High,18
0a65d13c,2024-07-17 19:00:00,Industrial Area,Fog,Dry,Truck,Minor,4,7,Moderate,19
1e8b0d6d,2024-07-17 20:00:00,Suburbs,Rain,Icy,Car,Severe,3,7,Low,20
eda63cd3,2024-07-17 21:00:00,Highway,Clear,Dry,Car,Fatal,2,2,Low,21
e1e20748,2024-07-17 22:00:00,Highway,Clear,Dry,Bus,Moderate,1,7,Low,22
3c5e8744,2024-07-17 23:00:00,Suburbs,Storm,Dry,Bus,Fatal,4,2,High,23
3d07e2d8,2024-07-18 00:00:00,Downtown,Rain,Dry,Bicycle,Severe,4,1,High,0
29f021a8,2024-07-18 01:00:00,Downtown,Snow,Wet,Bicycle,Fatal,4,2,Low,1
31d1368e,2024-07-18 02:00:00,Suburbs,Rain,Under Construction,Bus,Minor,1,5,High,2
d49c2421,2024-07-18 03:00:00,Residential Zone,Clear,Wet,Car,Moderate,3,9,Moderate,3
36e4c277,2024-07-18 04:00:00,Industrial Area,Fog,Under Construction,Car,Severe,2,4,High,4
207a36e0,2024-07-18 05:00:00,Residential Zone,Snow,Wet,Bus,Fatal,2,4,Moderate,5
0a37ad2c,2024-07-18 06:00:00,Highway,Fog,Dry,Bicycle,Moderate,4,3,High,6
eea5f761,2024-07-18 07:00:00,Highway,Rain,Icy,Bicycle,Minor,2,4,Moderate,7
6f1f66fd,2024-07-18 08:00:00,Downtown,Fog,Icy,Car,Fatal,4,9,Moderate,8
b85df89e,2024-07-18 09:00:00,Industrial Area,Clear,Icy,Truck,Minor,3,4,Low,9
680ba721,2024-07-18 10:00:00,Residential Zone,Clear,Icy,Bicycle,Severe,3,9,Low,10
40984762,2024-07-18 11:00:00,Residential Zone,Storm,Dry,Car,Fatal,2,5,High,11
d72a27ec,2024-07-18 12:00:00,Downtown,Rain,Icy,Bicycle,Severe,2,9,Low,12
8a7f3ba8,2024-07-18 13:00:00,Downtown,Fog,Icy,Bus,Severe,4,5,Moderate,13
a4538f75,2024-07-18 14:00:00,Highway,Storm,Dry,Bicycle,Moderate,3,6,High,14
63a89b3d,2024-07-18 15:00:00,Industrial Area,Fog,Dry,Motorcycle,Fatal,4,5,Low,15
655025ce,2024-07-18 16:00:00,Industrial Area,Rain,Dry,Bus,Severe,1,2,Moderate,16
e6f35205,2024-07-18 17:00:00,Residential Zone,Clear,Icy,Motorcycle,Severe,4,6,Moderate,17
3eba2f74,2024-07-18 18:00:00,Highway,Storm,Icy,Motorcycle,Severe,2,0,Moderate,18
de196a92,2024-07-18 19:00:00,Suburbs,Rain,Wet,Motorcycle,Fatal,2,9,Moderate,19
7a0c2e63,2024-07-18 20:00:00,Residential Zone,Fog,Under Construction,Truck,Fatal,4,0,High,20
9d07b030,2024-07-18 21:00:00,Highway,Clear,Under Construction,Car,Minor,3,9,Moderate,21
e4d6133a,2024-07-18 22:00:00,Downtown,Snow,Icy,Truck,Minor,3,8,High,22
a81444c6,2024-07-18 23:00:00,Highway,Fog,Dry,Car,Moderate,4,6,Low,23
aadf8c1e,2024-07-19 00:00:00,Highway,Rain,Wet,Car,Moderate,1,1,Low,0
3b31e41a,2024-07-19 01:00:00,Highway,Fog,Wet,Bicycle,Moderate,1,0,Low,1
17ffafbf,2024-07-19 02:00:00,Residential Zone,Clear,Wet,Truck,Minor,3,1,Low,2
c6025af2,2024-07-19 03:00:00,Highway,Clear,Icy,Truck,Minor,3,1,Low,3
4fecd3d4,2024-07-19 04:00:00,Downtown,Fog,Icy,Bicycle,Minor,4,2,High,4
fd4a3b00,2024-07-19 05:00:00,Highway,Rain,Wet,Truck,Moderate,2,9,Low,5
d86cccb0,2024-07-19 06:00:00,Highway,Clear,Wet,Motorcycle,Moderate,2,5,Moderate,6
796c043c,2024-07-19 07:00:00,Industrial Area,Clear,Dry,Bicycle,Minor,3,3,High,7
c5a5498b,2024-07-19 08:00:00,Highway,Rain,Dry,Truck,Fatal,4,5,Moderate,8
94f3f09e,2024-07-19 09:00:00,Industrial Area,Storm,Dry,Motorcycle,Fatal,4,1,High,9
6cb22db2,2024-07-19 10:00:00,Industrial Area,Snow,Under Construction,Truck,Fatal,1,8,Low,10
e11bdc5b,2024-07-19 11:00:00,Downtown,Snow,Icy,Bus,Fatal,1,1,High,11
b5c3b2aa,2024-07-19 12:00:00,Residential Zone,Storm,Under Construction,Bicycle,Severe,4,6,Moderate,12
1f8dbc6a,2024-07-19 13:00:00,Highway,Rain,Icy,Car,Severe,4,8,Low,13
1a37e47d,2024-07-19 14:00:00,Industrial Area,Rain,Icy,Car,Minor,4,2,High,14
375ea68f,2024-07-19 15:00:00,Industrial Area,Fog,Icy,Motorcycle,Minor,3,9,Low,15
4718053e,2024-07-19 16:00:00,Downtown,Fog,Under Construction,Bicycle,Minor,3,5,High,16
c7395b17,2024-07-19 17:00:00,Downtown,Storm,Dry,Car,Fatal,3,5,Low,17
2fab1f9b,2024-07-19 18:00:00,Suburbs,Clear,Under Construction,Truck,Fatal,4,3,Moderate,18
ab14f246,2024-07-19 19:00:00,Downtown,Fog,Icy,Bus,Severe,1,9,High,19
19b59d25,2024-07-19 20:00:00,Downtown,Rain,Icy,Bicycle,Fatal,2,2,High,20
44317ace,2024-07-19 21:00:00,Residential Zone,Rain,Wet,Bus,Moderate,3,7,Moderate,21
33d4f85a,2024-07-19 22:00:00,Downtown,Clear,Icy,Bus,Moderate,4,1,Moderate,22
d7c8a452,2024-07-19 23:00:00,Industrial Area,Fog,Wet,Car,Severe,4,2,Moderate,23
211943cf,2024-07-20 00:00:00,Downtown,Clear,Dry,Car,Severe,2,7,Moderate,0
307c1d7e,2024-07-20 01:00:00,Suburbs,Clear,Wet,Car,Fatal,1,3,Low,1
549eaf66,2024-07-20 02:00:00,Industrial Area,Rain,Wet,Car,Fatal,1,0,Moderate,2
ed382ae7,2024-07-20 03:00:00,Downtown,Rain,Icy,Car,Severe,2,0,Low,3
d28ced9b,2024-07-20 04:00:00,Highway,Clear,Under Construction,Motorcycle,Moderate,2,9,Moderate,4
b3c6b026,2024-07-20 05:00:00,Industrial Area,Snow,Icy,Bicycle,Fatal,1,6,Moderate,5
0c27d277,2024-07-20 06:00:00,Highway,Clear,Dry,Bicycle,Minor,4,3,High,6
fe69d3a0,2024-07-20 07:00:00,Highway,Snow,Under Construction,Bicycle,Severe,4,6,Moderate,7
c16b1591,2024-07-20 08:00:00,Residential Zone,Storm,Under Construction,Car,Fatal,4,5,Low,8
bdccf298,2024-07-20 09:00:00,Highway,Clear,Dry,Car,Minor,3,3,Moderate,9
1f27e10c,2024-07-20 10:00:00,Industrial Area,Clear,Icy,Motorcycle,Fatal,3,7,High,10
ae89ec55,2024-07-20 11:00:00,Industrial Area,Fog,Wet,Bicycle,Fatal,2,5,Low,11
3049391e,2024-07-20 12:00:00,Residential Zone,Rain,Under Construction,Car,Severe,3,1,Moderate,12
5beeec85,2024-07-20 13:00:00,Highway,Rain,Under Construction,Car,Fatal,4,9,High,13
f9626530,2024-07-20 14:00:00,Downtown,Storm,Under Construction,Car,Minor,3,7,Moderate,14
cb6a667d,2024-07-20 15:00:00,Suburbs,Fog,Under Construction,Motorcycle,Severe,1,6,High,15
5be06770,2024-07-20 16:00:00,Residential Zone,Fog,Under Construction,Bus,Severe,4,4,Moderate,16
a2d2dc42,2024-07-20 17:00:00,Residential Zone,Rain,Dry,Bus,Severe,2,9,Moderate,17
21ef7521,2024-07-20 18:00:00,Residential Zone,Rain,Dry,Bus,Fatal,4,5,Moderate,18
b6bb4156,2024-07-20 19:00:00,Residential Zone,Rain,Dry,Bus,Moderate,4,0,Moderate,19
42dc012d,2024-07-20 20:00:00,Industrial Area,Rain,Icy,Motorcycle,Moderate,1,3,Moderate,20
3fde3133,2024-07-20 21:00:00,Industrial Area,Fog,Wet,Truck,Minor,1,9,Low,21
470924c1,2024-07-20 22:00:00,Residential Zone,Clear,Dry,Truck,Fatal,2,5,Moderate,22
d51cf9dc,2024-07-20 23:00:00,Industrial Area,Storm,Icy,Bicycle,Severe,1,6,High,23
6645a683,2024-07-21 00:00:00,Residential Zone,Clear,Icy,Motorcycle,Severe,4,5,High,0
d8e6836e,2024-07-21 01:00:00,Industrial Area,Clear,Dry,Truck,Fatal,1,8,Low,1
786a7fc5,2024-07-21 02:00:00,Residential Zone,Fog,Dry,Car,Severe,1,7,Moderate,2
aef0b5f8,2024-07-21 03:00:00,Industrial Area,Storm,Dry,Truck,Minor,4,7,Low,3
d7e6b636,2024-07-21 04:00:00,Suburbs,Storm,Wet,Motorcycle,Severe,2,6,Moderate,4
908d1088,2024-07-21 05:00:00,Highway,Snow,Dry,Motorcycle,Fatal,3,4,Moderate,5
50b8d615,2024-07-21 06:00:00,Highway,Storm,Icy,Car,Moderate,1,8,High,6
38d6bae8,2024-07-21 07:00:00,Industrial Area,Rain,Under Construction,Truck,Moderate,4,4,Moderate,7
016ad339,2024-07-21 08:00:00,Downtown,Snow,Under Construction,Truck,Severe,4,2,Moderate,8
3977a701,2024-07-21 09:00:00,Residential Zone,Rain,Wet,Truck,Minor,1,1,Low,9
cbf2d6a5,2024-07-21 10:00:00,Highway,Rain,Under Construction,Motorcycle,Fatal,3,6,Low,10
e8035287,2024-07-21 11:00:00,Downtown,Rain,Wet,Truck,Fatal,4,3,Low,11
944c2f47,2024-07-21 12:00:00,Residential Zone,Clear,Wet,Bicycle,Severe,2,3,Moderate,12
865a8de0,2024-07-21 13:00:00,Downtown,Snow,Dry,Motorcycle,Minor,2,5,Moderate,13
d3ec7ffc,2024-07-21 14:00:00,Suburbs,Snow,Wet,Motorcycle,Moderate,3,1,Moderate,14
1a81f490,2024-07-21 15:00:00,Downtown,Rain,Wet,Bus,Moderate,3,6,High,15
9bb0ac75,2024-07-21 16:00:00,Suburbs,Fog,Dry,Motorcycle,Moderate,2,1,Low,16
856331ab,2024-07-21 17:00:00,Residential Zone,Fog,Icy,Motorcycle,Minor,3,9,Low,17
e1697b5a,2024-07-21 18:00:00,Downtown,Rain,Icy,Car,Minor,2,3,High,18
a0eeba6b,2024-07-21 19:00:00,Residential Zone,Rain,Wet,Truck,Severe,1,2,Moderate,19
13fa6b85,2024-07-21 20:00:00,Suburbs,Fog,Wet,Motorcycle,Moderate,2,7,Low,20
0dde4aa8,2024-07-21 21:00:00,Highway,Rain,Wet,Truck,Fatal,2,4,High,21
6c04797a,2024-07-21 22:00:00,Downtown,Fog,Icy,Motorcycle,Minor,3,6,Low,22
2ebc2861,2024-07-21 23:00:00,Residential Zone,Rain,Wet,Car,Severe,1,7,Moderate,23
3967a54c,2024-07-22 00:00:00,Suburbs,Rain,Under Construction,Bus,Severe,1,7,High,0
905ba0d5,2024-07-22 01:00:00,Industrial Area,Storm,Dry,Truck,Fatal,1,1,High,1
4345ea28,2024-07-22 02:00:00,Highway,Rain,Wet,Car,Severe,4,3,Low,2
2916ffdc,2024-07-22 03:00:00,Industrial Area,Storm,Icy,Bus,Fatal,2,9,Moderate,3
feb16b1e,2024-07-22 04:00:00,Downtown,Fog,Wet,Bus,Minor,4,1,Low,4
01d3ffd8,2024-07-22 05:00:00,Suburbs,Fog,Under Construction,Truck,Minor,1,2,High,5
2c1b1a0a,2024-07-22 06:00:00,Highway,Fog,Icy,Bus,Severe,1,2,High,6
d715e52f,2024-07-22 07:00:00,Industrial Area,Fog,Icy,Bicycle,Minor,3,1,High,7
08a645d0,2024-07-22 08:00:00,Industrial Area,Clear,Wet,Motorcycle,Severe,1,8,High,8
f19ea006,2024-07-22 09:00:00,Industrial Area,Rain,Dry,Car,Minor,2,6,Low,9
77903657,2024-07-22 10:00:00,Residential Zone,Storm,Wet,Motorcycle,Fatal,4,0,Low,10
7ef36b91,2024-07-22 11:00:00,Residential Zone,Fog,Dry,Car,Severe,1,7,High,11
fc3d2064,2024-07-22 12:00:00,Industrial Area,Storm,Icy,Car,Minor,2,0,Moderate,12
1e41e32c,2024-07-22 13:00:00,Suburbs,Clear,Icy,Bus,Moderate,2,6,Moderate,13
032c9da8,2024-07-22 14:00:00,Residential Zone,Rain,Icy,Bicycle,Fatal,4,2,Moderate,14
44b10d85,2024-07-22 15:00:00,Suburbs,Clear,Wet,Car,Severe,4,2,Low,15
8a79842e,2024-07-22 16:00:00,Industrial Area,Snow,Dry,Motorcycle,Severe,4,6,Moderate,16
2d43b8bb,2024-07-22 17:00:00,Suburbs,Storm,Icy,Car,Moderate,1,5,Moderate,17
271c10b4,2024-07-22 18:00:00,Suburbs,Snow,Wet,Motorcycle,Fatal,2,4,Moderate,18
48e64645,2024-07-22 19:00:00,Highway,Snow,Wet,Motorcycle,Severe,1,9,Moderate,19
45ff9a6d,2024-07-22 20:00:00,Industrial Area,Storm,Wet,Bus,Fatal,2,7,Moderate,20
0c6b54d9,2024-07-22 21:00:00,Industrial Area,Fog,Icy,Bicycle,Moderate,3,8,Low,21
81ddd82a,2024-07-22 22:00:00,Downtown,Snow,Under Construction,Bicycle,Severe,3,0,Moderate,22
7d974c9c,2024-07-22 23:00:00,Industrial Area,Storm,Icy,Truck,Fatal,3,6,Moderate,23
fd36cd7a,2024-07-23 00:00:00,Highway,Storm,Dry,Car,Severe,3,3,Low,0
493d7bd9,2024-07-23 01:00:00,Downtown,Storm,Under Construction,Car,Severe,4,2,High,1
e7b5eeac,2024-07-23 02:00:00,Industrial Area,Clear,Under Construction,Bicycle,Minor,2,3,High,2
e09c1495,2024-07-23 03:00:00,Suburbs,Clear,Icy,Bicycle,Minor,2,2,Moderate,3
54616461,2024-07-23 04:00:00,Residential Zone,Snow,Under Construction,Car,Severe,3,2,Moderate,4
02f401e9,2024-07-23 05:00:00,Downtown,Fog,Icy,Bus,Severe,2,8,Moderate,5
6df33d59,2024-07-23 06:00:00,Highway,Storm,Dry,Bus,Minor,1,1,High,6
cb80ed4d,2024-07-23 07:00:00,Downtown,Snow,Under Construction,Motorcycle,Severe,3,9,Low,7
fd2abf98,2024-07-23 08:00:00,Highway,Fog,Dry,Bus,Minor,2,3,Low,8
5d04f19f,2024-07-23 09:00:00,Highway,Clear,Wet,Car,Minor,2,1,Moderate,9
e38aa20f,2024-07-23 10:00:00,Suburbs,Snow,Dry,Motorcycle,Severe,2,1,Low,10
719dc940,2024-07-23 11:00:00,Downtown,Rain,Under Construction,Car,Fatal,2,3,Low,11
0a75334a,2024-07-23 12:00:00,Industrial Area,Snow,Dry,Motorcycle,Minor,4,4,High,12
3114abcd,2024-07-23 13:00:00,Downtown,Clear,Icy,Bicycle,Minor,3,4,Low,13
5d04a3e8,2024-07-23 14:00:00,Downtown,Storm,Wet,Motorcycle,Minor,1,6,Low,14
d41da00e,2024-07-23 15:00:00,Industrial Area,Snow,Icy,Bus,Moderate,2,4,High,15
326ccc2b,2024-07-23 16:00:00,Downtown,Snow,Icy,Bicycle,Minor,3,1,High,16
96cbd95b,2024-07-23 17:00:00,Downtown,Fog,Wet,Bicycle,Fatal,3,8,High,17
af3f46bd,2024-07-23 18:00:00,Highway,Snow,Dry,Truck,Moderate,2,0,Moderate,18
91fc5717,2024-07-23 19:00:00,Highway,Storm,Wet,Truck,Fatal,3,0,Low,19
b4857f06,2024-07-23 20:00:00,Industrial Area,Rain,Wet,Car,Severe,4,8,Moderate,20
babae3bf,2024-07-23 21:00:00,Downtown,Snow,Dry,Bus,Minor,1,8,High,21
bd5b476a,2024-07-23 22:00:00,Suburbs,Fog,Under Construction,Car,Minor,1,0,Low,22
ebed800b,2024-07-23 23:00:00,Downtown,Rain,Dry,Bus,Fatal,2,2,Moderate,23
47325cfb,2024-07-24 00:00:00,Industrial Area,Clear,Icy,Car,Fatal,1,1,Low,0
207bf138,2024-07-24 01:00:00,Suburbs,Fog,Under Construction,Car,Moderate,4,6,Moderate,1
072ba73c,2024-07-24 02:00:00,Industrial Area,Rain,Dry,Truck,Severe,4,4,Low,2
12cb7273,2024-07-24 03:00:00,Highway,Snow,Under Construction,Motorcycle,Severe,4,5,High,3
f1b35fe7,2024-07-24 04:00:00,Downtown,Snow,Under Construction,Bicycle,Minor,1,4,High,4
15543484,2024-07-24 05:00:00,Highway,Rain,Under Construction,Motorcycle,Fatal,3,4,High,5
1f4ca414,2024-07-24 06:00:00,Residential Zone,Fog,Wet,Truck,Fatal,1,6,Moderate,6
457671ac,2024-07-24 07:00:00,Residential Zone,Clear,Dry,Car,Severe,2,9,High,7
0b5e18ad,2024-07-24 08:00:00,Highway,Storm,Icy,Truck,Moderate,1,4,Low,8
1105068f,2024-07-24 09:00:00,Industrial Area,Rain,Dry,Car,Severe,2,7,Low,9
35651074,2024-07-24 10:00:00,Suburbs,Fog,Under Construction,Car,Moderate,3,6,Moderate,10
01b2dfaa,2024-07-24 11:00:00,Highway,Snow,Wet,Truck,Fatal,1,4,High,11
a042c611,2024-07-24 12:00:00,Highway,Snow,Under Construction,Car,Severe,3,5,High,12
483810aa,2024-07-24 13:00:00,Downtown,Storm,Wet,Truck,Moderate,1,2,Low,13
e9a71475,2024-07-24 14:00:00,Industrial Area,Snow,Wet,Bicycle,Minor,3,1,Low,14
d6d752d0,2024-07-24 15:00:00,Downtown,Fog,Icy,Car,Moderate,3,6,Moderate,15
ac082dde,2024-07-24 16:00:00,Downtown,Snow,Under Construction,Car,Moderate,4,8,Moderate,16
5c7731ac,2024-07-24 17:00:00,Downtown,Snow,Dry,Car,Fatal,4,5,Low,17
98d3866b,2024-07-24 18:00:00,Highway,Clear,Icy,Bicycle,Fatal,2,5,High,18
76e57114,2024-07-24 19:00:00,Industrial Area,Storm,Icy,Bus,Moderate,2,9,Moderate,19
b10ee549,2024-07-24 20:00:00,Downtown,Storm,Dry,Bicycle,Moderate,2,0,Moderate,20
b17d4d5c,2024-07-24 21:00:00,Industrial Area,Rain,Icy,Car,Minor,4,2,Moderate,21
dab7dd7a,2024-07-24 22:00:00,Downtown,Snow,Under Construction,Bicycle,Moderate,3,0,High,22
c800984d,2024-07-24 23:00:00,Downtown,Rain,Under Construction,Truck,Minor,2,4,Low,23
0f1d7641,2024-07-25 00:00:00,Highway,Storm,Wet,Truck,Moderate,3,6,High,0
ccd2bd61,2024-07-25 01:00:00,Suburbs,Storm,Under Construction,Bicycle,Severe,2,6,High,1
794468b4,2024-07-25 02:00:00,Suburbs,Fog,Under Construction,Car,Fatal,1,0,Low,2
51ef2416,2024-07-25 03:00:00,Industrial Area,Storm,Icy,Bicycle,Severe,4,5,Low,3
1d11dce1,2024-07-25 04:00:00,Suburbs,Snow,Icy,Truck,Minor,2,1,High,4
da36ae43,2024-07-25 05:00:00,Highway,Snow,Wet,Bus,Minor,3,1,Low,5
988f686b,2024-07-25 06:00:00,Suburbs,Snow,Icy,Car,Fatal,1,8,High,6
381e5639,2024-07-25 07:00:00,Highway,Rain,Icy,Car,Fatal,2,4,Low,7
23a14c8a,2024-07-25 08:00:00,Industrial Area,Rain,Dry,Bus,Fatal,3,2,Moderate,8
109e6a94,2024-07-25 09:00:00,Highway,Storm,Dry,Bicycle,Moderate,1,9,Moderate,9
68f0813e,2024-07-25 10:00:00,Highway,Rain,Icy,Bus,Fatal,2,2,Low,10
9e06172d,2024-07-25 11:00:00,Highway,Rain,Icy,Motorcycle,Fatal,3,9,Moderate,11
4d1d97cb,2024-07-25 12:00:00,Suburbs,Snow,Icy,Truck,Fatal,1,1,High,12
af64fad6,2024-07-25 13:00:00,Highway,Snow,Wet,Truck,Severe,2,2,Moderate,13
9987fd9e,2024-07-25 14:00:00,Suburbs,Clear,Dry,Truck,Fatal,3,0,Moderate,14
36dff2a4,2024-07-25 15:00:00,Highway,Rain,Wet,Motorcycle,Minor,1,5,Low,15
5fbbe64a,2024-07-25 16:00:00,Suburbs,Fog,Icy,Motorcycle,Minor,4,6,High,16
0542dd5c,2024-07-25 17:00:00,Residential Zone,Snow,Wet,Car,Fatal,1,0,Low,17
68734881,2024-07-25 18:00:00,Residential Zone,Snow,Wet,Car,Moderate,1,5,Moderate,18
6fbd4f9a,2024-07-25 19:00:00,Residential Zone,Storm,Under Construction,Truck,Moderate,2,7,Moderate,19
1a934957,2024-07-25 20:00:00,Industrial Area,Clear,Icy,Bicycle,Minor,4,8,Moderate,20
a044eba9,2024-07-25 21:00:00,Suburbs,Rain,Under Construction,Bus,Severe,3,7,High,21
1bad0375,2024-07-25 22:00:00,Industrial Area,Snow,Dry,Truck,Severe,3,4,High,22
b55a82a8,2024-07-25 23:00:00,Industrial Area,Storm,Dry,Truck,Severe,4,5,High,23
e16f9529,2024-07-26 00:00:00,Industrial Area,Rain,Wet,Motorcycle,Minor,2,0,Low,0
8cb9306c,2024-07-26 01:00:00,Industrial Area,Fog,Icy,Bus,Moderate,1,2,Low,1
763f3c9a,2024-07-26 02:00:00,Downtown,Rain,Dry,Truck,Fatal,2,9,High,2
7aa0462a,2024-07-26 03:00:00,Industrial Area,Snow,Icy,Bus,Severe,4,7,Moderate,3
96217058,2024-07-26 04:00:00,Downtown,Storm,Dry,Bus,Fatal,3,5,Moderate,4
5617f12e,2024-07-26 05:00:00,Industrial Area,Fog,Under Construction,Bus,Fatal,1,8,Moderate,5
35a10b93,2024-07-26 06:00:00,Suburbs,Snow,Icy,Bicycle,Severe,4,0,High,6
0c94674c,2024-07-26 07:00:00,Residential Zone,Clear,Dry,Truck,Fatal,4,7,Moderate,7
6e2a60c9,2024-07-26 08:00:00,Residential Zone,Clear,Dry,Motorcycle,Severe,1,2,Moderate,8
319436ba,2024-07-26 09:00:00,Residential Zone,Clear,Icy,Truck,Severe,2,0,High,9
2b55b893,2024-07-26 10:00:00,Downtown,Storm,Dry,Truck,Minor,3,5,High,10
b72da363,2024-07-26 11:00:00,Suburbs,Fog,Icy,Truck,Severe,3,4,High,11
38b2d2d2,2024-07-26 12:00:00,Suburbs,Fog,Dry,Car,Moderate,1,4,Moderate,12
edfe56f0,2024-07-26 13:00:00,Downtown,Storm,Under Construction,Bicycle,Moderate,4,0,Low,13
47c1920b,2024-07-26 14:00:00,Residential Zone,Fog,Dry,Motorcycle,Minor,1,5,High,14
6e63b456,2024-07-26 15:00:00,Residential Zone,Rain,Under Construction,Truck,Moderate,1,9,High,15
e7baa3b1,2024-07-26 16:00:00,Residential Zone,Rain,Dry,Bus,Minor,2,1,High,16
a54fe776,2024-07-26 17:00:00,Residential Zone,Storm,Icy,Car,Fatal,2,3,Moderate,17
5e82c5ab,2024-07-26 18:00:00,Suburbs,Fog,Under Construction,Car,Moderate,1,5,Low,18
907b7b39,2024-07-26 19:00:00,Suburbs,Clear,Under Construction,Truck,Severe,3,6,Moderate,19
3a708a85,2024-07-26 20:00:00,Highway,Snow,Dry,Bicycle,Minor,4,0,High,20
64e0c79b,2024-07-26 21:00:00,Residential Zone,Rain,Wet,Car,Moderate,1,3,High,21
8deed346,2024-07-26 22:00:00,Residential Zone,Clear,Wet,Motorcycle,Moderate,2,9,High,22
e97a9ce5,2024-07-26 23:00:00,Residential Zone,Storm,Icy,Motorcycle,Minor,2,0,High,23
9bda5eed,2024-07-27 00:00:00,Suburbs,Storm,Under Construction,Car,Fatal,4,8,Low,0
f59a9535,2024-07-27 01:00:00,Industrial Area,Rain,Wet,Motorcycle,Severe,1,9,Moderate,1
a3208231,2024-07-27 02:00:00,Industrial Area,Fog,Under Construction,Truck,Fatal,3,5,Low,2
527a5a9d,2024-07-27 03:00:00,Suburbs,Storm,Dry,Truck,Severe,2,0,Moderate,3
fe7cbe31,2024-07-27 04:00:00,Downtown,Snow,Icy,Bus,Fatal,3,2,Low,4
14edef41,2024-07-27 05:00:00,Downtown,Fog,Under Construction,Truck,Fatal,2,0,High,5
21e68251,2024-07-27 06:00:00,Suburbs,Fog,Icy,Bus,Minor,2,3,Low,6
49e3c804,2024-07-27 07:00:00,Residential Zone,Rain,Icy,Bicycle,Moderate,4,6,Moderate,7
