Date,Year,Quarter,Month_Number,Month_Name,Day,Day_of_Week,Day_Name
2024-01-01,2024,Q1,1,January,1,1,Monday
2024-01-02,2024,Q1,1,January,2,2,Tuesday
2024-01-03,2024,Q1,1,January,3,3,Wednesday
2024-01-04,2024,Q1,1,January,4,4,Thursday
2024-01-05,2024,Q1,1,January,5,5,Friday
2024-01-06,2024,Q1,1,January,6,6,Saturday
2024-01-07,2024,Q1,1,January,7,7,Sunday
2024-01-08,2024,Q1,1,January,8,1,Monday
2024-01-09,2024,Q1,1,January,9,2,Tuesday
2024-01-10,2024,Q1,1,January,10,3,Wednesday
2024-01-11,2024,Q1,1,January,11,4,Thursday
2024-01-12,2024,Q1,1,January,12,5,Friday
2024-01-13,2024,Q1,1,January,13,6,Saturday
2024-01-14,2024,Q1,1,January,14,7,Sunday
2024-01-15,2024,Q1,1,January,15,1,Monday
2024-01-16,2024,Q1,1,January,16,2,Tuesday
2024-01-17,2024,Q1,1,January,17,3,Wednesday
2024-01-18,2024,Q1,1,January,18,4,Thursday
2024-01-19,2024,Q1,1,January,19,5,Friday
2024-01-20,2024,Q1,1,January,20,6,Saturday
2024-01-21,2024,Q1,1,January,21,7,Sunday
2024-01-22,2024,Q1,1,January,22,1,Monday
2024-01-23,2024,Q1,1,January,23,2,Tuesday
2024-01-24,2024,Q1,1,January,24,3,Wednesday
2024-01-25,2024,Q1,1,January,25,4,Thursday
2024-01-26,2024,Q1,1,January,26,5,Friday
2024-01-27,2024,Q1,1,January,27,6,Saturday
2024-01-28,2024,Q1,1,January,28,7,Sunday
2024-01-29,2024,Q1,1,January,29,1,Monday
2024-01-30,2024,Q1,1,January,30,2,Tuesday
2024-01-31,2024,Q1,1,January,31,3,Wednesday
2024-02-01,2024,Q1,2,February,1,4,Thursday
2024-02-02,2024,Q1,2,February,2,5,Friday
2024-02-03,2024,Q1,2,February,3,6,Saturday
2024-02-04,2024,Q1,2,February,4,7,Sunday
2024-02-05,2024,Q1,2,February,5,1,Monday
2024-02-06,2024,Q1,2,February,6,2,Tuesday
2024-02-07,2024,Q1,2,February,7,3,Wednesday
2024-02-08,2024,Q1,2,February,8,4,Thursday
2024-02-09,2024,Q1,2,February,9,5,Friday
2024-02-10,2024,Q1,2,February,10,6,Saturday
2024-02-11,2024,Q1,2,February,11,7,Sunday
2024-02-12,2024,Q1,2,February,12,1,Monday
2024-02-13,2024,Q1,2,February,13,2,Tuesday
2024-02-14,2024,Q1,2,February,14,3,Wednesday
2024-02-15,2024,Q1,2,February,15,4,Thursday
2024-02-16,2024,Q1,2,February,16,5,Friday
2024-02-17,2024,Q1,2,February,17,6,Saturday
2024-02-18,2024,Q1,2,February,18,7,Sunday
2024-02-19,2024,Q1,2,February,19,1,Monday
2024-02-20,2024,Q1,2,February,20,2,Tuesday
2024-02-21,2024,Q1,2,February,21,3,Wednesday
2024-02-22,2024,Q1,2,February,22,4,Thursday
2024-02-23,2024,Q1,2,February,23,5,Friday
2024-02-24,2024,Q1,2,February,24,6,Saturday
2024-02-25,2024,Q1,2,February,25,7,Sunday
2024-02-26,2024,Q1,2,February,26,1,Monday
2024-02-27,2024,Q1,2,February,27,2,Tuesday
2024-02-28,2024,Q1,2,February,28,3,Wednesday
2024-02-29,2024,Q1,2,February,29,4,Thursday
2024-03-01,2024,Q1,3,March,1,5,Friday
2024-03-02,2024,Q1,3,March,2,6,Saturday
2024-03-03,2024,Q1,3,March,3,7,Sunday
2024-03-04,2024,Q1,3,March,4,1,Monday
2024-03-05,2024,Q1,3,March,5,2,Tuesday
2024-03-06,2024,Q1,3,March,6,3,Wednesday
2024-03-07,2024,Q1,3,March,7,4,Thursday
2024-03-08,2024,Q1,3,March,8,5,Friday
2024-03-09,2024,Q1,3,March,9,6,Saturday
2024-03-10,2024,Q1,3,March,10,7,Sunday
2024-03-11,2024,Q1,3,March,11,1,Monday
2024-03-12,2024,Q1,3,March,12,2,Tuesday
2024-03-13,2024,Q1,3,March,13,3,Wednesday
2024-03-14,2024,Q1,3,March,14,4,Thursday
2024-03-15,2024,Q1,3,March,15,5,Friday
2024-03-16,2024,Q1,3,March,16,6,Saturday
2024-03-17,2024,Q1,3,March,17,7,Sunday
2024-03-18,2024,Q1,3,March,18,1,Monday
2024-03-19,2024,Q1,3,March,19,2,Tuesday
2024-03-20,2024,Q1,3,March,20,3,Wednesday
2024-03-21,2024,Q1,3,March,21,4,Thursday
2024-03-22,2024,Q1,3,March,22,5,Friday
2024-03-23,2024,Q1,3,March,23,6,Saturday
2024-03-24,2024,Q1,3,March,24,7,Sunday
2024-03-25,2024,Q1,3,March,25,1,Monday
2024-03-26,2024,Q1,3,March,26,2,Tuesday
2024-03-27,2024,Q1,3,March,27,3,Wednesday
2024-03-28,2024,Q1,3,March,28,4,Thursday
2024-03-29,2024,Q1,3,March,29,5,Friday
2024-03-30,2024,Q1,3,March,30,6,Saturday
2024-03-31,2024,Q1,3,March,31,7,Sunday
2024-04-01,2024,Q2,4,April,1,1,Monday
2024-04-02,2024,Q2,4,April,2,2,Tuesday
2024-04-03,2024,Q2,4,April,3,3,Wednesday
2024-04-04,2024,Q2,4,April,4,4,Thursday
2024-04-05,2024,Q2,4,April,5,5,Friday
2024-04-06,2024,Q2,4,April,6,6,Saturday
2024-04-07,2024,Q2,4,April,7,7,Sunday
2024-04-08,2024,Q2,4,April,8,1,Monday
2024-04-09,2024,Q2,4,April,9,2,Tuesday
2024-04-10,2024,Q2,4,April,10,3,Wednesday
2024-04-11,2024,Q2,4,April,11,4,Thursday
2024-04-12,2024,Q2,4,April,12,5,Friday
2024-04-13,2024,Q2,4,April,13,6,Saturday
2024-04-14,2024,Q2,4,April,14,7,Sunday
2024-04-15,2024,Q2,4,April,15,1,Monday
2024-04-16,2024,Q2,4,April,16,2,Tuesday
2024-04-17,2024,Q2,4,April,17,3,Wednesday
2024-04-18,2024,Q2,4,April,18,4,Thursday
2024-04-19,2024,Q2,4,April,19,5,Friday
2024-04-20,2024,Q2,4,April,20,6,Saturday
2024-04-21,2024,Q2,4,April,21,7,Sunday
2024-04-22,2024,Q2,4,April,22,1,Monday
2024-04-23,2024,Q2,4,April,23,2,Tuesday
2024-04-24,2024,Q2,4,April,24,3,Wednesday
2024-04-25,2024,Q2,4,April,25,4,Thursday
2024-04-26,2024,Q2,4,April,26,5,Friday
2024-04-27,2024,Q2,4,April,27,6,Saturday
2024-04-28,2024,Q2,4,April,28,7,Sunday
2024-04-29,2024,Q2,4,April,29,1,Monday
2024-04-30,2024,Q2,4,April,30,2,Tuesday
2024-05-01,2024,Q2,5,May,1,3,Wednesday
2024-05-02,2024,Q2,5,May,2,4,Thursday
2024-05-03,2024,Q2,5,May,3,5,Friday
2024-05-04,2024,Q2,5,May,4,6,Saturday
2024-05-05,2024,Q2,5,May,5,7,Sunday
2024-05-06,2024,Q2,5,May,6,1,Monday
2024-05-07,2024,Q2,5,May,7,2,Tuesday
2024-05-08,2024,Q2,5,May,8,3,Wednesday
2024-05-09,2024,Q2,5,May,9,4,Thursday
2024-05-10,2024,Q2,5,May,10,5,Friday
2024-05-11,2024,Q2,5,May,11,6,Saturday
2024-05-12,2024,Q2,5,May,12,7,Sunday
2024-05-13,2024,Q2,5,May,13,1,Monday
2024-05-14,2024,Q2,5,May,14,2,Tuesday
2024-05-15,2024,Q2,5,May,15,3,Wednesday
2024-05-16,2024,Q2,5,May,16,4,Thursday
2024-05-17,2024,Q2,5,May,17,5,Friday
2024-05-18,2024,Q2,5,May,18,6,Saturday
2024-05-19,2024,Q2,5,May,19,7,Sunday
2024-05-20,2024,Q2,5,May,20,1,Monday
2024-05-21,2024,Q2,5,May,21,2,Tuesday
2024-05-22,2024,Q2,5,May,22,3,Wednesday
2024-05-23,2024,Q2,5,May,23,4,Thursday
2024-05-24,2024,Q2,5,May,24,5,Friday
2024-05-25,2024,Q2,5,May,25,6,Saturday
2024-05-26,2024,Q2,5,May,26,7,Sunday
2024-05-27,2024,Q2,5,May,27,1,Monday
2024-05-28,2024,Q2,5,May,28,2,Tuesday
2024-05-29,2024,Q2,5,May,29,3,Wednesday
2024-05-30,2024,Q2,5,May,30,4,Thursday
2024-05-31,2024,Q2,5,May,31,5,Friday
2024-06-01,2024,Q2,6,June,1,6,Saturday
2024-06-02,2024,Q2,6,June,2,7,Sunday
2024-06-03,2024,Q2,6,June,3,1,Monday
2024-06-04,2024,Q2,6,June,4,2,Tuesday
2024-06-05,2024,Q2,6,June,5,3,Wednesday
2024-06-06,2024,Q2,6,June,6,4,Thursday
2024-06-07,2024,Q2,6,June,7,5,Friday
2024-06-08,2024,Q2,6,June,8,6,Saturday
2024-06-09,2024,Q2,6,June,9,7,Sunday
2024-06-10,2024,Q2,6,June,10,1,Monday
2024-06-11,2024,Q2,6,June,11,2,Tuesday
2024-06-12,2024,Q2,6,June,12,3,Wednesday
2024-06-13,2024,Q2,6,June,13,4,Thursday
2024-06-14,2024,Q2,6,June,14,5,Friday
2024-06-15,2024,Q2,6,June,15,6,Saturday
2024-06-16,2024,Q2,6,June,16,7,Sunday
2024-06-17,2024,Q2,6,June,17,1,Monday
2024-06-18,2024,Q2,6,June,18,2,Tuesday
2024-06-19,2024,Q2,6,June,19,3,Wednesday
2024-06-20,2024,Q2,6,June,20,4,Thursday
2024-06-21,2024,Q2,6,June,21,5,Friday
2024-06-22,2024,Q2,6,June,22,6,Saturday
2024-06-23,2024,Q2,6,June,23,7,Sunday
2024-06-24,2024,Q2,6,June,24,1,Monday
2024-06-25,2024,Q2,6,June,25,2,Tuesday
2024-06-26,2024,Q2,6,June,26,3,Wednesday
2024-06-27,2024,Q2,6,June,27,4,Thursday
2024-06-28,2024,Q2,6,June,28,5,Friday
2024-06-29,2024,Q2,6,June,29,6,Saturday
2024-06-30,2024,Q2,6,June,30,7,Sunday
2024-07-01,2024,Q3,7,July,1,1,Monday
2024-07-02,2024,Q3,7,July,2,2,Tuesday
2024-07-03,2024,Q3,7,July,3,3,Wednesday
2024-07-04,2024,Q3,7,July,4,4,Thursday
2024-07-05,2024,Q3,7,July,5,5,Friday
2024-07-06,2024,Q3,7,July,6,6,Saturday
2024-07-07,2024,Q3,7,July,7,7,Sunday
2024-07-08,2024,Q3,7,July,8,1,Monday
2024-07-09,2024,Q3,7,July,9,2,Tuesday
2024-07-10,2024,Q3,7,July,10,3,Wednesday
2024-07-11,2024,Q3,7,July,11,4,Thursday
2024-07-12,2024,Q3,7,July,12,5,Friday
2024-07-13,2024,Q3,7,July,13,6,Saturday
2024-07-14,2024,Q3,7,July,14,7,Sunday
2024-07-15,2024,Q3,7,July,15,1,Monday
2024-07-16,2024,Q3,7,July,16,2,Tuesday
2024-07-17,2024,Q3,7,July,17,3,Wednesday
2024-07-18,2024,Q3,7,July,18,4,Thursday
2024-07-19,2024,Q3,7,July,19,5,Friday
2024-07-20,2024,Q3,7,July,20,6,Saturday
2024-07-21,2024,Q3,7,July,21,7,Sunday
2024-07-22,2024,Q3,7,July,22,1,Monday
2024-07-23,2024,Q3,7,July,23,2,Tuesday
2024-07-24,2024,Q3,7,July,24,3,Wednesday
2024-07-25,2024,Q3,7,July,25,4,Thursday
2024-07-26,2024,Q3,7,July,26,5,Friday
2024-07-27,2024,Q3,7,July,27,6,Saturday
2024-07-28,2024,Q3,7,July,28,7,Sunday
2024-07-29,2024,Q3,7,July,29,1,Monday
2024-07-30,2024,Q3,7,July,30,2,Tuesday
2024-07-31,2024,Q3,7,July,31,3,Wednesday
2024-08-01,2024,Q3,8,August,1,4,Thursday
2024-08-02,2024,Q3,8,August,2,5,Friday
2024-08-03,2024,Q3,8,August,3,6,Saturday
2024-08-04,2024,Q3,8,August,4,7,Sunday
2024-08-05,2024,Q3,8,August,5,1,Monday
2024-08-06,2024,Q3,8,August,6,2,Tuesday
2024-08-07,2024,Q3,8,August,7,3,Wednesday
2024-08-08,2024,Q3,8,August,8,4,Thursday
2024-08-09,2024,Q3,8,August,9,5,Friday
2024-08-10,2024,Q3,8,August,10,6,Saturday
2024-08-11,2024,Q3,8,August,11,7,Sunday
2024-08-12,2024,Q3,8,August,12,1,Monday
2024-08-13,2024,Q3,8,August,13,2,Tuesday
2024-08-14,2024,Q3,8,August,14,3,Wednesday
2024-08-15,2024,Q3,8,August,15,4,Thursday
2024-08-16,2024,Q3,8,August,16,5,Friday
2024-08-17,2024,Q3,8,August,17,6,Saturday
2024-08-18,2024,Q3,8,August,18,7,Sunday
2024-08-19,2024,Q3,8,August,19,1,Monday
2024-08-20,2024,Q3,8,August,20,2,Tuesday
2024-08-21,2024,Q3,8,August,21,3,Wednesday
2024-08-22,2024,Q3,8,August,22,4,Thursday
2024-08-23,2024,Q3,8,August,23,5,Friday
2024-08-24,2024,Q3,8,August,24,6,Saturday
2024-08-25,2024,Q3,8,August,25,7,Sunday
2024-08-26,2024,Q3,8,August,26,1,Monday
2024-08-27,2024,Q3,8,August,27,2,Tuesday
2024-08-28,2024,Q3,8,August,28,3,Wednesday
2024-08-29,2024,Q3,8,August,29,4,Thursday
2024-08-30,2024,Q3,8,August,30,5,Friday
2024-08-31,2024,Q3,8,August,31,6,Saturday
2024-09-01,2024,Q3,9,September,1,7,Sunday
2024-09-02,2024,Q3,9,September,2,1,Monday
2024-09-03,2024,Q3,9,September,3,2,Tuesday
2024-09-04,2024,Q3,9,September,4,3,Wednesday
2024-09-05,2024,Q3,9,September,5,4,Thursday
2024-09-06,2024,Q3,9,September,6,5,Friday
2024-09-07,2024,Q3,9,September,7,6,Saturday
2024-09-08,2024,Q3,9,September,8,7,Sunday
2024-09-09,2024,Q3,9,September,9,1,Monday
2024-09-10,2024,Q3,9,September,10,2,Tuesday
2024-09-11,2024,Q3,9,September,11,3,Wednesday
2024-09-12,2024,Q3,9,September,12,4,Thursday
2024-09-13,2024,Q3,9,September,13,5,Friday
2024-09-14,2024,Q3,9,September,14,6,Saturday
2024-09-15,2024,Q3,9,September,15,7,Sunday
2024-09-16,2024,Q3,9,September,16,1,Monday
2024-09-17,2024,Q3,9,September,17,2,Tuesday
2024-09-18,2024,Q3,9,September,18,3,Wednesday
2024-09-19,2024,Q3,9,September,19,4,Thursday
2024-09-20,2024,Q3,9,September,20,5,Friday
2024-09-21,2024,Q3,9,September,21,6,Saturday
2024-09-22,2024,Q3,9,September,22,7,Sunday
2024-09-23,2024,Q3,9,September,23,1,Monday
2024-09-24,2024,Q3,9,September,24,2,Tuesday
2024-09-25,2024,Q3,9,September,25,3,Wednesday
2024-09-26,2024,Q3,9,September,26,4,Thursday
2024-09-27,2024,Q3,9,September,27,5,Friday
2024-09-28,2024,Q3,9,September,28,6,Saturday
2024-09-29,2024,Q3,9,September,29,7,Sunday
2024-09-30,2024,Q3,9,September,30,1,Monday
2024-10-01,2024,Q4,10,October,1,2,Tuesday
2024-10-02,2024,Q4,10,October,2,3,Wednesday
2024-10-03,2024,Q4,10,October,3,4,Thursday
2024-10-04,2024,Q4,10,October,4,5,Friday
2024-10-05,2024,Q4,10,October,5,6,Saturday
2024-10-06,2024,Q4,10,October,6,7,Sunday
2024-10-07,2024,Q4,10,October,7,1,Monday
2024-10-08,2024,Q4,10,October,8,2,Tuesday
2024-10-09,2024,Q4,10,October,9,3,Wednesday
2024-10-10,2024,Q4,10,October,10,4,Thursday
2024-10-11,2024,Q4,10,October,11,5,Friday
2024-10-12,2024,Q4,10,October,12,6,Saturday
2024-10-13,2024,Q4,10,October,13,7,Sunday
2024-10-14,2024,Q4,10,October,14,1,Monday
2024-10-15,2024,Q4,10,October,15,2,Tuesday
2024-10-16,2024,Q4,10,October,16,3,Wednesday
2024-10-17,2024,Q4,10,October,17,4,Thursday
2024-10-18,2024,Q4,10,October,18,5,Friday
2024-10-19,2024,Q4,10,October,19,6,Saturday
2024-10-20,2024,Q4,10,October,20,7,Sunday
2024-10-21,2024,Q4,10,October,21,1,Monday
2024-10-22,2024,Q4,10,October,22,2,Tuesday
2024-10-23,2024,Q4,10,October,23,3,Wednesday
2024-10-24,2024,Q4,10,October,24,4,Thursday
2024-10-25,2024,Q4,10,October,25,5,Friday
2024-10-26,2024,Q4,10,October,26,6,Saturday
2024-10-27,2024,Q4,10,October,27,7,Sunday
2024-10-28,2024,Q4,10,October,28,1,Monday
2024-10-29,2024,Q4,10,October,29,2,Tuesday
2024-10-30,2024,Q4,10,October,30,3,Wednesday
2024-10-31,2024,Q4,10,October,31,4,Thursday
2024-11-01,2024,Q4,11,November,1,5,Friday
2024-11-02,2024,Q4,11,November,2,6,Saturday
2024-11-03,2024,Q4,11,November,3,7,Sunday
2024-11-04,2024,Q4,11,November,4,1,Monday
2024-11-05,2024,Q4,11,November,5,2,Tuesday
2024-11-06,2024,Q4,11,November,6,3,Wednesday
2024-11-07,2024,Q4,11,November,7,4,Thursday
2024-11-08,2024,Q4,11,November,8,5,Friday
2024-11-09,2024,Q4,11,November,9,6,Saturday
2024-11-10,2024,Q4,11,November,10,7,Sunday
2024-11-11,2024,Q4,11,November,11,1,Monday
2024-11-12,2024,Q4,11,November,12,2,Tuesday
2024-11-13,2024,Q4,11,November,13,3,Wednesday
2024-11-14,2024,Q4,11,November,14,4,Thursday
2024-11-15,2024,Q4,11,November,15,5,Friday
2024-11-16,2024,Q4,11,November,16,6,Saturday
2024-11-17,2024,Q4,11,November,17,7,Sunday
2024-11-18,2024,Q4,11,November,18,1,Monday
2024-11-19,2024,Q4,11,November,19,2,Tuesday
2024-11-20,2024,Q4,11,November,20,3,Wednesday
2024-11-21,2024,Q4,11,November,21,4,Thursday
2024-11-22,2024,Q4,11,November,22,5,Friday
2024-11-23,2024,Q4,11,November,23,6,Saturday
2024-11-24,2024,Q4,11,November,24,7,Sunday
2024-11-25,2024,Q4,11,November,25,1,Monday
2024-11-26,2024,Q4,11,November,26,2,Tuesday
2024-11-27,2024,Q4,11,November,27,3,Wednesday
2024-11-28,2024,Q4,11,November,28,4,Thursday
2024-11-29,2024,Q4,11,November,29,5,Friday
2024-11-30,2024,Q4,11,November,30,6,Saturday
2024-12-01,2024,Q4,12,December,1,7,Sunday
2024-12-02,2024,Q4,12,December,2,1,Monday
2024-12-03,2024,Q4,12,December,3,2,Tuesday
2024-12-04,2024,Q4,12,December,4,3,Wednesday
2024-12-05,2024,Q4,12,December,5,4,Thursday
2024-12-06,2024,Q4,12,December,6,5,Friday
2024-12-07,2024,Q4,12,December,7,6,Saturday
2024-12-08,2024,Q4,12,December,8,7,Sunday
2024-12-09,2024,Q4,12,December,9,1,Monday
2024-12-10,2024,Q4,12,December,10,2,Tuesday
2024-12-11,2024,Q4,12,December,11,3,Wednesday
2024-12-12,2024,Q4,12,December,12,4,Thursday
2024-12-13,2024,Q4,12,December,13,5,Friday
2024-12-14,2024,Q4,12,December,14,6,Saturday
2024-12-15,2024,Q4,12,December,15,7,Sunday
2024-12-16,2024,Q4,12,December,16,1,Monday
2024-12-17,2024,Q4,12,December,17,2,Tuesday
2024-12-18,2024,Q4,12,December,18,3,Wednesday
2024-12-19,2024,Q4,12,December,19,4,Thursday
2024-12-20,2024,Q4,12,December,20,5,Friday
2024-12-21,2024,Q4,12,December,21,6,Saturday
2024-12-22,2024,Q4,12,December,22,7,Sunday
2024-12-23,2024,Q4,12,December,23,1,Monday
2024-12-24,2024,Q4,12,December,24,2,Tuesday
2024-12-25,2024,Q4,12,December,25,3,Wednesday
2024-12-26,2024,Q4,12,December,26,4,Thursday
2024-12-27,2024,Q4,12,December,27,5,Friday
2024-12-28,2024,Q4,12,December,28,6,Saturday
2024-12-29,2024,Q4,12,December,29,7,Sunday
2024-12-30,2024,Q4,12,December,30,1,Monday
2024-12-31,2024,Q4,12,December,31,2,Tuesday
2025-01-01,2025,Q1,1,January,1,3,Wednesday
2025-01-02,2025,Q1,1,January,2,4,Thursday
2025-01-03,2025,Q1,1,January,3,5,Friday
2025-01-04,2025,Q1,1,January,4,6,Saturday
2025-01-05,2025,Q1,1,January,5,7,Sunday
2025-01-06,2025,Q1,1,January,6,1,Monday
2025-01-07,2025,Q1,1,January,7,2,Tuesday
2025-01-08,2025,Q1,1,January,8,3,Wednesday
2025-01-09,2025,Q1,1,January,9,4,Thursday
2025-01-10,2025,Q1,1,January,10,5,Friday
2025-01-11,2025,Q1,1,January,11,6,Saturday
2025-01-12,2025,Q1,1,January,12,7,Sunday
2025-01-13,2025,Q1,1,January,13,1,Monday
2025-01-14,2025,Q1,1,January,14,2,Tuesday
2025-01-15,2025,Q1,1,January,15,3,Wednesday
2025-01-16,2025,Q1,1,January,16,4,Thursday
2025-01-17,2025,Q1,1,January,17,5,Friday
2025-01-18,2025,Q1,1,January,18,6,Saturday
2025-01-19,2025,Q1,1,January,19,7,Sunday
2025-01-20,2025,Q1,1,January,20,1,Monday
2025-01-21,2025,Q1,1,January,21,2,Tuesday
2025-01-22,2025,Q1,1,January,22,3,Wednesday
2025-01-23,2025,Q1,1,January,23,4,Thursday
2025-01-24,2025,Q1,1,January,24,5,Friday
2025-01-25,2025,Q1,1,January,25,6,Saturday
2025-01-26,2025,Q1,1,January,26,7,Sunday
2025-01-27,2025,Q1,1,January,27,1,Monday
2025-01-28,2025,Q1,1,January,28,2,Tuesday
2025-01-29,2025,Q1,1,January,29,3,Wednesday
2025-01-30,2025,Q1,1,January,30,4,Thursday
2025-01-31,2025,Q1,1,January,31,5,Friday
2025-02-01,2025,Q1,2,February,1,6,Saturday
2025-02-02,2025,Q1,2,February,2,7,Sunday
2025-02-03,2025,Q1,2,February,3,1,Monday
2025-02-04,2025,Q1,2,February,4,2,Tuesday
2025-02-05,2025,Q1,2,February,5,3,Wednesday
2025-02-06,2025,Q1,2,February,6,4,Thursday
2025-02-07,2025,Q1,2,February,7,5,Friday
2025-02-08,2025,Q1,2,February,8,6,Saturday
2025-02-09,2025,Q1,2,February,9,7,Sunday
2025-02-10,2025,Q1,2,February,10,1,Monday
2025-02-11,2025,Q1,2,February,11,2,Tuesday
2025-02-12,2025,Q1,2,February,12,3,Wednesday
2025-02-13,2025,Q1,2,February,13,4,Thursday
2025-02-14,2025,Q1,2,February,14,5,Friday
2025-02-15,2025,Q1,2,February,15,6,Saturday
2025-02-16,2025,Q1,2,February,16,7,Sunday
2025-02-17,2025,Q1,2,February,17,1,Monday
2025-02-18,2025,Q1,2,February,18,2,Tuesday
2025-02-19,2025,Q1,2,February,19,3,Wednesday
2025-02-20,2025,Q1,2,February,20,4,Thursday
2025-02-21,2025,Q1,2,February,21,5,Friday
2025-02-22,2025,Q1,2,February,22,6,Saturday
2025-02-23,2025,Q1,2,February,23,7,Sunday
2025-02-24,2025,Q1,2,February,24,1,Monday
2025-02-25,2025,Q1,2,February,25,2,Tuesday
2025-02-26,2025,Q1,2,February,26,3,Wednesday
2025-02-27,2025,Q1,2,February,27,4,Thursday
2025-02-28,2025,Q1,2,February,28,5,Friday
2025-03-01,2025,Q1,3,March,1,6,Saturday
2025-03-02,2025,Q1,3,March,2,7,Sunday
2025-03-03,2025,Q1,3,March,3,1,Monday
2025-03-04,2025,Q1,3,March,4,2,Tuesday
2025-03-05,2025,Q1,3,March,5,3,Wednesday
2025-03-06,2025,Q1,3,March,6,4,Thursday
2025-03-07,2025,Q1,3,March,7,5,Friday
2025-03-08,2025,Q1,3,March,8,6,Saturday
2025-03-09,2025,Q1,3,March,9,7,Sunday
2025-03-10,2025,Q1,3,March,10,1,Monday
2025-03-11,2025,Q1,3,March,11,2,Tuesday
2025-03-12,2025,Q1,3,March,12,3,Wednesday
2025-03-13,2025,Q1,3,March,13,4,Thursday
2025-03-14,2025,Q1,3,March,14,5,Friday
2025-03-15,2025,Q1,3,March,15,6,Saturday
2025-03-16,2025,Q1,3,March,16,7,Sunday
2025-03-17,2025,Q1,3,March,17,1,Monday
2025-03-18,2025,Q1,3,March,18,2,Tuesday
2025-03-19,2025,Q1,3,March,19,3,Wednesday
2025-03-20,2025,Q1,3,March,20,4,Thursday
2025-03-21,2025,Q1,3,March,21,5,Friday
2025-03-22,2025,Q1,3,March,22,6,Saturday
2025-03-23,2025,Q1,3,March,23,7,Sunday
2025-03-24,2025,Q1,3,March,24,1,Monday
2025-03-25,2025,Q1,3,March,25,2,Tuesday
2025-03-26,2025,Q1,3,March,26,3,Wednesday
2025-03-27,2025,Q1,3,March,27,4,Thursday
2025-03-28,2025,Q1,3,March,28,5,Friday
2025-03-29,2025,Q1,3,March,29,6,Saturday
2025-03-30,2025,Q1,3,March,30,7,Sunday
2025-03-31,2025,Q1,3,March,31,1,Monday
2025-04-01,2025,Q2,4,April,1,2,Tuesday
2025-04-02,2025,Q2,4,April,2,3,Wednesday
2025-04-03,2025,Q2,4,April,3,4,Thursday
2025-04-04,2025,Q2,4,April,4,5,Friday
2025-04-05,2025,Q2,4,April,5,6,Saturday
2025-04-06,2025,Q2,4,April,6,7,Sunday
2025-04-07,2025,Q2,4,April,7,1,Monday
2025-04-08,2025,Q2,4,April,8,2,Tuesday
2025-04-09,2025,Q2,4,April,9,3,Wednesday
2025-04-10,2025,Q2,4,April,10,4,Thursday
2025-04-11,2025,Q2,4,April,11,5,Friday
2025-04-12,2025,Q2,4,April,12,6,Saturday
2025-04-13,2025,Q2,4,April,13,7,Sunday
2025-04-14,2025,Q2,4,April,14,1,Monday
2025-04-15,2025,Q2,4,April,15,2,Tuesday
2025-04-16,2025,Q2,4,April,16,3,Wednesday
2025-04-17,2025,Q2,4,April,17,4,Thursday
2025-04-18,2025,Q2,4,April,18,5,Friday
2025-04-19,2025,Q2,4,April,19,6,Saturday
2025-04-20,2025,Q2,4,April,20,7,Sunday
2025-04-21,2025,Q2,4,April,21,1,Monday
2025-04-22,2025,Q2,4,April,22,2,Tuesday
2025-04-23,2025,Q2,4,April,23,3,Wednesday
2025-04-24,2025,Q2,4,April,24,4,Thursday
2025-04-25,2025,Q2,4,April,25,5,Friday
2025-04-26,2025,Q2,4,April,26,6,Saturday
2025-04-27,2025,Q2,4,April,27,7,Sunday
2025-04-28,2025,Q2,4,April,28,1,Monday
2025-04-29,2025,Q2,4,April,29,2,Tuesday
2025-04-30,2025,Q2,4,April,30,3,Wednesday
2025-05-01,2025,Q2,5,May,1,4,Thursday
2025-05-02,2025,Q2,5,May,2,5,Friday
2025-05-03,2025,Q2,5,May,3,6,Saturday
2025-05-04,2025,Q2,5,May,4,7,Sunday
2025-05-05,2025,Q2,5,May,5,1,Monday
2025-05-06,2025,Q2,5,May,6,2,Tuesday
2025-05-07,2025,Q2,5,May,7,3,Wednesday
2025-05-08,2025,Q2,5,May,8,4,Thursday
2025-05-09,2025,Q2,5,May,9,5,Friday
2025-05-10,2025,Q2,5,May,10,6,Saturday
2025-05-11,2025,Q2,5,May,11,7,Sunday
2025-05-12,2025,Q2,5,May,12,1,Monday
2025-05-13,2025,Q2,5,May,13,2,Tuesday
2025-05-14,2025,Q2,5,May,14,3,Wednesday
2025-05-15,2025,Q2,5,May,15,4,Thursday
2025-05-16,2025,Q2,5,May,16,5,Friday
2025-05-17,2025,Q2,5,May,17,6,Saturday
2025-05-18,2025,Q2,5,May,18,7,Sunday
2025-05-19,2025,Q2,5,May,19,1,Monday
2025-05-20,2025,Q2,5,May,20,2,Tuesday
2025-05-21,2025,Q2,5,May,21,3,Wednesday
2025-05-22,2025,Q2,5,May,22,4,Thursday
2025-05-23,2025,Q2,5,May,23,5,Friday
2025-05-24,2025,Q2,5,May,24,6,Saturday
2025-05-25,2025,Q2,5,May,25,7,Sunday
2025-05-26,2025,Q2,5,May,26,1,Monday
2025-05-27,2025,Q2,5,May,27,2,Tuesday
2025-05-28,2025,Q2,5,May,28,3,Wednesday
2025-05-29,2025,Q2,5,May,29,4,Thursday
2025-05-30,2025,Q2,5,May,30,5,Friday
2025-05-31,2025,Q2,5,May,31,6,Saturday
2025-06-01,2025,Q2,6,June,1,7,Sunday
2025-06-02,2025,Q2,6,June,2,1,Monday
2025-06-03,2025,Q2,6,June,3,2,Tuesday
2025-06-04,2025,Q2,6,June,4,3,Wednesday
2025-06-05,2025,Q2,6,June,5,4,Thursday
2025-06-06,2025,Q2,6,June,6,5,Friday
2025-06-07,2025,Q2,6,June,7,6,Saturday
2025-06-08,2025,Q2,6,June,8,7,Sunday
2025-06-09,2025,Q2,6,June,9,1,Monday
2025-06-10,2025,Q2,6,June,10,2,Tuesday
2025-06-11,2025,Q2,6,June,11,3,Wednesday
2025-06-12,2025,Q2,6,June,12,4,Thursday
2025-06-13,2025,Q2,6,June,13,5,Friday
2025-06-14,2025,Q2,6,June,14,6,Saturday
2025-06-15,2025,Q2,6,June,15,7,Sunday
2025-06-16,2025,Q2,6,June,16,1,Monday
2025-06-17,2025,Q2,6,June,17,2,Tuesday
2025-06-18,2025,Q2,6,June,18,3,Wednesday
2025-06-19,2025,Q2,6,June,19,4,Thursday
2025-06-20,2025,Q2,6,June,20,5,Friday
2025-06-21,2025,Q2,6,June,21,6,Saturday
2025-06-22,2025,Q2,6,June,22,7,Sunday
2025-06-23,2025,Q2,6,June,23,1,Monday
2025-06-24,2025,Q2,6,June,24,2,Tuesday
2025-06-25,2025,Q2,6,June,25,3,Wednesday
2025-06-26,2025,Q2,6,June,26,4,Thursday
2025-06-27,2025,Q2,6,June,27,5,Friday
2025-06-28,2025,Q2,6,June,28,6,Saturday
2025-06-29,2025,Q2,6,June,29,7,Sunday
2025-06-30,2025,Q2,6,June,30,1,Monday
2025-07-01,2025,Q3,7,July,1,2,Tuesday
2025-07-02,2025,Q3,7,July,2,3,Wednesday
2025-07-03,2025,Q3,7,July,3,4,Thursday
2025-07-04,2025,Q3,7,July,4,5,Friday
2025-07-05,2025,Q3,7,July,5,6,Saturday
2025-07-06,2025,Q3,7,July,6,7,Sunday
2025-07-07,2025,Q3,7,July,7,1,Monday
2025-07-08,2025,Q3,7,July,8,2,Tuesday
2025-07-09,2025,Q3,7,July,9,3,Wednesday
2025-07-10,2025,Q3,7,July,10,4,Thursday
2025-07-11,2025,Q3,7,July,11,5,Friday
2025-07-12,2025,Q3,7,July,12,6,Saturday
2025-07-13,2025,Q3,7,July,13,7,Sunday
2025-07-14,2025,Q3,7,July,14,1,Monday
2025-07-15,2025,Q3,7,July,15,2,Tuesday
2025-07-16,2025,Q3,7,July,16,3,Wednesday
2025-07-17,2025,Q3,7,July,17,4,Thursday
2025-07-18,2025,Q3,7,July,18,5,Friday
2025-07-19,2025,Q3,7,July,19,6,Saturday
2025-07-20,2025,Q3,7,July,20,7,Sunday
2025-07-21,2025,Q3,7,July,21,1,Monday
2025-07-22,2025,Q3,7,July,22,2,Tuesday
2025-07-23,2025,Q3,7,July,23,3,Wednesday
2025-07-24,2025,Q3,7,July,24,4,Thursday
2025-07-25,2025,Q3,7,July,25,5,Friday
2025-07-26,2025,Q3,7,July,26,6,Saturday
2025-07-27,2025,Q3,7,July,27,7,Sunday
2025-07-28,2025,Q3,7,July,28,1,Monday
2025-07-29,2025,Q3,7,July,29,2,Tuesday
2025-07-30,2025,Q3,7,July,30,3,Wednesday
2025-07-31,2025,Q3,7,July,31,4,Thursday
2025-08-01,2025,Q3,8,August,1,5,Friday
2025-08-02,2025,Q3,8,August,2,6,Saturday
2025-08-03,2025,Q3,8,August,3,7,Sunday
2025-08-04,2025,Q3,8,August,4,1,Monday
2025-08-05,2025,Q3,8,August,5,2,Tuesday
2025-08-06,2025,Q3,8,August,6,3,Wednesday
2025-08-07,2025,Q3,8,August,7,4,Thursday
2025-08-08,2025,Q3,8,August,8,5,Friday
2025-08-09,2025,Q3,8,August,9,6,Saturday
2025-08-10,2025,Q3,8,August,10,7,Sunday
2025-08-11,2025,Q3,8,August,11,1,Monday
2025-08-12,2025,Q3,8,August,12,2,Tuesday
2025-08-13,2025,Q3,8,August,13,3,Wednesday
2025-08-14,2025,Q3,8,August,14,4,Thursday
2025-08-15,2025,Q3,8,August,15,5,Friday
2025-08-16,2025,Q3,8,August,16,6,Saturday
2025-08-17,2025,Q3,8,August,17,7,Sunday
2025-08-18,2025,Q3,8,August,18,1,Monday
2025-08-19,2025,Q3,8,August,19,2,Tuesday
2025-08-20,2025,Q3,8,August,20,3,Wednesday
2025-08-21,2025,Q3,8,August,21,4,Thursday
2025-08-22,2025,Q3,8,August,22,5,Friday
2025-08-23,2025,Q3,8,August,23,6,Saturday
2025-08-24,2025,Q3,8,August,24,7,Sunday
2025-08-25,2025,Q3,8,August,25,1,Monday
2025-08-26,2025,Q3,8,August,26,2,Tuesday
2025-08-27,2025,Q3,8,August,27,3,Wednesday
2025-08-28,2025,Q3,8,August,28,4,Thursday
2025-08-29,2025,Q3,8,August,29,5,Friday
2025-08-30,2025,Q3,8,August,30,6,Saturday
2025-08-31,2025,Q3,8,August,31,7,Sunday
2025-09-01,2025,Q3,9,September,1,1,Monday
2025-09-02,2025,Q3,9,September,2,2,Tuesday
2025-09-03,2025,Q3,9,September,3,3,Wednesday
2025-09-04,2025,Q3,9,September,4,4,Thursday
2025-09-05,2025,Q3,9,September,5,5,Friday
2025-09-06,2025,Q3,9,September,6,6,Saturday
2025-09-07,2025,Q3,9,September,7,7,Sunday
2025-09-08,2025,Q3,9,September,8,1,Monday
2025-09-09,2025,Q3,9,September,9,2,Tuesday
2025-09-10,2025,Q3,9,September,10,3,Wednesday
2025-09-11,2025,Q3,9,September,11,4,Thursday
2025-09-12,2025,Q3,9,September,12,5,Friday
2025-09-13,2025,Q3,9,September,13,6,Saturday
2025-09-14,2025,Q3,9,September,14,7,Sunday
2025-09-15,2025,Q3,9,September,15,1,Monday
2025-09-16,2025,Q3,9,September,16,2,Tuesday
2025-09-17,2025,Q3,9,September,17,3,Wednesday
2025-09-18,2025,Q3,9,September,18,4,Thursday
2025-09-19,2025,Q3,9,September,19,5,Friday
2025-09-20,2025,Q3,9,September,20,6,Saturday
2025-09-21,2025,Q3,9,September,21,7,Sunday
2025-09-22,2025,Q3,9,September,22,1,Monday
2025-09-23,2025,Q3,9,September,23,2,Tuesday
2025-09-24,2025,Q3,9,September,24,3,Wednesday
2025-09-25,2025,Q3,9,September,25,4,Thursday
2025-09-26,2025,Q3,9,September,26,5,Friday
2025-09-27,2025,Q3,9,September,27,6,Saturday
2025-09-28,2025,Q3,9,September,28,7,Sunday
2025-09-29,2025,Q3,9,September,29,1,Monday
2025-09-30,2025,Q3,9,September,30,2,Tuesday
2025-10-01,2025,Q4,10,October,1,3,Wednesday
2025-10-02,2025,Q4,10,October,2,4,Thursday
2025-10-03,2025,Q4,10,October,3,5,Friday
2025-10-04,2025,Q4,10,October,4,6,Saturday
2025-10-05,2025,Q4,10,October,5,7,Sunday
2025-10-06,2025,Q4,10,October,6,1,Monday
2025-10-07,2025,Q4,10,October,7,2,Tuesday
2025-10-08,2025,Q4,10,October,8,3,Wednesday
2025-10-09,2025,Q4,10,October,9,4,Thursday
2025-10-10,2025,Q4,10,October,10,5,Friday
2025-10-11,2025,Q4,10,October,11,6,Saturday
2025-10-12,2025,Q4,10,October,12,7,Sunday
2025-10-13,2025,Q4,10,October,13,1,Monday
2025-10-14,2025,Q4,10,October,14,2,Tuesday
2025-10-15,2025,Q4,10,October,15,3,Wednesday
2025-10-16,2025,Q4,10,October,16,4,Thursday
2025-10-17,2025,Q4,10,October,17,5,Friday
2025-10-18,2025,Q4,10,October,18,6,Saturday
2025-10-19,2025,Q4,10,October,19,7,Sunday
2025-10-20,2025,Q4,10,October,20,1,Monday
2025-10-21,2025,Q4,10,October,21,2,Tuesday
2025-10-22,2025,Q4,10,October,22,3,Wednesday
2025-10-23,2025,Q4,10,October,23,4,Thursday
2025-10-24,2025,Q4,10,October,24,5,Friday
2025-10-25,2025,Q4,10,October,25,6,Saturday
2025-10-26,2025,Q4,10,October,26,7,Sunday
2025-10-27,2025,Q4,10,October,27,1,Monday
2025-10-28,2025,Q4,10,October,28,2,Tuesday
2025-10-29,2025,Q4,10,October,29,3,Wednesday
2025-10-30,2025,Q4,10,October,30,4,Thursday
2025-10-31,2025,Q4,10,October,31,5,Friday
2025-11-01,2025,Q4,11,November,1,6,Saturday
2025-11-02,2025,Q4,11,November,2,7,Sunday
2025-11-03,2025,Q4,11,November,3,1,Monday
2025-11-04,2025,Q4,11,November,4,2,Tuesday
2025-11-05,2025,Q4,11,November,5,3,Wednesday
2025-11-06,2025,Q4,11,November,6,4,Thursday
2025-11-07,2025,Q4,11,November,7,5,Friday
2025-11-08,2025,Q4,11,November,8,6,Saturday
2025-11-09,2025,Q4,11,November,9,7,Sunday
2025-11-10,2025,Q4,11,November,10,1,Monday
2025-11-11,2025,Q4,11,November,11,2,Tuesday
2025-11-12,2025,Q4,11,November,12,3,Wednesday
2025-11-13,2025,Q4,11,November,13,4,Thursday
2025-11-14,2025,Q4,11,November,14,5,Friday
2025-11-15,2025,Q4,11,November,15,6,Saturday
2025-11-16,2025,Q4,11,November,16,7,Sunday
2025-11-17,2025,Q4,11,November,17,1,Monday
2025-11-18,2025,Q4,11,November,18,2,Tuesday
2025-11-19,2025,Q4,11,November,19,3,Wednesday
2025-11-20,2025,Q4,11,November,20,4,Thursday
2025-11-21,2025,Q4,11,November,21,5,Friday
2025-11-22,2025,Q4,11,November,22,6,Saturday
2025-11-23,2025,Q4,11,November,23,7,Sunday
2025-11-24,2025,Q4,11,November,24,1,Monday
2025-11-25,2025,Q4,11,November,25,2,Tuesday
2025-11-26,2025,Q4,11,November,26,3,Wednesday
2025-11-27,2025,Q4,11,November,27,4,Thursday
2025-11-28,2025,Q4,11,November,28,5,Friday
2025-11-29,2025,Q4,11,November,29,6,Saturday
2025-11-30,2025,Q4,11,November,30,7,Sunday
2025-12-01,2025,Q4,12,December,1,1,Monday
2025-12-02,2025,Q4,12,December,2,2,Tuesday
2025-12-03,2025,Q4,12,December,3,3,Wednesday
2025-12-04,2025,Q4,12,December,4,4,Thursday
2025-12-05,2025,Q4,12,December,5,5,Friday
2025-12-06,2025,Q4,12,December,6,6,Saturday
2025-12-07,2025,Q4,12,December,7,7,Sunday
2025-12-08,2025,Q4,12,December,8,1,Monday
2025-12-09,2025,Q4,12,December,9,2,Tuesday
2025-12-10,2025,Q4,12,December,10,3,Wednesday
2025-12-11,2025,Q4,12,December,11,4,Thursday
2025-12-12,2025,Q4,12,December,12,5,Friday
2025-12-13,2025,Q4,12,December,13,6,Saturday
2025-12-14,2025,Q4,12,December,14,7,Sunday
2025-12-15,2025,Q4,12,December,15,1,Monday
2025-12-16,2025,Q4,12,December,16,2,Tuesday
2025-12-17,2025,Q4,12,December,17,3,Wednesday
2025-12-18,2025,Q4,12,December,18,4,Thursday
2025-12-19,2025,Q4,12,December,19,5,Friday
2025-12-20,2025,Q4,12,December,20,6,Saturday
2025-12-21,2025,Q4,12,December,21,7,Sunday
2025-12-22,2025,Q4,12,December,22,1,Monday
2025-12-23,2025,Q4,12,December,23,2,Tuesday
2025-12-24,2025,Q4,12,December,24,3,Wednesday
2025-12-25,2025,Q4,12,December,25,4,Thursday
2025-12-26,2025,Q4,12,December,26,5,Friday
2025-12-27,2025,Q4,12,December,27,6,Saturday
2025-12-28,2025,Q4,12,December,28,7,Sunday
2025-12-29,2025,Q4,12,December,29,1,Monday
2025-12-30,2025,Q4,12,December,30,2,Tuesday
2025-12-31,2025,Q4,12,December,31,3,Wednesday
2026-01-01,2026,Q1,1,January,1,4,Thursday
2026-01-02,2026,Q1,1,January,2,5,Friday
2026-01-03,2026,Q1,1,January,3,6,Saturday
2026-01-04,2026,Q1,1,January,4,7,Sunday
2026-01-05,2026,Q1,1,January,5,1,Monday
2026-01-06,2026,Q1,1,January,6,2,Tuesday
2026-01-07,2026,Q1,1,January,7,3,Wednesday
2026-01-08,2026,Q1,1,January,8,4,Thursday
2026-01-09,2026,Q1,1,January,9,5,Friday
2026-01-10,2026,Q1,1,January,10,6,Saturday
2026-01-11,2026,Q1,1,January,11,7,Sunday
2026-01-12,2026,Q1,1,January,12,1,Monday
2026-01-13,2026,Q1,1,January,13,2,Tuesday
2026-01-14,2026,Q1,1,January,14,3,Wednesday
2026-01-15,2026,Q1,1,January,15,4,Thursday
2026-01-16,2026,Q1,1,January,16,5,Friday
2026-01-17,2026,Q1,1,January,17,6,Saturday
2026-01-18,2026,Q1,1,January,18,7,Sunday
2026-01-19,2026,Q1,1,January,19,1,Monday
2026-01-20,2026,Q1,1,January,20,2,Tuesday
2026-01-21,2026,Q1,1,January,21,3,Wednesday
2026-01-22,2026,Q1,1,January,22,4,Thursday
2026-01-23,2026,Q1,1,January,23,5,Friday
2026-01-24,2026,Q1,1,January,24,6,Saturday
2026-01-25,2026,Q1,1,January,25,7,Sunday
2026-01-26,2026,Q1,1,January,26,1,Monday
2026-01-27,2026,Q1,1,January,27,2,Tuesday
2026-01-28,2026,Q1,1,January,28,3,Wednesday
2026-01-29,2026,Q1,1,January,29,4,Thursday
2026-01-30,2026,Q1,1,January,30,5,Friday
2026-01-31,2026,Q1,1,January,31,6,Saturday
2026-02-01,2026,Q1,2,February,1,7,Sunday
2026-02-02,2026,Q1,2,February,2,1,Monday
2026-02-03,2026,Q1,2,February,3,2,Tuesday
2026-02-04,2026,Q1,2,February,4,3,Wednesday
2026-02-05,2026,Q1,2,February,5,4,Thursday
2026-02-06,2026,Q1,2,February,6,5,Friday
2026-02-07,2026,Q1,2,February,7,6,Saturday
2026-02-08,2026,Q1,2,February,8,7,Sunday
2026-02-09,2026,Q1,2,February,9,1,Monday
2026-02-10,2026,Q1,2,February,10,2,Tuesday
2026-02-11,2026,Q1,2,February,11,3,Wednesday
2026-02-12,2026,Q1,2,February,12,4,Thursday
2026-02-13,2026,Q1,2,February,13,5,Friday
2026-02-14,2026,Q1,2,February,14,6,Saturday
2026-02-15,2026,Q1,2,February,15,7,Sunday
2026-02-16,2026,Q1,2,February,16,1,Monday
2026-02-17,2026,Q1,2,February,17,2,Tuesday
2026-02-18,2026,Q1,2,February,18,3,Wednesday
2026-02-19,2026,Q1,2,February,19,4,Thursday
2026-02-20,2026,Q1,2,February,20,5,Friday
2026-02-21,2026,Q1,2,February,21,6,Saturday
2026-02-22,2026,Q1,2,February,22,7,Sunday
2026-02-23,2026,Q1,2,February,23,1,Monday
2026-02-24,2026,Q1,2,February,24,2,Tuesday
2026-02-25,2026,Q1,2,February,25,3,Wednesday
2026-02-26,2026,Q1,2,February,26,4,Thursday
2026-02-27,2026,Q1,2,February,27,5,Friday
2026-02-28,2026,Q1,2,February,28,6,Saturday
2026-03-01,2026,Q1,3,March,1,7,Sunday
2026-03-02,2026,Q1,3,March,2,1,Monday
2026-03-03,2026,Q1,3,March,3,2,Tuesday
2026-03-04,2026,Q1,3,March,4,3,Wednesday
2026-03-05,2026,Q1,3,March,5,4,Thursday
2026-03-06,2026,Q1,3,March,6,5,Friday
2026-03-07,2026,Q1,3,March,7,6,Saturday
2026-03-08,2026,Q1,3,March,8,7,Sunday
2026-03-09,2026,Q1,3,March,9,1,Monday
2026-03-10,2026,Q1,3,March,10,2,Tuesday
2026-03-11,2026,Q1,3,March,11,3,Wednesday
2026-03-12,2026,Q1,3,March,12,4,Thursday
2026-03-13,2026,Q1,3,March,13,5,Friday
2026-03-14,2026,Q1,3,March,14,6,Saturday
2026-03-15,2026,Q1,3,March,15,7,Sunday
2026-03-16,2026,Q1,3,March,16,1,Monday
2026-03-17,2026,Q1,3,March,17,2,Tuesday
2026-03-18,2026,Q1,3,March,18,3,Wednesday
2026-03-19,2026,Q1,3,March,19,4,Thursday
2026-03-20,2026,Q1,3,March,20,5,Friday
2026-03-21,2026,Q1,3,March,21,6,Saturday
2026-03-22,2026,Q1,3,March,22,7,Sunday
2026-03-23,2026,Q1,3,March,23,1,Monday
2026-03-24,2026,Q1,3,March,24,2,Tuesday
2026-03-25,2026,Q1,3,March,25,3,Wednesday
2026-03-26,2026,Q1,3,March,26,4,Thursday
2026-03-27,2026,Q1,3,March,27,5,Friday
2026-03-28,2026,Q1,3,March,28,6,Saturday
2026-03-29,2026,Q1,3,March,29,7,Sunday
2026-03-30,2026,Q1,3,March,30,1,Monday
2026-03-31,2026,Q1,3,March,31,2,Tuesday
2026-04-01,2026,Q2,4,April,1,3,Wednesday
2026-04-02,2026,Q2,4,April,2,4,Thursday
2026-04-03,2026,Q2,4,April,3,5,Friday
2026-04-04,2026,Q2,4,April,4,6,Saturday
2026-04-05,2026,Q2,4,April,5,7,Sunday
2026-04-06,2026,Q2,4,April,6,1,Monday
2026-04-07,2026,Q2,4,April,7,2,Tuesday
2026-04-08,2026,Q2,4,April,8,3,Wednesday
2026-04-09,2026,Q2,4,April,9,4,Thursday
2026-04-10,2026,Q2,4,April,10,5,Friday
2026-04-11,2026,Q2,4,April,11,6,Saturday
2026-04-12,2026,Q2,4,April,12,7,Sunday
2026-04-13,2026,Q2,4,April,13,1,Monday
2026-04-14,2026,Q2,4,April,14,2,Tuesday
2026-04-15,2026,Q2,4,April,15,3,Wednesday
2026-04-16,2026,Q2,4,April,16,4,Thursday
2026-04-17,2026,Q2,4,April,17,5,Friday
2026-04-18,2026,Q2,4,April,18,6,Saturday
2026-04-19,2026,Q2,4,April,19,7,Sunday
2026-04-20,2026,Q2,4,April,20,1,Monday
2026-04-21,2026,Q2,4,April,21,2,Tuesday
2026-04-22,2026,Q2,4,April,22,3,Wednesday
2026-04-23,2026,Q2,4,April,23,4,Thursday
2026-04-24,2026,Q2,4,April,24,5,Friday
2026-04-25,2026,Q2,4,April,25,6,Saturday
2026-04-26,2026,Q2,4,April,26,7,Sunday
2026-04-27,2026,Q2,4,April,27,1,Monday
2026-04-28,2026,Q2,4,April,28,2,Tuesday
2026-04-29,2026,Q2,4,April,29,3,Wednesday
2026-04-30,2026,Q2,4,April,30,4,Thursday
2026-05-01,2026,Q2,5,May,1,5,Friday
2026-05-02,2026,Q2,5,May,2,6,Saturday
2026-05-03,2026,Q2,5,May,3,7,Sunday
2026-05-04,2026,Q2,5,May,4,1,Monday
2026-05-05,2026,Q2,5,May,5,2,Tuesday
2026-05-06,2026,Q2,5,May,6,3,Wednesday
2026-05-07,2026,Q2,5,May,7,4,Thursday
2026-05-08,2026,Q2,5,May,8,5,Friday
2026-05-09,2026,Q2,5,May,9,6,Saturday
2026-05-10,2026,Q2,5,May,10,7,Sunday
2026-05-11,2026,Q2,5,May,11,1,Monday
2026-05-12,2026,Q2,5,May,12,2,Tuesday
2026-05-13,2026,Q2,5,May,13,3,Wednesday
2026-05-14,2026,Q2,5,May,14,4,Thursday
2026-05-15,2026,Q2,5,May,15,5,Friday
2026-05-16,2026,Q2,5,May,16,6,Saturday
2026-05-17,2026,Q2,5,May,17,7,Sunday
2026-05-18,2026,Q2,5,May,18,1,Monday
2026-05-19,2026,Q2,5,May,19,2,Tuesday
2026-05-20,2026,Q2,5,May,20,3,Wednesday
2026-05-21,2026,Q2,5,May,21,4,Thursday
2026-05-22,2026,Q2,5,May,22,5,Friday
2026-05-23,2026,Q2,5,May,23,6,Saturday
2026-05-24,2026,Q2,5,May,24,7,Sunday
2026-05-25,2026,Q2,5,May,25,1,Monday
2026-05-26,2026,Q2,5,May,26,2,Tuesday
2026-05-27,2026,Q2,5,May,27,3,Wednesday
2026-05-28,2026,Q2,5,May,28,4,Thursday
2026-05-29,2026,Q2,5,May,29,5,Friday
2026-05-30,2026,Q2,5,May,30,6,Saturday
2026-05-31,2026,Q2,5,May,31,7,Sunday
2026-06-01,2026,Q2,6,June,1,1,Monday
2026-06-02,2026,Q2,6,June,2,2,Tuesday
2026-06-03,2026,Q2,6,June,3,3,Wednesday
2026-06-04,2026,Q2,6,June,4,4,Thursday
2026-06-05,2026,Q2,6,June,5,5,Friday
2026-06-06,2026,Q2,6,June,6,6,Saturday
2026-06-07,2026,Q2,6,June,7,7,Sunday
2026-06-08,2026,Q2,6,June,8,1,Monday
2026-06-09,2026,Q2,6,June,9,2,Tuesday
2026-06-10,2026,Q2,6,June,10,3,Wednesday
2026-06-11,2026,Q2,6,June,11,4,Thursday
2026-06-12,2026,Q2,6,June,12,5,Friday
2026-06-13,2026,Q2,6,June,13,6,Saturday
2026-06-14,2026,Q2,6,June,14,7,Sunday
2026-06-15,2026,Q2,6,June,15,1,Monday
2026-06-16,2026,Q2,6,June,16,2,Tuesday
2026-06-17,2026,Q2,6,June,17,3,Wednesday
2026-06-18,2026,Q2,6,June,18,4,Thursday
2026-06-19,2026,Q2,6,June,19,5,Friday
2026-06-20,2026,Q2,6,June,20,6,Saturday
2026-06-21,2026,Q2,6,June,21,7,Sunday
2026-06-22,2026,Q2,6,June,22,1,Monday
2026-06-23,2026,Q2,6,June,23,2,Tuesday
2026-06-24,2026,Q2,6,June,24,3,Wednesday
2026-06-25,2026,Q2,6,June,25,4,Thursday
2026-06-26,2026,Q2,6,June,26,5,Friday
2026-06-27,2026,Q2,6,June,27,6,Saturday
2026-06-28,2026,Q2,6,June,28,7,Sunday
2026-06-29,2026,Q2,6,June,29,1,Monday
2026-06-30,2026,Q2,6,June,30,2,Tuesday
2026-07-01,2026,Q3,7,July,1,3,Wednesday
2026-07-02,2026,Q3,7,July,2,4,Thursday
2026-07-03,2026,Q3,7,July,3,5,Friday
2026-07-04,2026,Q3,7,July,4,6,Saturday
2026-07-05,2026,Q3,7,July,5,7,Sunday
2026-07-06,2026,Q3,7,July,6,1,Monday
2026-07-07,2026,Q3,7,July,7,2,Tuesday
2026-07-08,2026,Q3,7,July,8,3,Wednesday
2026-07-09,2026,Q3,7,July,9,4,Thursday
2026-07-10,2026,Q3,7,July,10,5,Friday
2026-07-11,2026,Q3,7,July,11,6,Saturday
2026-07-12,2026,Q3,7,July,12,7,Sunday
2026-07-13,2026,Q3,7,July,13,1,Monday
2026-07-14,2026,Q3,7,July,14,2,Tuesday
2026-07-15,2026,Q3,7,July,15,3,Wednesday
2026-07-16,2026,Q3,7,July,16,4,Thursday
2026-07-17,2026,Q3,7,July,17,5,Friday
2026-07-18,2026,Q3,7,July,18,6,Saturday
2026-07-19,2026,Q3,7,July,19,7,Sunday
2026-07-20,2026,Q3,7,July,20,1,Monday
2026-07-21,2026,Q3,7,July,21,2,Tuesday
2026-07-22,2026,Q3,7,July,22,3,Wednesday
2026-07-23,2026,Q3,7,July,23,4,Thursday
2026-07-24,2026,Q3,7,July,24,5,Friday
2026-07-25,2026,Q3,7,July,25,6,Saturday
2026-07-26,2026,Q3,7,July,26,7,Sunday
2026-07-27,2026,Q3,7,July,27,1,Monday
2026-07-28,2026,Q3,7,July,28,2,Tuesday
2026-07-29,2026,Q3,7,July,29,3,Wednesday
2026-07-30,2026,Q3,7,July,30,4,Thursday
2026-07-31,2026,Q3,7,July,31,5,Friday
2026-08-01,2026,Q3,8,August,1,6,Saturday
2026-08-02,2026,Q3,8,August,2,7,Sunday
2026-08-03,2026,Q3,8,August,3,1,Monday
2026-08-04,2026,Q3,8,August,4,2,Tuesday
2026-08-05,2026,Q3,8,August,5,3,Wednesday
2026-08-06,2026,Q3,8,August,6,4,Thursday
2026-08-07,2026,Q3,8,August,7,5,Friday
2026-08-08,2026,Q3,8,August,8,6,Saturday
2026-08-09,2026,Q3,8,August,9,7,Sunday
2026-08-10,2026,Q3,8,August,10,1,Monday
2026-08-11,2026,Q3,8,August,11,2,Tuesday
2026-08-12,2026,Q3,8,August,12,3,Wednesday
2026-08-13,2026,Q3,8,August,13,4,Thursday
2026-08-14,2026,Q3,8,August,14,5,Friday
2026-08-15,2026,Q3,8,August,15,6,Saturday
2026-08-16,2026,Q3,8,August,16,7,Sunday
2026-08-17,2026,Q3,8,August,17,1,Monday
2026-08-18,2026,Q3,8,August,18,2,Tuesday
2026-08-19,2026,Q3,8,August,19,3,Wednesday
2026-08-20,2026,Q3,8,August,20,4,Thursday
2026-08-21,2026,Q3,8,August,21,5,Friday
2026-08-22,2026,Q3,8,August,22,6,Saturday
2026-08-23,2026,Q3,8,August,23,7,Sunday
2026-08-24,2026,Q3,8,August,24,1,Monday
2026-08-25,2026,Q3,8,August,25,2,Tuesday
2026-08-26,2026,Q3,8,August,26,3,Wednesday
2026-08-27,2026,Q3,8,August,27,4,Thursday
2026-08-28,2026,Q3,8,August,28,5,Friday
2026-08-29,2026,Q3,8,August,29,6,Saturday
2026-08-30,2026,Q3,8,August,30,7,Sunday
2026-08-31,2026,Q3,8,August,31,1,Monday
2026-09-01,2026,Q3,9,September,1,2,Tuesday
2026-09-02,2026,Q3,9,September,2,3,Wednesday
2026-09-03,2026,Q3,9,September,3,4,Thursday
2026-09-04,2026,Q3,9,September,4,5,Friday
2026-09-05,2026,Q3,9,September,5,6,Saturday
2026-09-06,2026,Q3,9,September,6,7,Sunday
2026-09-07,2026,Q3,9,September,7,1,Monday
2026-09-08,2026,Q3,9,September,8,2,Tuesday
2026-09-09,2026,Q3,9,September,9,3,Wednesday
2026-09-10,2026,Q3,9,September,10,4,Thursday
2026-09-11,2026,Q3,9,September,11,5,Friday
2026-09-12,2026,Q3,9,September,12,6,Saturday
2026-09-13,2026,Q3,9,September,13,7,Sunday
2026-09-14,2026,Q3,9,September,14,1,Monday
2026-09-15,2026,Q3,9,September,15,2,Tuesday
2026-09-16,2026,Q3,9,September,16,3,Wednesday
2026-09-17,2026,Q3,9,September,17,4,Thursday
2026-09-18,2026,Q3,9,September,18,5,Friday
2026-09-19,2026,Q3,9,September,19,6,Saturday
2026-09-20,2026,Q3,9,September,20,7,Sunday
2026-09-21,2026,Q3,9,September,21,1,Monday
2026-09-22,2026,Q3,9,September,22,2,Tuesday
2026-09-23,2026,Q3,9,September,23,3,Wednesday
2026-09-24,2026,Q3,9,September,24,4,Thursday
2026-09-25,2026,Q3,9,September,25,5,Friday
2026-09-26,2026,Q3,9,September,26,6,Saturday
2026-09-27,2026,Q3,9,September,27,7,Sunday
2026-09-28,2026,Q3,9,September,28,1,Monday
2026-09-29,2026,Q3,9,September,29,2,Tuesday
2026-09-30,2026,Q3,9,September,30,3,Wednesday
2026-10-01,2026,Q4,10,October,1,4,Thursday
2026-10-02,2026,Q4,10,October,2,5,Friday
2026-10-03,2026,Q4,10,October,3,6,Saturday
2026-10-04,2026,Q4,10,October,4,7,Sunday
2026-10-05,2026,Q4,10,October,5,1,Monday
2026-10-06,2026,Q4,10,October,6,2,Tuesday
2026-10-07,2026,Q4,10,October,7,3,Wednesday
2026-10-08,2026,Q4,10,October,8,4,Thursday
2026-10-09,2026,Q4,10,October,9,5,Friday
2026-10-10,2026,Q4,10,October,10,6,Saturday
2026-10-11,2026,Q4,10,October,11,7,Sunday
2026-10-12,2026,Q4,10,October,12,1,Monday
2026-10-13,2026,Q4,10,October,13,2,Tuesday
2026-10-14,2026,Q4,10,October,14,3,Wednesday
2026-10-15,2026,Q4,10,October,15,4,Thursday
2026-10-16,2026,Q4,10,October,16,5,Friday
2026-10-17,2026,Q4,10,October,17,6,Saturday
2026-10-18,2026,Q4,10,October,18,7,Sunday
2026-10-19,2026,Q4,10,October,19,1,Monday
2026-10-20,2026,Q4,10,October,20,2,Tuesday
2026-10-21,2026,Q4,10,October,21,3,Wednesday
2026-10-22,2026,Q4,10,October,22,4,Thursday
2026-10-23,2026,Q4,10,October,23,5,Friday
2026-10-24,2026,Q4,10,October,24,6,Saturday
2026-10-25,2026,Q4,10,October,25,7,Sunday
2026-10-26,2026,Q4,10,October,26,1,Monday
2026-10-27,2026,Q4,10,October,27,2,Tuesday
2026-10-28,2026,Q4,10,October,28,3,Wednesday
2026-10-29,2026,Q4,10,October,29,4,Thursday
2026-10-30,2026,Q4,10,October,30,5,Friday
2026-10-31,2026,Q4,10,October,31,6,Saturday
2026-11-01,2026,Q4,11,November,1,7,Sunday
2026-11-02,2026,Q4,11,November,2,1,Monday
2026-11-03,2026,Q4,11,November,3,2,Tuesday
2026-11-04,2026,Q4,11,November,4,3,Wednesday
2026-11-05,2026,Q4,11,November,5,4,Thursday
2026-11-06,2026,Q4,11,November,6,5,Friday
2026-11-07,2026,Q4,11,November,7,6,Saturday
2026-11-08,2026,Q4,11,November,8,7,Sunday
2026-11-09,2026,Q4,11,November,9,1,Monday
2026-11-10,2026,Q4,11,November,10,2,Tuesday
2026-11-11,2026,Q4,11,November,11,3,Wednesday
2026-11-12,2026,Q4,11,November,12,4,Thursday
2026-11-13,2026,Q4,11,November,13,5,Friday
2026-11-14,2026,Q4,11,November,14,6,Saturday
2026-11-15,2026,Q4,11,November,15,7,Sunday
2026-11-16,2026,Q4,11,November,16,1,Monday
2026-11-17,2026,Q4,11,November,17,2,Tuesday
2026-11-18,2026,Q4,11,November,18,3,Wednesday
2026-11-19,2026,Q4,11,November,19,4,Thursday
2026-11-20,2026,Q4,11,November,20,5,Friday
2026-11-21,2026,Q4,11,November,21,6,Saturday
2026-11-22,2026,Q4,11,November,22,7,Sunday
2026-11-23,2026,Q4,11,November,23,1,Monday
2026-11-24,2026,Q4,11,November,24,2,Tuesday
2026-11-25,2026,Q4,11,November,25,3,Wednesday
2026-11-26,2026,Q4,11,November,26,4,Thursday
2026-11-27,2026,Q4,11,November,27,5,Friday
2026-11-28,2026,Q4,11,November,28,6,Saturday
2026-11-29,2026,Q4,11,November,29,7,Sunday
2026-11-30,2026,Q4,11,November,30,1,Monday
2026-12-01,2026,Q4,12,December,1,2,Tuesday
2026-12-02,2026,Q4,12,December,2,3,Wednesday
2026-12-03,2026,Q4,12,December,3,4,Thursday
2026-12-04,2026,Q4,12,December,4,5,Friday
2026-12-05,2026,Q4,12,December,5,6,Saturday
2026-12-06,2026,Q4,12,December,6,7,Sunday
2026-12-07,2026,Q4,12,December,7,1,Monday
2026-12-08,2026,Q4,12,December,8,2,Tuesday
2026-12-09,2026,Q4,12,December,9,3,Wednesday
2026-12-10,2026,Q4,12,December,10,4,Thursday
2026-12-11,2026,Q4,12,December,11,5,Friday
2026-12-12,2026,Q4,12,December,12,6,Saturday
2026-12-13,2026,Q4,12,December,13,7,Sunday
2026-12-14,2026,Q4,12,December,14,1,Monday
2026-12-15,2026,Q4,12,December,15,2,Tuesday
2026-12-16,2026,Q4,12,December,16,3,Wednesday
2026-12-17,2026,Q4,12,December,17,4,Thursday
2026-12-18,2026,Q4,12,December,18,5,Friday
2026-12-19,2026,Q4,12,December,19,6,Saturday
2026-12-20,2026,Q4,12,December,20,7,Sunday
2026-12-21,2026,Q4,12,December,21,1,Monday
2026-12-22,2026,Q4,12,December,22,2,Tuesday
2026-12-23,2026,Q4,12,December,23,3,Wednesday
2026-12-24,2026,Q4,12,December,24,4,Thursday
2026-12-25,2026,Q4,12,December,25,5,Friday
2026-12-26,2026,Q4,12,December,26,6,Saturday
2026-12-27,2026,Q4,12,December,27,7,Sunday
2026-12-28,2026,Q4,12,December,28,1,Monday
2026-12-29,2026,Q4,12,December,29,2,Tuesday
2026-12-30,2026,Q4,12,December,30,3,Wednesday
2026-12-31,2026,Q4,12,December,31,4,Thursday
2027-01-01,2027,Q1,1,January,1,5,Friday
2027-01-02,2027,Q1,1,January,2,6,Saturday
2027-01-03,2027,Q1,1,January,3,7,Sunday
2027-01-04,2027,Q1,1,January,4,1,Monday
2027-01-05,2027,Q1,1,January,5,2,Tuesday
2027-01-06,2027,Q1,1,January,6,3,Wednesday
2027-01-07,2027,Q1,1,January,7,4,Thursday
2027-01-08,2027,Q1,1,January,8,5,Friday
2027-01-09,2027,Q1,1,January,9,6,Saturday
2027-01-10,2027,Q1,1,January,10,7,Sunday
2027-01-11,2027,Q1,1,January,11,1,Monday
2027-01-12,2027,Q1,1,January,12,2,Tuesday
2027-01-13,2027,Q1,1,January,13,3,Wednesday
2027-01-14,2027,Q1,1,January,14,4,Thursday
2027-01-15,2027,Q1,1,January,15,5,Friday
2027-01-16,2027,Q1,1,January,16,6,Saturday
2027-01-17,2027,Q1,1,January,17,7,Sunday
2027-01-18,2027,Q1,1,January,18,1,Monday
2027-01-19,2027,Q1,1,January,19,2,Tuesday
2027-01-20,2027,Q1,1,January,20,3,Wednesday
2027-01-21,2027,Q1,1,January,21,4,Thursday
2027-01-22,2027,Q1,1,January,22,5,Friday
2027-01-23,2027,Q1,1,January,23,6,Saturday
2027-01-24,2027,Q1,1,January,24,7,Sunday
2027-01-25,2027,Q1,1,January,25,1,Monday
2027-01-26,2027,Q1,1,January,26,2,Tuesday
2027-01-27,2027,Q1,1,January,27,3,Wednesday
2027-01-28,2027,Q1,1,January,28,4,Thursday
2027-01-29,2027,Q1,1,January,29,5,Friday
2027-01-30,2027,Q1,1,January,30,6,Saturday
2027-01-31,2027,Q1,1,January,31,7,Sunday
2027-02-01,2027,Q1,2,February,1,1,Monday
2027-02-02,2027,Q1,2,February,2,2,Tuesday
2027-02-03,2027,Q1,2,February,3,3,Wednesday
2027-02-04,2027,Q1,2,February,4,4,Thursday
2027-02-05,2027,Q1,2,February,5,5,Friday
2027-02-06,2027,Q1,2,February,6,6,Saturday
2027-02-07,2027,Q1,2,February,7,7,Sunday
2027-02-08,2027,Q1,2,February,8,1,Monday
2027-02-09,2027,Q1,2,February,9,2,Tuesday
2027-02-10,2027,Q1,2,February,10,3,Wednesday
2027-02-11,2027,Q1,2,February,11,4,Thursday
2027-02-12,2027,Q1,2,February,12,5,Friday
2027-02-13,2027,Q1,2,February,13,6,Saturday
2027-02-14,2027,Q1,2,February,14,7,Sunday
2027-02-15,2027,Q1,2,February,15,1,Monday
2027-02-16,2027,Q1,2,February,16,2,Tuesday
2027-02-17,2027,Q1,2,February,17,3,Wednesday
2027-02-18,2027,Q1,2,February,18,4,Thursday
2027-02-19,2027,Q1,2,February,19,5,Friday
2027-02-20,2027,Q1,2,February,20,6,Saturday
2027-02-21,2027,Q1,2,February,21,7,Sunday
2027-02-22,2027,Q1,2,February,22,1,Monday
2027-02-23,2027,Q1,2,February,23,2,Tuesday
2027-02-24,2027,Q1,2,February,24,3,Wednesday
2027-02-25,2027,Q1,2,February,25,4,Thursday
2027-02-26,2027,Q1,2,February,26,5,Friday
2027-02-27,2027,Q1,2,February,27,6,Saturday
2027-02-28,2027,Q1,2,February,28,7,Sunday
2027-03-01,2027,Q1,3,March,1,1,Monday
2027-03-02,2027,Q1,3,March,2,2,Tuesday
2027-03-03,2027,Q1,3,March,3,3,Wednesday
2027-03-04,2027,Q1,3,March,4,4,Thursday
2027-03-05,2027,Q1,3,March,5,5,Friday
2027-03-06,2027,Q1,3,March,6,6,Saturday
2027-03-07,2027,Q1,3,March,7,7,Sunday
2027-03-08,2027,Q1,3,March,8,1,Monday
2027-03-09,2027,Q1,3,March,9,2,Tuesday
2027-03-10,2027,Q1,3,March,10,3,Wednesday
2027-03-11,2027,Q1,3,March,11,4,Thursday
2027-03-12,2027,Q1,3,March,12,5,Friday
2027-03-13,2027,Q1,3,March,13,6,Saturday
2027-03-14,2027,Q1,3,March,14,7,Sunday
2027-03-15,2027,Q1,3,March,15,1,Monday
2027-03-16,2027,Q1,3,March,16,2,Tuesday
2027-03-17,2027,Q1,3,March,17,3,Wednesday
2027-03-18,2027,Q1,3,March,18,4,Thursday
2027-03-19,2027,Q1,3,March,19,5,Friday
2027-03-20,2027,Q1,3,March,20,6,Saturday
2027-03-21,2027,Q1,3,March,21,7,Sunday
2027-03-22,2027,Q1,3,March,22,1,Monday
2027-03-23,2027,Q1,3,March,23,2,Tuesday
2027-03-24,2027,Q1,3,March,24,3,Wednesday
2027-03-25,2027,Q1,3,March,25,4,Thursday
2027-03-26,2027,Q1,3,March,26,5,Friday
2027-03-27,2027,Q1,3,March,27,6,Saturday
2027-03-28,2027,Q1,3,March,28,7,Sunday
2027-03-29,2027,Q1,3,March,29,1,Monday
2027-03-30,2027,Q1,3,March,30,2,Tuesday
2027-03-31,2027,Q1,3,March,31,3,Wednesday
2027-04-01,2027,Q2,4,April,1,4,Thursday
2027-04-02,2027,Q2,4,April,2,5,Friday
2027-04-03,2027,Q2,4,April,3,6,Saturday
2027-04-04,2027,Q2,4,April,4,7,Sunday
2027-04-05,2027,Q2,4,April,5,1,Monday
2027-04-06,2027,Q2,4,April,6,2,Tuesday
2027-04-07,2027,Q2,4,April,7,3,Wednesday
2027-04-08,2027,Q2,4,April,8,4,Thursday
2027-04-09,2027,Q2,4,April,9,5,Friday
2027-04-10,2027,Q2,4,April,10,6,Saturday
2027-04-11,2027,Q2,4,April,11,7,Sunday
2027-04-12,2027,Q2,4,April,12,1,Monday
2027-04-13,2027,Q2,4,April,13,2,Tuesday
2027-04-14,2027,Q2,4,April,14,3,Wednesday
2027-04-15,2027,Q2,4,April,15,4,Thursday
2027-04-16,2027,Q2,4,April,16,5,Friday
2027-04-17,2027,Q2,4,April,17,6,Saturday
2027-04-18,2027,Q2,4,April,18,7,Sunday
2027-04-19,2027,Q2,4,April,19,1,Monday
2027-04-20,2027,Q2,4,April,20,2,Tuesday
2027-04-21,2027,Q2,4,April,21,3,Wednesday
2027-04-22,2027,Q2,4,April,22,4,Thursday
2027-04-23,2027,Q2,4,April,23,5,Friday
2027-04-24,2027,Q2,4,April,24,6,Saturday
2027-04-25,2027,Q2,4,April,25,7,Sunday
2027-04-26,2027,Q2,4,April,26,1,Monday
2027-04-27,2027,Q2,4,April,27,2,Tuesday
2027-04-28,2027,Q2,4,April,28,3,Wednesday
2027-04-29,2027,Q2,4,April,29,4,Thursday
2027-04-30,2027,Q2,4,April,30,5,Friday
2027-05-01,2027,Q2,5,May,1,6,Saturday
2027-05-02,2027,Q2,5,May,2,7,Sunday
2027-05-03,2027,Q2,5,May,3,1,Monday
2027-05-04,2027,Q2,5,May,4,2,Tuesday
2027-05-05,2027,Q2,5,May,5,3,Wednesday
2027-05-06,2027,Q2,5,May,6,4,Thursday
2027-05-07,2027,Q2,5,May,7,5,Friday
2027-05-08,2027,Q2,5,May,8,6,Saturday
2027-05-09,2027,Q2,5,May,9,7,Sunday
2027-05-10,2027,Q2,5,May,10,1,Monday
2027-05-11,2027,Q2,5,May,11,2,Tuesday
2027-05-12,2027,Q2,5,May,12,3,Wednesday
2027-05-13,2027,Q2,5,May,13,4,Thursday
2027-05-14,2027,Q2,5,May,14,5,Friday
2027-05-15,2027,Q2,5,May,15,6,Saturday
2027-05-16,2027,Q2,5,May,16,7,Sunday
2027-05-17,2027,Q2,5,May,17,1,Monday
2027-05-18,2027,Q2,5,May,18,2,Tuesday
2027-05-19,2027,Q2,5,May,19,3,Wednesday
2027-05-20,2027,Q2,5,May,20,4,Thursday
2027-05-21,2027,Q2,5,May,21,5,Friday
2027-05-22,2027,Q2,5,May,22,6,Saturday
2027-05-23,2027,Q2,5,May,23,7,Sunday
2027-05-24,2027,Q2,5,May,24,1,Monday
2027-05-25,2027,Q2,5,May,25,2,Tuesday
2027-05-26,2027,Q2,5,May,26,3,Wednesday
2027-05-27,2027,Q2,5,May,27,4,Thursday
2027-05-28,2027,Q2,5,May,28,5,Friday
2027-05-29,2027,Q2,5,May,29,6,Saturday
2027-05-30,2027,Q2,5,May,30,7,Sunday
2027-05-31,2027,Q2,5,May,31,1,Monday
2027-06-01,2027,Q2,6,June,1,2,Tuesday
2027-06-02,2027,Q2,6,June,2,3,Wednesday
2027-06-03,2027,Q2,6,June,3,4,Thursday
2027-06-04,2027,Q2,6,June,4,5,Friday
2027-06-05,2027,Q2,6,June,5,6,Saturday
2027-06-06,2027,Q2,6,June,6,7,Sunday
2027-06-07,2027,Q2,6,June,7,1,Monday
2027-06-08,2027,Q2,6,June,8,2,Tuesday
2027-06-09,2027,Q2,6,June,9,3,Wednesday
2027-06-10,2027,Q2,6,June,10,4,Thursday
2027-06-11,2027,Q2,6,June,11,5,Friday
2027-06-12,2027,Q2,6,June,12,6,Saturday
2027-06-13,2027,Q2,6,June,13,7,Sunday
2027-06-14,2027,Q2,6,June,14,1,Monday
2027-06-15,2027,Q2,6,June,15,2,Tuesday
2027-06-16,2027,Q2,6,June,16,3,Wednesday
2027-06-17,2027,Q2,6,June,17,4,Thursday
2027-06-18,2027,Q2,6,June,18,5,Friday
2027-06-19,2027,Q2,6,June,19,6,Saturday
2027-06-20,2027,Q2,6,June,20,7,Sunday
2027-06-21,2027,Q2,6,June,21,1,Monday
2027-06-22,2027,Q2,6,June,22,2,Tuesday
2027-06-23,2027,Q2,6,June,23,3,Wednesday
2027-06-24,2027,Q2,6,June,24,4,Thursday
2027-06-25,2027,Q2,6,June,25,5,Friday
2027-06-26,2027,Q2,6,June,26,6,Saturday
2027-06-27,2027,Q2,6,June,27,7,Sunday
2027-06-28,2027,Q2,6,June,28,1,Monday
2027-06-29,2027,Q2,6,June,29,2,Tuesday
2027-06-30,2027,Q2,6,June,30,3,Wednesday
2027-07-01,2027,Q3,7,July,1,4,Thursday
2027-07-02,2027,Q3,7,July,2,5,Friday
2027-07-03,2027,Q3,7,July,3,6,Saturday
2027-07-04,2027,Q3,7,July,4,7,Sunday
2027-07-05,2027,Q3,7,July,5,1,Monday
2027-07-06,2027,Q3,7,July,6,2,Tuesday
2027-07-07,2027,Q3,7,July,7,3,Wednesday
2027-07-08,2027,Q3,7,July,8,4,Thursday
2027-07-09,2027,Q3,7,July,9,5,Friday
2027-07-10,2027,Q3,7,July,10,6,Saturday
2027-07-11,2027,Q3,7,July,11,7,Sunday
2027-07-12,2027,Q3,7,July,12,1,Monday
2027-07-13,2027,Q3,7,July,13,2,Tuesday
2027-07-14,2027,Q3,7,July,14,3,Wednesday
2027-07-15,2027,Q3,7,July,15,4,Thursday
2027-07-16,2027,Q3,7,July,16,5,Friday
2027-07-17,2027,Q3,7,July,17,6,Saturday
2027-07-18,2027,Q3,7,July,18,7,Sunday
2027-07-19,2027,Q3,7,July,19,1,Monday
2027-07-20,2027,Q3,7,July,20,2,Tuesday
2027-07-21,2027,Q3,7,July,21,3,Wednesday
2027-07-22,2027,Q3,7,July,22,4,Thursday
2027-07-23,2027,Q3,7,July,23,5,Friday
2027-07-24,2027,Q3,7,July,24,6,Saturday
2027-07-25,2027,Q3,7,July,25,7,Sunday
2027-07-26,2027,Q3,7,July,26,1,Monday
2027-07-27,2027,Q3,7,July,27,2,Tuesday
2027-07-28,2027,Q3,7,July,28,3,Wednesday
2027-07-29,2027,Q3,7,July,29,4,Thursday
2027-07-30,2027,Q3,7,July,30,5,Friday
2027-07-31,2027,Q3,7,July,31,6,Saturday
2027-08-01,2027,Q3,8,August,1,7,Sunday
2027-08-02,2027,Q3,8,August,2,1,Monday
2027-08-03,2027,Q3,8,August,3,2,Tuesday
2027-08-04,2027,Q3,8,August,4,3,Wednesday
2027-08-05,2027,Q3,8,August,5,4,Thursday
2027-08-06,2027,Q3,8,August,6,5,Friday
2027-08-07,2027,Q3,8,August,7,6,Saturday
2027-08-08,2027,Q3,8,August,8,7,Sunday
2027-08-09,2027,Q3,8,August,9,1,Monday
2027-08-10,2027,Q3,8,August,10,2,Tuesday
2027-08-11,2027,Q3,8,August,11,3,Wednesday
2027-08-12,2027,Q3,8,August,12,4,Thursday
2027-08-13,2027,Q3,8,August,13,5,Friday
2027-08-14,2027,Q3,8,August,14,6,Saturday
2027-08-15,2027,Q3,8,August,15,7,Sunday
2027-08-16,2027,Q3,8,August,16,1,Monday
2027-08-17,2027,Q3,8,August,17,2,Tuesday
2027-08-18,2027,Q3,8,August,18,3,Wednesday
2027-08-19,2027,Q3,8,August,19,4,Thursday
2027-08-20,2027,Q3,8,August,20,5,Friday
2027-08-21,2027,Q3,8,August,21,6,Saturday
2027-08-22,2027,Q3,8,August,22,7,Sunday
2027-08-23,2027,Q3,8,August,23,1,Monday
2027-08-24,2027,Q3,8,August,24,2,Tuesday
2027-08-25,2027,Q3,8,August,25,3,Wednesday
2027-08-26,2027,Q3,8,August,26,4,Thursday
2027-08-27,2027,Q3,8,August,27,5,Friday
2027-08-28,2027,Q3,8,August,28,6,Saturday
2027-08-29,2027,Q3,8,August,29,7,Sunday
2027-08-30,2027,Q3,8,August,30,1,Monday
2027-08-31,2027,Q3,8,August,31,2,Tuesday
2027-09-01,2027,Q3,9,September,1,3,Wednesday
2027-09-02,2027,Q3,9,September,2,4,Thursday
2027-09-03,2027,Q3,9,September,3,5,Friday
2027-09-04,2027,Q3,9,September,4,6,Saturday
2027-09-05,2027,Q3,9,September,5,7,Sunday
2027-09-06,2027,Q3,9,September,6,1,Monday
2027-09-07,2027,Q3,9,September,7,2,Tuesday
2027-09-08,2027,Q3,9,September,8,3,Wednesday
2027-09-09,2027,Q3,9,September,9,4,Thursday
2027-09-10,2027,Q3,9,September,10,5,Friday
2027-09-11,2027,Q3,9,September,11,6,Saturday
2027-09-12,2027,Q3,9,September,12,7,Sunday
2027-09-13,2027,Q3,9,September,13,1,Monday
2027-09-14,2027,Q3,9,September,14,2,Tuesday
2027-09-15,2027,Q3,9,September,15,3,Wednesday
2027-09-16,2027,Q3,9,September,16,4,Thursday
2027-09-17,2027,Q3,9,September,17,5,Friday
2027-09-18,2027,Q3,9,September,18,6,Saturday
2027-09-19,2027,Q3,9,September,19,7,Sunday
2027-09-20,2027,Q3,9,September,20,1,Monday
2027-09-21,2027,Q3,9,September,21,2,Tuesday
2027-09-22,2027,Q3,9,September,22,3,Wednesday
2027-09-23,2027,Q3,9,September,23,4,Thursday
2027-09-24,2027,Q3,9,September,24,5,Friday
2027-09-25,2027,Q3,9,September,25,6,Saturday
2027-09-26,2027,Q3,9,September,26,7,Sunday
2027-09-27,2027,Q3,9,September,27,1,Monday
2027-09-28,2027,Q3,9,September,28,2,Tuesday
2027-09-29,2027,Q3,9,September,29,3,Wednesday
2027-09-30,2027,Q3,9,September,30,4,Thursday
2027-10-01,2027,Q4,10,October,1,5,Friday
2027-10-02,2027,Q4,10,October,2,6,Saturday
2027-10-03,2027,Q4,10,October,3,7,Sunday
2027-10-04,2027,Q4,10,October,4,1,Monday
2027-10-05,2027,Q4,10,October,5,2,Tuesday
2027-10-06,2027,Q4,10,October,6,3,Wednesday
2027-10-07,2027,Q4,10,October,7,4,Thursday
2027-10-08,2027,Q4,10,October,8,5,Friday
2027-10-09,2027,Q4,10,October,9,6,Saturday
2027-10-10,2027,Q4,10,October,10,7,Sunday
2027-10-11,2027,Q4,10,October,11,1,Monday
2027-10-12,2027,Q4,10,October,12,2,Tuesday
2027-10-13,2027,Q4,10,October,13,3,Wednesday
2027-10-14,2027,Q4,10,October,14,4,Thursday
2027-10-15,2027,Q4,10,October,15,5,Friday
2027-10-16,2027,Q4,10,October,16,6,Saturday
2027-10-17,2027,Q4,10,October,17,7,Sunday
2027-10-18,2027,Q4,10,October,18,1,Monday
2027-10-19,2027,Q4,10,October,19,2,Tuesday
2027-10-20,2027,Q4,10,October,20,3,Wednesday
2027-10-21,2027,Q4,10,October,21,4,Thursday
2027-10-22,2027,Q4,10,October,22,5,Friday
2027-10-23,2027,Q4,10,October,23,6,Saturday
2027-10-24,2027,Q4,10,October,24,7,Sunday
2027-10-25,2027,Q4,10,October,25,1,Monday
2027-10-26,2027,Q4,10,October,26,2,Tuesday
2027-10-27,2027,Q4,10,October,27,3,Wednesday
2027-10-28,2027,Q4,10,October,28,4,Thursday
2027-10-29,2027,Q4,10,October,29,5,Friday
2027-10-30,2027,Q4,10,October,30,6,Saturday
2027-10-31,2027,Q4,10,October,31,7,Sunday
2027-11-01,2027,Q4,11,November,1,1,Monday
2027-11-02,2027,Q4,11,November,2,2,Tuesday
2027-11-03,2027,Q4,11,November,3,3,Wednesday
2027-11-04,2027,Q4,11,November,4,4,Thursday
2027-11-05,2027,Q4,11,November,5,5,Friday
2027-11-06,2027,Q4,11,November,6,6,Saturday
2027-11-07,2027,Q4,11,November,7,7,Sunday
2027-11-08,2027,Q4,11,November,8,1,Monday
2027-11-09,2027,Q4,11,November,9,2,Tuesday
2027-11-10,2027,Q4,11,November,10,3,Wednesday
2027-11-11,2027,Q4,11,November,11,4,Thursday
2027-11-12,2027,Q4,11,November,12,5,Friday
2027-11-13,2027,Q4,11,November,13,6,Saturday
2027-11-14,2027,Q4,11,November,14,7,Sunday
2027-11-15,2027,Q4,11,November,15,1,Monday
2027-11-16,2027,Q4,11,November,16,2,Tuesday
2027-11-17,2027,Q4,11,November,17,3,Wednesday
2027-11-18,2027,Q4,11,November,18,4,Thursday
2027-11-19,2027,Q4,11,November,19,5,Friday
2027-11-20,2027,Q4,11,November,20,6,Saturday
2027-11-21,2027,Q4,11,November,21,7,Sunday
2027-11-22,2027,Q4,11,November,22,1,Monday
2027-11-23,2027,Q4,11,November,23,2,Tuesday
2027-11-24,2027,Q4,11,November,24,3,Wednesday
2027-11-25,2027,Q4,11,November,25,4,Thursday
2027-11-26,2027,Q4,11,November,26,5,Friday
2027-11-27,2027,Q4,11,November,27,6,Saturday
2027-11-28,2027,Q4,11,November,28,7,Sunday
2027-11-29,2027,Q4,11,November,29,1,Monday
2027-11-30,2027,Q4,11,November,30,2,Tuesday
2027-12-01,2027,Q4,12,December,1,3,Wednesday
2027-12-02,2027,Q4,12,December,2,4,Thursday
2027-12-03,2027,Q4,12,December,3,5,Friday
2027-12-04,2027,Q4,12,December,4,6,Saturday
2027-12-05,2027,Q4,12,December,5,7,Sunday
2027-12-06,2027,Q4,12,December,6,1,Monday
2027-12-07,2027,Q4,12,December,7,2,Tuesday
2027-12-08,2027,Q4,12,December,8,3,Wednesday
2027-12-09,2027,Q4,12,December,9,4,Thursday
2027-12-10,2027,Q4,12,December,10,5,Friday
2027-12-11,2027,Q4,12,December,11,6,Saturday
2027-12-12,2027,Q4,12,December,12,7,Sunday
2027-12-13,2027,Q4,12,December,13,1,Monday
2027-12-14,2027,Q4,12,December,14,2,Tuesday
2027-12-15,2027,Q4,12,December,15,3,Wednesday
2027-12-16,2027,Q4,12,December,16,4,Thursday
2027-12-17,2027,Q4,12,December,17,5,Friday
2027-12-18,2027,Q4,12,December,18,6,Saturday
2027-12-19,2027,Q4,12,December,19,7,Sunday
2027-12-20,2027,Q4,12,December,20,1,Monday
2027-12-21,2027,Q4,12,December,21,2,Tuesday
2027-12-22,2027,Q4,12,December,22,3,Wednesday
2027-12-23,2027,Q4,12,December,23,4,Thursday
2027-12-24,2027,Q4,12,December,24,5,Friday
2027-12-25,2027,Q4,12,December,25,6,Saturday
2027-12-26,2027,Q4,12,December,26,7,Sunday
2027-12-27,2027,Q4,12,December,27,1,Monday
2027-12-28,2027,Q4,12,December,28,2,Tuesday
2027-12-29,2027,Q4,12,December,29,3,Wednesday
2027-12-30,2027,Q4,12,December,30,4,Thursday
2027-12-31,2027,Q4,12,December,31,5,Friday
2028-01-01,2028,Q1,1,January,1,6,Saturday
2028-01-02,2028,Q1,1,January,2,7,Sunday
2028-01-03,2028,Q1,1,January,3,1,Monday
2028-01-04,2028,Q1,1,January,4,2,Tuesday
2028-01-05,2028,Q1,1,January,5,3,Wednesday
2028-01-06,2028,Q1,1,January,6,4,Thursday
2028-01-07,2028,Q1,1,January,7,5,Friday
2028-01-08,2028,Q1,1,January,8,6,Saturday
2028-01-09,2028,Q1,1,January,9,7,Sunday
2028-01-10,2028,Q1,1,January,10,1,Monday
2028-01-11,2028,Q1,1,January,11,2,Tuesday
2028-01-12,2028,Q1,1,January,12,3,Wednesday
2028-01-13,2028,Q1,1,January,13,4,Thursday
2028-01-14,2028,Q1,1,January,14,5,Friday
2028-01-15,2028,Q1,1,January,15,6,Saturday
2028-01-16,2028,Q1,1,January,16,7,Sunday
2028-01-17,2028,Q1,1,January,17,1,Monday
2028-01-18,2028,Q1,1,January,18,2,Tuesday
2028-01-19,2028,Q1,1,January,19,3,Wednesday
2028-01-20,2028,Q1,1,January,20,4,Thursday
2028-01-21,2028,Q1,1,January,21,5,Friday
2028-01-22,2028,Q1,1,January,22,6,Saturday
2028-01-23,2028,Q1,1,January,23,7,Sunday
2028-01-24,2028,Q1,1,January,24,1,Monday
2028-01-25,2028,Q1,1,January,25,2,Tuesday
2028-01-26,2028,Q1,1,January,26,3,Wednesday
2028-01-27,2028,Q1,1,January,27,4,Thursday
2028-01-28,2028,Q1,1,January,28,5,Friday
2028-01-29,2028,Q1,1,January,29,6,Saturday
2028-01-30,2028,Q1,1,January,30,7,Sunday
2028-01-31,2028,Q1,1,January,31,1,Monday
2028-02-01,2028,Q1,2,February,1,2,Tuesday
2028-02-02,2028,Q1,2,February,2,3,Wednesday
2028-02-03,2028,Q1,2,February,3,4,Thursday
2028-02-04,2028,Q1,2,February,4,5,Friday
2028-02-05,2028,Q1,2,February,5,6,Saturday
2028-02-06,2028,Q1,2,February,6,7,Sunday
2028-02-07,2028,Q1,2,February,7,1,Monday
2028-02-08,2028,Q1,2,February,8,2,Tuesday
2028-02-09,2028,Q1,2,February,9,3,Wednesday
2028-02-10,2028,Q1,2,February,10,4,Thursday
2028-02-11,2028,Q1,2,February,11,5,Friday
2028-02-12,2028,Q1,2,February,12,6,Saturday
2028-02-13,2028,Q1,2,February,13,7,Sunday
2028-02-14,2028,Q1,2,February,14,1,Monday
2028-02-15,2028,Q1,2,February,15,2,Tuesday
2028-02-16,2028,Q1,2,February,16,3,Wednesday
2028-02-17,2028,Q1,2,February,17,4,Thursday
2028-02-18,2028,Q1,2,February,18,5,Friday
2028-02-19,2028,Q1,2,February,19,6,Saturday
2028-02-20,2028,Q1,2,February,20,7,Sunday
2028-02-21,2028,Q1,2,February,21,1,Monday
2028-02-22,2028,Q1,2,February,22,2,Tuesday
2028-02-23,2028,Q1,2,February,23,3,Wednesday
2028-02-24,2028,Q1,2,February,24,4,Thursday
2028-02-25,2028,Q1,2,February,25,5,Friday
2028-02-26,2028,Q1,2,February,26,6,Saturday
2028-02-27,2028,Q1,2,February,27,7,Sunday
2028-02-28,2028,Q1,2,February,28,1,Monday
2028-02-29,2028,Q1,2,February,29,2,Tuesday
2028-03-01,2028,Q1,3,March,1,3,Wednesday
2028-03-02,2028,Q1,3,March,2,4,Thursday
2028-03-03,2028,Q1,3,March,3,5,Friday
2028-03-04,2028,Q1,3,March,4,6,Saturday
2028-03-05,2028,Q1,3,March,5,7,Sunday
2028-03-06,2028,Q1,3,March,6,1,Monday
2028-03-07,2028,Q1,3,March,7,2,Tuesday
2028-03-08,2028,Q1,3,March,8,3,Wednesday
2028-03-09,2028,Q1,3,March,9,4,Thursday
2028-03-10,2028,Q1,3,March,10,5,Friday
2028-03-11,2028,Q1,3,March,11,6,Saturday
2028-03-12,2028,Q1,3,March,12,7,Sunday
2028-03-13,2028,Q1,3,March,13,1,Monday
2028-03-14,2028,Q1,3,March,14,2,Tuesday
2028-03-15,2028,Q1,3,March,15,3,Wednesday
2028-03-16,2028,Q1,3,March,16,4,Thursday
2028-03-17,2028,Q1,3,March,17,5,Friday
2028-03-18,2028,Q1,3,March,18,6,Saturday
2028-03-19,2028,Q1,3,March,19,7,Sunday
2028-03-20,2028,Q1,3,March,20,1,Monday
2028-03-21,2028,Q1,3,March,21,2,Tuesday
2028-03-22,2028,Q1,3,March,22,3,Wednesday
2028-03-23,2028,Q1,3,March,23,4,Thursday
2028-03-24,2028,Q1,3,March,24,5,Friday
2028-03-25,2028,Q1,3,March,25,6,Saturday
2028-03-26,2028,Q1,3,March,26,7,Sunday
2028-03-27,2028,Q1,3,March,27,1,Monday
2028-03-28,2028,Q1,3,March,28,2,Tuesday
2028-03-29,2028,Q1,3,March,29,3,Wednesday
2028-03-30,2028,Q1,3,March,30,4,Thursday
2028-03-31,2028,Q1,3,March,31,5,Friday
2028-04-01,2028,Q2,4,April,1,6,Saturday
2028-04-02,2028,Q2,4,April,2,7,Sunday
2028-04-03,2028,Q2,4,April,3,1,Monday
2028-04-04,2028,Q2,4,April,4,2,Tuesday
2028-04-05,2028,Q2,4,April,5,3,Wednesday
2028-04-06,2028,Q2,4,April,6,4,Thursday
2028-04-07,2028,Q2,4,April,7,5,Friday
2028-04-08,2028,Q2,4,April,8,6,Saturday
2028-04-09,2028,Q2,4,April,9,7,Sunday
2028-04-10,2028,Q2,4,April,10,1,Monday
2028-04-11,2028,Q2,4,April,11,2,Tuesday
2028-04-12,2028,Q2,4,April,12,3,Wednesday
2028-04-13,2028,Q2,4,April,13,4,Thursday
2028-04-14,2028,Q2,4,April,14,5,Friday
2028-04-15,2028,Q2,4,April,15,6,Saturday
2028-04-16,2028,Q2,4,April,16,7,Sunday
2028-04-17,2028,Q2,4,April,17,1,Monday
2028-04-18,2028,Q2,4,April,18,2,Tuesday
2028-04-19,2028,Q2,4,April,19,3,Wednesday
2028-04-20,2028,Q2,4,April,20,4,Thursday
2028-04-21,2028,Q2,4,April,21,5,Friday
2028-04-22,2028,Q2,4,April,22,6,Saturday
2028-04-23,2028,Q2,4,April,23,7,Sunday
2028-04-24,2028,Q2,4,April,24,1,Monday
2028-04-25,2028,Q2,4,April,25,2,Tuesday
2028-04-26,2028,Q2,4,April,26,3,Wednesday
2028-04-27,2028,Q2,4,April,27,4,Thursday
2028-04-28,2028,Q2,4,April,28,5,Friday
2028-04-29,2028,Q2,4,April,29,6,Saturday
2028-04-30,2028,Q2,4,April,30,7,Sunday
2028-05-01,2028,Q2,5,May,1,1,Monday
2028-05-02,2028,Q2,5,May,2,2,Tuesday
2028-05-03,2028,Q2,5,May,3,3,Wednesday
2028-05-04,2028,Q2,5,May,4,4,Thursday
2028-05-05,2028,Q2,5,May,5,5,Friday
2028-05-06,2028,Q2,5,May,6,6,Saturday
2028-05-07,2028,Q2,5,May,7,7,Sunday
2028-05-08,2028,Q2,5,May,8,1,Monday
2028-05-09,2028,Q2,5,May,9,2,Tuesday
2028-05-10,2028,Q2,5,May,10,3,Wednesday
2028-05-11,2028,Q2,5,May,11,4,Thursday
2028-05-12,2028,Q2,5,May,12,5,Friday
2028-05-13,2028,Q2,5,May,13,6,Saturday
2028-05-14,2028,Q2,5,May,14,7,Sunday
2028-05-15,2028,Q2,5,May,15,1,Monday
2028-05-16,2028,Q2,5,May,16,2,Tuesday
2028-05-17,2028,Q2,5,May,17,3,Wednesday
2028-05-18,2028,Q2,5,May,18,4,Thursday
2028-05-19,2028,Q2,5,May,19,5,Friday
2028-05-20,2028,Q2,5,May,20,6,Saturday
2028-05-21,2028,Q2,5,May,21,7,Sunday
2028-05-22,2028,Q2,5,May,22,1,Monday
2028-05-23,2028,Q2,5,May,23,2,Tuesday
2028-05-24,2028,Q2,5,May,24,3,Wednesday
2028-05-25,2028,Q2,5,May,25,4,Thursday
2028-05-26,2028,Q2,5,May,26,5,Friday
2028-05-27,2028,Q2,5,May,27,6,Saturday
2028-05-28,2028,Q2,5,May,28,7,Sunday
2028-05-29,2028,Q2,5,May,29,1,Monday
2028-05-30,2028,Q2,5,May,30,2,Tuesday
2028-05-31,2028,Q2,5,May,31,3,Wednesday
2028-06-01,2028,Q2,6,June,1,4,Thursday
2028-06-02,2028,Q2,6,June,2,5,Friday
2028-06-03,2028,Q2,6,June,3,6,Saturday
2028-06-04,2028,Q2,6,June,4,7,Sunday
2028-06-05,2028,Q2,6,June,5,1,Monday
2028-06-06,2028,Q2,6,June,6,2,Tuesday
2028-06-07,2028,Q2,6,June,7,3,Wednesday
2028-06-08,2028,Q2,6,June,8,4,Thursday
2028-06-09,2028,Q2,6,June,9,5,Friday
2028-06-10,2028,Q2,6,June,10,6,Saturday
2028-06-11,2028,Q2,6,June,11,7,Sunday
2028-06-12,2028,Q2,6,June,12,1,Monday
2028-06-13,2028,Q2,6,June,13,2,Tuesday
2028-06-14,2028,Q2,6,June,14,3,Wednesday
2028-06-15,2028,Q2,6,June,15,4,Thursday
2028-06-16,2028,Q2,6,June,16,5,Friday
2028-06-17,2028,Q2,6,June,17,6,Saturday
2028-06-18,2028,Q2,6,June,18,7,Sunday
2028-06-19,2028,Q2,6,June,19,1,Monday
2028-06-20,2028,Q2,6,June,20,2,Tuesday
2028-06-21,2028,Q2,6,June,21,3,Wednesday
2028-06-22,2028,Q2,6,June,22,4,Thursday
2028-06-23,2028,Q2,6,June,23,5,Friday
2028-06-24,2028,Q2,6,June,24,6,Saturday
2028-06-25,2028,Q2,6,June,25,7,Sunday
2028-06-26,2028,Q2,6,June,26,1,Monday
2028-06-27,2028,Q2,6,June,27,2,Tuesday
2028-06-28,2028,Q2,6,June,28,3,Wednesday
2028-06-29,2028,Q2,6,June,29,4,Thursday
2028-06-30,2028,Q2,6,June,30,5,Friday
2028-07-01,2028,Q3,7,July,1,6,Saturday
2028-07-02,2028,Q3,7,July,2,7,Sunday
2028-07-03,2028,Q3,7,July,3,1,Monday
2028-07-04,2028,Q3,7,July,4,2,Tuesday
2028-07-05,2028,Q3,7,July,5,3,Wednesday
2028-07-06,2028,Q3,7,July,6,4,Thursday
2028-07-07,2028,Q3,7,July,7,5,Friday
2028-07-08,2028,Q3,7,July,8,6,Saturday
2028-07-09,2028,Q3,7,July,9,7,Sunday
2028-07-10,2028,Q3,7,July,10,1,Monday
2028-07-11,2028,Q3,7,July,11,2,Tuesday
2028-07-12,2028,Q3,7,July,12,3,Wednesday
2028-07-13,2028,Q3,7,July,13,4,Thursday
2028-07-14,2028,Q3,7,July,14,5,Friday
2028-07-15,2028,Q3,7,July,15,6,Saturday
2028-07-16,2028,Q3,7,July,16,7,Sunday
2028-07-17,2028,Q3,7,July,17,1,Monday
2028-07-18,2028,Q3,7,July,18,2,Tuesday
2028-07-19,2028,Q3,7,July,19,3,Wednesday
2028-07-20,2028,Q3,7,July,20,4,Thursday
2028-07-21,2028,Q3,7,July,21,5,Friday
2028-07-22,2028,Q3,7,July,22,6,Saturday
2028-07-23,2028,Q3,7,July,23,7,Sunday
2028-07-24,2028,Q3,7,July,24,1,Monday
2028-07-25,2028,Q3,7,July,25,2,Tuesday
2028-07-26,2028,Q3,7,July,26,3,Wednesday
2028-07-27,2028,Q3,7,July,27,4,Thursday
2028-07-28,2028,Q3,7,July,28,5,Friday
2028-07-29,2028,Q3,7,July,29,6,Saturday
2028-07-30,2028,Q3,7,July,30,7,Sunday
2028-07-31,2028,Q3,7,July,31,1,Monday
2028-08-01,2028,Q3,8,August,1,2,Tuesday
2028-08-02,2028,Q3,8,August,2,3,Wednesday
2028-08-03,2028,Q3,8,August,3,4,Thursday
2028-08-04,2028,Q3,8,August,4,5,Friday
2028-08-05,2028,Q3,8,August,5,6,Saturday
2028-08-06,2028,Q3,8,August,6,7,Sunday
2028-08-07,2028,Q3,8,August,7,1,Monday
2028-08-08,2028,Q3,8,August,8,2,Tuesday
2028-08-09,2028,Q3,8,August,9,3,Wednesday
2028-08-10,2028,Q3,8,August,10,4,Thursday
2028-08-11,2028,Q3,8,August,11,5,Friday
2028-08-12,2028,Q3,8,August,12,6,Saturday
2028-08-13,2028,Q3,8,August,13,7,Sunday
2028-08-14,2028,Q3,8,August,14,1,Monday
2028-08-15,2028,Q3,8,August,15,2,Tuesday
2028-08-16,2028,Q3,8,August,16,3,Wednesday
2028-08-17,2028,Q3,8,August,17,4,Thursday
2028-08-18,2028,Q3,8,August,18,5,Friday
2028-08-19,2028,Q3,8,August,19,6,Saturday
2028-08-20,2028,Q3,8,August,20,7,Sunday
2028-08-21,2028,Q3,8,August,21,1,Monday
2028-08-22,2028,Q3,8,August,22,2,Tuesday
2028-08-23,2028,Q3,8,August,23,3,Wednesday
2028-08-24,2028,Q3,8,August,24,4,Thursday
2028-08-25,2028,Q3,8,August,25,5,Friday
2028-08-26,2028,Q3,8,August,26,6,Saturday
2028-08-27,2028,Q3,8,August,27,7,Sunday
2028-08-28,2028,Q3,8,August,28,1,Monday
2028-08-29,2028,Q3,8,August,29,2,Tuesday
2028-08-30,2028,Q3,8,August,30,3,Wednesday
2028-08-31,2028,Q3,8,August,31,4,Thursday
2028-09-01,2028,Q3,9,September,1,5,Friday
2028-09-02,2028,Q3,9,September,2,6,Saturday
2028-09-03,2028,Q3,9,September,3,7,Sunday
2028-09-04,2028,Q3,9,September,4,1,Monday
2028-09-05,2028,Q3,9,September,5,2,Tuesday
2028-09-06,2028,Q3,9,September,6,3,Wednesday
2028-09-07,2028,Q3,9,September,7,4,Thursday
2028-09-08,2028,Q3,9,September,8,5,Friday
2028-09-09,2028,Q3,9,September,9,6,Saturday
2028-09-10,2028,Q3,9,September,10,7,Sunday
2028-09-11,2028,Q3,9,September,11,1,Monday
2028-09-12,2028,Q3,9,September,12,2,Tuesday
2028-09-13,2028,Q3,9,September,13,3,Wednesday
2028-09-14,2028,Q3,9,September,14,4,Thursday
2028-09-15,2028,Q3,9,September,15,5,Friday
2028-09-16,2028,Q3,9,September,16,6,Saturday
2028-09-17,2028,Q3,9,September,17,7,Sunday
2028-09-18,2028,Q3,9,September,18,1,Monday
2028-09-19,2028,Q3,9,September,19,2,Tuesday
2028-09-20,2028,Q3,9,September,20,3,Wednesday
2028-09-21,2028,Q3,9,September,21,4,Thursday
2028-09-22,2028,Q3,9,September,22,5,Friday
2028-09-23,2028,Q3,9,September,23,6,Saturday
2028-09-24,2028,Q3,9,September,24,7,Sunday
2028-09-25,2028,Q3,9,September,25,1,Monday
2028-09-26,2028,Q3,9,September,26,2,Tuesday
2028-09-27,2028,Q3,9,September,27,3,Wednesday
2028-09-28,2028,Q3,9,September,28,4,Thursday
2028-09-29,2028,Q3,9,September,29,5,Friday
2028-09-30,2028,Q3,9,September,30,6,Saturday
2028-10-01,2028,Q4,10,October,1,7,Sunday
2028-10-02,2028,Q4,10,October,2,1,Monday
2028-10-03,2028,Q4,10,October,3,2,Tuesday
2028-10-04,2028,Q4,10,October,4,3,Wednesday
2028-10-05,2028,Q4,10,October,5,4,Thursday
2028-10-06,2028,Q4,10,October,6,5,Friday
2028-10-07,2028,Q4,10,October,7,6,Saturday
2028-10-08,2028,Q4,10,October,8,7,Sunday
2028-10-09,2028,Q4,10,October,9,1,Monday
2028-10-10,2028,Q4,10,October,10,2,Tuesday
2028-10-11,2028,Q4,10,October,11,3,Wednesday
2028-10-12,2028,Q4,10,October,12,4,Thursday
2028-10-13,2028,Q4,10,October,13,5,Friday
2028-10-14,2028,Q4,10,October,14,6,Saturday
2028-10-15,2028,Q4,10,October,15,7,Sunday
2028-10-16,2028,Q4,10,October,16,1,Monday
2028-10-17,2028,Q4,10,October,17,2,Tuesday
2028-10-18,2028,Q4,10,October,18,3,Wednesday
2028-10-19,2028,Q4,10,October,19,4,Thursday
2028-10-20,2028,Q4,10,October,20,5,Friday
2028-10-21,2028,Q4,10,October,21,6,Saturday
2028-10-22,2028,Q4,10,October,22,7,Sunday
2028-10-23,2028,Q4,10,October,23,1,Monday
2028-10-24,2028,Q4,10,October,24,2,Tuesday
2028-10-25,2028,Q4,10,October,25,3,Wednesday
2028-10-26,2028,Q4,10,October,26,4,Thursday
2028-10-27,2028,Q4,10,October,27,5,Friday
2028-10-28,2028,Q4,10,October,28,6,Saturday
2028-10-29,2028,Q4,10,October,29,7,Sunday
2028-10-30,2028,Q4,10,October,30,1,Monday
2028-10-31,2028,Q4,10,October,31,2,Tuesday
2028-11-01,2028,Q4,11,November,1,3,Wednesday
2028-11-02,2028,Q4,11,November,2,4,Thursday
2028-11-03,2028,Q4,11,November,3,5,Friday
2028-11-04,2028,Q4,11,November,4,6,Saturday
2028-11-05,2028,Q4,11,November,5,7,Sunday
2028-11-06,2028,Q4,11,November,6,1,Monday
2028-11-07,2028,Q4,11,November,7,2,Tuesday
2028-11-08,2028,Q4,11,November,8,3,Wednesday
2028-11-09,2028,Q4,11,November,9,4,Thursday
2028-11-10,2028,Q4,11,November,10,5,Friday
2028-11-11,2028,Q4,11,November,11,6,Saturday
2028-11-12,2028,Q4,11,November,12,7,Sunday
2028-11-13,2028,Q4,11,November,13,1,Monday
2028-11-14,2028,Q4,11,November,14,2,Tuesday
2028-11-15,2028,Q4,11,November,15,3,Wednesday
2028-11-16,2028,Q4,11,November,16,4,Thursday
2028-11-17,2028,Q4,11,November,17,5,Friday
2028-11-18,2028,Q4,11,November,18,6,Saturday
2028-11-19,2028,Q4,11,November,19,7,Sunday
2028-11-20,2028,Q4,11,November,20,1,Monday
2028-11-21,2028,Q4,11,November,21,2,Tuesday
2028-11-22,2028,Q4,11,November,22,3,Wednesday
2028-11-23,2028,Q4,11,November,23,4,Thursday
2028-11-24,2028,Q4,11,November,24,5,Friday
2028-11-25,2028,Q4,11,November,25,6,Saturday
2028-11-26,2028,Q4,11,November,26,7,Sunday
2028-11-27,2028,Q4,11,November,27,1,Monday
2028-11-28,2028,Q4,11,November,28,2,Tuesday
2028-11-29,2028,Q4,11,November,29,3,Wednesday
2028-11-30,2028,Q4,11,November,30,4,Thursday
2028-12-01,2028,Q4,12,December,1,5,Friday
2028-12-02,2028,Q4,12,December,2,6,Saturday
2028-12-03,2028,Q4,12,December,3,7,Sunday
2028-12-04,2028,Q4,12,December,4,1,Monday
2028-12-05,2028,Q4,12,December,5,2,Tuesday
2028-12-06,2028,Q4,12,December,6,3,Wednesday
2028-12-07,2028,Q4,12,December,7,4,Thursday
2028-12-08,2028,Q4,12,December,8,5,Friday
2028-12-09,2028,Q4,12,December,9,6,Saturday
2028-12-10,2028,Q4,12,December,10,7,Sunday
2028-12-11,2028,Q4,12,December,11,1,Monday
2028-12-12,2028,Q4,12,December,12,2,Tuesday
2028-12-13,2028,Q4,12,December,13,3,Wednesday
2028-12-14,2028,Q4,12,December,14,4,Thursday
2028-12-15,2028,Q4,12,December,15,5,Friday
2028-12-16,2028,Q4,12,December,16,6,Saturday
2028-12-17,2028,Q4,12,December,17,7,Sunday
2028-12-18,2028,Q4,12,December,18,1,Monday
2028-12-19,2028,Q4,12,December,19,2,Tuesday
2028-12-20,2028,Q4,12,December,20,3,Wednesday
2028-12-21,2028,Q4,12,December,21,4,Thursday
2028-12-22,2028,Q4,12,December,22,5,Friday
2028-12-23,2028,Q4,12,December,23,6,Saturday
2028-12-24,2028,Q4,12,December,24,7,Sunday
2028-12-25,2028,Q4,12,December,25,1,Monday
2028-12-26,2028,Q4,12,December,26,2,Tuesday
2028-12-27,2028,Q4,12,December,27,3,Wednesday
2028-12-28,2028,Q4,12,December,28,4,Thursday
2028-12-29,2028,Q4,12,December,29,5,Friday
2028-12-30,2028,Q4,12,December,30,6,Saturday
2028-12-31,2028,Q4,12,December,31,7,Sunday
2029-01-01,2029,Q1,1,January,1,1,Monday
2029-01-02,2029,Q1,1,January,2,2,Tuesday
2029-01-03,2029,Q1,1,January,3,3,Wednesday
2029-01-04,2029,Q1,1,January,4,4,Thursday
2029-01-05,2029,Q1,1,January,5,5,Friday
2029-01-06,2029,Q1,1,January,6,6,Saturday
2029-01-07,2029,Q1,1,January,7,7,Sunday
2029-01-08,2029,Q1,1,January,8,1,Monday
2029-01-09,2029,Q1,1,January,9,2,Tuesday
2029-01-10,2029,Q1,1,January,10,3,Wednesday
2029-01-11,2029,Q1,1,January,11,4,Thursday
2029-01-12,2029,Q1,1,January,12,5,Friday
2029-01-13,2029,Q1,1,January,13,6,Saturday
2029-01-14,2029,Q1,1,January,14,7,Sunday
2029-01-15,2029,Q1,1,January,15,1,Monday
2029-01-16,2029,Q1,1,January,16,2,Tuesday
2029-01-17,2029,Q1,1,January,17,3,Wednesday
2029-01-18,2029,Q1,1,January,18,4,Thursday
2029-01-19,2029,Q1,1,January,19,5,Friday
2029-01-20,2029,Q1,1,January,20,6,Saturday
2029-01-21,2029,Q1,1,January,21,7,Sunday
2029-01-22,2029,Q1,1,January,22,1,Monday
2029-01-23,2029,Q1,1,January,23,2,Tuesday
2029-01-24,2029,Q1,1,January,24,3,Wednesday
2029-01-25,2029,Q1,1,January,25,4,Thursday
2029-01-26,2029,Q1,1,January,26,5,Friday
2029-01-27,2029,Q1,1,January,27,6,Saturday
2029-01-28,2029,Q1,1,January,28,7,Sunday
2029-01-29,2029,Q1,1,January,29,1,Monday
2029-01-30,2029,Q1,1,January,30,2,Tuesday
2029-01-31,2029,Q1,1,January,31,3,Wednesday
2029-02-01,2029,Q1,2,February,1,4,Thursday
2029-02-02,2029,Q1,2,February,2,5,Friday
2029-02-03,2029,Q1,2,February,3,6,Saturday
2029-02-04,2029,Q1,2,February,4,7,Sunday
2029-02-05,2029,Q1,2,February,5,1,Monday
2029-02-06,2029,Q1,2,February,6,2,Tuesday
2029-02-07,2029,Q1,2,February,7,3,Wednesday
2029-02-08,2029,Q1,2,February,8,4,Thursday
2029-02-09,2029,Q1,2,February,9,5,Friday
2029-02-10,2029,Q1,2,February,10,6,Saturday
2029-02-11,2029,Q1,2,February,11,7,Sunday
2029-02-12,2029,Q1,2,February,12,1,Monday
2029-02-13,2029,Q1,2,February,13,2,Tuesday
2029-02-14,2029,Q1,2,February,14,3,Wednesday
2029-02-15,2029,Q1,2,February,15,4,Thursday
2029-02-16,2029,Q1,2,February,16,5,Friday
2029-02-17,2029,Q1,2,February,17,6,Saturday
2029-02-18,2029,Q1,2,February,18,7,Sunday
2029-02-19,2029,Q1,2,February,19,1,Monday
2029-02-20,2029,Q1,2,February,20,2,Tuesday
2029-02-21,2029,Q1,2,February,21,3,Wednesday
2029-02-22,2029,Q1,2,February,22,4,Thursday
2029-02-23,2029,Q1,2,February,23,5,Friday
2029-02-24,2029,Q1,2,February,24,6,Saturday
2029-02-25,2029,Q1,2,February,25,7,Sunday
2029-02-26,2029,Q1,2,February,26,1,Monday
2029-02-27,2029,Q1,2,February,27,2,Tuesday
2029-02-28,2029,Q1,2,February,28,3,Wednesday
2029-03-01,2029,Q1,3,March,1,4,Thursday
2029-03-02,2029,Q1,3,March,2,5,Friday
2029-03-03,2029,Q1,3,March,3,6,Saturday
2029-03-04,2029,Q1,3,March,4,7,Sunday
2029-03-05,2029,Q1,3,March,5,1,Monday
2029-03-06,2029,Q1,3,March,6,2,Tuesday
2029-03-07,2029,Q1,3,March,7,3,Wednesday
2029-03-08,2029,Q1,3,March,8,4,Thursday
2029-03-09,2029,Q1,3,March,9,5,Friday
2029-03-10,2029,Q1,3,March,10,6,Saturday
2029-03-11,2029,Q1,3,March,11,7,Sunday
2029-03-12,2029,Q1,3,March,12,1,Monday
2029-03-13,2029,Q1,3,March,13,2,Tuesday
2029-03-14,2029,Q1,3,March,14,3,Wednesday
2029-03-15,2029,Q1,3,March,15,4,Thursday
2029-03-16,2029,Q1,3,March,16,5,Friday
2029-03-17,2029,Q1,3,March,17,6,Saturday
2029-03-18,2029,Q1,3,March,18,7,Sunday
2029-03-19,2029,Q1,3,March,19,1,Monday
2029-03-20,2029,Q1,3,March,20,2,Tuesday
2029-03-21,2029,Q1,3,March,21,3,Wednesday
2029-03-22,2029,Q1,3,March,22,4,Thursday
2029-03-23,2029,Q1,3,March,23,5,Friday
2029-03-24,2029,Q1,3,March,24,6,Saturday
2029-03-25,2029,Q1,3,March,25,7,Sunday
2029-03-26,2029,Q1,3,March,26,1,Monday
2029-03-27,2029,Q1,3,March,27,2,Tuesday
2029-03-28,2029,Q1,3,March,28,3,Wednesday
2029-03-29,2029,Q1,3,March,29,4,Thursday
2029-03-30,2029,Q1,3,March,30,5,Friday
2029-03-31,2029,Q1,3,March,31,6,Saturday
2029-04-01,2029,Q2,4,April,1,7,Sunday
2029-04-02,2029,Q2,4,April,2,1,Monday
2029-04-03,2029,Q2,4,April,3,2,Tuesday
2029-04-04,2029,Q2,4,April,4,3,Wednesday
2029-04-05,2029,Q2,4,April,5,4,Thursday
2029-04-06,2029,Q2,4,April,6,5,Friday
2029-04-07,2029,Q2,4,April,7,6,Saturday
2029-04-08,2029,Q2,4,April,8,7,Sunday
2029-04-09,2029,Q2,4,April,9,1,Monday
2029-04-10,2029,Q2,4,April,10,2,Tuesday
2029-04-11,2029,Q2,4,April,11,3,Wednesday
2029-04-12,2029,Q2,4,April,12,4,Thursday
2029-04-13,2029,Q2,4,April,13,5,Friday
2029-04-14,2029,Q2,4,April,14,6,Saturday
2029-04-15,2029,Q2,4,April,15,7,Sunday
2029-04-16,2029,Q2,4,April,16,1,Monday
2029-04-17,2029,Q2,4,April,17,2,Tuesday
2029-04-18,2029,Q2,4,April,18,3,Wednesday
2029-04-19,2029,Q2,4,April,19,4,Thursday
2029-04-20,2029,Q2,4,April,20,5,Friday
2029-04-21,2029,Q2,4,April,21,6,Saturday
2029-04-22,2029,Q2,4,April,22,7,Sunday
2029-04-23,2029,Q2,4,April,23,1,Monday
2029-04-24,2029,Q2,4,April,24,2,Tuesday
2029-04-25,2029,Q2,4,April,25,3,Wednesday
2029-04-26,2029,Q2,4,April,26,4,Thursday
2029-04-27,2029,Q2,4,April,27,5,Friday
2029-04-28,2029,Q2,4,April,28,6,Saturday
2029-04-29,2029,Q2,4,April,29,7,Sunday
2029-04-30,2029,Q2,4,April,30,1,Monday
2029-05-01,2029,Q2,5,May,1,2,Tuesday
2029-05-02,2029,Q2,5,May,2,3,Wednesday
2029-05-03,2029,Q2,5,May,3,4,Thursday
2029-05-04,2029,Q2,5,May,4,5,Friday
2029-05-05,2029,Q2,5,May,5,6,Saturday
2029-05-06,2029,Q2,5,May,6,7,Sunday
2029-05-07,2029,Q2,5,May,7,1,Monday
2029-05-08,2029,Q2,5,May,8,2,Tuesday
2029-05-09,2029,Q2,5,May,9,3,Wednesday
2029-05-10,2029,Q2,5,May,10,4,Thursday
2029-05-11,2029,Q2,5,May,11,5,Friday
2029-05-12,2029,Q2,5,May,12,6,Saturday
2029-05-13,2029,Q2,5,May,13,7,Sunday
2029-05-14,2029,Q2,5,May,14,1,Monday
2029-05-15,2029,Q2,5,May,15,2,Tuesday
2029-05-16,2029,Q2,5,May,16,3,Wednesday
2029-05-17,2029,Q2,5,May,17,4,Thursday
2029-05-18,2029,Q2,5,May,18,5,Friday
2029-05-19,2029,Q2,5,May,19,6,Saturday
2029-05-20,2029,Q2,5,May,20,7,Sunday
2029-05-21,2029,Q2,5,May,21,1,Monday
2029-05-22,2029,Q2,5,May,22,2,Tuesday
2029-05-23,2029,Q2,5,May,23,3,Wednesday
2029-05-24,2029,Q2,5,May,24,4,Thursday
2029-05-25,2029,Q2,5,May,25,5,Friday
2029-05-26,2029,Q2,5,May,26,6,Saturday
2029-05-27,2029,Q2,5,May,27,7,Sunday
2029-05-28,2029,Q2,5,May,28,1,Monday
2029-05-29,2029,Q2,5,May,29,2,Tuesday
2029-05-30,2029,Q2,5,May,30,3,Wednesday
2029-05-31,2029,Q2,5,May,31,4,Thursday
2029-06-01,2029,Q2,6,June,1,5,Friday
2029-06-02,2029,Q2,6,June,2,6,Saturday
2029-06-03,2029,Q2,6,June,3,7,Sunday
2029-06-04,2029,Q2,6,June,4,1,Monday
2029-06-05,2029,Q2,6,June,5,2,Tuesday
2029-06-06,2029,Q2,6,June,6,3,Wednesday
2029-06-07,2029,Q2,6,June,7,4,Thursday
2029-06-08,2029,Q2,6,June,8,5,Friday
2029-06-09,2029,Q2,6,June,9,6,Saturday
2029-06-10,2029,Q2,6,June,10,7,Sunday
2029-06-11,2029,Q2,6,June,11,1,Monday
2029-06-12,2029,Q2,6,June,12,2,Tuesday
2029-06-13,2029,Q2,6,June,13,3,Wednesday
2029-06-14,2029,Q2,6,June,14,4,Thursday
2029-06-15,2029,Q2,6,June,15,5,Friday
2029-06-16,2029,Q2,6,June,16,6,Saturday
2029-06-17,2029,Q2,6,June,17,7,Sunday
2029-06-18,2029,Q2,6,June,18,1,Monday
2029-06-19,2029,Q2,6,June,19,2,Tuesday
2029-06-20,2029,Q2,6,June,20,3,Wednesday
2029-06-21,2029,Q2,6,June,21,4,Thursday
2029-06-22,2029,Q2,6,June,22,5,Friday
2029-06-23,2029,Q2,6,June,23,6,Saturday
2029-06-24,2029,Q2,6,June,24,7,Sunday
2029-06-25,2029,Q2,6,June,25,1,Monday
2029-06-26,2029,Q2,6,June,26,2,Tuesday
2029-06-27,2029,Q2,6,June,27,3,Wednesday
2029-06-28,2029,Q2,6,June,28,4,Thursday
2029-06-29,2029,Q2,6,June,29,5,Friday
2029-06-30,2029,Q2,6,June,30,6,Saturday
2029-07-01,2029,Q3,7,July,1,7,Sunday
2029-07-02,2029,Q3,7,July,2,1,Monday
2029-07-03,2029,Q3,7,July,3,2,Tuesday
2029-07-04,2029,Q3,7,July,4,3,Wednesday
2029-07-05,2029,Q3,7,July,5,4,Thursday
2029-07-06,2029,Q3,7,July,6,5,Friday
2029-07-07,2029,Q3,7,July,7,6,Saturday
2029-07-08,2029,Q3,7,July,8,7,Sunday
2029-07-09,2029,Q3,7,July,9,1,Monday
2029-07-10,2029,Q3,7,July,10,2,Tuesday
2029-07-11,2029,Q3,7,July,11,3,Wednesday
2029-07-12,2029,Q3,7,July,12,4,Thursday
2029-07-13,2029,Q3,7,July,13,5,Friday
2029-07-14,2029,Q3,7,July,14,6,Saturday
2029-07-15,2029,Q3,7,July,15,7,Sunday
2029-07-16,2029,Q3,7,July,16,1,Monday
2029-07-17,2029,Q3,7,July,17,2,Tuesday
2029-07-18,2029,Q3,7,July,18,3,Wednesday
2029-07-19,2029,Q3,7,July,19,4,Thursday
2029-07-20,2029,Q3,7,July,20,5,Friday
2029-07-21,2029,Q3,7,July,21,6,Saturday
2029-07-22,2029,Q3,7,July,22,7,Sunday
2029-07-23,2029,Q3,7,July,23,1,Monday
2029-07-24,2029,Q3,7,July,24,2,Tuesday
2029-07-25,2029,Q3,7,July,25,3,Wednesday
2029-07-26,2029,Q3,7,July,26,4,Thursday
2029-07-27,2029,Q3,7,July,27,5,Friday
2029-07-28,2029,Q3,7,July,28,6,Saturday
2029-07-29,2029,Q3,7,July,29,7,Sunday
2029-07-30,2029,Q3,7,July,30,1,Monday
2029-07-31,2029,Q3,7,July,31,2,Tuesday
2029-08-01,2029,Q3,8,August,1,3,Wednesday
2029-08-02,2029,Q3,8,August,2,4,Thursday
2029-08-03,2029,Q3,8,August,3,5,Friday
2029-08-04,2029,Q3,8,August,4,6,Saturday
2029-08-05,2029,Q3,8,August,5,7,Sunday
2029-08-06,2029,Q3,8,August,6,1,Monday
2029-08-07,2029,Q3,8,August,7,2,Tuesday
2029-08-08,2029,Q3,8,August,8,3,Wednesday
2029-08-09,2029,Q3,8,August,9,4,Thursday
2029-08-10,2029,Q3,8,August,10,5,Friday
2029-08-11,2029,Q3,8,August,11,6,Saturday
2029-08-12,2029,Q3,8,August,12,7,Sunday
2029-08-13,2029,Q3,8,August,13,1,Monday
2029-08-14,2029,Q3,8,August,14,2,Tuesday
2029-08-15,2029,Q3,8,August,15,3,Wednesday
2029-08-16,2029,Q3,8,August,16,4,Thursday
2029-08-17,2029,Q3,8,August,17,5,Friday
2029-08-18,2029,Q3,8,August,18,6,Saturday
2029-08-19,2029,Q3,8,August,19,7,Sunday
2029-08-20,2029,Q3,8,August,20,1,Monday
2029-08-21,2029,Q3,8,August,21,2,Tuesday
2029-08-22,2029,Q3,8,August,22,3,Wednesday
2029-08-23,2029,Q3,8,August,23,4,Thursday
2029-08-24,2029,Q3,8,August,24,5,Friday
2029-08-25,2029,Q3,8,August,25,6,Saturday
2029-08-26,2029,Q3,8,August,26,7,Sunday
2029-08-27,2029,Q3,8,August,27,1,Monday
2029-08-28,2029,Q3,8,August,28,2,Tuesday
2029-08-29,2029,Q3,8,August,29,3,Wednesday
2029-08-30,2029,Q3,8,August,30,4,Thursday
2029-08-31,2029,Q3,8,August,31,5,Friday
2029-09-01,2029,Q3,9,September,1,6,Saturday
2029-09-02,2029,Q3,9,September,2,7,Sunday
2029-09-03,2029,Q3,9,September,3,1,Monday
2029-09-04,2029,Q3,9,September,4,2,Tuesday
2029-09-05,2029,Q3,9,September,5,3,Wednesday
2029-09-06,2029,Q3,9,September,6,4,Thursday
2029-09-07,2029,Q3,9,September,7,5,Friday
2029-09-08,2029,Q3,9,September,8,6,Saturday
2029-09-09,2029,Q3,9,September,9,7,Sunday
2029-09-10,2029,Q3,9,September,10,1,Monday
2029-09-11,2029,Q3,9,September,11,2,Tuesday
2029-09-12,2029,Q3,9,September,12,3,Wednesday
2029-09-13,2029,Q3,9,September,13,4,Thursday
2029-09-14,2029,Q3,9,September,14,5,Friday
2029-09-15,2029,Q3,9,September,15,6,Saturday
2029-09-16,2029,Q3,9,September,16,7,Sunday
2029-09-17,2029,Q3,9,September,17,1,Monday
2029-09-18,2029,Q3,9,September,18,2,Tuesday
2029-09-19,2029,Q3,9,September,19,3,Wednesday
2029-09-20,2029,Q3,9,September,20,4,Thursday
2029-09-21,2029,Q3,9,September,21,5,Friday
2029-09-22,2029,Q3,9,September,22,6,Saturday
2029-09-23,2029,Q3,9,September,23,7,Sunday
2029-09-24,2029,Q3,9,September,24,1,Monday
2029-09-25,2029,Q3,9,September,25,2,Tuesday
2029-09-26,2029,Q3,9,September,26,3,Wednesday
2029-09-27,2029,Q3,9,September,27,4,Thursday
2029-09-28,2029,Q3,9,September,28,5,Friday
2029-09-29,2029,Q3,9,September,29,6,Saturday
2029-09-30,2029,Q3,9,September,30,7,Sunday
2029-10-01,2029,Q4,10,October,1,1,Monday
2029-10-02,2029,Q4,10,October,2,2,Tuesday
2029-10-03,2029,Q4,10,October,3,3,Wednesday
2029-10-04,2029,Q4,10,October,4,4,Thursday
2029-10-05,2029,Q4,10,October,5,5,Friday
2029-10-06,2029,Q4,10,October,6,6,Saturday
2029-10-07,2029,Q4,10,October,7,7,Sunday
2029-10-08,2029,Q4,10,October,8,1,Monday
2029-10-09,2029,Q4,10,October,9,2,Tuesday
2029-10-10,2029,Q4,10,October,10,3,Wednesday
2029-10-11,2029,Q4,10,October,11,4,Thursday
2029-10-12,2029,Q4,10,October,12,5,Friday
2029-10-13,2029,Q4,10,October,13,6,Saturday
2029-10-14,2029,Q4,10,October,14,7,Sunday
2029-10-15,2029,Q4,10,October,15,1,Monday
2029-10-16,2029,Q4,10,October,16,2,Tuesday
2029-10-17,2029,Q4,10,October,17,3,Wednesday
2029-10-18,2029,Q4,10,October,18,4,Thursday
2029-10-19,2029,Q4,10,October,19,5,Friday
2029-10-20,2029,Q4,10,October,20,6,Saturday
2029-10-21,2029,Q4,10,October,21,7,Sunday
2029-10-22,2029,Q4,10,October,22,1,Monday
2029-10-23,2029,Q4,10,October,23,2,Tuesday
2029-10-24,2029,Q4,10,October,24,3,Wednesday
2029-10-25,2029,Q4,10,October,25,4,Thursday
2029-10-26,2029,Q4,10,October,26,5,Friday
2029-10-27,2029,Q4,10,October,27,6,Saturday
2029-10-28,2029,Q4,10,October,28,7,Sunday
2029-10-29,2029,Q4,10,October,29,1,Monday
2029-10-30,2029,Q4,10,October,30,2,Tuesday
2029-10-31,2029,Q4,10,October,31,3,Wednesday
2029-11-01,2029,Q4,11,November,1,4,Thursday
2029-11-02,2029,Q4,11,November,2,5,Friday
2029-11-03,2029,Q4,11,November,3,6,Saturday
2029-11-04,2029,Q4,11,November,4,7,Sunday
2029-11-05,2029,Q4,11,November,5,1,Monday
2029-11-06,2029,Q4,11,November,6,2,Tuesday
2029-11-07,2029,Q4,11,November,7,3,Wednesday
2029-11-08,2029,Q4,11,November,8,4,Thursday
2029-11-09,2029,Q4,11,November,9,5,Friday
2029-11-10,2029,Q4,11,November,10,6,Saturday
2029-11-11,2029,Q4,11,November,11,7,Sunday
2029-11-12,2029,Q4,11,November,12,1,Monday
2029-11-13,2029,Q4,11,November,13,2,Tuesday
2029-11-14,2029,Q4,11,November,14,3,Wednesday
2029-11-15,2029,Q4,11,November,15,4,Thursday
2029-11-16,2029,Q4,11,November,16,5,Friday
2029-11-17,2029,Q4,11,November,17,6,Saturday
2029-11-18,2029,Q4,11,November,18,7,Sunday
2029-11-19,2029,Q4,11,November,19,1,Monday
2029-11-20,2029,Q4,11,November,20,2,Tuesday
2029-11-21,2029,Q4,11,November,21,3,Wednesday
2029-11-22,2029,Q4,11,November,22,4,Thursday
2029-11-23,2029,Q4,11,November,23,5,Friday
2029-11-24,2029,Q4,11,November,24,6,Saturday
2029-11-25,2029,Q4,11,November,25,7,Sunday
2029-11-26,2029,Q4,11,November,26,1,Monday
2029-11-27,2029,Q4,11,November,27,2,Tuesday
2029-11-28,2029,Q4,11,November,28,3,Wednesday
2029-11-29,2029,Q4,11,November,29,4,Thursday
2029-11-30,2029,Q4,11,November,30,5,Friday
2029-12-01,2029,Q4,12,December,1,6,Saturday
2029-12-02,2029,Q4,12,December,2,7,Sunday
2029-12-03,2029,Q4,12,December,3,1,Monday
2029-12-04,2029,Q4,12,December,4,2,Tuesday
2029-12-05,2029,Q4,12,December,5,3,Wednesday
2029-12-06,2029,Q4,12,December,6,4,Thursday
2029-12-07,2029,Q4,12,December,7,5,Friday
2029-12-08,2029,Q4,12,December,8,6,Saturday
2029-12-09,2029,Q4,12,December,9,7,Sunday
2029-12-10,2029,Q4,12,December,10,1,Monday
2029-12-11,2029,Q4,12,December,11,2,Tuesday
2029-12-12,2029,Q4,12,December,12,3,Wednesday
2029-12-13,2029,Q4,12,December,13,4,Thursday
2029-12-14,2029,Q4,12,December,14,5,Friday
2029-12-15,2029,Q4,12,December,15,6,Saturday
2029-12-16,2029,Q4,12,December,16,7,Sunday
2029-12-17,2029,Q4,12,December,17,1,Monday
2029-12-18,2029,Q4,12,December,18,2,Tuesday
2029-12-19,2029,Q4,12,December,19,3,Wednesday
2029-12-20,2029,Q4,12,December,20,4,Thursday
2029-12-21,2029,Q4,12,December,21,5,Friday
2029-12-22,2029,Q4,12,December,22,6,Saturday
2029-12-23,2029,Q4,12,December,23,7,Sunday
2029-12-24,2029,Q4,12,December,24,1,Monday
2029-12-25,2029,Q4,12,December,25,2,Tuesday
2029-12-26,2029,Q4,12,December,26,3,Wednesday
2029-12-27,2029,Q4,12,December,27,4,Thursday
2029-12-28,2029,Q4,12,December,28,5,Friday
2029-12-29,2029,Q4,12,December,29,6,Saturday
2029-12-30,2029,Q4,12,December,30,7,Sunday
2029-12-31,2029,Q4,12,December,31,1,Monday
2030-01-01,2030,Q1,1,January,1,2,Tuesday
2030-01-02,2030,Q1,1,January,2,3,Wednesday
2030-01-03,2030,Q1,1,January,3,4,Thursday
2030-01-04,2030,Q1,1,January,4,5,Friday
2030-01-05,2030,Q1,1,January,5,6,Saturday
2030-01-06,2030,Q1,1,January,6,7,Sunday
2030-01-07,2030,Q1,1,January,7,1,Monday
2030-01-08,2030,Q1,1,January,8,2,Tuesday
2030-01-09,2030,Q1,1,January,9,3,Wednesday
2030-01-10,2030,Q1,1,January,10,4,Thursday
2030-01-11,2030,Q1,1,January,11,5,Friday
2030-01-12,2030,Q1,1,January,12,6,Saturday
2030-01-13,2030,Q1,1,January,13,7,Sunday
2030-01-14,2030,Q1,1,January,14,1,Monday
2030-01-15,2030,Q1,1,January,15,2,Tuesday
2030-01-16,2030,Q1,1,January,16,3,Wednesday
2030-01-17,2030,Q1,1,January,17,4,Thursday
2030-01-18,2030,Q1,1,January,18,5,Friday
2030-01-19,2030,Q1,1,January,19,6,Saturday
2030-01-20,2030,Q1,1,January,20,7,Sunday
2030-01-21,2030,Q1,1,January,21,1,Monday
2030-01-22,2030,Q1,1,January,22,2,Tuesday
2030-01-23,2030,Q1,1,January,23,3,Wednesday
2030-01-24,2030,Q1,1,January,24,4,Thursday
2030-01-25,2030,Q1,1,January,25,5,Friday
2030-01-26,2030,Q1,1,January,26,6,Saturday
2030-01-27,2030,Q1,1,January,27,7,Sunday
2030-01-28,2030,Q1,1,January,28,1,Monday
2030-01-29,2030,Q1,1,January,29,2,Tuesday
2030-01-30,2030,Q1,1,January,30,3,Wednesday
2030-01-31,2030,Q1,1,January,31,4,Thursday
2030-02-01,2030,Q1,2,February,1,5,Friday
2030-02-02,2030,Q1,2,February,2,6,Saturday
2030-02-03,2030,Q1,2,February,3,7,Sunday
2030-02-04,2030,Q1,2,February,4,1,Monday
2030-02-05,2030,Q1,2,February,5,2,Tuesday
2030-02-06,2030,Q1,2,February,6,3,Wednesday
2030-02-07,2030,Q1,2,February,7,4,Thursday
2030-02-08,2030,Q1,2,February,8,5,Friday
2030-02-09,2030,Q1,2,February,9,6,Saturday
2030-02-10,2030,Q1,2,February,10,7,Sunday
2030-02-11,2030,Q1,2,February,11,1,Monday
2030-02-12,2030,Q1,2,February,12,2,Tuesday
2030-02-13,2030,Q1,2,February,13,3,Wednesday
2030-02-14,2030,Q1,2,February,14,4,Thursday
2030-02-15,2030,Q1,2,February,15,5,Friday
2030-02-16,2030,Q1,2,February,16,6,Saturday
2030-02-17,2030,Q1,2,February,17,7,Sunday
2030-02-18,2030,Q1,2,February,18,1,Monday
2030-02-19,2030,Q1,2,February,19,2,Tuesday
2030-02-20,2030,Q1,2,February,20,3,Wednesday
2030-02-21,2030,Q1,2,February,21,4,Thursday
2030-02-22,2030,Q1,2,February,22,5,Friday
2030-02-23,2030,Q1,2,February,23,6,Saturday
2030-02-24,2030,Q1,2,February,24,7,Sunday
2030-02-25,2030,Q1,2,February,25,1,Monday
2030-02-26,2030,Q1,2,February,26,2,Tuesday
2030-02-27,2030,Q1,2,February,27,3,Wednesday
2030-02-28,2030,Q1,2,February,28,4,Thursday
2030-03-01,2030,Q1,3,March,1,5,Friday
2030-03-02,2030,Q1,3,March,2,6,Saturday
2030-03-03,2030,Q1,3,March,3,7,Sunday
2030-03-04,2030,Q1,3,March,4,1,Monday
2030-03-05,2030,Q1,3,March,5,2,Tuesday
2030-03-06,2030,Q1,3,March,6,3,Wednesday
2030-03-07,2030,Q1,3,March,7,4,Thursday
2030-03-08,2030,Q1,3,March,8,5,Friday
2030-03-09,2030,Q1,3,March,9,6,Saturday
2030-03-10,2030,Q1,3,March,10,7,Sunday
2030-03-11,2030,Q1,3,March,11,1,Monday
2030-03-12,2030,Q1,3,March,12,2,Tuesday
2030-03-13,2030,Q1,3,March,13,3,Wednesday
2030-03-14,2030,Q1,3,March,14,4,Thursday
2030-03-15,2030,Q1,3,March,15,5,Friday
2030-03-16,2030,Q1,3,March,16,6,Saturday
2030-03-17,2030,Q1,3,March,17,7,Sunday
2030-03-18,2030,Q1,3,March,18,1,Monday
2030-03-19,2030,Q1,3,March,19,2,Tuesday
2030-03-20,2030,Q1,3,March,20,3,Wednesday
2030-03-21,2030,Q1,3,March,21,4,Thursday
2030-03-22,2030,Q1,3,March,22,5,Friday
2030-03-23,2030,Q1,3,March,23,6,Saturday
2030-03-24,2030,Q1,3,March,24,7,Sunday
2030-03-25,2030,Q1,3,March,25,1,Monday
2030-03-26,2030,Q1,3,March,26,2,Tuesday
2030-03-27,2030,Q1,3,March,27,3,Wednesday
2030-03-28,2030,Q1,3,March,28,4,Thursday
2030-03-29,2030,Q1,3,March,29,5,Friday
2030-03-30,2030,Q1,3,March,30,6,Saturday
2030-03-31,2030,Q1,3,March,31,7,Sunday
2030-04-01,2030,Q2,4,April,1,1,Monday
2030-04-02,2030,Q2,4,April,2,2,Tuesday
2030-04-03,2030,Q2,4,April,3,3,Wednesday
2030-04-04,2030,Q2,4,April,4,4,Thursday
2030-04-05,2030,Q2,4,April,5,5,Friday
2030-04-06,2030,Q2,4,April,6,6,Saturday
2030-04-07,2030,Q2,4,April,7,7,Sunday
2030-04-08,2030,Q2,4,April,8,1,Monday
2030-04-09,2030,Q2,4,April,9,2,Tuesday
2030-04-10,2030,Q2,4,April,10,3,Wednesday
2030-04-11,2030,Q2,4,April,11,4,Thursday
2030-04-12,2030,Q2,4,April,12,5,Friday
2030-04-13,2030,Q2,4,April,13,6,Saturday
2030-04-14,2030,Q2,4,April,14,7,Sunday
2030-04-15,2030,Q2,4,April,15,1,Monday
2030-04-16,2030,Q2,4,April,16,2,Tuesday
2030-04-17,2030,Q2,4,April,17,3,Wednesday
2030-04-18,2030,Q2,4,April,18,4,Thursday
2030-04-19,2030,Q2,4,April,19,5,Friday
2030-04-20,2030,Q2,4,April,20,6,Saturday
2030-04-21,2030,Q2,4,April,21,7,Sunday
2030-04-22,2030,Q2,4,April,22,1,Monday
2030-04-23,2030,Q2,4,April,23,2,Tuesday
2030-04-24,2030,Q2,4,April,24,3,Wednesday
2030-04-25,2030,Q2,4,April,25,4,Thursday
2030-04-26,2030,Q2,4,April,26,5,Friday
2030-04-27,2030,Q2,4,April,27,6,Saturday
2030-04-28,2030,Q2,4,April,28,7,Sunday
2030-04-29,2030,Q2,4,April,29,1,Monday
2030-04-30,2030,Q2,4,April,30,2,Tuesday
2030-05-01,2030,Q2,5,May,1,3,Wednesday
2030-05-02,2030,Q2,5,May,2,4,Thursday
2030-05-03,2030,Q2,5,May,3,5,Friday
2030-05-04,2030,Q2,5,May,4,6,Saturday
2030-05-05,2030,Q2,5,May,5,7,Sunday
2030-05-06,2030,Q2,5,May,6,1,Monday
2030-05-07,2030,Q2,5,May,7,2,Tuesday
2030-05-08,2030,Q2,5,May,8,3,Wednesday
2030-05-09,2030,Q2,5,May,9,4,Thursday
2030-05-10,2030,Q2,5,May,10,5,Friday
2030-05-11,2030,Q2,5,May,11,6,Saturday
2030-05-12,2030,Q2,5,May,12,7,Sunday
2030-05-13,2030,Q2,5,May,13,1,Monday
2030-05-14,2030,Q2,5,May,14,2,Tuesday
2030-05-15,2030,Q2,5,May,15,3,Wednesday
2030-05-16,2030,Q2,5,May,16,4,Thursday
2030-05-17,2030,Q2,5,May,17,5,Friday
2030-05-18,2030,Q2,5,May,18,6,Saturday
2030-05-19,2030,Q2,5,May,19,7,Sunday
2030-05-20,2030,Q2,5,May,20,1,Monday
2030-05-21,2030,Q2,5,May,21,2,Tuesday
2030-05-22,2030,Q2,5,May,22,3,Wednesday
2030-05-23,2030,Q2,5,May,23,4,Thursday
2030-05-24,2030,Q2,5,May,24,5,Friday
2030-05-25,2030,Q2,5,May,25,6,Saturday
2030-05-26,2030,Q2,5,May,26,7,Sunday
2030-05-27,2030,Q2,5,May,27,1,Monday
2030-05-28,2030,Q2,5,May,28,2,Tuesday
2030-05-29,2030,Q2,5,May,29,3,Wednesday
2030-05-30,2030,Q2,5,May,30,4,Thursday
2030-05-31,2030,Q2,5,May,31,5,Friday
2030-06-01,2030,Q2,6,June,1,6,Saturday
2030-06-02,2030,Q2,6,June,2,7,Sunday
2030-06-03,2030,Q2,6,June,3,1,Monday
2030-06-04,2030,Q2,6,June,4,2,Tuesday
2030-06-05,2030,Q2,6,June,5,3,Wednesday
2030-06-06,2030,Q2,6,June,6,4,Thursday
2030-06-07,2030,Q2,6,June,7,5,Friday
2030-06-08,2030,Q2,6,June,8,6,Saturday
2030-06-09,2030,Q2,6,June,9,7,Sunday
2030-06-10,2030,Q2,6,June,10,1,Monday
2030-06-11,2030,Q2,6,June,11,2,Tuesday
2030-06-12,2030,Q2,6,June,12,3,Wednesday
2030-06-13,2030,Q2,6,June,13,4,Thursday
2030-06-14,2030,Q2,6,June,14,5,Friday
2030-06-15,2030,Q2,6,June,15,6,Saturday
2030-06-16,2030,Q2,6,June,16,7,Sunday
2030-06-17,2030,Q2,6,June,17,1,Monday
2030-06-18,2030,Q2,6,June,18,2,Tuesday
2030-06-19,2030,Q2,6,June,19,3,Wednesday
2030-06-20,2030,Q2,6,June,20,4,Thursday
2030-06-21,2030,Q2,6,June,21,5,Friday
2030-06-22,2030,Q2,6,June,22,6,Saturday
2030-06-23,2030,Q2,6,June,23,7,Sunday
2030-06-24,2030,Q2,6,June,24,1,Monday
2030-06-25,2030,Q2,6,June,25,2,Tuesday
2030-06-26,2030,Q2,6,June,26,3,Wednesday
2030-06-27,2030,Q2,6,June,27,4,Thursday
2030-06-28,2030,Q2,6,June,28,5,Friday
2030-06-29,2030,Q2,6,June,29,6,Saturday
2030-06-30,2030,Q2,6,June,30,7,Sunday
2030-07-01,2030,Q3,7,July,1,1,Monday
2030-07-02,2030,Q3,7,July,2,2,Tuesday
2030-07-03,2030,Q3,7,July,3,3,Wednesday
2030-07-04,2030,Q3,7,July,4,4,Thursday
2030-07-05,2030,Q3,7,July,5,5,Friday
2030-07-06,2030,Q3,7,July,6,6,Saturday
2030-07-07,2030,Q3,7,July,7,7,Sunday
2030-07-08,2030,Q3,7,July,8,1,Monday
2030-07-09,2030,Q3,7,July,9,2,Tuesday
2030-07-10,2030,Q3,7,July,10,3,Wednesday
2030-07-11,2030,Q3,7,July,11,4,Thursday
2030-07-12,2030,Q3,7,July,12,5,Friday
2030-07-13,2030,Q3,7,July,13,6,Saturday
2030-07-14,2030,Q3,7,July,14,7,Sunday
2030-07-15,2030,Q3,7,July,15,1,Monday
2030-07-16,2030,Q3,7,July,16,2,Tuesday
2030-07-17,2030,Q3,7,July,17,3,Wednesday
2030-07-18,2030,Q3,7,July,18,4,Thursday
2030-07-19,2030,Q3,7,July,19,5,Friday
2030-07-20,2030,Q3,7,July,20,6,Saturday
2030-07-21,2030,Q3,7,July,21,7,Sunday
2030-07-22,2030,Q3,7,July,22,1,Monday
2030-07-23,2030,Q3,7,July,23,2,Tuesday
2030-07-24,2030,Q3,7,July,24,3,Wednesday
2030-07-25,2030,Q3,7,July,25,4,Thursday
2030-07-26,2030,Q3,7,July,26,5,Friday
2030-07-27,2030,Q3,7,July,27,6,Saturday
2030-07-28,2030,Q3,7,July,28,7,Sunday
2030-07-29,2030,Q3,7,July,29,1,Monday
2030-07-30,2030,Q3,7,July,30,2,Tuesday
2030-07-31,2030,Q3,7,July,31,3,Wednesday
2030-08-01,2030,Q3,8,August,1,4,Thursday
2030-08-02,2030,Q3,8,August,2,5,Friday
2030-08-03,2030,Q3,8,August,3,6,Saturday
2030-08-04,2030,Q3,8,August,4,7,Sunday
2030-08-05,2030,Q3,8,August,5,1,Monday
2030-08-06,2030,Q3,8,August,6,2,Tuesday
2030-08-07,2030,Q3,8,August,7,3,Wednesday
2030-08-08,2030,Q3,8,August,8,4,Thursday
2030-08-09,2030,Q3,8,August,9,5,Friday
2030-08-10,2030,Q3,8,August,10,6,Saturday
2030-08-11,2030,Q3,8,August,11,7,Sunday
2030-08-12,2030,Q3,8,August,12,1,Monday
2030-08-13,2030,Q3,8,August,13,2,Tuesday
2030-08-14,2030,Q3,8,August,14,3,Wednesday
2030-08-15,2030,Q3,8,August,15,4,Thursday
2030-08-16,2030,Q3,8,August,16,5,Friday
2030-08-17,2030,Q3,8,August,17,6,Saturday
2030-08-18,2030,Q3,8,August,18,7,Sunday
2030-08-19,2030,Q3,8,August,19,1,Monday
2030-08-20,2030,Q3,8,August,20,2,Tuesday
2030-08-21,2030,Q3,8,August,21,3,Wednesday
2030-08-22,2030,Q3,8,August,22,4,Thursday
2030-08-23,2030,Q3,8,August,23,5,Friday
2030-08-24,2030,Q3,8,August,24,6,Saturday
2030-08-25,2030,Q3,8,August,25,7,Sunday
2030-08-26,2030,Q3,8,August,26,1,Monday
2030-08-27,2030,Q3,8,August,27,2,Tuesday
2030-08-28,2030,Q3,8,August,28,3,Wednesday
2030-08-29,2030,Q3,8,August,29,4,Thursday
2030-08-30,2030,Q3,8,August,30,5,Friday
2030-08-31,2030,Q3,8,August,31,6,Saturday
2030-09-01,2030,Q3,9,September,1,7,Sunday
2030-09-02,2030,Q3,9,September,2,1,Monday
2030-09-03,2030,Q3,9,September,3,2,Tuesday
2030-09-04,2030,Q3,9,September,4,3,Wednesday
2030-09-05,2030,Q3,9,September,5,4,Thursday
2030-09-06,2030,Q3,9,September,6,5,Friday
2030-09-07,2030,Q3,9,September,7,6,Saturday
2030-09-08,2030,Q3,9,September,8,7,Sunday
2030-09-09,2030,Q3,9,September,9,1,Monday
2030-09-10,2030,Q3,9,September,10,2,Tuesday
2030-09-11,2030,Q3,9,September,11,3,Wednesday
2030-09-12,2030,Q3,9,September,12,4,Thursday
2030-09-13,2030,Q3,9,September,13,5,Friday
2030-09-14,2030,Q3,9,September,14,6,Saturday
2030-09-15,2030,Q3,9,September,15,7,Sunday
2030-09-16,2030,Q3,9,September,16,1,Monday
2030-09-17,2030,Q3,9,September,17,2,Tuesday
2030-09-18,2030,Q3,9,September,18,3,Wednesday
2030-09-19,2030,Q3,9,September,19,4,Thursday
2030-09-20,2030,Q3,9,September,20,5,Friday
2030-09-21,2030,Q3,9,September,21,6,Saturday
2030-09-22,2030,Q3,9,September,22,7,Sunday
2030-09-23,2030,Q3,9,September,23,1,Monday
2030-09-24,2030,Q3,9,September,24,2,Tuesday
2030-09-25,2030,Q3,9,September,25,3,Wednesday
2030-09-26,2030,Q3,9,September,26,4,Thursday
2030-09-27,2030,Q3,9,September,27,5,Friday
2030-09-28,2030,Q3,9,September,28,6,Saturday
2030-09-29,2030,Q3,9,September,29,7,Sunday
2030-09-30,2030,Q3,9,September,30,1,Monday
2030-10-01,2030,Q4,10,October,1,2,Tuesday
2030-10-02,2030,Q4,10,October,2,3,Wednesday
2030-10-03,2030,Q4,10,October,3,4,Thursday
2030-10-04,2030,Q4,10,October,4,5,Friday
2030-10-05,2030,Q4,10,October,5,6,Saturday
2030-10-06,2030,Q4,10,October,6,7,Sunday
2030-10-07,2030,Q4,10,October,7,1,Monday
2030-10-08,2030,Q4,10,October,8,2,Tuesday
2030-10-09,2030,Q4,10,October,9,3,Wednesday
2030-10-10,2030,Q4,10,October,10,4,Thursday
2030-10-11,2030,Q4,10,October,11,5,Friday
2030-10-12,2030,Q4,10,October,12,6,Saturday
2030-10-13,2030,Q4,10,October,13,7,Sunday
2030-10-14,2030,Q4,10,October,14,1,Monday
2030-10-15,2030,Q4,10,October,15,2,Tuesday
2030-10-16,2030,Q4,10,October,16,3,Wednesday
2030-10-17,2030,Q4,10,October,17,4,Thursday
2030-10-18,2030,Q4,10,October,18,5,Friday
2030-10-19,2030,Q4,10,October,19,6,Saturday
2030-10-20,2030,Q4,10,October,20,7,Sunday
2030-10-21,2030,Q4,10,October,21,1,Monday
2030-10-22,2030,Q4,10,October,22,2,Tuesday
2030-10-23,2030,Q4,10,October,23,3,Wednesday
2030-10-24,2030,Q4,10,October,24,4,Thursday
2030-10-25,2030,Q4,10,October,25,5,Friday
2030-10-26,2030,Q4,10,October,26,6,Saturday
2030-10-27,2030,Q4,10,October,27,7,Sunday
2030-10-28,2030,Q4,10,October,28,1,Monday
2030-10-29,2030,Q4,10,October,29,2,Tuesday
2030-10-30,2030,Q4,10,October,30,3,Wednesday
2030-10-31,2030,Q4,10,October,31,4,Thursday
2030-11-01,2030,Q4,11,November,1,5,Friday
2030-11-02,2030,Q4,11,November,2,6,Saturday
2030-11-03,2030,Q4,11,November,3,7,Sunday
2030-11-04,2030,Q4,11,November,4,1,Monday
2030-11-05,2030,Q4,11,November,5,2,Tuesday
2030-11-06,2030,Q4,11,November,6,3,Wednesday
2030-11-07,2030,Q4,11,November,7,4,Thursday
2030-11-08,2030,Q4,11,November,8,5,Friday
2030-11-09,2030,Q4,11,November,9,6,Saturday
2030-11-10,2030,Q4,11,November,10,7,Sunday
2030-11-11,2030,Q4,11,November,11,1,Monday
2030-11-12,2030,Q4,11,November,12,2,Tuesday
2030-11-13,2030,Q4,11,November,13,3,Wednesday
2030-11-14,2030,Q4,11,November,14,4,Thursday
2030-11-15,2030,Q4,11,November,15,5,Friday
2030-11-16,2030,Q4,11,November,16,6,Saturday
2030-11-17,2030,Q4,11,November,17,7,Sunday
2030-11-18,2030,Q4,11,November,18,1,Monday
2030-11-19,2030,Q4,11,November,19,2,Tuesday
2030-11-20,2030,Q4,11,November,20,3,Wednesday
2030-11-21,2030,Q4,11,November,21,4,Thursday
2030-11-22,2030,Q4,11,November,22,5,Friday
2030-11-23,2030,Q4,11,November,23,6,Saturday
2030-11-24,2030,Q4,11,November,24,7,Sunday
2030-11-25,2030,Q4,11,November,25,1,Monday
2030-11-26,2030,Q4,11,November,26,2,Tuesday
2030-11-27,2030,Q4,11,November,27,3,Wednesday
2030-11-28,2030,Q4,11,November,28,4,Thursday
2030-11-29,2030,Q4,11,November,29,5,Friday
2030-11-30,2030,Q4,11,November,30,6,Saturday
2030-12-01,2030,Q4,12,December,1,7,Sunday
2030-12-02,2030,Q4,12,December,2,1,Monday
2030-12-03,2030,Q4,12,December,3,2,Tuesday
2030-12-04,2030,Q4,12,December,4,3,Wednesday
2030-12-05,2030,Q4,12,December,5,4,Thursday
2030-12-06,2030,Q4,12,December,6,5,Friday
2030-12-07,2030,Q4,12,December,7,6,Saturday
2030-12-08,2030,Q4,12,December,8,7,Sunday
2030-12-09,2030,Q4,12,December,9,1,Monday
2030-12-10,2030,Q4,12,December,10,2,Tuesday
2030-12-11,2030,Q4,12,December,11,3,Wednesday
2030-12-12,2030,Q4,12,December,12,4,Thursday
2030-12-13,2030,Q4,12,December,13,5,Friday
2030-12-14,2030,Q4,12,December,14,6,Saturday
2030-12-15,2030,Q4,12,December,15,7,Sunday
2030-12-16,2030,Q4,12,December,16,1,Monday
2030-12-17,2030,Q4,12,December,17,2,Tuesday
2030-12-18,2030,Q4,12,December,18,3,Wednesday
2030-12-19,2030,Q4,12,December,19,4,Thursday
2030-12-20,2030,Q4,12,December,20,5,Friday
2030-12-21,2030,Q4,12,December,21,6,Saturday
2030-12-22,2030,Q4,12,December,22,7,Sunday
2030-12-23,2030,Q4,12,December,23,1,Monday
2030-12-24,2030,Q4,12,December,24,2,Tuesday
2030-12-25,2030,Q4,12,December,25,3,Wednesday
2030-12-26,2030,Q4,12,December,26,4,Thursday
2030-12-27,2030,Q4,12,December,27,5,Friday
2030-12-28,2030,Q4,12,December,28,6,Saturday
2030-12-29,2030,Q4,12,December,29,7,Sunday
2030-12-30,2030,Q4,12,December,30,1,Monday
2030-12-31,2030,Q4,12,December,31,2,Tuesday
2031-01-01,2031,Q1,1,January,1,3,Wednesday
2031-01-02,2031,Q1,1,January,2,4,Thursday
2031-01-03,2031,Q1,1,January,3,5,Friday
2031-01-04,2031,Q1,1,January,4,6,Saturday
2031-01-05,2031,Q1,1,January,5,7,Sunday
2031-01-06,2031,Q1,1,January,6,1,Monday
2031-01-07,2031,Q1,1,January,7,2,Tuesday
2031-01-08,2031,Q1,1,January,8,3,Wednesday
2031-01-09,2031,Q1,1,January,9,4,Thursday
2031-01-10,2031,Q1,1,January,10,5,Friday
2031-01-11,2031,Q1,1,January,11,6,Saturday
2031-01-12,2031,Q1,1,January,12,7,Sunday
2031-01-13,2031,Q1,1,January,13,1,Monday
2031-01-14,2031,Q1,1,January,14,2,Tuesday
2031-01-15,2031,Q1,1,January,15,3,Wednesday
2031-01-16,2031,Q1,1,January,16,4,Thursday
2031-01-17,2031,Q1,1,January,17,5,Friday
2031-01-18,2031,Q1,1,January,18,6,Saturday
2031-01-19,2031,Q1,1,January,19,7,Sunday
2031-01-20,2031,Q1,1,January,20,1,Monday
2031-01-21,2031,Q1,1,January,21,2,Tuesday
2031-01-22,2031,Q1,1,January,22,3,Wednesday
2031-01-23,2031,Q1,1,January,23,4,Thursday
2031-01-24,2031,Q1,1,January,24,5,Friday
2031-01-25,2031,Q1,1,January,25,6,Saturday
2031-01-26,2031,Q1,1,January,26,7,Sunday
2031-01-27,2031,Q1,1,January,27,1,Monday
2031-01-28,2031,Q1,1,January,28,2,Tuesday
2031-01-29,2031,Q1,1,January,29,3,Wednesday
2031-01-30,2031,Q1,1,January,30,4,Thursday
2031-01-31,2031,Q1,1,January,31,5,Friday
2031-02-01,2031,Q1,2,February,1,6,Saturday
2031-02-02,2031,Q1,2,February,2,7,Sunday
2031-02-03,2031,Q1,2,February,3,1,Monday
2031-02-04,2031,Q1,2,February,4,2,Tuesday
2031-02-05,2031,Q1,2,February,5,3,Wednesday
2031-02-06,2031,Q1,2,February,6,4,Thursday
2031-02-07,2031,Q1,2,February,7,5,Friday
2031-02-08,2031,Q1,2,February,8,6,Saturday
2031-02-09,2031,Q1,2,February,9,7,Sunday
2031-02-10,2031,Q1,2,February,10,1,Monday
2031-02-11,2031,Q1,2,February,11,2,Tuesday
2031-02-12,2031,Q1,2,February,12,3,Wednesday
2031-02-13,2031,Q1,2,February,13,4,Thursday
2031-02-14,2031,Q1,2,February,14,5,Friday
2031-02-15,2031,Q1,2,February,15,6,Saturday
2031-02-16,2031,Q1,2,February,16,7,Sunday
2031-02-17,2031,Q1,2,February,17,1,Monday
2031-02-18,2031,Q1,2,February,18,2,Tuesday
2031-02-19,2031,Q1,2,February,19,3,Wednesday
2031-02-20,2031,Q1,2,February,20,4,Thursday
2031-02-21,2031,Q1,2,February,21,5,Friday
2031-02-22,2031,Q1,2,February,22,6,Saturday
2031-02-23,2031,Q1,2,February,23,7,Sunday
2031-02-24,2031,Q1,2,February,24,1,Monday
2031-02-25,2031,Q1,2,February,25,2,Tuesday
2031-02-26,2031,Q1,2,February,26,3,Wednesday
2031-02-27,2031,Q1,2,February,27,4,Thursday
2031-02-28,2031,Q1,2,February,28,5,Friday
2031-03-01,2031,Q1,3,March,1,6,Saturday
2031-03-02,2031,Q1,3,March,2,7,Sunday
2031-03-03,2031,Q1,3,March,3,1,Monday
2031-03-04,2031,Q1,3,March,4,2,Tuesday
2031-03-05,2031,Q1,3,March,5,3,Wednesday
2031-03-06,2031,Q1,3,March,6,4,Thursday
2031-03-07,2031,Q1,3,March,7,5,Friday
2031-03-08,2031,Q1,3,March,8,6,Saturday
2031-03-09,2031,Q1,3,March,9,7,Sunday
2031-03-10,2031,Q1,3,March,10,1,Monday
2031-03-11,2031,Q1,3,March,11,2,Tuesday
2031-03-12,2031,Q1,3,March,12,3,Wednesday
2031-03-13,2031,Q1,3,March,13,4,Thursday
2031-03-14,2031,Q1,3,March,14,5,Friday
2031-03-15,2031,Q1,3,March,15,6,Saturday
2031-03-16,2031,Q1,3,March,16,7,Sunday
2031-03-17,2031,Q1,3,March,17,1,Monday
2031-03-18,2031,Q1,3,March,18,2,Tuesday
2031-03-19,2031,Q1,3,March,19,3,Wednesday
2031-03-20,2031,Q1,3,March,20,4,Thursday
2031-03-21,2031,Q1,3,March,21,5,Friday
2031-03-22,2031,Q1,3,March,22,6,Saturday
2031-03-23,2031,Q1,3,March,23,7,Sunday
2031-03-24,2031,Q1,3,March,24,1,Monday
2031-03-25,2031,Q1,3,March,25,2,Tuesday
2031-03-26,2031,Q1,3,March,26,3,Wednesday
2031-03-27,2031,Q1,3,March,27,4,Thursday
2031-03-28,2031,Q1,3,March,28,5,Friday
2031-03-29,2031,Q1,3,March,29,6,Saturday
2031-03-30,2031,Q1,3,March,30,7,Sunday
2031-03-31,2031,Q1,3,March,31,1,Monday
2031-04-01,2031,Q2,4,April,1,2,Tuesday
2031-04-02,2031,Q2,4,April,2,3,Wednesday
2031-04-03,2031,Q2,4,April,3,4,Thursday
2031-04-04,2031,Q2,4,April,4,5,Friday
2031-04-05,2031,Q2,4,April,5,6,Saturday
2031-04-06,2031,Q2,4,April,6,7,Sunday
2031-04-07,2031,Q2,4,April,7,1,Monday
2031-04-08,2031,Q2,4,April,8,2,Tuesday
2031-04-09,2031,Q2,4,April,9,3,Wednesday
2031-04-10,2031,Q2,4,April,10,4,Thursday
2031-04-11,2031,Q2,4,April,11,5,Friday
2031-04-12,2031,Q2,4,April,12,6,Saturday
2031-04-13,2031,Q2,4,April,13,7,Sunday
2031-04-14,2031,Q2,4,April,14,1,Monday
2031-04-15,2031,Q2,4,April,15,2,Tuesday
2031-04-16,2031,Q2,4,April,16,3,Wednesday
2031-04-17,2031,Q2,4,April,17,4,Thursday
2031-04-18,2031,Q2,4,April,18,5,Friday
2031-04-19,2031,Q2,4,April,19,6,Saturday
2031-04-20,2031,Q2,4,April,20,7,Sunday
2031-04-21,2031,Q2,4,April,21,1,Monday
2031-04-22,2031,Q2,4,April,22,2,Tuesday
2031-04-23,2031,Q2,4,April,23,3,Wednesday
2031-04-24,2031,Q2,4,April,24,4,Thursday
2031-04-25,2031,Q2,4,April,25,5,Friday
2031-04-26,2031,Q2,4,April,26,6,Saturday
2031-04-27,2031,Q2,4,April,27,7,Sunday
2031-04-28,2031,Q2,4,April,28,1,Monday
2031-04-29,2031,Q2,4,April,29,2,Tuesday
2031-04-30,2031,Q2,4,April,30,3,Wednesday
2031-05-01,2031,Q2,5,May,1,4,Thursday
2031-05-02,2031,Q2,5,May,2,5,Friday
2031-05-03,2031,Q2,5,May,3,6,Saturday
2031-05-04,2031,Q2,5,May,4,7,Sunday
2031-05-05,2031,Q2,5,May,5,1,Monday
2031-05-06,2031,Q2,5,May,6,2,Tuesday
2031-05-07,2031,Q2,5,May,7,3,Wednesday
2031-05-08,2031,Q2,5,May,8,4,Thursday
2031-05-09,2031,Q2,5,May,9,5,Friday
2031-05-10,2031,Q2,5,May,10,6,Saturday
2031-05-11,2031,Q2,5,May,11,7,Sunday
2031-05-12,2031,Q2,5,May,12,1,Monday
2031-05-13,2031,Q2,5,May,13,2,Tuesday
2031-05-14,2031,Q2,5,May,14,3,Wednesday
2031-05-15,2031,Q2,5,May,15,4,Thursday
2031-05-16,2031,Q2,5,May,16,5,Friday
2031-05-17,2031,Q2,5,May,17,6,Saturday
2031-05-18,2031,Q2,5,May,18,7,Sunday
2031-05-19,2031,Q2,5,May,19,1,Monday
2031-05-20,2031,Q2,5,May,20,2,Tuesday
2031-05-21,2031,Q2,5,May,21,3,Wednesday
2031-05-22,2031,Q2,5,May,22,4,Thursday
2031-05-23,2031,Q2,5,May,23,5,Friday
2031-05-24,2031,Q2,5,May,24,6,Saturday
2031-05-25,2031,Q2,5,May,25,7,Sunday
2031-05-26,2031,Q2,5,May,26,1,Monday
2031-05-27,2031,Q2,5,May,27,2,Tuesday
2031-05-28,2031,Q2,5,May,28,3,Wednesday
2031-05-29,2031,Q2,5,May,29,4,Thursday
2031-05-30,2031,Q2,5,May,30,5,Friday
2031-05-31,2031,Q2,5,May,31,6,Saturday
2031-06-01,2031,Q2,6,June,1,7,Sunday
2031-06-02,2031,Q2,6,June,2,1,Monday
2031-06-03,2031,Q2,6,June,3,2,Tuesday
2031-06-04,2031,Q2,6,June,4,3,Wednesday
2031-06-05,2031,Q2,6,June,5,4,Thursday
2031-06-06,2031,Q2,6,June,6,5,Friday
2031-06-07,2031,Q2,6,June,7,6,Saturday
2031-06-08,2031,Q2,6,June,8,7,Sunday
2031-06-09,2031,Q2,6,June,9,1,Monday
2031-06-10,2031,Q2,6,June,10,2,Tuesday
2031-06-11,2031,Q2,6,June,11,3,Wednesday
2031-06-12,2031,Q2,6,June,12,4,Thursday
2031-06-13,2031,Q2,6,June,13,5,Friday
2031-06-14,2031,Q2,6,June,14,6,Saturday
2031-06-15,2031,Q2,6,June,15,7,Sunday
2031-06-16,2031,Q2,6,June,16,1,Monday
2031-06-17,2031,Q2,6,June,17,2,Tuesday
2031-06-18,2031,Q2,6,June,18,3,Wednesday
2031-06-19,2031,Q2,6,June,19,4,Thursday
2031-06-20,2031,Q2,6,June,20,5,Friday
2031-06-21,2031,Q2,6,June,21,6,Saturday
2031-06-22,2031,Q2,6,June,22,7,Sunday
2031-06-23,2031,Q2,6,June,23,1,Monday
2031-06-24,2031,Q2,6,June,24,2,Tuesday
2031-06-25,2031,Q2,6,June,25,3,Wednesday
2031-06-26,2031,Q2,6,June,26,4,Thursday
2031-06-27,2031,Q2,6,June,27,5,Friday
2031-06-28,2031,Q2,6,June,28,6,Saturday
2031-06-29,2031,Q2,6,June,29,7,Sunday
2031-06-30,2031,Q2,6,June,30,1,Monday
2031-07-01,2031,Q3,7,July,1,2,Tuesday
2031-07-02,2031,Q3,7,July,2,3,Wednesday
2031-07-03,2031,Q3,7,July,3,4,Thursday
2031-07-04,2031,Q3,7,July,4,5,Friday
2031-07-05,2031,Q3,7,July,5,6,Saturday
2031-07-06,2031,Q3,7,July,6,7,Sunday
2031-07-07,2031,Q3,7,July,7,1,Monday
2031-07-08,2031,Q3,7,July,8,2,Tuesday
2031-07-09,2031,Q3,7,July,9,3,Wednesday
2031-07-10,2031,Q3,7,July,10,4,Thursday
2031-07-11,2031,Q3,7,July,11,5,Friday
2031-07-12,2031,Q3,7,July,12,6,Saturday
2031-07-13,2031,Q3,7,July,13,7,Sunday
2031-07-14,2031,Q3,7,July,14,1,Monday
2031-07-15,2031,Q3,7,July,15,2,Tuesday
2031-07-16,2031,Q3,7,July,16,3,Wednesday
2031-07-17,2031,Q3,7,July,17,4,Thursday
2031-07-18,2031,Q3,7,July,18,5,Friday
2031-07-19,2031,Q3,7,July,19,6,Saturday
2031-07-20,2031,Q3,7,July,20,7,Sunday
2031-07-21,2031,Q3,7,July,21,1,Monday
2031-07-22,2031,Q3,7,July,22,2,Tuesday
2031-07-23,2031,Q3,7,July,23,3,Wednesday
2031-07-24,2031,Q3,7,July,24,4,Thursday
2031-07-25,2031,Q3,7,July,25,5,Friday
2031-07-26,2031,Q3,7,July,26,6,Saturday
2031-07-27,2031,Q3,7,July,27,7,Sunday
2031-07-28,2031,Q3,7,July,28,1,Monday
2031-07-29,2031,Q3,7,July,29,2,Tuesday
2031-07-30,2031,Q3,7,July,30,3,Wednesday
2031-07-31,2031,Q3,7,July,31,4,Thursday
2031-08-01,2031,Q3,8,August,1,5,Friday
2031-08-02,2031,Q3,8,August,2,6,Saturday
2031-08-03,2031,Q3,8,August,3,7,Sunday
2031-08-04,2031,Q3,8,August,4,1,Monday
2031-08-05,2031,Q3,8,August,5,2,Tuesday
2031-08-06,2031,Q3,8,August,6,3,Wednesday
2031-08-07,2031,Q3,8,August,7,4,Thursday
2031-08-08,2031,Q3,8,August,8,5,Friday
2031-08-09,2031,Q3,8,August,9,6,Saturday
2031-08-10,2031,Q3,8,August,10,7,Sunday
2031-08-11,2031,Q3,8,August,11,1,Monday
2031-08-12,2031,Q3,8,August,12,2,Tuesday
2031-08-13,2031,Q3,8,August,13,3,Wednesday
2031-08-14,2031,Q3,8,August,14,4,Thursday
2031-08-15,2031,Q3,8,August,15,5,Friday
2031-08-16,2031,Q3,8,August,16,6,Saturday
2031-08-17,2031,Q3,8,August,17,7,Sunday
2031-08-18,2031,Q3,8,August,18,1,Monday
2031-08-19,2031,Q3,8,August,19,2,Tuesday
2031-08-20,2031,Q3,8,August,20,3,Wednesday
2031-08-21,2031,Q3,8,August,21,4,Thursday
2031-08-22,2031,Q3,8,August,22,5,Friday
2031-08-23,2031,Q3,8,August,23,6,Saturday
2031-08-24,2031,Q3,8,August,24,7,Sunday
2031-08-25,2031,Q3,8,August,25,1,Monday
2031-08-26,2031,Q3,8,August,26,2,Tuesday
2031-08-27,2031,Q3,8,August,27,3,Wednesday
2031-08-28,2031,Q3,8,August,28,4,Thursday
2031-08-29,2031,Q3,8,August,29,5,Friday
2031-08-30,2031,Q3,8,August,30,6,Saturday
2031-08-31,2031,Q3,8,August,31,7,Sunday
2031-09-01,2031,Q3,9,September,1,1,Monday
2031-09-02,2031,Q3,9,September,2,2,Tuesday
2031-09-03,2031,Q3,9,September,3,3,Wednesday
2031-09-04,2031,Q3,9,September,4,4,Thursday
2031-09-05,2031,Q3,9,September,5,5,Friday
2031-09-06,2031,Q3,9,September,6,6,Saturday
2031-09-07,2031,Q3,9,September,7,7,Sunday
2031-09-08,2031,Q3,9,September,8,1,Monday
2031-09-09,2031,Q3,9,September,9,2,Tuesday
2031-09-10,2031,Q3,9,September,10,3,Wednesday
2031-09-11,2031,Q3,9,September,11,4,Thursday
2031-09-12,2031,Q3,9,September,12,5,Friday
2031-09-13,2031,Q3,9,September,13,6,Saturday
2031-09-14,2031,Q3,9,September,14,7,Sunday
2031-09-15,2031,Q3,9,September,15,1,Monday
2031-09-16,2031,Q3,9,September,16,2,Tuesday
2031-09-17,2031,Q3,9,September,17,3,Wednesday
2031-09-18,2031,Q3,9,September,18,4,Thursday
2031-09-19,2031,Q3,9,September,19,5,Friday
2031-09-20,2031,Q3,9,September,20,6,Saturday
2031-09-21,2031,Q3,9,September,21,7,Sunday
2031-09-22,2031,Q3,9,September,22,1,Monday
2031-09-23,2031,Q3,9,September,23,2,Tuesday
2031-09-24,2031,Q3,9,September,24,3,Wednesday
2031-09-25,2031,Q3,9,September,25,4,Thursday
2031-09-26,2031,Q3,9,September,26,5,Friday
2031-09-27,2031,Q3,9,September,27,6,Saturday
2031-09-28,2031,Q3,9,September,28,7,Sunday
2031-09-29,2031,Q3,9,September,29,1,Monday
2031-09-30,2031,Q3,9,September,30,2,Tuesday
2031-10-01,2031,Q4,10,October,1,3,Wednesday
2031-10-02,2031,Q4,10,October,2,4,Thursday
2031-10-03,2031,Q4,10,October,3,5,Friday
2031-10-04,2031,Q4,10,October,4,6,Saturday
2031-10-05,2031,Q4,10,October,5,7,Sunday
2031-10-06,2031,Q4,10,October,6,1,Monday
2031-10-07,2031,Q4,10,October,7,2,Tuesday
2031-10-08,2031,Q4,10,October,8,3,Wednesday
2031-10-09,2031,Q4,10,October,9,4,Thursday
2031-10-10,2031,Q4,10,October,10,5,Friday
2031-10-11,2031,Q4,10,October,11,6,Saturday
2031-10-12,2031,Q4,10,October,12,7,Sunday
2031-10-13,2031,Q4,10,October,13,1,Monday
2031-10-14,2031,Q4,10,October,14,2,Tuesday
2031-10-15,2031,Q4,10,October,15,3,Wednesday
2031-10-16,2031,Q4,10,October,16,4,Thursday
2031-10-17,2031,Q4,10,October,17,5,Friday
2031-10-18,2031,Q4,10,October,18,6,Saturday
2031-10-19,2031,Q4,10,October,19,7,Sunday
2031-10-20,2031,Q4,10,October,20,1,Monday
2031-10-21,2031,Q4,10,October,21,2,Tuesday
2031-10-22,2031,Q4,10,October,22,3,Wednesday
2031-10-23,2031,Q4,10,October,23,4,Thursday
2031-10-24,2031,Q4,10,October,24,5,Friday
2031-10-25,2031,Q4,10,October,25,6,Saturday
2031-10-26,2031,Q4,10,October,26,7,Sunday
2031-10-27,2031,Q4,10,October,27,1,Monday
2031-10-28,2031,Q4,10,October,28,2,Tuesday
2031-10-29,2031,Q4,10,October,29,3,Wednesday
2031-10-30,2031,Q4,10,October,30,4,Thursday
2031-10-31,2031,Q4,10,October,31,5,Friday
2031-11-01,2031,Q4,11,November,1,6,Saturday
2031-11-02,2031,Q4,11,November,2,7,Sunday
2031-11-03,2031,Q4,11,November,3,1,Monday
2031-11-04,2031,Q4,11,November,4,2,Tuesday
2031-11-05,2031,Q4,11,November,5,3,Wednesday
2031-11-06,2031,Q4,11,November,6,4,Thursday
2031-11-07,2031,Q4,11,November,7,5,Friday
2031-11-08,2031,Q4,11,November,8,6,Saturday
2031-11-09,2031,Q4,11,November,9,7,Sunday
2031-11-10,2031,Q4,11,November,10,1,Monday
2031-11-11,2031,Q4,11,November,11,2,Tuesday
2031-11-12,2031,Q4,11,November,12,3,Wednesday
2031-11-13,2031,Q4,11,November,13,4,Thursday
2031-11-14,2031,Q4,11,November,14,5,Friday
2031-11-15,2031,Q4,11,November,15,6,Saturday
2031-11-16,2031,Q4,11,November,16,7,Sunday
2031-11-17,2031,Q4,11,November,17,1,Monday
2031-11-18,2031,Q4,11,November,18,2,Tuesday
2031-11-19,2031,Q4,11,November,19,3,Wednesday
2031-11-20,2031,Q4,11,November,20,4,Thursday
2031-11-21,2031,Q4,11,November,21,5,Friday
2031-11-22,2031,Q4,11,November,22,6,Saturday
2031-11-23,2031,Q4,11,November,23,7,Sunday
2031-11-24,2031,Q4,11,November,24,1,Monday
2031-11-25,2031,Q4,11,November,25,2,Tuesday
2031-11-26,2031,Q4,11,November,26,3,Wednesday
2031-11-27,2031,Q4,11,November,27,4,Thursday
2031-11-28,2031,Q4,11,November,28,5,Friday
2031-11-29,2031,Q4,11,November,29,6,Saturday
2031-11-30,2031,Q4,11,November,30,7,Sunday
2031-12-01,2031,Q4,12,December,1,1,Monday
2031-12-02,2031,Q4,12,December,2,2,Tuesday
2031-12-03,2031,Q4,12,December,3,3,Wednesday
2031-12-04,2031,Q4,12,December,4,4,Thursday
2031-12-05,2031,Q4,12,December,5,5,Friday
2031-12-06,2031,Q4,12,December,6,6,Saturday
2031-12-07,2031,Q4,12,December,7,7,Sunday
2031-12-08,2031,Q4,12,December,8,1,Monday
2031-12-09,2031,Q4,12,December,9,2,Tuesday
2031-12-10,2031,Q4,12,December,10,3,Wednesday
2031-12-11,2031,Q4,12,December,11,4,Thursday
2031-12-12,2031,Q4,12,December,12,5,Friday
2031-12-13,2031,Q4,12,December,13,6,Saturday
2031-12-14,2031,Q4,12,December,14,7,Sunday
2031-12-15,2031,Q4,12,December,15,1,Monday
2031-12-16,2031,Q4,12,December,16,2,Tuesday
2031-12-17,2031,Q4,12,December,17,3,Wednesday
2031-12-18,2031,Q4,12,December,18,4,Thursday
2031-12-19,2031,Q4,12,December,19,5,Friday
2031-12-20,2031,Q4,12,December,20,6,Saturday
2031-12-21,2031,Q4,12,December,21,7,Sunday
2031-12-22,2031,Q4,12,December,22,1,Monday
2031-12-23,2031,Q4,12,December,23,2,Tuesday
2031-12-24,2031,Q4,12,December,24,3,Wednesday
2031-12-25,2031,Q4,12,December,25,4,Thursday
2031-12-26,2031,Q4,12,December,26,5,Friday
2031-12-27,2031,Q4,12,December,27,6,Saturday
2031-12-28,2031,Q4,12,December,28,7,Sunday
2031-12-29,2031,Q4,12,December,29,1,Monday
2031-12-30,2031,Q4,12,December,30,2,Tuesday
2031-12-31,2031,Q4,12,December,31,3,Wednesday
2032-01-01,2032,Q1,1,January,1,4,Thursday
2032-01-02,2032,Q1,1,January,2,5,Friday
2032-01-03,2032,Q1,1,January,3,6,Saturday
2032-01-04,2032,Q1,1,January,4,7,Sunday
2032-01-05,2032,Q1,1,January,5,1,Monday
2032-01-06,2032,Q1,1,January,6,2,Tuesday
2032-01-07,2032,Q1,1,January,7,3,Wednesday
2032-01-08,2032,Q1,1,January,8,4,Thursday
2032-01-09,2032,Q1,1,January,9,5,Friday
2032-01-10,2032,Q1,1,January,10,6,Saturday
2032-01-11,2032,Q1,1,January,11,7,Sunday
2032-01-12,2032,Q1,1,January,12,1,Monday
2032-01-13,2032,Q1,1,January,13,2,Tuesday
2032-01-14,2032,Q1,1,January,14,3,Wednesday
2032-01-15,2032,Q1,1,January,15,4,Thursday
2032-01-16,2032,Q1,1,January,16,5,Friday
2032-01-17,2032,Q1,1,January,17,6,Saturday
2032-01-18,2032,Q1,1,January,18,7,Sunday
2032-01-19,2032,Q1,1,January,19,1,Monday
2032-01-20,2032,Q1,1,January,20,2,Tuesday
2032-01-21,2032,Q1,1,January,21,3,Wednesday
2032-01-22,2032,Q1,1,January,22,4,Thursday
2032-01-23,2032,Q1,1,January,23,5,Friday
2032-01-24,2032,Q1,1,January,24,6,Saturday
2032-01-25,2032,Q1,1,January,25,7,Sunday
2032-01-26,2032,Q1,1,January,26,1,Monday
2032-01-27,2032,Q1,1,January,27,2,Tuesday
2032-01-28,2032,Q1,1,January,28,3,Wednesday
2032-01-29,2032,Q1,1,January,29,4,Thursday
2032-01-30,2032,Q1,1,January,30,5,Friday
2032-01-31,2032,Q1,1,January,31,6,Saturday
2032-02-01,2032,Q1,2,February,1,7,Sunday
2032-02-02,2032,Q1,2,February,2,1,Monday
2032-02-03,2032,Q1,2,February,3,2,Tuesday
2032-02-04,2032,Q1,2,February,4,3,Wednesday
2032-02-05,2032,Q1,2,February,5,4,Thursday
2032-02-06,2032,Q1,2,February,6,5,Friday
2032-02-07,2032,Q1,2,February,7,6,Saturday
2032-02-08,2032,Q1,2,February,8,7,Sunday
2032-02-09,2032,Q1,2,February,9,1,Monday
2032-02-10,2032,Q1,2,February,10,2,Tuesday
2032-02-11,2032,Q1,2,February,11,3,Wednesday
2032-02-12,2032,Q1,2,February,12,4,Thursday
2032-02-13,2032,Q1,2,February,13,5,Friday
2032-02-14,2032,Q1,2,February,14,6,Saturday
2032-02-15,2032,Q1,2,February,15,7,Sunday
2032-02-16,2032,Q1,2,February,16,1,Monday
2032-02-17,2032,Q1,2,February,17,2,Tuesday
2032-02-18,2032,Q1,2,February,18,3,Wednesday
2032-02-19,2032,Q1,2,February,19,4,Thursday
2032-02-20,2032,Q1,2,February,20,5,Friday
2032-02-21,2032,Q1,2,February,21,6,Saturday
2032-02-22,2032,Q1,2,February,22,7,Sunday
2032-02-23,2032,Q1,2,February,23,1,Monday
2032-02-24,2032,Q1,2,February,24,2,Tuesday
2032-02-25,2032,Q1,2,February,25,3,Wednesday
2032-02-26,2032,Q1,2,February,26,4,Thursday
2032-02-27,2032,Q1,2,February,27,5,Friday
2032-02-28,2032,Q1,2,February,28,6,Saturday
2032-02-29,2032,Q1,2,February,29,7,Sunday
2032-03-01,2032,Q1,3,March,1,1,Monday
2032-03-02,2032,Q1,3,March,2,2,Tuesday
2032-03-03,2032,Q1,3,March,3,3,Wednesday
2032-03-04,2032,Q1,3,March,4,4,Thursday
2032-03-05,2032,Q1,3,March,5,5,Friday
2032-03-06,2032,Q1,3,March,6,6,Saturday
2032-03-07,2032,Q1,3,March,7,7,Sunday
2032-03-08,2032,Q1,3,March,8,1,Monday
2032-03-09,2032,Q1,3,March,9,2,Tuesday
2032-03-10,2032,Q1,3,March,10,3,Wednesday
2032-03-11,2032,Q1,3,March,11,4,Thursday
2032-03-12,2032,Q1,3,March,12,5,Friday
2032-03-13,2032,Q1,3,March,13,6,Saturday
2032-03-14,2032,Q1,3,March,14,7,Sunday
2032-03-15,2032,Q1,3,March,15,1,Monday
2032-03-16,2032,Q1,3,March,16,2,Tuesday
2032-03-17,2032,Q1,3,March,17,3,Wednesday
2032-03-18,2032,Q1,3,March,18,4,Thursday
2032-03-19,2032,Q1,3,March,19,5,Friday
2032-03-20,2032,Q1,3,March,20,6,Saturday
2032-03-21,2032,Q1,3,March,21,7,Sunday
2032-03-22,2032,Q1,3,March,22,1,Monday
2032-03-23,2032,Q1,3,March,23,2,Tuesday
2032-03-24,2032,Q1,3,March,24,3,Wednesday
2032-03-25,2032,Q1,3,March,25,4,Thursday
2032-03-26,2032,Q1,3,March,26,5,Friday
2032-03-27,2032,Q1,3,March,27,6,Saturday
2032-03-28,2032,Q1,3,March,28,7,Sunday
2032-03-29,2032,Q1,3,March,29,1,Monday
2032-03-30,2032,Q1,3,March,30,2,Tuesday
2032-03-31,2032,Q1,3,March,31,3,Wednesday
2032-04-01,2032,Q2,4,April,1,4,Thursday
2032-04-02,2032,Q2,4,April,2,5,Friday
2032-04-03,2032,Q2,4,April,3,6,Saturday
2032-04-04,2032,Q2,4,April,4,7,Sunday
2032-04-05,2032,Q2,4,April,5,1,Monday
2032-04-06,2032,Q2,4,April,6,2,Tuesday
2032-04-07,2032,Q2,4,April,7,3,Wednesday
2032-04-08,2032,Q2,4,April,8,4,Thursday
2032-04-09,2032,Q2,4,April,9,5,Friday
2032-04-10,2032,Q2,4,April,10,6,Saturday
2032-04-11,2032,Q2,4,April,11,7,Sunday
2032-04-12,2032,Q2,4,April,12,1,Monday
2032-04-13,2032,Q2,4,April,13,2,Tuesday
2032-04-14,2032,Q2,4,April,14,3,Wednesday
2032-04-15,2032,Q2,4,April,15,4,Thursday
2032-04-16,2032,Q2,4,April,16,5,Friday
2032-04-17,2032,Q2,4,April,17,6,Saturday
2032-04-18,2032,Q2,4,April,18,7,Sunday
2032-04-19,2032,Q2,4,April,19,1,Monday
2032-04-20,2032,Q2,4,April,20,2,Tuesday
2032-04-21,2032,Q2,4,April,21,3,Wednesday
2032-04-22,2032,Q2,4,April,22,4,Thursday
2032-04-23,2032,Q2,4,April,23,5,Friday
2032-04-24,2032,Q2,4,April,24,6,Saturday
2032-04-25,2032,Q2,4,April,25,7,Sunday
2032-04-26,2032,Q2,4,April,26,1,Monday
2032-04-27,2032,Q2,4,April,27,2,Tuesday
2032-04-28,2032,Q2,4,April,28,3,Wednesday
2032-04-29,2032,Q2,4,April,29,4,Thursday
2032-04-30,2032,Q2,4,April,30,5,Friday
2032-05-01,2032,Q2,5,May,1,6,Saturday
2032-05-02,2032,Q2,5,May,2,7,Sunday
2032-05-03,2032,Q2,5,May,3,1,Monday
2032-05-04,2032,Q2,5,May,4,2,Tuesday
2032-05-05,2032,Q2,5,May,5,3,Wednesday
2032-05-06,2032,Q2,5,May,6,4,Thursday
2032-05-07,2032,Q2,5,May,7,5,Friday
2032-05-08,2032,Q2,5,May,8,6,Saturday
2032-05-09,2032,Q2,5,May,9,7,Sunday
2032-05-10,2032,Q2,5,May,10,1,Monday
2032-05-11,2032,Q2,5,May,11,2,Tuesday
2032-05-12,2032,Q2,5,May,12,3,Wednesday
2032-05-13,2032,Q2,5,May,13,4,Thursday
2032-05-14,2032,Q2,5,May,14,5,Friday
2032-05-15,2032,Q2,5,May,15,6,Saturday
2032-05-16,2032,Q2,5,May,16,7,Sunday
2032-05-17,2032,Q2,5,May,17,1,Monday
2032-05-18,2032,Q2,5,May,18,2,Tuesday
2032-05-19,2032,Q2,5,May,19,3,Wednesday
2032-05-20,2032,Q2,5,May,20,4,Thursday
2032-05-21,2032,Q2,5,May,21,5,Friday
2032-05-22,2032,Q2,5,May,22,6,Saturday
2032-05-23,2032,Q2,5,May,23,7,Sunday
2032-05-24,2032,Q2,5,May,24,1,Monday
2032-05-25,2032,Q2,5,May,25,2,Tuesday
2032-05-26,2032,Q2,5,May,26,3,Wednesday
2032-05-27,2032,Q2,5,May,27,4,Thursday
2032-05-28,2032,Q2,5,May,28,5,Friday
2032-05-29,2032,Q2,5,May,29,6,Saturday
2032-05-30,2032,Q2,5,May,30,7,Sunday
2032-05-31,2032,Q2,5,May,31,1,Monday
2032-06-01,2032,Q2,6,June,1,2,Tuesday
2032-06-02,2032,Q2,6,June,2,3,Wednesday
2032-06-03,2032,Q2,6,June,3,4,Thursday
2032-06-04,2032,Q2,6,June,4,5,Friday
2032-06-05,2032,Q2,6,June,5,6,Saturday
2032-06-06,2032,Q2,6,June,6,7,Sunday
2032-06-07,2032,Q2,6,June,7,1,Monday
2032-06-08,2032,Q2,6,June,8,2,Tuesday
2032-06-09,2032,Q2,6,June,9,3,Wednesday
2032-06-10,2032,Q2,6,June,10,4,Thursday
2032-06-11,2032,Q2,6,June,11,5,Friday
2032-06-12,2032,Q2,6,June,12,6,Saturday
2032-06-13,2032,Q2,6,June,13,7,Sunday
2032-06-14,2032,Q2,6,June,14,1,Monday
2032-06-15,2032,Q2,6,June,15,2,Tuesday
2032-06-16,2032,Q2,6,June,16,3,Wednesday
2032-06-17,2032,Q2,6,June,17,4,Thursday
2032-06-18,2032,Q2,6,June,18,5,Friday
2032-06-19,2032,Q2,6,June,19,6,Saturday
2032-06-20,2032,Q2,6,June,20,7,Sunday
2032-06-21,2032,Q2,6,June,21,1,Monday
2032-06-22,2032,Q2,6,June,22,2,Tuesday
2032-06-23,2032,Q2,6,June,23,3,Wednesday
2032-06-24,2032,Q2,6,June,24,4,Thursday
2032-06-25,2032,Q2,6,June,25,5,Friday
2032-06-26,2032,Q2,6,June,26,6,Saturday
2032-06-27,2032,Q2,6,June,27,7,Sunday
2032-06-28,2032,Q2,6,June,28,1,Monday
2032-06-29,2032,Q2,6,June,29,2,Tuesday
2032-06-30,2032,Q2,6,June,30,3,Wednesday
2032-07-01,2032,Q3,7,July,1,4,Thursday
2032-07-02,2032,Q3,7,July,2,5,Friday
2032-07-03,2032,Q3,7,July,3,6,Saturday
2032-07-04,2032,Q3,7,July,4,7,Sunday
2032-07-05,2032,Q3,7,July,5,1,Monday
2032-07-06,2032,Q3,7,July,6,2,Tuesday
2032-07-07,2032,Q3,7,July,7,3,Wednesday
2032-07-08,2032,Q3,7,July,8,4,Thursday
2032-07-09,2032,Q3,7,July,9,5,Friday
2032-07-10,2032,Q3,7,July,10,6,Saturday
2032-07-11,2032,Q3,7,July,11,7,Sunday
2032-07-12,2032,Q3,7,July,12,1,Monday
2032-07-13,2032,Q3,7,July,13,2,Tuesday
2032-07-14,2032,Q3,7,July,14,3,Wednesday
2032-07-15,2032,Q3,7,July,15,4,Thursday
2032-07-16,2032,Q3,7,July,16,5,Friday
2032-07-17,2032,Q3,7,July,17,6,Saturday
2032-07-18,2032,Q3,7,July,18,7,Sunday
2032-07-19,2032,Q3,7,July,19,1,Monday
2032-07-20,2032,Q3,7,July,20,2,Tuesday
2032-07-21,2032,Q3,7,July,21,3,Wednesday
2032-07-22,2032,Q3,7,July,22,4,Thursday
2032-07-23,2032,Q3,7,July,23,5,Friday
2032-07-24,2032,Q3,7,July,24,6,Saturday
2032-07-25,2032,Q3,7,July,25,7,Sunday
2032-07-26,2032,Q3,7,July,26,1,Monday
2032-07-27,2032,Q3,7,July,27,2,Tuesday
2032-07-28,2032,Q3,7,July,28,3,Wednesday
2032-07-29,2032,Q3,7,July,29,4,Thursday
2032-07-30,2032,Q3,7,July,30,5,Friday
2032-07-31,2032,Q3,7,July,31,6,Saturday
2032-08-01,2032,Q3,8,August,1,7,Sunday
2032-08-02,2032,Q3,8,August,2,1,Monday
2032-08-03,2032,Q3,8,August,3,2,Tuesday
2032-08-04,2032,Q3,8,August,4,3,Wednesday
2032-08-05,2032,Q3,8,August,5,4,Thursday
2032-08-06,2032,Q3,8,August,6,5,Friday
2032-08-07,2032,Q3,8,August,7,6,Saturday
2032-08-08,2032,Q3,8,August,8,7,Sunday
2032-08-09,2032,Q3,8,August,9,1,Monday
2032-08-10,2032,Q3,8,August,10,2,Tuesday
2032-08-11,2032,Q3,8,August,11,3,Wednesday
2032-08-12,2032,Q3,8,August,12,4,Thursday
2032-08-13,2032,Q3,8,August,13,5,Friday
2032-08-14,2032,Q3,8,August,14,6,Saturday
2032-08-15,2032,Q3,8,August,15,7,Sunday
2032-08-16,2032,Q3,8,August,16,1,Monday
2032-08-17,2032,Q3,8,August,17,2,Tuesday
2032-08-18,2032,Q3,8,August,18,3,Wednesday
2032-08-19,2032,Q3,8,August,19,4,Thursday
2032-08-20,2032,Q3,8,August,20,5,Friday
2032-08-21,2032,Q3,8,August,21,6,Saturday
2032-08-22,2032,Q3,8,August,22,7,Sunday
2032-08-23,2032,Q3,8,August,23,1,Monday
2032-08-24,2032,Q3,8,August,24,2,Tuesday
2032-08-25,2032,Q3,8,August,25,3,Wednesday
2032-08-26,2032,Q3,8,August,26,4,Thursday
2032-08-27,2032,Q3,8,August,27,5,Friday
2032-08-28,2032,Q3,8,August,28,6,Saturday
2032-08-29,2032,Q3,8,August,29,7,Sunday
2032-08-30,2032,Q3,8,August,30,1,Monday
2032-08-31,2032,Q3,8,August,31,2,Tuesday
2032-09-01,2032,Q3,9,September,1,3,Wednesday
2032-09-02,2032,Q3,9,September,2,4,Thursday
2032-09-03,2032,Q3,9,September,3,5,Friday
2032-09-04,2032,Q3,9,September,4,6,Saturday
2032-09-05,2032,Q3,9,September,5,7,Sunday
2032-09-06,2032,Q3,9,September,6,1,Monday
2032-09-07,2032,Q3,9,September,7,2,Tuesday
2032-09-08,2032,Q3,9,September,8,3,Wednesday
2032-09-09,2032,Q3,9,September,9,4,Thursday
2032-09-10,2032,Q3,9,September,10,5,Friday
2032-09-11,2032,Q3,9,September,11,6,Saturday
2032-09-12,2032,Q3,9,September,12,7,Sunday
2032-09-13,2032,Q3,9,September,13,1,Monday
2032-09-14,2032,Q3,9,September,14,2,Tuesday
2032-09-15,2032,Q3,9,September,15,3,Wednesday
2032-09-16,2032,Q3,9,September,16,4,Thursday
2032-09-17,2032,Q3,9,September,17,5,Friday
2032-09-18,2032,Q3,9,September,18,6,Saturday
2032-09-19,2032,Q3,9,September,19,7,Sunday
2032-09-20,2032,Q3,9,September,20,1,Monday
2032-09-21,2032,Q3,9,September,21,2,Tuesday
2032-09-22,2032,Q3,9,September,22,3,Wednesday
2032-09-23,2032,Q3,9,September,23,4,Thursday
2032-09-24,2032,Q3,9,September,24,5,Friday
2032-09-25,2032,Q3,9,September,25,6,Saturday
2032-09-26,2032,Q3,9,September,26,7,Sunday
2032-09-27,2032,Q3,9,September,27,1,Monday
2032-09-28,2032,Q3,9,September,28,2,Tuesday
2032-09-29,2032,Q3,9,September,29,3,Wednesday
2032-09-30,2032,Q3,9,September,30,4,Thursday
2032-10-01,2032,Q4,10,October,1,5,Friday
2032-10-02,2032,Q4,10,October,2,6,Saturday
2032-10-03,2032,Q4,10,October,3,7,Sunday
2032-10-04,2032,Q4,10,October,4,1,Monday
2032-10-05,2032,Q4,10,October,5,2,Tuesday
2032-10-06,2032,Q4,10,October,6,3,Wednesday
2032-10-07,2032,Q4,10,October,7,4,Thursday
2032-10-08,2032,Q4,10,October,8,5,Friday
2032-10-09,2032,Q4,10,October,9,6,Saturday
2032-10-10,2032,Q4,10,October,10,7,Sunday
2032-10-11,2032,Q4,10,October,11,1,Monday
2032-10-12,2032,Q4,10,October,12,2,Tuesday
2032-10-13,2032,Q4,10,October,13,3,Wednesday
2032-10-14,2032,Q4,10,October,14,4,Thursday
2032-10-15,2032,Q4,10,October,15,5,Friday
2032-10-16,2032,Q4,10,October,16,6,Saturday
2032-10-17,2032,Q4,10,October,17,7,Sunday
2032-10-18,2032,Q4,10,October,18,1,Monday
2032-10-19,2032,Q4,10,October,19,2,Tuesday
2032-10-20,2032,Q4,10,October,20,3,Wednesday
2032-10-21,2032,Q4,10,October,21,4,Thursday
2032-10-22,2032,Q4,10,October,22,5,Friday
2032-10-23,2032,Q4,10,October,23,6,Saturday
2032-10-24,2032,Q4,10,October,24,7,Sunday
2032-10-25,2032,Q4,10,October,25,1,Monday
2032-10-26,2032,Q4,10,October,26,2,Tuesday
2032-10-27,2032,Q4,10,October,27,3,Wednesday
2032-10-28,2032,Q4,10,October,28,4,Thursday
2032-10-29,2032,Q4,10,October,29,5,Friday
2032-10-30,2032,Q4,10,October,30,6,Saturday
2032-10-31,2032,Q4,10,October,31,7,Sunday
2032-11-01,2032,Q4,11,November,1,1,Monday
2032-11-02,2032,Q4,11,November,2,2,Tuesday
2032-11-03,2032,Q4,11,November,3,3,Wednesday
2032-11-04,2032,Q4,11,November,4,4,Thursday
2032-11-05,2032,Q4,11,November,5,5,Friday
2032-11-06,2032,Q4,11,November,6,6,Saturday
2032-11-07,2032,Q4,11,November,7,7,Sunday
2032-11-08,2032,Q4,11,November,8,1,Monday
2032-11-09,2032,Q4,11,November,9,2,Tuesday
2032-11-10,2032,Q4,11,November,10,3,Wednesday
2032-11-11,2032,Q4,11,November,11,4,Thursday
2032-11-12,2032,Q4,11,November,12,5,Friday
2032-11-13,2032,Q4,11,November,13,6,Saturday
2032-11-14,2032,Q4,11,November,14,7,Sunday
2032-11-15,2032,Q4,11,November,15,1,Monday
2032-11-16,2032,Q4,11,November,16,2,Tuesday
2032-11-17,2032,Q4,11,November,17,3,Wednesday
2032-11-18,2032,Q4,11,November,18,4,Thursday
2032-11-19,2032,Q4,11,November,19,5,Friday
2032-11-20,2032,Q4,11,November,20,6,Saturday
2032-11-21,2032,Q4,11,November,21,7,Sunday
2032-11-22,2032,Q4,11,November,22,1,Monday
2032-11-23,2032,Q4,11,November,23,2,Tuesday
2032-11-24,2032,Q4,11,November,24,3,Wednesday
2032-11-25,2032,Q4,11,November,25,4,Thursday
2032-11-26,2032,Q4,11,November,26,5,Friday
2032-11-27,2032,Q4,11,November,27,6,Saturday
2032-11-28,2032,Q4,11,November,28,7,Sunday
2032-11-29,2032,Q4,11,November,29,1,Monday
2032-11-30,2032,Q4,11,November,30,2,Tuesday
2032-12-01,2032,Q4,12,December,1,3,Wednesday
2032-12-02,2032,Q4,12,December,2,4,Thursday
2032-12-03,2032,Q4,12,December,3,5,Friday
2032-12-04,2032,Q4,12,December,4,6,Saturday
2032-12-05,2032,Q4,12,December,5,7,Sunday
2032-12-06,2032,Q4,12,December,6,1,Monday
2032-12-07,2032,Q4,12,December,7,2,Tuesday
2032-12-08,2032,Q4,12,December,8,3,Wednesday
2032-12-09,2032,Q4,12,December,9,4,Thursday
2032-12-10,2032,Q4,12,December,10,5,Friday
2032-12-11,2032,Q4,12,December,11,6,Saturday
2032-12-12,2032,Q4,12,December,12,7,Sunday
2032-12-13,2032,Q4,12,December,13,1,Monday
2032-12-14,2032,Q4,12,December,14,2,Tuesday
2032-12-15,2032,Q4,12,December,15,3,Wednesday
2032-12-16,2032,Q4,12,December,16,4,Thursday
2032-12-17,2032,Q4,12,December,17,5,Friday
2032-12-18,2032,Q4,12,December,18,6,Saturday
2032-12-19,2032,Q4,12,December,19,7,Sunday
2032-12-20,2032,Q4,12,December,20,1,Monday
2032-12-21,2032,Q4,12,December,21,2,Tuesday
2032-12-22,2032,Q4,12,December,22,3,Wednesday
2032-12-23,2032,Q4,12,December,23,4,Thursday
2032-12-24,2032,Q4,12,December,24,5,Friday
2032-12-25,2032,Q4,12,December,25,6,Saturday
2032-12-26,2032,Q4,12,December,26,7,Sunday
2032-12-27,2032,Q4,12,December,27,1,Monday
2032-12-28,2032,Q4,12,December,28,2,Tuesday
2032-12-29,2032,Q4,12,December,29,3,Wednesday
2032-12-30,2032,Q4,12,December,30,4,Thursday
2032-12-31,2032,Q4,12,December,31,5,Friday
2033-01-01,2033,Q1,1,January,1,6,Saturday
2033-01-02,2033,Q1,1,January,2,7,Sunday
2033-01-03,2033,Q1,1,January,3,1,Monday
2033-01-04,2033,Q1,1,January,4,2,Tuesday
2033-01-05,2033,Q1,1,January,5,3,Wednesday
2033-01-06,2033,Q1,1,January,6,4,Thursday
2033-01-07,2033,Q1,1,January,7,5,Friday
2033-01-08,2033,Q1,1,January,8,6,Saturday
2033-01-09,2033,Q1,1,January,9,7,Sunday
2033-01-10,2033,Q1,1,January,10,1,Monday
2033-01-11,2033,Q1,1,January,11,2,Tuesday
2033-01-12,2033,Q1,1,January,12,3,Wednesday
2033-01-13,2033,Q1,1,January,13,4,Thursday
2033-01-14,2033,Q1,1,January,14,5,Friday
2033-01-15,2033,Q1,1,January,15,6,Saturday
2033-01-16,2033,Q1,1,January,16,7,Sunday
2033-01-17,2033,Q1,1,January,17,1,Monday
2033-01-18,2033,Q1,1,January,18,2,Tuesday
2033-01-19,2033,Q1,1,January,19,3,Wednesday
2033-01-20,2033,Q1,1,January,20,4,Thursday
2033-01-21,2033,Q1,1,January,21,5,Friday
2033-01-22,2033,Q1,1,January,22,6,Saturday
2033-01-23,2033,Q1,1,January,23,7,Sunday
2033-01-24,2033,Q1,1,January,24,1,Monday
2033-01-25,2033,Q1,1,January,25,2,Tuesday
2033-01-26,2033,Q1,1,January,26,3,Wednesday
2033-01-27,2033,Q1,1,January,27,4,Thursday
2033-01-28,2033,Q1,1,January,28,5,Friday
2033-01-29,2033,Q1,1,January,29,6,Saturday
2033-01-30,2033,Q1,1,January,30,7,Sunday
2033-01-31,2033,Q1,1,January,31,1,Monday
2033-02-01,2033,Q1,2,February,1,2,Tuesday
2033-02-02,2033,Q1,2,February,2,3,Wednesday
2033-02-03,2033,Q1,2,February,3,4,Thursday
2033-02-04,2033,Q1,2,February,4,5,Friday
2033-02-05,2033,Q1,2,February,5,6,Saturday
2033-02-06,2033,Q1,2,February,6,7,Sunday
2033-02-07,2033,Q1,2,February,7,1,Monday
2033-02-08,2033,Q1,2,February,8,2,Tuesday
2033-02-09,2033,Q1,2,February,9,3,Wednesday
2033-02-10,2033,Q1,2,February,10,4,Thursday
2033-02-11,2033,Q1,2,February,11,5,Friday
2033-02-12,2033,Q1,2,February,12,6,Saturday
2033-02-13,2033,Q1,2,February,13,7,Sunday
2033-02-14,2033,Q1,2,February,14,1,Monday
2033-02-15,2033,Q1,2,February,15,2,Tuesday
2033-02-16,2033,Q1,2,February,16,3,Wednesday
2033-02-17,2033,Q1,2,February,17,4,Thursday
2033-02-18,2033,Q1,2,February,18,5,Friday
2033-02-19,2033,Q1,2,February,19,6,Saturday
2033-02-20,2033,Q1,2,February,20,7,Sunday
2033-02-21,2033,Q1,2,February,21,1,Monday
2033-02-22,2033,Q1,2,February,22,2,Tuesday
2033-02-23,2033,Q1,2,February,23,3,Wednesday
2033-02-24,2033,Q1,2,February,24,4,Thursday
2033-02-25,2033,Q1,2,February,25,5,Friday
2033-02-26,2033,Q1,2,February,26,6,Saturday
2033-02-27,2033,Q1,2,February,27,7,Sunday
2033-02-28,2033,Q1,2,February,28,1,Monday
2033-03-01,2033,Q1,3,March,1,2,Tuesday
2033-03-02,2033,Q1,3,March,2,3,Wednesday
2033-03-03,2033,Q1,3,March,3,4,Thursday
2033-03-04,2033,Q1,3,March,4,5,Friday
2033-03-05,2033,Q1,3,March,5,6,Saturday
2033-03-06,2033,Q1,3,March,6,7,Sunday
2033-03-07,2033,Q1,3,March,7,1,Monday
2033-03-08,2033,Q1,3,March,8,2,Tuesday
2033-03-09,2033,Q1,3,March,9,3,Wednesday
2033-03-10,2033,Q1,3,March,10,4,Thursday
2033-03-11,2033,Q1,3,March,11,5,Friday
2033-03-12,2033,Q1,3,March,12,6,Saturday
2033-03-13,2033,Q1,3,March,13,7,Sunday
2033-03-14,2033,Q1,3,March,14,1,Monday
2033-03-15,2033,Q1,3,March,15,2,Tuesday
2033-03-16,2033,Q1,3,March,16,3,Wednesday
2033-03-17,2033,Q1,3,March,17,4,Thursday
2033-03-18,2033,Q1,3,March,18,5,Friday
2033-03-19,2033,Q1,3,March,19,6,Saturday
2033-03-20,2033,Q1,3,March,20,7,Sunday
2033-03-21,2033,Q1,3,March,21,1,Monday
2033-03-22,2033,Q1,3,March,22,2,Tuesday
2033-03-23,2033,Q1,3,March,23,3,Wednesday
2033-03-24,2033,Q1,3,March,24,4,Thursday
2033-03-25,2033,Q1,3,March,25,5,Friday
2033-03-26,2033,Q1,3,March,26,6,Saturday
2033-03-27,2033,Q1,3,March,27,7,Sunday
2033-03-28,2033,Q1,3,March,28,1,Monday
2033-03-29,2033,Q1,3,March,29,2,Tuesday
2033-03-30,2033,Q1,3,March,30,3,Wednesday
2033-03-31,2033,Q1,3,March,31,4,Thursday
2033-04-01,2033,Q2,4,April,1,5,Friday
2033-04-02,2033,Q2,4,April,2,6,Saturday
2033-04-03,2033,Q2,4,April,3,7,Sunday
2033-04-04,2033,Q2,4,April,4,1,Monday
2033-04-05,2033,Q2,4,April,5,2,Tuesday
2033-04-06,2033,Q2,4,April,6,3,Wednesday
2033-04-07,2033,Q2,4,April,7,4,Thursday
2033-04-08,2033,Q2,4,April,8,5,Friday
2033-04-09,2033,Q2,4,April,9,6,Saturday
2033-04-10,2033,Q2,4,April,10,7,Sunday
2033-04-11,2033,Q2,4,April,11,1,Monday
2033-04-12,2033,Q2,4,April,12,2,Tuesday
2033-04-13,2033,Q2,4,April,13,3,Wednesday
2033-04-14,2033,Q2,4,April,14,4,Thursday
2033-04-15,2033,Q2,4,April,15,5,Friday
2033-04-16,2033,Q2,4,April,16,6,Saturday
2033-04-17,2033,Q2,4,April,17,7,Sunday
2033-04-18,2033,Q2,4,April,18,1,Monday
2033-04-19,2033,Q2,4,April,19,2,Tuesday
2033-04-20,2033,Q2,4,April,20,3,Wednesday
2033-04-21,2033,Q2,4,April,21,4,Thursday
2033-04-22,2033,Q2,4,April,22,5,Friday
2033-04-23,2033,Q2,4,April,23,6,Saturday
2033-04-24,2033,Q2,4,April,24,7,Sunday
2033-04-25,2033,Q2,4,April,25,1,Monday
2033-04-26,2033,Q2,4,April,26,2,Tuesday
2033-04-27,2033,Q2,4,April,27,3,Wednesday
2033-04-28,2033,Q2,4,April,28,4,Thursday
2033-04-29,2033,Q2,4,April,29,5,Friday
2033-04-30,2033,Q2,4,April,30,6,Saturday
2033-05-01,2033,Q2,5,May,1,7,Sunday
2033-05-02,2033,Q2,5,May,2,1,Monday
2033-05-03,2033,Q2,5,May,3,2,Tuesday
2033-05-04,2033,Q2,5,May,4,3,Wednesday
2033-05-05,2033,Q2,5,May,5,4,Thursday
2033-05-06,2033,Q2,5,May,6,5,Friday
2033-05-07,2033,Q2,5,May,7,6,Saturday
2033-05-08,2033,Q2,5,May,8,7,Sunday
2033-05-09,2033,Q2,5,May,9,1,Monday
2033-05-10,2033,Q2,5,May,10,2,Tuesday
2033-05-11,2033,Q2,5,May,11,3,Wednesday
2033-05-12,2033,Q2,5,May,12,4,Thursday
2033-05-13,2033,Q2,5,May,13,5,Friday
2033-05-14,2033,Q2,5,May,14,6,Saturday
2033-05-15,2033,Q2,5,May,15,7,Sunday
2033-05-16,2033,Q2,5,May,16,1,Monday
2033-05-17,2033,Q2,5,May,17,2,Tuesday
2033-05-18,2033,Q2,5,May,18,3,Wednesday
2033-05-19,2033,Q2,5,May,19,4,Thursday
2033-05-20,2033,Q2,5,May,20,5,Friday
2033-05-21,2033,Q2,5,May,21,6,Saturday
2033-05-22,2033,Q2,5,May,22,7,Sunday
2033-05-23,2033,Q2,5,May,23,1,Monday
2033-05-24,2033,Q2,5,May,24,2,Tuesday
2033-05-25,2033,Q2,5,May,25,3,Wednesday
2033-05-26,2033,Q2,5,May,26,4,Thursday
2033-05-27,2033,Q2,5,May,27,5,Friday
2033-05-28,2033,Q2,5,May,28,6,Saturday
2033-05-29,2033,Q2,5,May,29,7,Sunday
2033-05-30,2033,Q2,5,May,30,1,Monday
2033-05-31,2033,Q2,5,May,31,2,Tuesday
2033-06-01,2033,Q2,6,June,1,3,Wednesday
2033-06-02,2033,Q2,6,June,2,4,Thursday
2033-06-03,2033,Q2,6,June,3,5,Friday
2033-06-04,2033,Q2,6,June,4,6,Saturday
2033-06-05,2033,Q2,6,June,5,7,Sunday
2033-06-06,2033,Q2,6,June,6,1,Monday
2033-06-07,2033,Q2,6,June,7,2,Tuesday
2033-06-08,2033,Q2,6,June,8,3,Wednesday
2033-06-09,2033,Q2,6,June,9,4,Thursday
2033-06-10,2033,Q2,6,June,10,5,Friday
2033-06-11,2033,Q2,6,June,11,6,Saturday
2033-06-12,2033,Q2,6,June,12,7,Sunday
2033-06-13,2033,Q2,6,June,13,1,Monday
2033-06-14,2033,Q2,6,June,14,2,Tuesday
2033-06-15,2033,Q2,6,June,15,3,Wednesday
2033-06-16,2033,Q2,6,June,16,4,Thursday
2033-06-17,2033,Q2,6,June,17,5,Friday
2033-06-18,2033,Q2,6,June,18,6,Saturday
2033-06-19,2033,Q2,6,June,19,7,Sunday
2033-06-20,2033,Q2,6,June,20,1,Monday
2033-06-21,2033,Q2,6,June,21,2,Tuesday
2033-06-22,2033,Q2,6,June,22,3,Wednesday
2033-06-23,2033,Q2,6,June,23,4,Thursday
2033-06-24,2033,Q2,6,June,24,5,Friday
2033-06-25,2033,Q2,6,June,25,6,Saturday
2033-06-26,2033,Q2,6,June,26,7,Sunday
2033-06-27,2033,Q2,6,June,27,1,Monday
2033-06-28,2033,Q2,6,June,28,2,Tuesday
2033-06-29,2033,Q2,6,June,29,3,Wednesday
2033-06-30,2033,Q2,6,June,30,4,Thursday
2033-07-01,2033,Q3,7,July,1,5,Friday
2033-07-02,2033,Q3,7,July,2,6,Saturday
2033-07-03,2033,Q3,7,July,3,7,Sunday
2033-07-04,2033,Q3,7,July,4,1,Monday
2033-07-05,2033,Q3,7,July,5,2,Tuesday
2033-07-06,2033,Q3,7,July,6,3,Wednesday
2033-07-07,2033,Q3,7,July,7,4,Thursday
2033-07-08,2033,Q3,7,July,8,5,Friday
2033-07-09,2033,Q3,7,July,9,6,Saturday
2033-07-10,2033,Q3,7,July,10,7,Sunday
2033-07-11,2033,Q3,7,July,11,1,Monday
2033-07-12,2033,Q3,7,July,12,2,Tuesday
2033-07-13,2033,Q3,7,July,13,3,Wednesday
2033-07-14,2033,Q3,7,July,14,4,Thursday
2033-07-15,2033,Q3,7,July,15,5,Friday
2033-07-16,2033,Q3,7,July,16,6,Saturday
2033-07-17,2033,Q3,7,July,17,7,Sunday
2033-07-18,2033,Q3,7,July,18,1,Monday
2033-07-19,2033,Q3,7,July,19,2,Tuesday
2033-07-20,2033,Q3,7,July,20,3,Wednesday
2033-07-21,2033,Q3,7,July,21,4,Thursday
2033-07-22,2033,Q3,7,July,22,5,Friday
2033-07-23,2033,Q3,7,July,23,6,Saturday
2033-07-24,2033,Q3,7,July,24,7,Sunday
2033-07-25,2033,Q3,7,July,25,1,Monday
2033-07-26,2033,Q3,7,July,26,2,Tuesday
2033-07-27,2033,Q3,7,July,27,3,Wednesday
2033-07-28,2033,Q3,7,July,28,4,Thursday
2033-07-29,2033,Q3,7,July,29,5,Friday
2033-07-30,2033,Q3,7,July,30,6,Saturday
2033-07-31,2033,Q3,7,July,31,7,Sunday
2033-08-01,2033,Q3,8,August,1,1,Monday
2033-08-02,2033,Q3,8,August,2,2,Tuesday
2033-08-03,2033,Q3,8,August,3,3,Wednesday
2033-08-04,2033,Q3,8,August,4,4,Thursday
2033-08-05,2033,Q3,8,August,5,5,Friday
2033-08-06,2033,Q3,8,August,6,6,Saturday
2033-08-07,2033,Q3,8,August,7,7,Sunday
2033-08-08,2033,Q3,8,August,8,1,Monday
2033-08-09,2033,Q3,8,August,9,2,Tuesday
2033-08-10,2033,Q3,8,August,10,3,Wednesday
2033-08-11,2033,Q3,8,August,11,4,Thursday
2033-08-12,2033,Q3,8,August,12,5,Friday
2033-08-13,2033,Q3,8,August,13,6,Saturday
2033-08-14,2033,Q3,8,August,14,7,Sunday
2033-08-15,2033,Q3,8,August,15,1,Monday
2033-08-16,2033,Q3,8,August,16,2,Tuesday
2033-08-17,2033,Q3,8,August,17,3,Wednesday
2033-08-18,2033,Q3,8,August,18,4,Thursday
2033-08-19,2033,Q3,8,August,19,5,Friday
2033-08-20,2033,Q3,8,August,20,6,Saturday
2033-08-21,2033,Q3,8,August,21,7,Sunday
2033-08-22,2033,Q3,8,August,22,1,Monday
2033-08-23,2033,Q3,8,August,23,2,Tuesday
2033-08-24,2033,Q3,8,August,24,3,Wednesday
2033-08-25,2033,Q3,8,August,25,4,Thursday
2033-08-26,2033,Q3,8,August,26,5,Friday
2033-08-27,2033,Q3,8,August,27,6,Saturday
2033-08-28,2033,Q3,8,August,28,7,Sunday
2033-08-29,2033,Q3,8,August,29,1,Monday
2033-08-30,2033,Q3,8,August,30,2,Tuesday
2033-08-31,2033,Q3,8,August,31,3,Wednesday
2033-09-01,2033,Q3,9,September,1,4,Thursday
2033-09-02,2033,Q3,9,September,2,5,Friday
2033-09-03,2033,Q3,9,September,3,6,Saturday
2033-09-04,2033,Q3,9,September,4,7,Sunday
2033-09-05,2033,Q3,9,September,5,1,Monday
2033-09-06,2033,Q3,9,September,6,2,Tuesday
2033-09-07,2033,Q3,9,September,7,3,Wednesday
2033-09-08,2033,Q3,9,September,8,4,Thursday
2033-09-09,2033,Q3,9,September,9,5,Friday
2033-09-10,2033,Q3,9,September,10,6,Saturday
2033-09-11,2033,Q3,9,September,11,7,Sunday
2033-09-12,2033,Q3,9,September,12,1,Monday
2033-09-13,2033,Q3,9,September,13,2,Tuesday
2033-09-14,2033,Q3,9,September,14,3,Wednesday
2033-09-15,2033,Q3,9,September,15,4,Thursday
2033-09-16,2033,Q3,9,September,16,5,Friday
2033-09-17,2033,Q3,9,September,17,6,Saturday
2033-09-18,2033,Q3,9,September,18,7,Sunday
2033-09-19,2033,Q3,9,September,19,1,Monday
2033-09-20,2033,Q3,9,September,20,2,Tuesday
2033-09-21,2033,Q3,9,September,21,3,Wednesday
2033-09-22,2033,Q3,9,September,22,4,Thursday
2033-09-23,2033,Q3,9,September,23,5,Friday
2033-09-24,2033,Q3,9,September,24,6,Saturday
2033-09-25,2033,Q3,9,September,25,7,Sunday
2033-09-26,2033,Q3,9,September,26,1,Monday
2033-09-27,2033,Q3,9,September,27,2,Tuesday
2033-09-28,2033,Q3,9,September,28,3,Wednesday
2033-09-29,2033,Q3,9,September,29,4,Thursday
2033-09-30,2033,Q3,9,September,30,5,Friday
2033-10-01,2033,Q4,10,October,1,6,Saturday
2033-10-02,2033,Q4,10,October,2,7,Sunday
2033-10-03,2033,Q4,10,October,3,1,Monday
2033-10-04,2033,Q4,10,October,4,2,Tuesday
2033-10-05,2033,Q4,10,October,5,3,Wednesday
2033-10-06,2033,Q4,10,October,6,4,Thursday
2033-10-07,2033,Q4,10,October,7,5,Friday
2033-10-08,2033,Q4,10,October,8,6,Saturday
2033-10-09,2033,Q4,10,October,9,7,Sunday
2033-10-10,2033,Q4,10,October,10,1,Monday
2033-10-11,2033,Q4,10,October,11,2,Tuesday
2033-10-12,2033,Q4,10,October,12,3,Wednesday
2033-10-13,2033,Q4,10,October,13,4,Thursday
2033-10-14,2033,Q4,10,October,14,5,Friday
2033-10-15,2033,Q4,10,October,15,6,Saturday
2033-10-16,2033,Q4,10,October,16,7,Sunday
2033-10-17,2033,Q4,10,October,17,1,Monday
2033-10-18,2033,Q4,10,October,18,2,Tuesday
2033-10-19,2033,Q4,10,October,19,3,Wednesday
2033-10-20,2033,Q4,10,October,20,4,Thursday
2033-10-21,2033,Q4,10,October,21,5,Friday
2033-10-22,2033,Q4,10,October,22,6,Saturday
2033-10-23,2033,Q4,10,October,23,7,Sunday
2033-10-24,2033,Q4,10,October,24,1,Monday
2033-10-25,2033,Q4,10,October,25,2,Tuesday
2033-10-26,2033,Q4,10,October,26,3,Wednesday
2033-10-27,2033,Q4,10,October,27,4,Thursday
2033-10-28,2033,Q4,10,October,28,5,Friday
2033-10-29,2033,Q4,10,October,29,6,Saturday
2033-10-30,2033,Q4,10,October,30,7,Sunday
2033-10-31,2033,Q4,10,October,31,1,Monday
2033-11-01,2033,Q4,11,November,1,2,Tuesday
2033-11-02,2033,Q4,11,November,2,3,Wednesday
2033-11-03,2033,Q4,11,November,3,4,Thursday
2033-11-04,2033,Q4,11,November,4,5,Friday
2033-11-05,2033,Q4,11,November,5,6,Saturday
2033-11-06,2033,Q4,11,November,6,7,Sunday
2033-11-07,2033,Q4,11,November,7,1,Monday
2033-11-08,2033,Q4,11,November,8,2,Tuesday
2033-11-09,2033,Q4,11,November,9,3,Wednesday
2033-11-10,2033,Q4,11,November,10,4,Thursday
2033-11-11,2033,Q4,11,November,11,5,Friday
2033-11-12,2033,Q4,11,November,12,6,Saturday
2033-11-13,2033,Q4,11,November,13,7,Sunday
2033-11-14,2033,Q4,11,November,14,1,Monday
2033-11-15,2033,Q4,11,November,15,2,Tuesday
2033-11-16,2033,Q4,11,November,16,3,Wednesday
2033-11-17,2033,Q4,11,November,17,4,Thursday
2033-11-18,2033,Q4,11,November,18,5,Friday
2033-11-19,2033,Q4,11,November,19,6,Saturday
2033-11-20,2033,Q4,11,November,20,7,Sunday
2033-11-21,2033,Q4,11,November,21,1,Monday
2033-11-22,2033,Q4,11,November,22,2,Tuesday
2033-11-23,2033,Q4,11,November,23,3,Wednesday
2033-11-24,2033,Q4,11,November,24,4,Thursday
2033-11-25,2033,Q4,11,November,25,5,Friday
2033-11-26,2033,Q4,11,November,26,6,Saturday
2033-11-27,2033,Q4,11,November,27,7,Sunday
2033-11-28,2033,Q4,11,November,28,1,Monday
2033-11-29,2033,Q4,11,November,29,2,Tuesday
2033-11-30,2033,Q4,11,November,30,3,Wednesday
2033-12-01,2033,Q4,12,December,1,4,Thursday
2033-12-02,2033,Q4,12,December,2,5,Friday
2033-12-03,2033,Q4,12,December,3,6,Saturday
2033-12-04,2033,Q4,12,December,4,7,Sunday
2033-12-05,2033,Q4,12,December,5,1,Monday
2033-12-06,2033,Q4,12,December,6,2,Tuesday
2033-12-07,2033,Q4,12,December,7,3,Wednesday
2033-12-08,2033,Q4,12,December,8,4,Thursday
2033-12-09,2033,Q4,12,December,9,5,Friday
2033-12-10,2033,Q4,12,December,10,6,Saturday
2033-12-11,2033,Q4,12,December,11,7,Sunday
2033-12-12,2033,Q4,12,December,12,1,Monday
2033-12-13,2033,Q4,12,December,13,2,Tuesday
2033-12-14,2033,Q4,12,December,14,3,Wednesday
2033-12-15,2033,Q4,12,December,15,4,Thursday
2033-12-16,2033,Q4,12,December,16,5,Friday
2033-12-17,2033,Q4,12,December,17,6,Saturday
2033-12-18,2033,Q4,12,December,18,7,Sunday
2033-12-19,2033,Q4,12,December,19,1,Monday
2033-12-20,2033,Q4,12,December,20,2,Tuesday
2033-12-21,2033,Q4,12,December,21,3,Wednesday
2033-12-22,2033,Q4,12,December,22,4,Thursday
2033-12-23,2033,Q4,12,December,23,5,Friday
2033-12-24,2033,Q4,12,December,24,6,Saturday
2033-12-25,2033,Q4,12,December,25,7,Sunday
2033-12-26,2033,Q4,12,December,26,1,Monday
2033-12-27,2033,Q4,12,December,27,2,Tuesday
2033-12-28,2033,Q4,12,December,28,3,Wednesday
2033-12-29,2033,Q4,12,December,29,4,Thursday
2033-12-30,2033,Q4,12,December,30,5,Friday
2033-12-31,2033,Q4,12,December,31,6,Saturday
2034-01-01,2034,Q1,1,January,1,7,Sunday
2034-01-02,2034,Q1,1,January,2,1,Monday
2034-01-03,2034,Q1,1,January,3,2,Tuesday
2034-01-04,2034,Q1,1,January,4,3,Wednesday
2034-01-05,2034,Q1,1,January,5,4,Thursday
2034-01-06,2034,Q1,1,January,6,5,Friday
2034-01-07,2034,Q1,1,January,7,6,Saturday
2034-01-08,2034,Q1,1,January,8,7,Sunday
2034-01-09,2034,Q1,1,January,9,1,Monday
2034-01-10,2034,Q1,1,January,10,2,Tuesday
2034-01-11,2034,Q1,1,January,11,3,Wednesday
2034-01-12,2034,Q1,1,January,12,4,Thursday
2034-01-13,2034,Q1,1,January,13,5,Friday
2034-01-14,2034,Q1,1,January,14,6,Saturday
2034-01-15,2034,Q1,1,January,15,7,Sunday
2034-01-16,2034,Q1,1,January,16,1,Monday
2034-01-17,2034,Q1,1,January,17,2,Tuesday
2034-01-18,2034,Q1,1,January,18,3,Wednesday
2034-01-19,2034,Q1,1,January,19,4,Thursday
2034-01-20,2034,Q1,1,January,20,5,Friday
2034-01-21,2034,Q1,1,January,21,6,Saturday
2034-01-22,2034,Q1,1,January,22,7,Sunday
2034-01-23,2034,Q1,1,January,23,1,Monday
2034-01-24,2034,Q1,1,January,24,2,Tuesday
2034-01-25,2034,Q1,1,January,25,3,Wednesday
2034-01-26,2034,Q1,1,January,26,4,Thursday
2034-01-27,2034,Q1,1,January,27,5,Friday
2034-01-28,2034,Q1,1,January,28,6,Saturday
2034-01-29,2034,Q1,1,January,29,7,Sunday
2034-01-30,2034,Q1,1,January,30,1,Monday
2034-01-31,2034,Q1,1,January,31,2,Tuesday
2034-02-01,2034,Q1,2,February,1,3,Wednesday
2034-02-02,2034,Q1,2,February,2,4,Thursday
2034-02-03,2034,Q1,2,February,3,5,Friday
2034-02-04,2034,Q1,2,February,4,6,Saturday
2034-02-05,2034,Q1,2,February,5,7,Sunday
2034-02-06,2034,Q1,2,February,6,1,Monday
2034-02-07,2034,Q1,2,February,7,2,Tuesday
2034-02-08,2034,Q1,2,February,8,3,Wednesday
2034-02-09,2034,Q1,2,February,9,4,Thursday
2034-02-10,2034,Q1,2,February,10,5,Friday
2034-02-11,2034,Q1,2,February,11,6,Saturday
2034-02-12,2034,Q1,2,February,12,7,Sunday
2034-02-13,2034,Q1,2,February,13,1,Monday
2034-02-14,2034,Q1,2,February,14,2,Tuesday
2034-02-15,2034,Q1,2,February,15,3,Wednesday
2034-02-16,2034,Q1,2,February,16,4,Thursday
2034-02-17,2034,Q1,2,February,17,5,Friday
2034-02-18,2034,Q1,2,February,18,6,Saturday
2034-02-19,2034,Q1,2,February,19,7,Sunday
2034-02-20,2034,Q1,2,February,20,1,Monday
2034-02-21,2034,Q1,2,February,21,2,Tuesday
2034-02-22,2034,Q1,2,February,22,3,Wednesday
2034-02-23,2034,Q1,2,February,23,4,Thursday
2034-02-24,2034,Q1,2,February,24,5,Friday
2034-02-25,2034,Q1,2,February,25,6,Saturday
2034-02-26,2034,Q1,2,February,26,7,Sunday
2034-02-27,2034,Q1,2,February,27,1,Monday
2034-02-28,2034,Q1,2,February,28,2,Tuesday
2034-03-01,2034,Q1,3,March,1,3,Wednesday
2034-03-02,2034,Q1,3,March,2,4,Thursday
2034-03-03,2034,Q1,3,March,3,5,Friday
2034-03-04,2034,Q1,3,March,4,6,Saturday
2034-03-05,2034,Q1,3,March,5,7,Sunday
2034-03-06,2034,Q1,3,March,6,1,Monday
2034-03-07,2034,Q1,3,March,7,2,Tuesday
2034-03-08,2034,Q1,3,March,8,3,Wednesday
2034-03-09,2034,Q1,3,March,9,4,Thursday
2034-03-10,2034,Q1,3,March,10,5,Friday
2034-03-11,2034,Q1,3,March,11,6,Saturday
2034-03-12,2034,Q1,3,March,12,7,Sunday
2034-03-13,2034,Q1,3,March,13,1,Monday
2034-03-14,2034,Q1,3,March,14,2,Tuesday
2034-03-15,2034,Q1,3,March,15,3,Wednesday
2034-03-16,2034,Q1,3,March,16,4,Thursday
2034-03-17,2034,Q1,3,March,17,5,Friday
2034-03-18,2034,Q1,3,March,18,6,Saturday
2034-03-19,2034,Q1,3,March,19,7,Sunday
2034-03-20,2034,Q1,3,March,20,1,Monday
2034-03-21,2034,Q1,3,March,21,2,Tuesday
2034-03-22,2034,Q1,3,March,22,3,Wednesday
2034-03-23,2034,Q1,3,March,23,4,Thursday
2034-03-24,2034,Q1,3,March,24,5,Friday
2034-03-25,2034,Q1,3,March,25,6,Saturday
2034-03-26,2034,Q1,3,March,26,7,Sunday
2034-03-27,2034,Q1,3,March,27,1,Monday
2034-03-28,2034,Q1,3,March,28,2,Tuesday
2034-03-29,2034,Q1,3,March,29,3,Wednesday
2034-03-30,2034,Q1,3,March,30,4,Thursday
2034-03-31,2034,Q1,3,March,31,5,Friday
2034-04-01,2034,Q2,4,April,1,6,Saturday
2034-04-02,2034,Q2,4,April,2,7,Sunday
2034-04-03,2034,Q2,4,April,3,1,Monday
2034-04-04,2034,Q2,4,April,4,2,Tuesday
2034-04-05,2034,Q2,4,April,5,3,Wednesday
2034-04-06,2034,Q2,4,April,6,4,Thursday
2034-04-07,2034,Q2,4,April,7,5,Friday
2034-04-08,2034,Q2,4,April,8,6,Saturday
2034-04-09,2034,Q2,4,April,9,7,Sunday
2034-04-10,2034,Q2,4,April,10,1,Monday
2034-04-11,2034,Q2,4,April,11,2,Tuesday
2034-04-12,2034,Q2,4,April,12,3,Wednesday
2034-04-13,2034,Q2,4,April,13,4,Thursday
2034-04-14,2034,Q2,4,April,14,5,Friday
2034-04-15,2034,Q2,4,April,15,6,Saturday
2034-04-16,2034,Q2,4,April,16,7,Sunday
2034-04-17,2034,Q2,4,April,17,1,Monday
2034-04-18,2034,Q2,4,April,18,2,Tuesday
2034-04-19,2034,Q2,4,April,19,3,Wednesday
2034-04-20,2034,Q2,4,April,20,4,Thursday
2034-04-21,2034,Q2,4,April,21,5,Friday
2034-04-22,2034,Q2,4,April,22,6,Saturday
2034-04-23,2034,Q2,4,April,23,7,Sunday
2034-04-24,2034,Q2,4,April,24,1,Monday
2034-04-25,2034,Q2,4,April,25,2,Tuesday
2034-04-26,2034,Q2,4,April,26,3,Wednesday
2034-04-27,2034,Q2,4,April,27,4,Thursday
2034-04-28,2034,Q2,4,April,28,5,Friday
2034-04-29,2034,Q2,4,April,29,6,Saturday
2034-04-30,2034,Q2,4,April,30,7,Sunday
2034-05-01,2034,Q2,5,May,1,1,Monday
2034-05-02,2034,Q2,5,May,2,2,Tuesday
2034-05-03,2034,Q2,5,May,3,3,Wednesday
2034-05-04,2034,Q2,5,May,4,4,Thursday
2034-05-05,2034,Q2,5,May,5,5,Friday
2034-05-06,2034,Q2,5,May,6,6,Saturday
2034-05-07,2034,Q2,5,May,7,7,Sunday
2034-05-08,2034,Q2,5,May,8,1,Monday
2034-05-09,2034,Q2,5,May,9,2,Tuesday
2034-05-10,2034,Q2,5,May,10,3,Wednesday
2034-05-11,2034,Q2,5,May,11,4,Thursday
2034-05-12,2034,Q2,5,May,12,5,Friday
2034-05-13,2034,Q2,5,May,13,6,Saturday
2034-05-14,2034,Q2,5,May,14,7,Sunday
2034-05-15,2034,Q2,5,May,15,1,Monday
2034-05-16,2034,Q2,5,May,16,2,Tuesday
2034-05-17,2034,Q2,5,May,17,3,Wednesday
2034-05-18,2034,Q2,5,May,18,4,Thursday
2034-05-19,2034,Q2,5,May,19,5,Friday
2034-05-20,2034,Q2,5,May,20,6,Saturday
2034-05-21,2034,Q2,5,May,21,7,Sunday
2034-05-22,2034,Q2,5,May,22,1,Monday
2034-05-23,2034,Q2,5,May,23,2,Tuesday
2034-05-24,2034,Q2,5,May,24,3,Wednesday
2034-05-25,2034,Q2,5,May,25,4,Thursday
2034-05-26,2034,Q2,5,May,26,5,Friday
2034-05-27,2034,Q2,5,May,27,6,Saturday
2034-05-28,2034,Q2,5,May,28,7,Sunday
2034-05-29,2034,Q2,5,May,29,1,Monday
2034-05-30,2034,Q2,5,May,30,2,Tuesday
2034-05-31,2034,Q2,5,May,31,3,Wednesday
2034-06-01,2034,Q2,6,June,1,4,Thursday
2034-06-02,2034,Q2,6,June,2,5,Friday
2034-06-03,2034,Q2,6,June,3,6,Saturday
2034-06-04,2034,Q2,6,June,4,7,Sunday
2034-06-05,2034,Q2,6,June,5,1,Monday
2034-06-06,2034,Q2,6,June,6,2,Tuesday
2034-06-07,2034,Q2,6,June,7,3,Wednesday
2034-06-08,2034,Q2,6,June,8,4,Thursday
2034-06-09,2034,Q2,6,June,9,5,Friday
2034-06-10,2034,Q2,6,June,10,6,Saturday
2034-06-11,2034,Q2,6,June,11,7,Sunday
2034-06-12,2034,Q2,6,June,12,1,Monday
2034-06-13,2034,Q2,6,June,13,2,Tuesday
2034-06-14,2034,Q2,6,June,14,3,Wednesday
2034-06-15,2034,Q2,6,June,15,4,Thursday
2034-06-16,2034,Q2,6,June,16,5,Friday
2034-06-17,2034,Q2,6,June,17,6,Saturday
2034-06-18,2034,Q2,6,June,18,7,Sunday
2034-06-19,2034,Q2,6,June,19,1,Monday
2034-06-20,2034,Q2,6,June,20,2,Tuesday
2034-06-21,2034,Q2,6,June,21,3,Wednesday
2034-06-22,2034,Q2,6,June,22,4,Thursday
2034-06-23,2034,Q2,6,June,23,5,Friday
2034-06-24,2034,Q2,6,June,24,6,Saturday
2034-06-25,2034,Q2,6,June,25,7,Sunday
2034-06-26,2034,Q2,6,June,26,1,Monday
2034-06-27,2034,Q2,6,June,27,2,Tuesday
2034-06-28,2034,Q2,6,June,28,3,Wednesday
2034-06-29,2034,Q2,6,June,29,4,Thursday
2034-06-30,2034,Q2,6,June,30,5,Friday
2034-07-01,2034,Q3,7,July,1,6,Saturday
2034-07-02,2034,Q3,7,July,2,7,Sunday
2034-07-03,2034,Q3,7,July,3,1,Monday
2034-07-04,2034,Q3,7,July,4,2,Tuesday
2034-07-05,2034,Q3,7,July,5,3,Wednesday
2034-07-06,2034,Q3,7,July,6,4,Thursday
2034-07-07,2034,Q3,7,July,7,5,Friday
2034-07-08,2034,Q3,7,July,8,6,Saturday
2034-07-09,2034,Q3,7,July,9,7,Sunday
2034-07-10,2034,Q3,7,July,10,1,Monday
2034-07-11,2034,Q3,7,July,11,2,Tuesday
2034-07-12,2034,Q3,7,July,12,3,Wednesday
2034-07-13,2034,Q3,7,July,13,4,Thursday
2034-07-14,2034,Q3,7,July,14,5,Friday
2034-07-15,2034,Q3,7,July,15,6,Saturday
2034-07-16,2034,Q3,7,July,16,7,Sunday
2034-07-17,2034,Q3,7,July,17,1,Monday
2034-07-18,2034,Q3,7,July,18,2,Tuesday
2034-07-19,2034,Q3,7,July,19,3,Wednesday
2034-07-20,2034,Q3,7,July,20,4,Thursday
2034-07-21,2034,Q3,7,July,21,5,Friday
2034-07-22,2034,Q3,7,July,22,6,Saturday
2034-07-23,2034,Q3,7,July,23,7,Sunday
2034-07-24,2034,Q3,7,July,24,1,Monday
2034-07-25,2034,Q3,7,July,25,2,Tuesday
2034-07-26,2034,Q3,7,July,26,3,Wednesday
2034-07-27,2034,Q3,7,July,27,4,Thursday
2034-07-28,2034,Q3,7,July,28,5,Friday
2034-07-29,2034,Q3,7,July,29,6,Saturday
2034-07-30,2034,Q3,7,July,30,7,Sunday
2034-07-31,2034,Q3,7,July,31,1,Monday
2034-08-01,2034,Q3,8,August,1,2,Tuesday
2034-08-02,2034,Q3,8,August,2,3,Wednesday
2034-08-03,2034,Q3,8,August,3,4,Thursday
2034-08-04,2034,Q3,8,August,4,5,Friday
2034-08-05,2034,Q3,8,August,5,6,Saturday
2034-08-06,2034,Q3,8,August,6,7,Sunday
2034-08-07,2034,Q3,8,August,7,1,Monday
2034-08-08,2034,Q3,8,August,8,2,Tuesday
2034-08-09,2034,Q3,8,August,9,3,Wednesday
2034-08-10,2034,Q3,8,August,10,4,Thursday
2034-08-11,2034,Q3,8,August,11,5,Friday
2034-08-12,2034,Q3,8,August,12,6,Saturday
2034-08-13,2034,Q3,8,August,13,7,Sunday
2034-08-14,2034,Q3,8,August,14,1,Monday
2034-08-15,2034,Q3,8,August,15,2,Tuesday
2034-08-16,2034,Q3,8,August,16,3,Wednesday
2034-08-17,2034,Q3,8,August,17,4,Thursday
2034-08-18,2034,Q3,8,August,18,5,Friday
2034-08-19,2034,Q3,8,August,19,6,Saturday
2034-08-20,2034,Q3,8,August,20,7,Sunday
2034-08-21,2034,Q3,8,August,21,1,Monday
2034-08-22,2034,Q3,8,August,22,2,Tuesday
2034-08-23,2034,Q3,8,August,23,3,Wednesday
2034-08-24,2034,Q3,8,August,24,4,Thursday
2034-08-25,2034,Q3,8,August,25,5,Friday
2034-08-26,2034,Q3,8,August,26,6,Saturday
2034-08-27,2034,Q3,8,August,27,7,Sunday
2034-08-28,2034,Q3,8,August,28,1,Monday
2034-08-29,2034,Q3,8,August,29,2,Tuesday
2034-08-30,2034,Q3,8,August,30,3,Wednesday
2034-08-31,2034,Q3,8,August,31,4,Thursday
2034-09-01,2034,Q3,9,September,1,5,Friday
2034-09-02,2034,Q3,9,September,2,6,Saturday
2034-09-03,2034,Q3,9,September,3,7,Sunday
2034-09-04,2034,Q3,9,September,4,1,Monday
2034-09-05,2034,Q3,9,September,5,2,Tuesday
2034-09-06,2034,Q3,9,September,6,3,Wednesday
2034-09-07,2034,Q3,9,September,7,4,Thursday
2034-09-08,2034,Q3,9,September,8,5,Friday
2034-09-09,2034,Q3,9,September,9,6,Saturday
2034-09-10,2034,Q3,9,September,10,7,Sunday
2034-09-11,2034,Q3,9,September,11,1,Monday
2034-09-12,2034,Q3,9,September,12,2,Tuesday
2034-09-13,2034,Q3,9,September,13,3,Wednesday
2034-09-14,2034,Q3,9,September,14,4,Thursday
2034-09-15,2034,Q3,9,September,15,5,Friday
2034-09-16,2034,Q3,9,September,16,6,Saturday
2034-09-17,2034,Q3,9,September,17,7,Sunday
2034-09-18,2034,Q3,9,September,18,1,Monday
2034-09-19,2034,Q3,9,September,19,2,Tuesday
2034-09-20,2034,Q3,9,September,20,3,Wednesday
2034-09-21,2034,Q3,9,September,21,4,Thursday
2034-09-22,2034,Q3,9,September,22,5,Friday
2034-09-23,2034,Q3,9,September,23,6,Saturday
2034-09-24,2034,Q3,9,September,24,7,Sunday
2034-09-25,2034,Q3,9,September,25,1,Monday
2034-09-26,2034,Q3,9,September,26,2,Tuesday
2034-09-27,2034,Q3,9,September,27,3,Wednesday
2034-09-28,2034,Q3,9,September,28,4,Thursday
2034-09-29,2034,Q3,9,September,29,5,Friday
2034-09-30,2034,Q3,9,September,30,6,Saturday
2034-10-01,2034,Q4,10,October,1,7,Sunday
2034-10-02,2034,Q4,10,October,2,1,Monday
2034-10-03,2034,Q4,10,October,3,2,Tuesday
2034-10-04,2034,Q4,10,October,4,3,Wednesday
2034-10-05,2034,Q4,10,October,5,4,Thursday
2034-10-06,2034,Q4,10,October,6,5,Friday
2034-10-07,2034,Q4,10,October,7,6,Saturday
2034-10-08,2034,Q4,10,October,8,7,Sunday
2034-10-09,2034,Q4,10,October,9,1,Monday
2034-10-10,2034,Q4,10,October,10,2,Tuesday
2034-10-11,2034,Q4,10,October,11,3,Wednesday
2034-10-12,2034,Q4,10,October,12,4,Thursday
2034-10-13,2034,Q4,10,October,13,5,Friday
2034-10-14,2034,Q4,10,October,14,6,Saturday
2034-10-15,2034,Q4,10,October,15,7,Sunday
2034-10-16,2034,Q4,10,October,16,1,Monday
2034-10-17,2034,Q4,10,October,17,2,Tuesday
2034-10-18,2034,Q4,10,October,18,3,Wednesday
2034-10-19,2034,Q4,10,October,19,4,Thursday
2034-10-20,2034,Q4,10,October,20,5,Friday
2034-10-21,2034,Q4,10,October,21,6,Saturday
2034-10-22,2034,Q4,10,October,22,7,Sunday
2034-10-23,2034,Q4,10,October,23,1,Monday
2034-10-24,2034,Q4,10,October,24,2,Tuesday
2034-10-25,2034,Q4,10,October,25,3,Wednesday
2034-10-26,2034,Q4,10,October,26,4,Thursday
2034-10-27,2034,Q4,10,October,27,5,Friday
2034-10-28,2034,Q4,10,October,28,6,Saturday
2034-10-29,2034,Q4,10,October,29,7,Sunday
2034-10-30,2034,Q4,10,October,30,1,Monday
2034-10-31,2034,Q4,10,October,31,2,Tuesday
2034-11-01,2034,Q4,11,November,1,3,Wednesday
2034-11-02,2034,Q4,11,November,2,4,Thursday
2034-11-03,2034,Q4,11,November,3,5,Friday
2034-11-04,2034,Q4,11,November,4,6,Saturday
2034-11-05,2034,Q4,11,November,5,7,Sunday
2034-11-06,2034,Q4,11,November,6,1,Monday
2034-11-07,2034,Q4,11,November,7,2,Tuesday
2034-11-08,2034,Q4,11,November,8,3,Wednesday
2034-11-09,2034,Q4,11,November,9,4,Thursday
2034-11-10,2034,Q4,11,November,10,5,Friday
2034-11-11,2034,Q4,11,November,11,6,Saturday
2034-11-12,2034,Q4,11,November,12,7,Sunday
2034-11-13,2034,Q4,11,November,13,1,Monday
2034-11-14,2034,Q4,11,November,14,2,Tuesday
2034-11-15,2034,Q4,11,November,15,3,Wednesday
2034-11-16,2034,Q4,11,November,16,4,Thursday
2034-11-17,2034,Q4,11,November,17,5,Friday
2034-11-18,2034,Q4,11,November,18,6,Saturday
2034-11-19,2034,Q4,11,November,19,7,Sunday
2034-11-20,2034,Q4,11,November,20,1,Monday
2034-11-21,2034,Q4,11,November,21,2,Tuesday
2034-11-22,2034,Q4,11,November,22,3,Wednesday
2034-11-23,2034,Q4,11,November,23,4,Thursday
2034-11-24,2034,Q4,11,November,24,5,Friday
2034-11-25,2034,Q4,11,November,25,6,Saturday
2034-11-26,2034,Q4,11,November,26,7,Sunday
2034-11-27,2034,Q4,11,November,27,1,Monday
2034-11-28,2034,Q4,11,November,28,2,Tuesday
2034-11-29,2034,Q4,11,November,29,3,Wednesday
2034-11-30,2034,Q4,11,November,30,4,Thursday
2034-12-01,2034,Q4,12,December,1,5,Friday
2034-12-02,2034,Q4,12,December,2,6,Saturday
2034-12-03,2034,Q4,12,December,3,7,Sunday
2034-12-04,2034,Q4,12,December,4,1,Monday
2034-12-05,2034,Q4,12,December,5,2,Tuesday
2034-12-06,2034,Q4,12,December,6,3,Wednesday
2034-12-07,2034,Q4,12,December,7,4,Thursday
2034-12-08,2034,Q4,12,December,8,5,Friday
2034-12-09,2034,Q4,12,December,9,6,Saturday
2034-12-10,2034,Q4,12,December,10,7,Sunday
2034-12-11,2034,Q4,12,December,11,1,Monday
2034-12-12,2034,Q4,12,December,12,2,Tuesday
2034-12-13,2034,Q4,12,December,13,3,Wednesday
2034-12-14,2034,Q4,12,December,14,4,Thursday
2034-12-15,2034,Q4,12,December,15,5,Friday
2034-12-16,2034,Q4,12,December,16,6,Saturday
2034-12-17,2034,Q4,12,December,17,7,Sunday
2034-12-18,2034,Q4,12,December,18,1,Monday
2034-12-19,2034,Q4,12,December,19,2,Tuesday
2034-12-20,2034,Q4,12,December,20,3,Wednesday
2034-12-21,2034,Q4,12,December,21,4,Thursday
2034-12-22,2034,Q4,12,December,22,5,Friday
2034-12-23,2034,Q4,12,December,23,6,Saturday
2034-12-24,2034,Q4,12,December,24,7,Sunday
2034-12-25,2034,Q4,12,December,25,1,Monday
2034-12-26,2034,Q4,12,December,26,2,Tuesday
2034-12-27,2034,Q4,12,December,27,3,Wednesday
2034-12-28,2034,Q4,12,December,28,4,Thursday
2034-12-29,2034,Q4,12,December,29,5,Friday
2034-12-30,2034,Q4,12,December,30,6,Saturday
2034-12-31,2034,Q4,12,December,31,7,Sunday
2035-01-01,2035,Q1,1,January,1,1,Monday
2035-01-02,2035,Q1,1,January,2,2,Tuesday
2035-01-03,2035,Q1,1,January,3,3,Wednesday
2035-01-04,2035,Q1,1,January,4,4,Thursday
2035-01-05,2035,Q1,1,January,5,5,Friday
2035-01-06,2035,Q1,1,January,6,6,Saturday
2035-01-07,2035,Q1,1,January,7,7,Sunday
2035-01-08,2035,Q1,1,January,8,1,Monday
2035-01-09,2035,Q1,1,January,9,2,Tuesday
2035-01-10,2035,Q1,1,January,10,3,Wednesday
2035-01-11,2035,Q1,1,January,11,4,Thursday
2035-01-12,2035,Q1,1,January,12,5,Friday
2035-01-13,2035,Q1,1,January,13,6,Saturday
2035-01-14,2035,Q1,1,January,14,7,Sunday
2035-01-15,2035,Q1,1,January,15,1,Monday
2035-01-16,2035,Q1,1,January,16,2,Tuesday
2035-01-17,2035,Q1,1,January,17,3,Wednesday
2035-01-18,2035,Q1,1,January,18,4,Thursday
2035-01-19,2035,Q1,1,January,19,5,Friday
2035-01-20,2035,Q1,1,January,20,6,Saturday
2035-01-21,2035,Q1,1,January,21,7,Sunday
2035-01-22,2035,Q1,1,January,22,1,Monday
2035-01-23,2035,Q1,1,January,23,2,Tuesday
2035-01-24,2035,Q1,1,January,24,3,Wednesday
2035-01-25,2035,Q1,1,January,25,4,Thursday
2035-01-26,2035,Q1,1,January,26,5,Friday
2035-01-27,2035,Q1,1,January,27,6,Saturday
2035-01-28,2035,Q1,1,January,28,7,Sunday
2035-01-29,2035,Q1,1,January,29,1,Monday
2035-01-30,2035,Q1,1,January,30,2,Tuesday
2035-01-31,2035,Q1,1,January,31,3,Wednesday
2035-02-01,2035,Q1,2,February,1,4,Thursday
2035-02-02,2035,Q1,2,February,2,5,Friday
2035-02-03,2035,Q1,2,February,3,6,Saturday
2035-02-04,2035,Q1,2,February,4,7,Sunday
2035-02-05,2035,Q1,2,February,5,1,Monday
2035-02-06,2035,Q1,2,February,6,2,Tuesday
2035-02-07,2035,Q1,2,February,7,3,Wednesday
2035-02-08,2035,Q1,2,February,8,4,Thursday
2035-02-09,2035,Q1,2,February,9,5,Friday
2035-02-10,2035,Q1,2,February,10,6,Saturday
2035-02-11,2035,Q1,2,February,11,7,Sunday
2035-02-12,2035,Q1,2,February,12,1,Monday
2035-02-13,2035,Q1,2,February,13,2,Tuesday
2035-02-14,2035,Q1,2,February,14,3,Wednesday
2035-02-15,2035,Q1,2,February,15,4,Thursday
2035-02-16,2035,Q1,2,February,16,5,Friday
2035-02-17,2035,Q1,2,February,17,6,Saturday
2035-02-18,2035,Q1,2,February,18,7,Sunday
2035-02-19,2035,Q1,2,February,19,1,Monday
2035-02-20,2035,Q1,2,February,20,2,Tuesday
2035-02-21,2035,Q1,2,February,21,3,Wednesday
2035-02-22,2035,Q1,2,February,22,4,Thursday
2035-02-23,2035,Q1,2,February,23,5,Friday
2035-02-24,2035,Q1,2,February,24,6,Saturday
2035-02-25,2035,Q1,2,February,25,7,Sunday
2035-02-26,2035,Q1,2,February,26,1,Monday
2035-02-27,2035,Q1,2,February,27,2,Tuesday
2035-02-28,2035,Q1,2,February,28,3,Wednesday
2035-03-01,2035,Q1,3,March,1,4,Thursday
2035-03-02,2035,Q1,3,March,2,5,Friday
2035-03-03,2035,Q1,3,March,3,6,Saturday
2035-03-04,2035,Q1,3,March,4,7,Sunday
2035-03-05,2035,Q1,3,March,5,1,Monday
2035-03-06,2035,Q1,3,March,6,2,Tuesday
2035-03-07,2035,Q1,3,March,7,3,Wednesday
2035-03-08,2035,Q1,3,March,8,4,Thursday
2035-03-09,2035,Q1,3,March,9,5,Friday
2035-03-10,2035,Q1,3,March,10,6,Saturday
2035-03-11,2035,Q1,3,March,11,7,Sunday
2035-03-12,2035,Q1,3,March,12,1,Monday
2035-03-13,2035,Q1,3,March,13,2,Tuesday
2035-03-14,2035,Q1,3,March,14,3,Wednesday
2035-03-15,2035,Q1,3,March,15,4,Thursday
2035-03-16,2035,Q1,3,March,16,5,Friday
2035-03-17,2035,Q1,3,March,17,6,Saturday
2035-03-18,2035,Q1,3,March,18,7,Sunday
2035-03-19,2035,Q1,3,March,19,1,Monday
2035-03-20,2035,Q1,3,March,20,2,Tuesday
2035-03-21,2035,Q1,3,March,21,3,Wednesday
2035-03-22,2035,Q1,3,March,22,4,Thursday
2035-03-23,2035,Q1,3,March,23,5,Friday
2035-03-24,2035,Q1,3,March,24,6,Saturday
2035-03-25,2035,Q1,3,March,25,7,Sunday
2035-03-26,2035,Q1,3,March,26,1,Monday
2035-03-27,2035,Q1,3,March,27,2,Tuesday
2035-03-28,2035,Q1,3,March,28,3,Wednesday
2035-03-29,2035,Q1,3,March,29,4,Thursday
2035-03-30,2035,Q1,3,March,30,5,Friday
2035-03-31,2035,Q1,3,March,31,6,Saturday
2035-04-01,2035,Q2,4,April,1,7,Sunday
2035-04-02,2035,Q2,4,April,2,1,Monday
2035-04-03,2035,Q2,4,April,3,2,Tuesday
2035-04-04,2035,Q2,4,April,4,3,Wednesday
2035-04-05,2035,Q2,4,April,5,4,Thursday
2035-04-06,2035,Q2,4,April,6,5,Friday
2035-04-07,2035,Q2,4,April,7,6,Saturday
2035-04-08,2035,Q2,4,April,8,7,Sunday
2035-04-09,2035,Q2,4,April,9,1,Monday
2035-04-10,2035,Q2,4,April,10,2,Tuesday
2035-04-11,2035,Q2,4,April,11,3,Wednesday
2035-04-12,2035,Q2,4,April,12,4,Thursday
2035-04-13,2035,Q2,4,April,13,5,Friday
2035-04-14,2035,Q2,4,April,14,6,Saturday
2035-04-15,2035,Q2,4,April,15,7,Sunday
2035-04-16,2035,Q2,4,April,16,1,Monday
2035-04-17,2035,Q2,4,April,17,2,Tuesday
2035-04-18,2035,Q2,4,April,18,3,Wednesday
2035-04-19,2035,Q2,4,April,19,4,Thursday
2035-04-20,2035,Q2,4,April,20,5,Friday
2035-04-21,2035,Q2,4,April,21,6,Saturday
2035-04-22,2035,Q2,4,April,22,7,Sunday
2035-04-23,2035,Q2,4,April,23,1,Monday
2035-04-24,2035,Q2,4,April,24,2,Tuesday
2035-04-25,2035,Q2,4,April,25,3,Wednesday
2035-04-26,2035,Q2,4,April,26,4,Thursday
2035-04-27,2035,Q2,4,April,27,5,Friday
2035-04-28,2035,Q2,4,April,28,6,Saturday
2035-04-29,2035,Q2,4,April,29,7,Sunday
2035-04-30,2035,Q2,4,April,30,1,Monday
2035-05-01,2035,Q2,5,May,1,2,Tuesday
2035-05-02,2035,Q2,5,May,2,3,Wednesday
2035-05-03,2035,Q2,5,May,3,4,Thursday
2035-05-04,2035,Q2,5,May,4,5,Friday
2035-05-05,2035,Q2,5,May,5,6,Saturday
2035-05-06,2035,Q2,5,May,6,7,Sunday
2035-05-07,2035,Q2,5,May,7,1,Monday
2035-05-08,2035,Q2,5,May,8,2,Tuesday
2035-05-09,2035,Q2,5,May,9,3,Wednesday
2035-05-10,2035,Q2,5,May,10,4,Thursday
2035-05-11,2035,Q2,5,May,11,5,Friday
2035-05-12,2035,Q2,5,May,12,6,Saturday
2035-05-13,2035,Q2,5,May,13,7,Sunday
2035-05-14,2035,Q2,5,May,14,1,Monday
2035-05-15,2035,Q2,5,May,15,2,Tuesday
2035-05-16,2035,Q2,5,May,16,3,Wednesday
2035-05-17,2035,Q2,5,May,17,4,Thursday
2035-05-18,2035,Q2,5,May,18,5,Friday
2035-05-19,2035,Q2,5,May,19,6,Saturday
2035-05-20,2035,Q2,5,May,20,7,Sunday
2035-05-21,2035,Q2,5,May,21,1,Monday
2035-05-22,2035,Q2,5,May,22,2,Tuesday
2035-05-23,2035,Q2,5,May,23,3,Wednesday
2035-05-24,2035,Q2,5,May,24,4,Thursday
2035-05-25,2035,Q2,5,May,25,5,Friday
2035-05-26,2035,Q2,5,May,26,6,Saturday
2035-05-27,2035,Q2,5,May,27,7,Sunday
2035-05-28,2035,Q2,5,May,28,1,Monday
2035-05-29,2035,Q2,5,May,29,2,Tuesday
2035-05-30,2035,Q2,5,May,30,3,Wednesday
2035-05-31,2035,Q2,5,May,31,4,Thursday
2035-06-01,2035,Q2,6,June,1,5,Friday
2035-06-02,2035,Q2,6,June,2,6,Saturday
2035-06-03,2035,Q2,6,June,3,7,Sunday
2035-06-04,2035,Q2,6,June,4,1,Monday
2035-06-05,2035,Q2,6,June,5,2,Tuesday
2035-06-06,2035,Q2,6,June,6,3,Wednesday
2035-06-07,2035,Q2,6,June,7,4,Thursday
2035-06-08,2035,Q2,6,June,8,5,Friday
2035-06-09,2035,Q2,6,June,9,6,Saturday
2035-06-10,2035,Q2,6,June,10,7,Sunday
2035-06-11,2035,Q2,6,June,11,1,Monday
2035-06-12,2035,Q2,6,June,12,2,Tuesday
2035-06-13,2035,Q2,6,June,13,3,Wednesday
2035-06-14,2035,Q2,6,June,14,4,Thursday
2035-06-15,2035,Q2,6,June,15,5,Friday
2035-06-16,2035,Q2,6,June,16,6,Saturday
2035-06-17,2035,Q2,6,June,17,7,Sunday
2035-06-18,2035,Q2,6,June,18,1,Monday
2035-06-19,2035,Q2,6,June,19,2,Tuesday
2035-06-20,2035,Q2,6,June,20,3,Wednesday
2035-06-21,2035,Q2,6,June,21,4,Thursday
2035-06-22,2035,Q2,6,June,22,5,Friday
2035-06-23,2035,Q2,6,June,23,6,Saturday
2035-06-24,2035,Q2,6,June,24,7,Sunday
2035-06-25,2035,Q2,6,June,25,1,Monday
2035-06-26,2035,Q2,6,June,26,2,Tuesday
2035-06-27,2035,Q2,6,June,27,3,Wednesday
2035-06-28,2035,Q2,6,June,28,4,Thursday
2035-06-29,2035,Q2,6,June,29,5,Friday
2035-06-30,2035,Q2,6,June,30,6,Saturday
2035-07-01,2035,Q3,7,July,1,7,Sunday
2035-07-02,2035,Q3,7,July,2,1,Monday
2035-07-03,2035,Q3,7,July,3,2,Tuesday
2035-07-04,2035,Q3,7,July,4,3,Wednesday
2035-07-05,2035,Q3,7,July,5,4,Thursday
2035-07-06,2035,Q3,7,July,6,5,Friday
2035-07-07,2035,Q3,7,July,7,6,Saturday
2035-07-08,2035,Q3,7,July,8,7,Sunday
2035-07-09,2035,Q3,7,July,9,1,Monday
2035-07-10,2035,Q3,7,July,10,2,Tuesday
2035-07-11,2035,Q3,7,July,11,3,Wednesday
2035-07-12,2035,Q3,7,July,12,4,Thursday
2035-07-13,2035,Q3,7,July,13,5,Friday
2035-07-14,2035,Q3,7,July,14,6,Saturday
2035-07-15,2035,Q3,7,July,15,7,Sunday
2035-07-16,2035,Q3,7,July,16,1,Monday
2035-07-17,2035,Q3,7,July,17,2,Tuesday
2035-07-18,2035,Q3,7,July,18,3,Wednesday
2035-07-19,2035,Q3,7,July,19,4,Thursday
2035-07-20,2035,Q3,7,July,20,5,Friday
2035-07-21,2035,Q3,7,July,21,6,Saturday
2035-07-22,2035,Q3,7,July,22,7,Sunday
2035-07-23,2035,Q3,7,July,23,1,Monday
2035-07-24,2035,Q3,7,July,24,2,Tuesday
2035-07-25,2035,Q3,7,July,25,3,Wednesday
2035-07-26,2035,Q3,7,July,26,4,Thursday
2035-07-27,2035,Q3,7,July,27,5,Friday
2035-07-28,2035,Q3,7,July,28,6,Saturday
2035-07-29,2035,Q3,7,July,29,7,Sunday
2035-07-30,2035,Q3,7,July,30,1,Monday
2035-07-31,2035,Q3,7,July,31,2,Tuesday
2035-08-01,2035,Q3,8,August,1,3,Wednesday
2035-08-02,2035,Q3,8,August,2,4,Thursday
2035-08-03,2035,Q3,8,August,3,5,Friday
2035-08-04,2035,Q3,8,August,4,6,Saturday
2035-08-05,2035,Q3,8,August,5,7,Sunday
2035-08-06,2035,Q3,8,August,6,1,Monday
2035-08-07,2035,Q3,8,August,7,2,Tuesday
2035-08-08,2035,Q3,8,August,8,3,Wednesday
2035-08-09,2035,Q3,8,August,9,4,Thursday
2035-08-10,2035,Q3,8,August,10,5,Friday
2035-08-11,2035,Q3,8,August,11,6,Saturday
2035-08-12,2035,Q3,8,August,12,7,Sunday
2035-08-13,2035,Q3,8,August,13,1,Monday
2035-08-14,2035,Q3,8,August,14,2,Tuesday
2035-08-15,2035,Q3,8,August,15,3,Wednesday
2035-08-16,2035,Q3,8,August,16,4,Thursday
2035-08-17,2035,Q3,8,August,17,5,Friday
2035-08-18,2035,Q3,8,August,18,6,Saturday
2035-08-19,2035,Q3,8,August,19,7,Sunday
2035-08-20,2035,Q3,8,August,20,1,Monday
2035-08-21,2035,Q3,8,August,21,2,Tuesday
2035-08-22,2035,Q3,8,August,22,3,Wednesday
2035-08-23,2035,Q3,8,August,23,4,Thursday
2035-08-24,2035,Q3,8,August,24,5,Friday
2035-08-25,2035,Q3,8,August,25,6,Saturday
2035-08-26,2035,Q3,8,August,26,7,Sunday
2035-08-27,2035,Q3,8,August,27,1,Monday
2035-08-28,2035,Q3,8,August,28,2,Tuesday
2035-08-29,2035,Q3,8,August,29,3,Wednesday
2035-08-30,2035,Q3,8,August,30,4,Thursday
2035-08-31,2035,Q3,8,August,31,5,Friday
2035-09-01,2035,Q3,9,September,1,6,Saturday
2035-09-02,2035,Q3,9,September,2,7,Sunday
2035-09-03,2035,Q3,9,September,3,1,Monday
2035-09-04,2035,Q3,9,September,4,2,Tuesday
2035-09-05,2035,Q3,9,September,5,3,Wednesday
2035-09-06,2035,Q3,9,September,6,4,Thursday
2035-09-07,2035,Q3,9,September,7,5,Friday
2035-09-08,2035,Q3,9,September,8,6,Saturday
2035-09-09,2035,Q3,9,September,9,7,Sunday
2035-09-10,2035,Q3,9,September,10,1,Monday
2035-09-11,2035,Q3,9,September,11,2,Tuesday
2035-09-12,2035,Q3,9,September,12,3,Wednesday
2035-09-13,2035,Q3,9,September,13,4,Thursday
2035-09-14,2035,Q3,9,September,14,5,Friday
2035-09-15,2035,Q3,9,September,15,6,Saturday
2035-09-16,2035,Q3,9,September,16,7,Sunday
2035-09-17,2035,Q3,9,September,17,1,Monday
2035-09-18,2035,Q3,9,September,18,2,Tuesday
2035-09-19,2035,Q3,9,September,19,3,Wednesday
2035-09-20,2035,Q3,9,September,20,4,Thursday
2035-09-21,2035,Q3,9,September,21,5,Friday
2035-09-22,2035,Q3,9,September,22,6,Saturday
2035-09-23,2035,Q3,9,September,23,7,Sunday
2035-09-24,2035,Q3,9,September,24,1,Monday
2035-09-25,2035,Q3,9,September,25,2,Tuesday
2035-09-26,2035,Q3,9,September,26,3,Wednesday
2035-09-27,2035,Q3,9,September,27,4,Thursday
2035-09-28,2035,Q3,9,September,28,5,Friday
2035-09-29,2035,Q3,9,September,29,6,Saturday
2035-09-30,2035,Q3,9,September,30,7,Sunday
2035-10-01,2035,Q4,10,October,1,1,Monday
2035-10-02,2035,Q4,10,October,2,2,Tuesday
2035-10-03,2035,Q4,10,October,3,3,Wednesday
2035-10-04,2035,Q4,10,October,4,4,Thursday
2035-10-05,2035,Q4,10,October,5,5,Friday
2035-10-06,2035,Q4,10,October,6,6,Saturday
2035-10-07,2035,Q4,10,October,7,7,Sunday
2035-10-08,2035,Q4,10,October,8,1,Monday
2035-10-09,2035,Q4,10,October,9,2,Tuesday
2035-10-10,2035,Q4,10,October,10,3,Wednesday
2035-10-11,2035,Q4,10,October,11,4,Thursday
2035-10-12,2035,Q4,10,October,12,5,Friday
2035-10-13,2035,Q4,10,October,13,6,Saturday
2035-10-14,2035,Q4,10,October,14,7,Sunday
2035-10-15,2035,Q4,10,October,15,1,Monday
2035-10-16,2035,Q4,10,October,16,2,Tuesday
2035-10-17,2035,Q4,10,October,17,3,Wednesday
2035-10-18,2035,Q4,10,October,18,4,Thursday
2035-10-19,2035,Q4,10,October,19,5,Friday
2035-10-20,2035,Q4,10,October,20,6,Saturday
2035-10-21,2035,Q4,10,October,21,7,Sunday
2035-10-22,2035,Q4,10,October,22,1,Monday
2035-10-23,2035,Q4,10,October,23,2,Tuesday
2035-10-24,2035,Q4,10,October,24,3,Wednesday
2035-10-25,2035,Q4,10,October,25,4,Thursday
2035-10-26,2035,Q4,10,October,26,5,Friday
2035-10-27,2035,Q4,10,October,27,6,Saturday
2035-10-28,2035,Q4,10,October,28,7,Sunday
2035-10-29,2035,Q4,10,October,29,1,Monday
2035-10-30,2035,Q4,10,October,30,2,Tuesday
2035-10-31,2035,Q4,10,October,31,3,Wednesday
2035-11-01,2035,Q4,11,November,1,4,Thursday
2035-11-02,2035,Q4,11,November,2,5,Friday
2035-11-03,2035,Q4,11,November,3,6,Saturday
2035-11-04,2035,Q4,11,November,4,7,Sunday
2035-11-05,2035,Q4,11,November,5,1,Monday
2035-11-06,2035,Q4,11,November,6,2,Tuesday
2035-11-07,2035,Q4,11,November,7,3,Wednesday
2035-11-08,2035,Q4,11,November,8,4,Thursday
2035-11-09,2035,Q4,11,November,9,5,Friday
2035-11-10,2035,Q4,11,November,10,6,Saturday
2035-11-11,2035,Q4,11,November,11,7,Sunday
2035-11-12,2035,Q4,11,November,12,1,Monday
2035-11-13,2035,Q4,11,November,13,2,Tuesday
2035-11-14,2035,Q4,11,November,14,3,Wednesday
2035-11-15,2035,Q4,11,November,15,4,Thursday
2035-11-16,2035,Q4,11,November,16,5,Friday
2035-11-17,2035,Q4,11,November,17,6,Saturday
2035-11-18,2035,Q4,11,November,18,7,Sunday
2035-11-19,2035,Q4,11,November,19,1,Monday
2035-11-20,2035,Q4,11,November,20,2,Tuesday
2035-11-21,2035,Q4,11,November,21,3,Wednesday
2035-11-22,2035,Q4,11,November,22,4,Thursday
2035-11-23,2035,Q4,11,November,23,5,Friday
2035-11-24,2035,Q4,11,November,24,6,Saturday
2035-11-25,2035,Q4,11,November,25,7,Sunday
2035-11-26,2035,Q4,11,November,26,1,Monday
2035-11-27,2035,Q4,11,November,27,2,Tuesday
2035-11-28,2035,Q4,11,November,28,3,Wednesday
2035-11-29,2035,Q4,11,November,29,4,Thursday
2035-11-30,2035,Q4,11,November,30,5,Friday
2035-12-01,2035,Q4,12,December,1,6,Saturday
2035-12-02,2035,Q4,12,December,2,7,Sunday
2035-12-03,2035,Q4,12,December,3,1,Monday
2035-12-04,2035,Q4,12,December,4,2,Tuesday
2035-12-05,2035,Q4,12,December,5,3,Wednesday
2035-12-06,2035,Q4,12,December,6,4,Thursday
2035-12-07,2035,Q4,12,December,7,5,Friday
2035-12-08,2035,Q4,12,December,8,6,Saturday
2035-12-09,2035,Q4,12,December,9,7,Sunday
2035-12-10,2035,Q4,12,December,10,1,Monday
2035-12-11,2035,Q4,12,December,11,2,Tuesday
2035-12-12,2035,Q4,12,December,12,3,Wednesday
2035-12-13,2035,Q4,12,December,13,4,Thursday
2035-12-14,2035,Q4,12,December,14,5,Friday
2035-12-15,2035,Q4,12,December,15,6,Saturday
2035-12-16,2035,Q4,12,December,16,7,Sunday
2035-12-17,2035,Q4,12,December,17,1,Monday
2035-12-18,2035,Q4,12,December,18,2,Tuesday
2035-12-19,2035,Q4,12,December,19,3,Wednesday
2035-12-20,2035,Q4,12,December,20,4,Thursday
2035-12-21,2035,Q4,12,December,21,5,Friday
2035-12-22,2035,Q4,12,December,22,6,Saturday
2035-12-23,2035,Q4,12,December,23,7,Sunday
2035-12-24,2035,Q4,12,December,24,1,Monday
2035-12-25,2035,Q4,12,December,25,2,Tuesday
2035-12-26,2035,Q4,12,December,26,3,Wednesday
2035-12-27,2035,Q4,12,December,27,4,Thursday
2035-12-28,2035,Q4,12,December,28,5,Friday
2035-12-29,2035,Q4,12,December,29,6,Saturday
2035-12-30,2035,Q4,12,December,30,7,Sunday
2035-12-31,2035,Q4,12,December,31,1,Monday
2036-01-01,2036,Q1,1,January,1,2,Tuesday
2036-01-02,2036,Q1,1,January,2,3,Wednesday
2036-01-03,2036,Q1,1,January,3,4,Thursday
2036-01-04,2036,Q1,1,January,4,5,Friday
2036-01-05,2036,Q1,1,January,5,6,Saturday
2036-01-06,2036,Q1,1,January,6,7,Sunday
2036-01-07,2036,Q1,1,January,7,1,Monday
2036-01-08,2036,Q1,1,January,8,2,Tuesday
2036-01-09,2036,Q1,1,January,9,3,Wednesday
2036-01-10,2036,Q1,1,January,10,4,Thursday
2036-01-11,2036,Q1,1,January,11,5,Friday
2036-01-12,2036,Q1,1,January,12,6,Saturday
2036-01-13,2036,Q1,1,January,13,7,Sunday
2036-01-14,2036,Q1,1,January,14,1,Monday
2036-01-15,2036,Q1,1,January,15,2,Tuesday
2036-01-16,2036,Q1,1,January,16,3,Wednesday
2036-01-17,2036,Q1,1,January,17,4,Thursday
2036-01-18,2036,Q1,1,January,18,5,Friday
2036-01-19,2036,Q1,1,January,19,6,Saturday
2036-01-20,2036,Q1,1,January,20,7,Sunday
2036-01-21,2036,Q1,1,January,21,1,Monday
2036-01-22,2036,Q1,1,January,22,2,Tuesday
2036-01-23,2036,Q1,1,January,23,3,Wednesday
2036-01-24,2036,Q1,1,January,24,4,Thursday
2036-01-25,2036,Q1,1,January,25,5,Friday
2036-01-26,2036,Q1,1,January,26,6,Saturday
2036-01-27,2036,Q1,1,January,27,7,Sunday
2036-01-28,2036,Q1,1,January,28,1,Monday
2036-01-29,2036,Q1,1,January,29,2,Tuesday
2036-01-30,2036,Q1,1,January,30,3,Wednesday
2036-01-31,2036,Q1,1,January,31,4,Thursday
2036-02-01,2036,Q1,2,February,1,5,Friday
2036-02-02,2036,Q1,2,February,2,6,Saturday
2036-02-03,2036,Q1,2,February,3,7,Sunday
2036-02-04,2036,Q1,2,February,4,1,Monday
2036-02-05,2036,Q1,2,February,5,2,Tuesday
2036-02-06,2036,Q1,2,February,6,3,Wednesday
2036-02-07,2036,Q1,2,February,7,4,Thursday
2036-02-08,2036,Q1,2,February,8,5,Friday
2036-02-09,2036,Q1,2,February,9,6,Saturday
2036-02-10,2036,Q1,2,February,10,7,Sunday
2036-02-11,2036,Q1,2,February,11,1,Monday
2036-02-12,2036,Q1,2,February,12,2,Tuesday
2036-02-13,2036,Q1,2,February,13,3,Wednesday
2036-02-14,2036,Q1,2,February,14,4,Thursday
2036-02-15,2036,Q1,2,February,15,5,Friday
2036-02-16,2036,Q1,2,February,16,6,Saturday
2036-02-17,2036,Q1,2,February,17,7,Sunday
2036-02-18,2036,Q1,2,February,18,1,Monday
2036-02-19,2036,Q1,2,February,19,2,Tuesday
2036-02-20,2036,Q1,2,February,20,3,Wednesday
2036-02-21,2036,Q1,2,February,21,4,Thursday
2036-02-22,2036,Q1,2,February,22,5,Friday
2036-02-23,2036,Q1,2,February,23,6,Saturday
2036-02-24,2036,Q1,2,February,24,7,Sunday
2036-02-25,2036,Q1,2,February,25,1,Monday
2036-02-26,2036,Q1,2,February,26,2,Tuesday
2036-02-27,2036,Q1,2,February,27,3,Wednesday
2036-02-28,2036,Q1,2,February,28,4,Thursday
2036-02-29,2036,Q1,2,February,29,5,Friday
2036-03-01,2036,Q1,3,March,1,6,Saturday
2036-03-02,2036,Q1,3,March,2,7,Sunday
2036-03-03,2036,Q1,3,March,3,1,Monday
2036-03-04,2036,Q1,3,March,4,2,Tuesday
2036-03-05,2036,Q1,3,March,5,3,Wednesday
2036-03-06,2036,Q1,3,March,6,4,Thursday
2036-03-07,2036,Q1,3,March,7,5,Friday
2036-03-08,2036,Q1,3,March,8,6,Saturday
2036-03-09,2036,Q1,3,March,9,7,Sunday
2036-03-10,2036,Q1,3,March,10,1,Monday
2036-03-11,2036,Q1,3,March,11,2,Tuesday
2036-03-12,2036,Q1,3,March,12,3,Wednesday
2036-03-13,2036,Q1,3,March,13,4,Thursday
2036-03-14,2036,Q1,3,March,14,5,Friday
2036-03-15,2036,Q1,3,March,15,6,Saturday
2036-03-16,2036,Q1,3,March,16,7,Sunday
2036-03-17,2036,Q1,3,March,17,1,Monday
2036-03-18,2036,Q1,3,March,18,2,Tuesday
2036-03-19,2036,Q1,3,March,19,3,Wednesday
2036-03-20,2036,Q1,3,March,20,4,Thursday
2036-03-21,2036,Q1,3,March,21,5,Friday
2036-03-22,2036,Q1,3,March,22,6,Saturday
2036-03-23,2036,Q1,3,March,23,7,Sunday
2036-03-24,2036,Q1,3,March,24,1,Monday
2036-03-25,2036,Q1,3,March,25,2,Tuesday
2036-03-26,2036,Q1,3,March,26,3,Wednesday
2036-03-27,2036,Q1,3,March,27,4,Thursday
2036-03-28,2036,Q1,3,March,28,5,Friday
2036-03-29,2036,Q1,3,March,29,6,Saturday
2036-03-30,2036,Q1,3,March,30,7,Sunday
2036-03-31,2036,Q1,3,March,31,1,Monday
2036-04-01,2036,Q2,4,April,1,2,Tuesday
2036-04-02,2036,Q2,4,April,2,3,Wednesday
2036-04-03,2036,Q2,4,April,3,4,Thursday
2036-04-04,2036,Q2,4,April,4,5,Friday
2036-04-05,2036,Q2,4,April,5,6,Saturday
2036-04-06,2036,Q2,4,April,6,7,Sunday
2036-04-07,2036,Q2,4,April,7,1,Monday
2036-04-08,2036,Q2,4,April,8,2,Tuesday
2036-04-09,2036,Q2,4,April,9,3,Wednesday
2036-04-10,2036,Q2,4,April,10,4,Thursday
2036-04-11,2036,Q2,4,April,11,5,Friday
2036-04-12,2036,Q2,4,April,12,6,Saturday
2036-04-13,2036,Q2,4,April,13,7,Sunday
2036-04-14,2036,Q2,4,April,14,1,Monday
2036-04-15,2036,Q2,4,April,15,2,Tuesday
2036-04-16,2036,Q2,4,April,16,3,Wednesday
2036-04-17,2036,Q2,4,April,17,4,Thursday
2036-04-18,2036,Q2,4,April,18,5,Friday
2036-04-19,2036,Q2,4,April,19,6,Saturday
2036-04-20,2036,Q2,4,April,20,7,Sunday
2036-04-21,2036,Q2,4,April,21,1,Monday
2036-04-22,2036,Q2,4,April,22,2,Tuesday
2036-04-23,2036,Q2,4,April,23,3,Wednesday
2036-04-24,2036,Q2,4,April,24,4,Thursday
2036-04-25,2036,Q2,4,April,25,5,Friday
2036-04-26,2036,Q2,4,April,26,6,Saturday
2036-04-27,2036,Q2,4,April,27,7,Sunday
2036-04-28,2036,Q2,4,April,28,1,Monday
2036-04-29,2036,Q2,4,April,29,2,Tuesday
2036-04-30,2036,Q2,4,April,30,3,Wednesday
2036-05-01,2036,Q2,5,May,1,4,Thursday
2036-05-02,2036,Q2,5,May,2,5,Friday
2036-05-03,2036,Q2,5,May,3,6,Saturday
2036-05-04,2036,Q2,5,May,4,7,Sunday
2036-05-05,2036,Q2,5,May,5,1,Monday
2036-05-06,2036,Q2,5,May,6,2,Tuesday
2036-05-07,2036,Q2,5,May,7,3,Wednesday
2036-05-08,2036,Q2,5,May,8,4,Thursday
2036-05-09,2036,Q2,5,May,9,5,Friday
2036-05-10,2036,Q2,5,May,10,6,Saturday
2036-05-11,2036,Q2,5,May,11,7,Sunday
2036-05-12,2036,Q2,5,May,12,1,Monday
2036-05-13,2036,Q2,5,May,13,2,Tuesday
2036-05-14,2036,Q2,5,May,14,3,Wednesday
2036-05-15,2036,Q2,5,May,15,4,Thursday
2036-05-16,2036,Q2,5,May,16,5,Friday
2036-05-17,2036,Q2,5,May,17,6,Saturday
2036-05-18,2036,Q2,5,May,18,7,Sunday
2036-05-19,2036,Q2,5,May,19,1,Monday
2036-05-20,2036,Q2,5,May,20,2,Tuesday
2036-05-21,2036,Q2,5,May,21,3,Wednesday
2036-05-22,2036,Q2,5,May,22,4,Thursday
2036-05-23,2036,Q2,5,May,23,5,Friday
2036-05-24,2036,Q2,5,May,24,6,Saturday
2036-05-25,2036,Q2,5,May,25,7,Sunday
2036-05-26,2036,Q2,5,May,26,1,Monday
2036-05-27,2036,Q2,5,May,27,2,Tuesday
2036-05-28,2036,Q2,5,May,28,3,Wednesday
2036-05-29,2036,Q2,5,May,29,4,Thursday
2036-05-30,2036,Q2,5,May,30,5,Friday
2036-05-31,2036,Q2,5,May,31,6,Saturday
2036-06-01,2036,Q2,6,June,1,7,Sunday
2036-06-02,2036,Q2,6,June,2,1,Monday
2036-06-03,2036,Q2,6,June,3,2,Tuesday
2036-06-04,2036,Q2,6,June,4,3,Wednesday
2036-06-05,2036,Q2,6,June,5,4,Thursday
2036-06-06,2036,Q2,6,June,6,5,Friday
2036-06-07,2036,Q2,6,June,7,6,Saturday
2036-06-08,2036,Q2,6,June,8,7,Sunday
2036-06-09,2036,Q2,6,June,9,1,Monday
2036-06-10,2036,Q2,6,June,10,2,Tuesday
2036-06-11,2036,Q2,6,June,11,3,Wednesday
2036-06-12,2036,Q2,6,June,12,4,Thursday
2036-06-13,2036,Q2,6,June,13,5,Friday
2036-06-14,2036,Q2,6,June,14,6,Saturday
2036-06-15,2036,Q2,6,June,15,7,Sunday
2036-06-16,2036,Q2,6,June,16,1,Monday
2036-06-17,2036,Q2,6,June,17,2,Tuesday
2036-06-18,2036,Q2,6,June,18,3,Wednesday
2036-06-19,2036,Q2,6,June,19,4,Thursday
2036-06-20,2036,Q2,6,June,20,5,Friday
2036-06-21,2036,Q2,6,June,21,6,Saturday
2036-06-22,2036,Q2,6,June,22,7,Sunday
2036-06-23,2036,Q2,6,June,23,1,Monday
2036-06-24,2036,Q2,6,June,24,2,Tuesday
2036-06-25,2036,Q2,6,June,25,3,Wednesday
2036-06-26,2036,Q2,6,June,26,4,Thursday
2036-06-27,2036,Q2,6,June,27,5,Friday
2036-06-28,2036,Q2,6,June,28,6,Saturday
2036-06-29,2036,Q2,6,June,29,7,Sunday
2036-06-30,2036,Q2,6,June,30,1,Monday
2036-07-01,2036,Q3,7,July,1,2,Tuesday
2036-07-02,2036,Q3,7,July,2,3,Wednesday
2036-07-03,2036,Q3,7,July,3,4,Thursday
2036-07-04,2036,Q3,7,July,4,5,Friday
2036-07-05,2036,Q3,7,July,5,6,Saturday
2036-07-06,2036,Q3,7,July,6,7,Sunday
2036-07-07,2036,Q3,7,July,7,1,Monday
2036-07-08,2036,Q3,7,July,8,2,Tuesday
2036-07-09,2036,Q3,7,July,9,3,Wednesday
2036-07-10,2036,Q3,7,July,10,4,Thursday
2036-07-11,2036,Q3,7,July,11,5,Friday
2036-07-12,2036,Q3,7,July,12,6,Saturday
2036-07-13,2036,Q3,7,July,13,7,Sunday
2036-07-14,2036,Q3,7,July,14,1,Monday
2036-07-15,2036,Q3,7,July,15,2,Tuesday
2036-07-16,2036,Q3,7,July,16,3,Wednesday
2036-07-17,2036,Q3,7,July,17,4,Thursday
2036-07-18,2036,Q3,7,July,18,5,Friday
2036-07-19,2036,Q3,7,July,19,6,Saturday
2036-07-20,2036,Q3,7,July,20,7,Sunday
2036-07-21,2036,Q3,7,July,21,1,Monday
2036-07-22,2036,Q3,7,July,22,2,Tuesday
2036-07-23,2036,Q3,7,July,23,3,Wednesday
2036-07-24,2036,Q3,7,July,24,4,Thursday
2036-07-25,2036,Q3,7,July,25,5,Friday
2036-07-26,2036,Q3,7,July,26,6,Saturday
2036-07-27,2036,Q3,7,July,27,7,Sunday
2036-07-28,2036,Q3,7,July,28,1,Monday
2036-07-29,2036,Q3,7,July,29,2,Tuesday
2036-07-30,2036,Q3,7,July,30,3,Wednesday
2036-07-31,2036,Q3,7,July,31,4,Thursday
2036-08-01,2036,Q3,8,August,1,5,Friday
2036-08-02,2036,Q3,8,August,2,6,Saturday
2036-08-03,2036,Q3,8,August,3,7,Sunday
2036-08-04,2036,Q3,8,August,4,1,Monday
2036-08-05,2036,Q3,8,August,5,2,Tuesday
2036-08-06,2036,Q3,8,August,6,3,Wednesday
2036-08-07,2036,Q3,8,August,7,4,Thursday
2036-08-08,2036,Q3,8,August,8,5,Friday
2036-08-09,2036,Q3,8,August,9,6,Saturday
2036-08-10,2036,Q3,8,August,10,7,Sunday
2036-08-11,2036,Q3,8,August,11,1,Monday
2036-08-12,2036,Q3,8,August,12,2,Tuesday
2036-08-13,2036,Q3,8,August,13,3,Wednesday
2036-08-14,2036,Q3,8,August,14,4,Thursday
2036-08-15,2036,Q3,8,August,15,5,Friday
2036-08-16,2036,Q3,8,August,16,6,Saturday
2036-08-17,2036,Q3,8,August,17,7,Sunday
2036-08-18,2036,Q3,8,August,18,1,Monday
2036-08-19,2036,Q3,8,August,19,2,Tuesday
2036-08-20,2036,Q3,8,August,20,3,Wednesday
2036-08-21,2036,Q3,8,August,21,4,Thursday
2036-08-22,2036,Q3,8,August,22,5,Friday
2036-08-23,2036,Q3,8,August,23,6,Saturday
2036-08-24,2036,Q3,8,August,24,7,Sunday
2036-08-25,2036,Q3,8,August,25,1,Monday
2036-08-26,2036,Q3,8,August,26,2,Tuesday
2036-08-27,2036,Q3,8,August,27,3,Wednesday
2036-08-28,2036,Q3,8,August,28,4,Thursday
2036-08-29,2036,Q3,8,August,29,5,Friday
2036-08-30,2036,Q3,8,August,30,6,Saturday
2036-08-31,2036,Q3,8,August,31,7,Sunday
2036-09-01,2036,Q3,9,September,1,1,Monday
2036-09-02,2036,Q3,9,September,2,2,Tuesday
2036-09-03,2036,Q3,9,September,3,3,Wednesday
2036-09-04,2036,Q3,9,September,4,4,Thursday
2036-09-05,2036,Q3,9,September,5,5,Friday
2036-09-06,2036,Q3,9,September,6,6,Saturday
2036-09-07,2036,Q3,9,September,7,7,Sunday
2036-09-08,2036,Q3,9,September,8,1,Monday
2036-09-09,2036,Q3,9,September,9,2,Tuesday
2036-09-10,2036,Q3,9,September,10,3,Wednesday
2036-09-11,2036,Q3,9,September,11,4,Thursday
2036-09-12,2036,Q3,9,September,12,5,Friday
2036-09-13,2036,Q3,9,September,13,6,Saturday
2036-09-14,2036,Q3,9,September,14,7,Sunday
2036-09-15,2036,Q3,9,September,15,1,Monday
2036-09-16,2036,Q3,9,September,16,2,Tuesday
2036-09-17,2036,Q3,9,September,17,3,Wednesday
2036-09-18,2036,Q3,9,September,18,4,Thursday
2036-09-19,2036,Q3,9,September,19,5,Friday
2036-09-20,2036,Q3,9,September,20,6,Saturday
2036-09-21,2036,Q3,9,September,21,7,Sunday
2036-09-22,2036,Q3,9,September,22,1,Monday
2036-09-23,2036,Q3,9,September,23,2,Tuesday
2036-09-24,2036,Q3,9,September,24,3,Wednesday
2036-09-25,2036,Q3,9,September,25,4,Thursday
2036-09-26,2036,Q3,9,September,26,5,Friday
2036-09-27,2036,Q3,9,September,27,6,Saturday
2036-09-28,2036,Q3,9,September,28,7,Sunday
2036-09-29,2036,Q3,9,September,29,1,Monday
2036-09-30,2036,Q3,9,September,30,2,Tuesday
2036-10-01,2036,Q4,10,October,1,3,Wednesday
2036-10-02,2036,Q4,10,October,2,4,Thursday
2036-10-03,2036,Q4,10,October,3,5,Friday
2036-10-04,2036,Q4,10,October,4,6,Saturday
2036-10-05,2036,Q4,10,October,5,7,Sunday
2036-10-06,2036,Q4,10,October,6,1,Monday
2036-10-07,2036,Q4,10,October,7,2,Tuesday
2036-10-08,2036,Q4,10,October,8,3,Wednesday
2036-10-09,2036,Q4,10,October,9,4,Thursday
2036-10-10,2036,Q4,10,October,10,5,Friday
2036-10-11,2036,Q4,10,October,11,6,Saturday
2036-10-12,2036,Q4,10,October,12,7,Sunday
2036-10-13,2036,Q4,10,October,13,1,Monday
2036-10-14,2036,Q4,10,October,14,2,Tuesday
2036-10-15,2036,Q4,10,October,15,3,Wednesday
2036-10-16,2036,Q4,10,October,16,4,Thursday
2036-10-17,2036,Q4,10,October,17,5,Friday
2036-10-18,2036,Q4,10,October,18,6,Saturday
2036-10-19,2036,Q4,10,October,19,7,Sunday
2036-10-20,2036,Q4,10,October,20,1,Monday
2036-10-21,2036,Q4,10,October,21,2,Tuesday
2036-10-22,2036,Q4,10,October,22,3,Wednesday
2036-10-23,2036,Q4,10,October,23,4,Thursday
2036-10-24,2036,Q4,10,October,24,5,Friday
2036-10-25,2036,Q4,10,October,25,6,Saturday
2036-10-26,2036,Q4,10,October,26,7,Sunday
2036-10-27,2036,Q4,10,October,27,1,Monday
2036-10-28,2036,Q4,10,October,28,2,Tuesday
2036-10-29,2036,Q4,10,October,29,3,Wednesday
2036-10-30,2036,Q4,10,October,30,4,Thursday
2036-10-31,2036,Q4,10,October,31,5,Friday
2036-11-01,2036,Q4,11,November,1,6,Saturday
2036-11-02,2036,Q4,11,November,2,7,Sunday
2036-11-03,2036,Q4,11,November,3,1,Monday
2036-11-04,2036,Q4,11,November,4,2,Tuesday
2036-11-05,2036,Q4,11,November,5,3,Wednesday
2036-11-06,2036,Q4,11,November,6,4,Thursday
2036-11-07,2036,Q4,11,November,7,5,Friday
2036-11-08,2036,Q4,11,November,8,6,Saturday
2036-11-09,2036,Q4,11,November,9,7,Sunday
2036-11-10,2036,Q4,11,November,10,1,Monday
2036-11-11,2036,Q4,11,November,11,2,Tuesday
2036-11-12,2036,Q4,11,November,12,3,Wednesday
2036-11-13,2036,Q4,11,November,13,4,Thursday
2036-11-14,2036,Q4,11,November,14,5,Friday
2036-11-15,2036,Q4,11,November,15,6,Saturday
2036-11-16,2036,Q4,11,November,16,7,Sunday
2036-11-17,2036,Q4,11,November,17,1,Monday
2036-11-18,2036,Q4,11,November,18,2,Tuesday
2036-11-19,2036,Q4,11,November,19,3,Wednesday
2036-11-20,2036,Q4,11,November,20,4,Thursday
2036-11-21,2036,Q4,11,November,21,5,Friday
2036-11-22,2036,Q4,11,November,22,6,Saturday
2036-11-23,2036,Q4,11,November,23,7,Sunday
2036-11-24,2036,Q4,11,November,24,1,Monday
2036-11-25,2036,Q4,11,November,25,2,Tuesday
2036-11-26,2036,Q4,11,November,26,3,Wednesday
2036-11-27,2036,Q4,11,November,27,4,Thursday
2036-11-28,2036,Q4,11,November,28,5,Friday
2036-11-29,2036,Q4,11,November,29,6,Saturday
2036-11-30,2036,Q4,11,November,30,7,Sunday
2036-12-01,2036,Q4,12,December,1,1,Monday
2036-12-02,2036,Q4,12,December,2,2,Tuesday
2036-12-03,2036,Q4,12,December,3,3,Wednesday
2036-12-04,2036,Q4,12,December,4,4,Thursday
2036-12-05,2036,Q4,12,December,5,5,Friday
2036-12-06,2036,Q4,12,December,6,6,Saturday
2036-12-07,2036,Q4,12,December,7,7,Sunday
2036-12-08,2036,Q4,12,December,8,1,Monday
2036-12-09,2036,Q4,12,December,9,2,Tuesday
2036-12-10,2036,Q4,12,December,10,3,Wednesday
2036-12-11,2036,Q4,12,December,11,4,Thursday
2036-12-12,2036,Q4,12,December,12,5,Friday
2036-12-13,2036,Q4,12,December,13,6,Saturday
2036-12-14,2036,Q4,12,December,14,7,Sunday
2036-12-15,2036,Q4,12,December,15,1,Monday
2036-12-16,2036,Q4,12,December,16,2,Tuesday
2036-12-17,2036,Q4,12,December,17,3,Wednesday
2036-12-18,2036,Q4,12,December,18,4,Thursday
2036-12-19,2036,Q4,12,December,19,5,Friday
2036-12-20,2036,Q4,12,December,20,6,Saturday
2036-12-21,2036,Q4,12,December,21,7,Sunday
2036-12-22,2036,Q4,12,December,22,1,Monday
2036-12-23,2036,Q4,12,December,23,2,Tuesday
2036-12-24,2036,Q4,12,December,24,3,Wednesday
2036-12-25,2036,Q4,12,December,25,4,Thursday
2036-12-26,2036,Q4,12,December,26,5,Friday
2036-12-27,2036,Q4,12,December,27,6,Saturday
2036-12-28,2036,Q4,12,December,28,7,Sunday
2036-12-29,2036,Q4,12,December,29,1,Monday
2036-12-30,2036,Q4,12,December,30,2,Tuesday
2036-12-31,2036,Q4,12,December,31,3,Wednesday
2037-01-01,2037,Q1,1,January,1,4,Thursday
2037-01-02,2037,Q1,1,January,2,5,Friday
2037-01-03,2037,Q1,1,January,3,6,Saturday
2037-01-04,2037,Q1,1,January,4,7,Sunday
2037-01-05,2037,Q1,1,January,5,1,Monday
2037-01-06,2037,Q1,1,January,6,2,Tuesday
2037-01-07,2037,Q1,1,January,7,3,Wednesday
2037-01-08,2037,Q1,1,January,8,4,Thursday
2037-01-09,2037,Q1,1,January,9,5,Friday
2037-01-10,2037,Q1,1,January,10,6,Saturday
2037-01-11,2037,Q1,1,January,11,7,Sunday
2037-01-12,2037,Q1,1,January,12,1,Monday
2037-01-13,2037,Q1,1,January,13,2,Tuesday
2037-01-14,2037,Q1,1,January,14,3,Wednesday
2037-01-15,2037,Q1,1,January,15,4,Thursday
2037-01-16,2037,Q1,1,January,16,5,Friday
2037-01-17,2037,Q1,1,January,17,6,Saturday
2037-01-18,2037,Q1,1,January,18,7,Sunday
2037-01-19,2037,Q1,1,January,19,1,Monday
2037-01-20,2037,Q1,1,January,20,2,Tuesday
2037-01-21,2037,Q1,1,January,21,3,Wednesday
2037-01-22,2037,Q1,1,January,22,4,Thursday
2037-01-23,2037,Q1,1,January,23,5,Friday
2037-01-24,2037,Q1,1,January,24,6,Saturday
2037-01-25,2037,Q1,1,January,25,7,Sunday
2037-01-26,2037,Q1,1,January,26,1,Monday
2037-01-27,2037,Q1,1,January,27,2,Tuesday
2037-01-28,2037,Q1,1,January,28,3,Wednesday
2037-01-29,2037,Q1,1,January,29,4,Thursday
2037-01-30,2037,Q1,1,January,30,5,Friday
2037-01-31,2037,Q1,1,January,31,6,Saturday
2037-02-01,2037,Q1,2,February,1,7,Sunday
2037-02-02,2037,Q1,2,February,2,1,Monday
2037-02-03,2037,Q1,2,February,3,2,Tuesday
2037-02-04,2037,Q1,2,February,4,3,Wednesday
2037-02-05,2037,Q1,2,February,5,4,Thursday
2037-02-06,2037,Q1,2,February,6,5,Friday
2037-02-07,2037,Q1,2,February,7,6,Saturday
2037-02-08,2037,Q1,2,February,8,7,Sunday
2037-02-09,2037,Q1,2,February,9,1,Monday
2037-02-10,2037,Q1,2,February,10,2,Tuesday
2037-02-11,2037,Q1,2,February,11,3,Wednesday
2037-02-12,2037,Q1,2,February,12,4,Thursday
2037-02-13,2037,Q1,2,February,13,5,Friday
2037-02-14,2037,Q1,2,February,14,6,Saturday
2037-02-15,2037,Q1,2,February,15,7,Sunday
2037-02-16,2037,Q1,2,February,16,1,Monday
2037-02-17,2037,Q1,2,February,17,2,Tuesday
2037-02-18,2037,Q1,2,February,18,3,Wednesday
2037-02-19,2037,Q1,2,February,19,4,Thursday
2037-02-20,2037,Q1,2,February,20,5,Friday
2037-02-21,2037,Q1,2,February,21,6,Saturday
2037-02-22,2037,Q1,2,February,22,7,Sunday
2037-02-23,2037,Q1,2,February,23,1,Monday
2037-02-24,2037,Q1,2,February,24,2,Tuesday
2037-02-25,2037,Q1,2,February,25,3,Wednesday
2037-02-26,2037,Q1,2,February,26,4,Thursday
2037-02-27,2037,Q1,2,February,27,5,Friday
2037-02-28,2037,Q1,2,February,28,6,Saturday
2037-03-01,2037,Q1,3,March,1,7,Sunday
2037-03-02,2037,Q1,3,March,2,1,Monday
2037-03-03,2037,Q1,3,March,3,2,Tuesday
2037-03-04,2037,Q1,3,March,4,3,Wednesday
2037-03-05,2037,Q1,3,March,5,4,Thursday
2037-03-06,2037,Q1,3,March,6,5,Friday
2037-03-07,2037,Q1,3,March,7,6,Saturday
2037-03-08,2037,Q1,3,March,8,7,Sunday
2037-03-09,2037,Q1,3,March,9,1,Monday
2037-03-10,2037,Q1,3,March,10,2,Tuesday
2037-03-11,2037,Q1,3,March,11,3,Wednesday
2037-03-12,2037,Q1,3,March,12,4,Thursday
2037-03-13,2037,Q1,3,March,13,5,Friday
2037-03-14,2037,Q1,3,March,14,6,Saturday
2037-03-15,2037,Q1,3,March,15,7,Sunday
2037-03-16,2037,Q1,3,March,16,1,Monday
2037-03-17,2037,Q1,3,March,17,2,Tuesday
2037-03-18,2037,Q1,3,March,18,3,Wednesday
2037-03-19,2037,Q1,3,March,19,4,Thursday
2037-03-20,2037,Q1,3,March,20,5,Friday
2037-03-21,2037,Q1,3,March,21,6,Saturday
2037-03-22,2037,Q1,3,March,22,7,Sunday
2037-03-23,2037,Q1,3,March,23,1,Monday
2037-03-24,2037,Q1,3,March,24,2,Tuesday
2037-03-25,2037,Q1,3,March,25,3,Wednesday
2037-03-26,2037,Q1,3,March,26,4,Thursday
2037-03-27,2037,Q1,3,March,27,5,Friday
2037-03-28,2037,Q1,3,March,28,6,Saturday
2037-03-29,2037,Q1,3,March,29,7,Sunday
2037-03-30,2037,Q1,3,March,30,1,Monday
2037-03-31,2037,Q1,3,March,31,2,Tuesday
2037-04-01,2037,Q2,4,April,1,3,Wednesday
2037-04-02,2037,Q2,4,April,2,4,Thursday
2037-04-03,2037,Q2,4,April,3,5,Friday
2037-04-04,2037,Q2,4,April,4,6,Saturday
2037-04-05,2037,Q2,4,April,5,7,Sunday
2037-04-06,2037,Q2,4,April,6,1,Monday
2037-04-07,2037,Q2,4,April,7,2,Tuesday
2037-04-08,2037,Q2,4,April,8,3,Wednesday
2037-04-09,2037,Q2,4,April,9,4,Thursday
2037-04-10,2037,Q2,4,April,10,5,Friday
2037-04-11,2037,Q2,4,April,11,6,Saturday
2037-04-12,2037,Q2,4,April,12,7,Sunday
2037-04-13,2037,Q2,4,April,13,1,Monday
2037-04-14,2037,Q2,4,April,14,2,Tuesday
2037-04-15,2037,Q2,4,April,15,3,Wednesday
2037-04-16,2037,Q2,4,April,16,4,Thursday
2037-04-17,2037,Q2,4,April,17,5,Friday
2037-04-18,2037,Q2,4,April,18,6,Saturday
2037-04-19,2037,Q2,4,April,19,7,Sunday
2037-04-20,2037,Q2,4,April,20,1,Monday
2037-04-21,2037,Q2,4,April,21,2,Tuesday
2037-04-22,2037,Q2,4,April,22,3,Wednesday
2037-04-23,2037,Q2,4,April,23,4,Thursday
2037-04-24,2037,Q2,4,April,24,5,Friday
2037-04-25,2037,Q2,4,April,25,6,Saturday
2037-04-26,2037,Q2,4,April,26,7,Sunday
2037-04-27,2037,Q2,4,April,27,1,Monday
2037-04-28,2037,Q2,4,April,28,2,Tuesday
2037-04-29,2037,Q2,4,April,29,3,Wednesday
2037-04-30,2037,Q2,4,April,30,4,Thursday
2037-05-01,2037,Q2,5,May,1,5,Friday
2037-05-02,2037,Q2,5,May,2,6,Saturday
2037-05-03,2037,Q2,5,May,3,7,Sunday
2037-05-04,2037,Q2,5,May,4,1,Monday
2037-05-05,2037,Q2,5,May,5,2,Tuesday
2037-05-06,2037,Q2,5,May,6,3,Wednesday
2037-05-07,2037,Q2,5,May,7,4,Thursday
2037-05-08,2037,Q2,5,May,8,5,Friday
2037-05-09,2037,Q2,5,May,9,6,Saturday
2037-05-10,2037,Q2,5,May,10,7,Sunday
2037-05-11,2037,Q2,5,May,11,1,Monday
2037-05-12,2037,Q2,5,May,12,2,Tuesday
2037-05-13,2037,Q2,5,May,13,3,Wednesday
2037-05-14,2037,Q2,5,May,14,4,Thursday
2037-05-15,2037,Q2,5,May,15,5,Friday
2037-05-16,2037,Q2,5,May,16,6,Saturday
2037-05-17,2037,Q2,5,May,17,7,Sunday
2037-05-18,2037,Q2,5,May,18,1,Monday
2037-05-19,2037,Q2,5,May,19,2,Tuesday
2037-05-20,2037,Q2,5,May,20,3,Wednesday
2037-05-21,2037,Q2,5,May,21,4,Thursday
2037-05-22,2037,Q2,5,May,22,5,Friday
2037-05-23,2037,Q2,5,May,23,6,Saturday
2037-05-24,2037,Q2,5,May,24,7,Sunday
2037-05-25,2037,Q2,5,May,25,1,Monday
2037-05-26,2037,Q2,5,May,26,2,Tuesday
2037-05-27,2037,Q2,5,May,27,3,Wednesday
2037-05-28,2037,Q2,5,May,28,4,Thursday
2037-05-29,2037,Q2,5,May,29,5,Friday
2037-05-30,2037,Q2,5,May,30,6,Saturday
2037-05-31,2037,Q2,5,May,31,7,Sunday
2037-06-01,2037,Q2,6,June,1,1,Monday
2037-06-02,2037,Q2,6,June,2,2,Tuesday
2037-06-03,2037,Q2,6,June,3,3,Wednesday
2037-06-04,2037,Q2,6,June,4,4,Thursday
2037-06-05,2037,Q2,6,June,5,5,Friday
2037-06-06,2037,Q2,6,June,6,6,Saturday
2037-06-07,2037,Q2,6,June,7,7,Sunday
2037-06-08,2037,Q2,6,June,8,1,Monday
2037-06-09,2037,Q2,6,June,9,2,Tuesday
2037-06-10,2037,Q2,6,June,10,3,Wednesday
2037-06-11,2037,Q2,6,June,11,4,Thursday
2037-06-12,2037,Q2,6,June,12,5,Friday
2037-06-13,2037,Q2,6,June,13,6,Saturday
2037-06-14,2037,Q2,6,June,14,7,Sunday
2037-06-15,2037,Q2,6,June,15,1,Monday
2037-06-16,2037,Q2,6,June,16,2,Tuesday
2037-06-17,2037,Q2,6,June,17,3,Wednesday
2037-06-18,2037,Q2,6,June,18,4,Thursday
2037-06-19,2037,Q2,6,June,19,5,Friday
2037-06-20,2037,Q2,6,June,20,6,Saturday
2037-06-21,2037,Q2,6,June,21,7,Sunday
2037-06-22,2037,Q2,6,June,22,1,Monday
2037-06-23,2037,Q2,6,June,23,2,Tuesday
2037-06-24,2037,Q2,6,June,24,3,Wednesday
2037-06-25,2037,Q2,6,June,25,4,Thursday
2037-06-26,2037,Q2,6,June,26,5,Friday
2037-06-27,2037,Q2,6,June,27,6,Saturday
2037-06-28,2037,Q2,6,June,28,7,Sunday
2037-06-29,2037,Q2,6,June,29,1,Monday
2037-06-30,2037,Q2,6,June,30,2,Tuesday
2037-07-01,2037,Q3,7,July,1,3,Wednesday
2037-07-02,2037,Q3,7,July,2,4,Thursday
2037-07-03,2037,Q3,7,July,3,5,Friday
2037-07-04,2037,Q3,7,July,4,6,Saturday
2037-07-05,2037,Q3,7,July,5,7,Sunday
2037-07-06,2037,Q3,7,July,6,1,Monday
2037-07-07,2037,Q3,7,July,7,2,Tuesday
2037-07-08,2037,Q3,7,July,8,3,Wednesday
2037-07-09,2037,Q3,7,July,9,4,Thursday
2037-07-10,2037,Q3,7,July,10,5,Friday
2037-07-11,2037,Q3,7,July,11,6,Saturday
2037-07-12,2037,Q3,7,July,12,7,Sunday
2037-07-13,2037,Q3,7,July,13,1,Monday
2037-07-14,2037,Q3,7,July,14,2,Tuesday
2037-07-15,2037,Q3,7,July,15,3,Wednesday
2037-07-16,2037,Q3,7,July,16,4,Thursday
2037-07-17,2037,Q3,7,July,17,5,Friday
2037-07-18,2037,Q3,7,July,18,6,Saturday
2037-07-19,2037,Q3,7,July,19,7,Sunday
2037-07-20,2037,Q3,7,July,20,1,Monday
2037-07-21,2037,Q3,7,July,21,2,Tuesday
2037-07-22,2037,Q3,7,July,22,3,Wednesday
2037-07-23,2037,Q3,7,July,23,4,Thursday
2037-07-24,2037,Q3,7,July,24,5,Friday
2037-07-25,2037,Q3,7,July,25,6,Saturday
2037-07-26,2037,Q3,7,July,26,7,Sunday
2037-07-27,2037,Q3,7,July,27,1,Monday
2037-07-28,2037,Q3,7,July,28,2,Tuesday
2037-07-29,2037,Q3,7,July,29,3,Wednesday
2037-07-30,2037,Q3,7,July,30,4,Thursday
2037-07-31,2037,Q3,7,July,31,5,Friday
2037-08-01,2037,Q3,8,August,1,6,Saturday
2037-08-02,2037,Q3,8,August,2,7,Sunday
2037-08-03,2037,Q3,8,August,3,1,Monday
2037-08-04,2037,Q3,8,August,4,2,Tuesday
2037-08-05,2037,Q3,8,August,5,3,Wednesday
2037-08-06,2037,Q3,8,August,6,4,Thursday
2037-08-07,2037,Q3,8,August,7,5,Friday
2037-08-08,2037,Q3,8,August,8,6,Saturday
2037-08-09,2037,Q3,8,August,9,7,Sunday
2037-08-10,2037,Q3,8,August,10,1,Monday
2037-08-11,2037,Q3,8,August,11,2,Tuesday
2037-08-12,2037,Q3,8,August,12,3,Wednesday
2037-08-13,2037,Q3,8,August,13,4,Thursday
2037-08-14,2037,Q3,8,August,14,5,Friday
2037-08-15,2037,Q3,8,August,15,6,Saturday
2037-08-16,2037,Q3,8,August,16,7,Sunday
2037-08-17,2037,Q3,8,August,17,1,Monday
2037-08-18,2037,Q3,8,August,18,2,Tuesday
2037-08-19,2037,Q3,8,August,19,3,Wednesday
2037-08-20,2037,Q3,8,August,20,4,Thursday
2037-08-21,2037,Q3,8,August,21,5,Friday
2037-08-22,2037,Q3,8,August,22,6,Saturday
2037-08-23,2037,Q3,8,August,23,7,Sunday
2037-08-24,2037,Q3,8,August,24,1,Monday
2037-08-25,2037,Q3,8,August,25,2,Tuesday
2037-08-26,2037,Q3,8,August,26,3,Wednesday
2037-08-27,2037,Q3,8,August,27,4,Thursday
2037-08-28,2037,Q3,8,August,28,5,Friday
2037-08-29,2037,Q3,8,August,29,6,Saturday
2037-08-30,2037,Q3,8,August,30,7,Sunday
2037-08-31,2037,Q3,8,August,31,1,Monday
2037-09-01,2037,Q3,9,September,1,2,Tuesday
2037-09-02,2037,Q3,9,September,2,3,Wednesday
2037-09-03,2037,Q3,9,September,3,4,Thursday
2037-09-04,2037,Q3,9,September,4,5,Friday
2037-09-05,2037,Q3,9,September,5,6,Saturday
2037-09-06,2037,Q3,9,September,6,7,Sunday
2037-09-07,2037,Q3,9,September,7,1,Monday
2037-09-08,2037,Q3,9,September,8,2,Tuesday
